customer_id,first_name,last_name,gender,age,email,phone,city_id,customer_type,registration_date,preferred_contact,occupation,annual_income,marital_status
CUS000001,Sneha,Patel,MALE,38,sneha.patel1@gmail.com,9135698967,C031,Premium,14-05-2024,Phone,Teacher,2497477,Single
CUS000002,Sneha,Iyer,MALE,64,sneha.iyer2@gmail.com,9453222754,C210,Returning,10-08-2024,Phone,Engineer,2779454,married
CUS000003,Priya,Iyer,Male,63,priya.iyer3@gmail.com,9328393174,C045,premium,17-09-2024,Phone,Doctor,730251,Single
CUS000004,Rahul,Nair,Male,24,rahul.nair4@gmail.com,9781792000,C130,Premium,24-08-2024,Phone,Engineer,2934430,Single
CUS000005,Ananya,Reddy,male,36,ananya.reddy5@gmail.com,9253072328,C186,Returning,05-09-2024,Email,Teacher,731258,Married
CUS000006,Ananya,Sharma,male,36,ananya.sharma6@gmail.com,9621598207,C212,New,27-06-2024,Email,Doctor,907411,married
CUS000007,Rahul,Nair,MALE,45,rahul.nair7@gmail.com,9234308041,C171,Premium,12-08-2024,Email,Doctor,2257819,Single
CUS000008,Vikram,Sharma,Female,56,vikram.sharma8@gmail.com,9873290940,C207,New,05-05-2024,Email,Business,2442489,married
CUS000009,Vikram,Reddy,Female,46,vikram.reddy9@gmail.com,9445874898,C153,Premium,09-01-2024,Email,Engineer,2811220,Single
CUS000010,Sneha,Singh,Male,24,sneha.singh10@gmail.com,9824963623,C154,Premium,06-06-2024,Phone,Doctor,2902688,married
CUS000011,Priya,Sharma,Female,41,priya.sharma11@gmail.com,9170113742,C098,New,03-06-2024,WhatsApp,Business,2943452,married
CUS000012,Priya,Sharma,male,65,priya.sharma12@gmail.com,9647445915,C180,Returning,17-03-2024,Email,Doctor,468803,married
CUS000013,Vikram,Singh,Female,28,vikram.singh13@gmail.com,9607846621,C219,Returning,14-05-2024,Phone,Teacher,2192804,Married
CUS000014,Vikram,Sharma,Male,44,vikram.sharma14@gmail.com,9261153733,C193,New,22-10-2024,WhatsApp,Engineer,1712507,married
CUS000015,Ananya,Iyer,FEMALE,27,ananya.iyer15@gmail.com,9534802095,C092,Returning,11-06-2024,WhatsApp,Doctor,489082,Single
CUS000016,Ananya,Singh,FEMALE,50,ananya.singh16@gmail.com,9630747986,C189,Premium,22-08-2024,WhatsApp,Teacher,2932891,Single
CUS000017,Vikram,Singh,Male,30,vikram.singh17@gmail.com,9932948235,C071,Returning,10-05-2024,Phone,Engineer,1546566,married
CUS000018,Vikram,Sharma,MALE,60,vikram.sharma18@gmail.com,9199602333,C065,New,18-09-2024,Email,Teacher,2344141,married
CUS000019,Ananya,Singh,Male,37,ananya.singh19@gmail.com,9840077595,C092,New,05-02-2024,Phone,Doctor,1759657,Single
CUS000020,Vikram,Nair,Male,29,vikram.nair20@gmail.com,9992559001,C083,Premium,04-10-2024,Phone,Business,807227,Single
CUS000021,Ananya,Sharma,Female,32,ananya.sharma21@gmail.com,9905654367,C164,premium,06-04-2024,Phone,Teacher,682370,married
CUS000022,Sneha,Patel,Male,41,sneha.patel22@gmail.com,9441399436,C202,premium,19-01-2024,Phone,Doctor,660803,Single
CUS000023,Vikram,Iyer,FEMALE,37,vikram.iyer23@gmail.com,9179558995,C094,Premium,26-12-2024,Email,Business,2534043,Single
CUS000024,Aarav,Nair,male,41,aarav.nair24@gmail.com,9579865290,C097,Returning,25-10-2024,Phone,Doctor,2651130,married
CUS000025,Sneha,Nair,FEMALE,33,sneha.nair25@gmail.com,9748721352,C104,New,03-07-2024,Email,Engineer,1558435,Single
CUS000026,Rahul,Reddy,Female,38,rahul.reddy26@gmail.com,9529380554,C198,Returning,09-08-2024,Email,Teacher,2479786,Single
CUS000027,Ananya,Reddy,FEMALE,64,ananya.reddy27@gmail.com,9226794560,C021,New,24-04-2024,Phone,Business,744678,Married
CUS000028,Sneha,Sharma,male,39,sneha.sharma28@gmail.com,9954997537,C205,Returning,21-01-2024,Phone,Doctor,2827825,Single
CUS000029,Aarav,Singh,FEMALE,31,aarav.singh29@gmail.com,9726980586,C205,Returning,03-01-2024,Email,Business,2036871,married
CUS000030,Priya,Nair,Female,31,priya.nair30@gmail.com,9762271527,C223,New,17-02-2024,Phone,Teacher,1200511,Single
CUS000031,Priya,Sharma,male,37,priya.sharma31@gmail.com,9280060865,C180,Returning,16-02-2024,Email,Engineer,2019117,Married
CUS000032,Rahul,Sharma,MALE,25,rahul.sharma32@gmail.com,9918557062,C247,New,12-03-2024,Phone,Doctor,1380517,married
CUS000033,Aarav,Iyer,Female,44,aarav.iyer33@gmail.com,98 35656193,C242,Returning,28-04-2024,Phone,Engineer,1438763,Single
CUS000034,Priya,Sharma,FEMALE,24,priya.sharma34@gmail.com,9328752566,C210,Premium,15-10-2024,Phone,Engineer,599471,Single
CUS000035,Vikram,Iyer,Male,38,vikram.iyer35@gmail.com,9644878287,C020,New,24-10-2024,Phone,Business,1919420,married
CUS000036,Priya,Singh,MALE,26,priya.singh36@gmail.com,9921552642,C049,Returning,19-02-2024,WhatsApp,Teacher,1407976,Married
CUS000037,Rahul,Nair,FEMALE,40,rahul.nair37@gmail.com,9741501352,C114,Returning,09-06-2024,Phone,Teacher,2196546,Single
CUS000038,Aarav,Sharma,MALE,40,aarav.sharma38@gmail.com,9870596711,C238,Premium,15-10-2024,Phone,Business,2145737,married
CUS000039,Ananya,Sharma,Female,60,ananya.sharma39@gmail.com,9966256005,C126,New,08-12-2024,Phone,Doctor,571007,Married
CUS000040,Rahul,Singh,Male,51,,9645414251,C228,Returning,04-03-2024,Email,Doctor,2952711,Married
CUS000041,Sneha,Patel,FEMALE,59,sneha.patel41@gmail.com,9197249167,C160,Returning,11-03-2024,Email,Doctor,781477,Married
CUS000042,Priya,Sharma,male,61,priya.sharma42@gmail.com,9638462911,C015,Premium,02-09-2024,Phone,Doctor,1398009,Married
CUS000043,Priya,Iyer,Female,56,priya.iyer43@gmail.com,9725665883,C005,New,05-07-2024,WhatsApp,Engineer,2208702,married
CUS000044,Aarav,Singh,Male,32,aarav.singh44@gmail.com,9344179307,C060,Returning,13-06-2024,Email,Teacher,2151084,Married
CUS000045,Ananya,Patel,FEMALE,60,ananya.patel45@gmail.com,9404942568,C244,Premium,12-04-2024,Phone,Business,1806915,married
CUS000046,Aarav,Nair,Male,22,aarav.nair46@gmail.com,9163547362,C217,Returning,17-03-2024,Phone,Engineer,430938,Single
CUS000047,Priya,Singh,MALE,48,priya.singh47@gmail.com,9234323847,C246,Premium,02-08-2024,WhatsApp,Doctor,2944478,married
CUS000048,Rahul,Patel,MALE,31,rahul.patel48@gmail.com,9207041514,C155,Premium,04-07-2024,Email,Doctor,2447870,Married
CUS000049,Aarav,Nair,male,23,aarav.nair49@gmail.com,9548293112,C214,New,07-06-2024,Phone,Business,556985,Single
CUS000050,Vikram,Patel,MALE,34,vikram.patel50@gmail.com,9491208594,C187,Premium,06-06-2024,Phone,Doctor,1290789,Single
CUS000051,Ananya,Patel,male,37,ananya.patel51@gmail.com,9750834910,C247,Returning,24-06-2024,WhatsApp,Engineer,2034491,married
CUS000052,Aarav,Nair,FEMALE,41,aarav.nair52@gmail.com,9738454398,C223,premium,04-11-2024,WhatsApp,Business,1616039,Married
CUS000053,Priya,Nair,MALE,43,priya.nair53@gmail.com,9687788308,C196,Returning,28-04-2024,WhatsApp,Business,833629,Married
CUS000054,Aarav,Sharma,Male,22,aarav.sharma54@gmail.com,9656793548,C205,Premium,25-04-2024,Phone,Doctor,845838,Married
CUS000055,Vikram,Singh,Male,64,vikram.singh55@gmail.com,,C158,New,20-04-2024,Phone,Engineer,1773139,Married
CUS000056,Ananya,Sharma,Male,45,ananya.sharma56@gmail.com,9923741075,C224,premium,02-06-2024,WhatsApp,Business,2643462,Single
CUS000057,Ananya,Iyer,Male,33,ananya.iyer57@gmail.com,9581335195,C190,New,02-03-2024,Email,Teacher,1282341,Single
CUS000058,Vikram,Iyer,FEMALE,63,vikram.iyer58@gmail.com,9910708909,C168,Premium,16-06-2024,Email,Teacher,2431618,Married
CUS000059,Priya,Singh,MALE,48,priya.singh59@gmail.com,9263123393,C028,premium,03-01-2024,WhatsApp,Doctor,498408,married
CUS000060,Rahul,Iyer,male,65,rahul.iyer60@gmail.com,9248817880,C044,Returning,23-12-2024,WhatsApp,,2351819,Married
CUS000061,Ananya,Patel,male,65,ananya.patel61@gmail.com,9564684449,C229,New,13-01-2024,Phone,Doctor,1606944,Single
CUS000062,Sneha,Sharma,MALE,45,sneha.sharma62@gmail.com,9438434805,C154,New,09-09-2024,WhatsApp,Doctor,2005961,Single
CUS000063,Rahul,Reddy,male,26,rahul.reddy63@gmail.com,9559956874,C204,premium,16-02-2024,Email,Teacher,1707116,married
CUS000064,Vikram,Nair,Female,53,vikram.nair64@gmail.com,9954216704,C247,Premium,06-06-2024,WhatsApp,Teacher,2823355,Single
CUS000065,Rahul,Nair,MALE,23,rahul.nair65@gmail.com,9825913138,C159,Premium,27-11-2024,Email,Teacher,718133,Single
CUS000066,Sneha,Iyer,Male,43,sneha.iyer66@gmail.com,98 45427181,C056,New,27-12-2024,Email,Business,1155924,Married
CUS000067,Aarav,Iyer,Female,54,aarav.iyer67@gmail.com,9650093068,C223,Premium,20-10-2024,Email,Teacher,2441024,Married
CUS000068,Vikram,Singh,Female,42,vikram.singh68@gmail.com,9851822167,C163,premium,06-04-2024,Phone,Business,2705214,Single
CUS000069,Vikram,Iyer,FEMALE,62,vikram.iyer69@gmail.com,9780066507,C191,Returning,26-10-2024,WhatsApp,Doctor,387686,Single
CUS000070, Ananya,Sharma,male,43,ananya.sharma70@gmail.com,9893771068,C230,premium,26-06-2024,WhatsApp,Business,2235137,Single
CUS000071,Priya,Iyer,Male,34,priya.iyer71@gmail.com,9503596451,C043,New,08-06-2024,Email,Engineer,374539,married
CUS000072,Ananya,Patel,Female,43,ananya.patel72@gmail.com,9631277338,C166,New,05-05-2024,WhatsApp,Engineer,1036718,Single
CUS000073,Vikram,Iyer,MALE,22,vikram.iyer73@gmail.com,9484509362,C085,Premium,13-08-2024,Email,Teacher,1805880,Married
CUS000074,Aarav,Iyer,FEMALE,55,aarav.iyer74@gmail.com,9470312512,C173,premium,02-12-2024,Email,Doctor,1089166,married
CUS000075,Rahul,Reddy,Female,40,rahul.reddy75@gmail.com,9794024997,C020,Premium,20-08-2024,Phone,Doctor,2081960,Single
CUS000076,Priya,Reddy,MALE,61,priya.reddy76@gmail.com,9795264087,C220,premium,12-05-2024,WhatsApp,Business,2852292,Single
CUS000077,Sneha,Iyer,MALE,22,sneha.iyer77@gmail.com,9281807870,C154,New,01-11-2024,Phone,Engineer,1671470,Married
CUS000078,Ananya,Reddy,MALE,28,ananya.reddy78@gmail.com,9302360366,C194,Premium,21-11-2024,Email,Business,1942856,Single
CUS000079,Ananya,Sharma,male,43,ananya.sharma79@gmail.com,9522191214,C229,premium,04-12-2024,Phone,Business,2541942,Married
CUS000080,Rahul,Sharma,male,44,,9146220775,C165,premium,20-12-2024,Email,Doctor,2258071,Single
CUS000081,Vikram,Sharma,FEMALE,51,vikram.sharma81@gmail.com,9210749333,C089,premium,05-04-2024,Email,Doctor,1121681,Married
CUS000082,Rahul,Nair,Male,47,rahul.nair82@gmail.com,9301575831,C080,Returning,06-12-2024,WhatsApp,Doctor,457744,Married
CUS000083,Aarav,Patel,Male,32,aarav.patel83@gmail.com,9830292269,C170,premium,13-11-2024,Phone,Doctor,1356257,Married
CUS000084,Ananya,Singh,FEMALE,65,ananya.singh84@gmail.com,9105948691,C103,Returning,07-09-2024,WhatsApp,Engineer,647329,Single
CUS000085,Rahul,Singh,male,37,rahul.singh85@gmail.com,9718791701,C088,premium,23-09-2024,WhatsApp,Engineer,925509,Single
CUS000086,Ananya,Reddy,MALE,34,ananya.reddy86@gmail.com,9324952838,C126,New,04-07-2024,Phone,Doctor,1547818,married
CUS000087,Aarav,Reddy,MALE,60,aarav.reddy87@gmail.com,9168534620,C087,New,13-03-2024,Email,Engineer,381821,Married
CUS000088,Sneha,Nair,male,31,sneha.nair88@gmail.com,9416949272,C206,New,03-01-2024,WhatsApp,Business,2368427,Married
CUS000089,Vikram,Patel,MALE,41,vikram.patel89@gmail.com,9974546040,C165,Premium,06-05-2024,Email,Engineer,1741132,Married
CUS000090,Aarav,Iyer,male,59,aarav.iyer90@gmail.com,9410799204,C173,premium,01-12-2024,Phone,Business,2259421,married
CUS000091,Rahul,Patel,male,59,rahul.patel91@gmail.com,9775663588,C129,Premium,04-07-2024,WhatsApp,Doctor,2093834,Married
CUS000092,Priya,Nair,MALE,55,priya.nair92@gmail.com,9971390921,C075,premium,08-03-2024,Phone,Business,1118637,married
CUS000093,Aarav,Patel,Female,32,aarav.patel93@gmail.com,9473771828,C078,New,07-08-2024,WhatsApp,Teacher,686396,married
CUS000094,Ananya,Reddy,male,37,ananya.reddy94@gmail.com,9986170192,C168,premium,21-09-2024,WhatsApp,Teacher,2568286,married
CUS000095,Priya,Sharma,FEMALE,28,priya.sharma95@gmail.com,9487549611,C144,New,10-02-2024,Phone,Teacher,829935,Single
CUS000096,Aarav,Patel,Female,24,aarav.patel96@gmail.com,9843760956,C058,Returning,23-06-2024,Email,Doctor,1323140,married
CUS000097,Vikram,Iyer,MALE,62,vikram.iyer97@gmail.com,9138272838,C189,premium,02-05-2024,Phone,Teacher,2450172,Single
CUS000098,Priya,Patel,Female,45,priya.patel98@gmail.com,9191191562,C112,Returning,09-11-2024,WhatsApp,Engineer,1669715,Married
CUS000099,Aarav,Nair,male,51,aarav.nair99@gmail.com,98 25916211,C101,premium,18-09-2024,WhatsApp,Business,1341764,Single
CUS000100,Ananya,Singh,FEMALE,49,ananya.singh100@gmail.com,9297999635,C007,premium,05-03-2024,Phone,Business,879725,Single
CUS000101,Ananya,Nair,MALE,31,ananya.nair101@gmail.com,9968611403,C103,premium,11-12-2024,WhatsApp,Business,2013418,Single
CUS000102,Priya,Sharma,Male,47,priya.sharma102@gmail.com,9179363918,C029,New,15-02-2024,Phone,Engineer,1474811,Married
CUS000103,Ananya,Sharma,MALE,44,ananya.sharma103@gmail.com,9342297409,C243,Returning,07-04-2024,Phone,Teacher,2934276,Single
CUS000104,Ananya,Singh,MALE,40,ananya.singh104@gmail.com,9721125152,C225,Premium,26-06-2024,Phone,Engineer,1779626,married
CUS000105,Ananya,Reddy,Male,23,ananya.reddy105@gmail.com,9114490674,C116,Returning,22-04-2024,WhatsApp,Doctor,1971668,married
CUS000106,Vikram,Nair,Female,54,vikram.nair106@gmail.com,9159505377,C014,Premium,08-07-2024,WhatsApp,Doctor,2612277,Single
CUS000107,Sneha,Singh,male,60,sneha.singh107@gmail.com,9607728126,C136,Premium,06-11-2024,Phone,Teacher,975935,Married
CUS000108,Aarav,Sharma,Male,65,aarav.sharma108@gmail.com,9794022852,C111,New,04-06-2024,WhatsApp,Business,532546,Single
CUS000109,Rahul,Sharma,Male,46,rahul.sharma109@gmail.com,9862052381,C209,Premium,15-07-2024,Phone,Doctor,1225239,Married
CUS000110,Ananya,Patel,Female,41,ananya.patel110@gmail.com,,C178,New,06-08-2024,Email,Doctor,2220544,Single
CUS000111,Rahul,Reddy,Male,30,rahul.reddy111@gmail.com,9670348747,C039,Premium,28-02-2024,WhatsApp,Engineer,1658336,Married
CUS000112,Sneha,Patel,MALE,58,sneha.patel112@gmail.com,9233104978,C115,Premium,02-12-2024,WhatsApp,Teacher,1244947,married
CUS000113,Vikram,Patel,Female,45,vikram.patel113@gmail.com,9589278011,C158,Returning,03-04-2024,Email,Business,1031009,Married
CUS000114,Rahul,Sharma,male,63,rahul.sharma114@gmail.com,9239055358,C057,Premium,02-03-2024,Phone,Doctor,1820823,Single
CUS000115,Aarav,Singh,Female,24,aarav.singh115@gmail.com,9397898437,C168,premium,05-05-2024,Phone,Doctor,1390115,Single
CUS000116,Ananya,Singh,MALE,51,ananya.singh116@gmail.com,9202810603,C066,premium,23-06-2024,Phone,Business,2818948,Single
CUS000117,Aarav,Nair,Male,48,aarav.nair117@gmail.com,9730389587,C103,premium,26-05-2024,Email,Business,2226200,Single
CUS000118,Rahul,Reddy,MALE,37,rahul.reddy118@gmail.com,9593105507,C217,premium,11-07-2024,WhatsApp,Doctor,1594882,Single
CUS000119,Sneha,Iyer,FEMALE,45,sneha.iyer119@gmail.com,9496868903,C217,Returning,16-02-2024,WhatsApp,Business,1741728,Single
CUS000120,Priya,Nair,Female,54,,9394942897,C024,Returning,12-11-2024,Phone,,419608,Single
CUS000121,Aarav,Reddy,Female,58,aarav.reddy121@gmail.com,9737524303,C032,premium,22-09-2024,WhatsApp,Doctor,2092421,Married
CUS000122,Priya,Nair,Male,58,priya.nair122@gmail.com,9930810426,C248,Premium,22-07-2024,Phone,Doctor,799888,Single
CUS000123,Rahul,Singh,FEMALE,24,rahul.singh123@gmail.com,9517840979,C219,New,11-11-2024,WhatsApp,Teacher,879362,married
CUS000124,Ananya,Iyer,Male,62,ananya.iyer124@gmail.com,9661757405,C086,Returning,03-03-2024,WhatsApp,Engineer,2015828,married
CUS000125,Vikram,Iyer,Female,62,vikram.iyer125@gmail.com,9429794557,C111,New,26-11-2024,WhatsApp,Teacher,2814741,Single
CUS000126,Sneha,Patel,Male,62,sneha.patel126@gmail.com,9373181537,C225,Premium,22-10-2024,Email,Business,755380,married
CUS000127,Rahul,Patel,Female,43,rahul.patel127@gmail.com,9681073556,C020,Premium,01-04-2024,WhatsApp,Business,1084877,Married
CUS000128,Ananya,Patel,FEMALE,43,ananya.patel128@gmail.com,9316270717,C093,Premium,13-09-2024,Email,Engineer,2686697,Married
CUS000129,Aarav,Iyer,Male,27,aarav.iyer129@gmail.com,9239689364,C178,premium,02-04-2024,Email,Business,1099027,Married
CUS000130,Ananya,Reddy,MALE,55,ananya.reddy130@gmail.com,9652168431,C003,premium,01-07-2024,Phone,Business,769436,Single
CUS000131,Rahul,Nair,Female,35,rahul.nair131@gmail.com,9454754203,C138,New,15-10-2024,Phone,Teacher,1326087,married
CUS000132,Ananya,Nair,Female,38,ananya.nair132@gmail.com,98 28406516,C204,New,25-02-2024,Email,Business,2138392,married
CUS000133,Rahul,Reddy,MALE,48,rahul.reddy133@gmail.com,9313942537,C132,Premium,12-04-2024,WhatsApp,Engineer,2389090,Single
CUS000134,Aarav,Iyer,FEMALE,53,aarav.iyer134@gmail.com,9103894766,C114,Returning,13-07-2024,Phone,Doctor,2241275,married
CUS000135,Sneha,Iyer,Female,27,sneha.iyer135@gmail.com,9803612273,C001,Returning,17-07-2024,Email,Engineer,2217514,Single
CUS000136,Sneha,Reddy,Male,51,sneha.reddy136@gmail.com,9519569041,C166,Premium,15-09-2024,WhatsApp,Teacher,1491379,Married
CUS000137,Sneha,Singh,FEMALE,23,sneha.singh137@gmail.com,9543046283,C174,Premium,20-08-2024,Email,Engineer,1579321,married
CUS000138,Rahul,Patel,FEMALE,50,rahul.patel138@gmail.com,9400938889,C185,New,16-10-2024,Email,Business,1015054,married
CUS000139,Vikram,Patel,MALE,65,vikram.patel139@gmail.com,9306251872,C090,Premium,09-04-2024,WhatsApp,Business,832585,Married
CUS000140, Sneha,Iyer,FEMALE,37,sneha.iyer140@gmail.com,9372565147,C226,premium,09-01-2024,WhatsApp,Business,1282108,Married
CUS000141,Priya,Sharma,FEMALE,44,priya.sharma141@gmail.com,9970531064,C076,Returning,08-06-2024,Phone,Doctor,2835020,married
CUS000142,Sneha,Sharma,FEMALE,65,sneha.sharma142@gmail.com,9195016655,C143,Returning,14-03-2024,WhatsApp,Business,704058,married
CUS000143,Vikram,Reddy,FEMALE,53,vikram.reddy143@gmail.com,9399143250,C138,Premium,17-05-2024,Email,Teacher,1291739,Single
CUS000144,Aarav,Reddy,MALE,58,aarav.reddy144@gmail.com,9236969592,C080,premium,28-08-2024,Email,Engineer,542767,married
CUS000145,Vikram,Reddy,male,57,vikram.reddy145@gmail.com,9812679406,C216,Premium,07-05-2024,Phone,Engineer,2998714,married
CUS000146,Aarav,Singh,MALE,40,aarav.singh146@gmail.com,9153682575,C071,Returning,21-06-2024,WhatsApp,Business,2384937,Married
CUS000147,Rahul,Patel,male,39,rahul.patel147@gmail.com,9478639180,C117,Premium,25-12-2024,WhatsApp,Business,1527131,Single
CUS000148,Aarav,Reddy,male,53,aarav.reddy148@gmail.com,9245879775,C142,New,15-10-2024,WhatsApp,Doctor,1569725,married
CUS000149,Priya,Singh,FEMALE,34,priya.singh149@gmail.com,9585911122,C164,Returning,15-11-2024,WhatsApp,Business,2364406,Married
CUS000150,Aarav,Iyer,Female,45,aarav.iyer150@gmail.com,9891153062,C047,premium,06-01-2024,Phone,Engineer,2301193,Single
CUS000151,Ananya,Iyer,male,24,ananya.iyer151@gmail.com,9814172569,C250,premium,05-11-2024,Phone,Doctor,1202680,married
CUS000152,Priya,Patel,male,50,priya.patel152@gmail.com,9735952598,C021,New,07-03-2024,Email,Doctor,1255673,Single
CUS000153,Priya,Nair,male,59,priya.nair153@gmail.com,9973099542,C052,New,11-03-2024,WhatsApp,Doctor,2804635,Single
CUS000154,Rahul,Nair,male,42,rahul.nair154@gmail.com,9314461271,C234,Returning,08-08-2024,WhatsApp,Engineer,2404102,Single
CUS000155,Sneha,Patel,MALE,33,sneha.patel155@gmail.com,9123754089,C114,premium,02-02-2024,WhatsApp,Engineer,411078,married
CUS000156,Rahul,Patel,FEMALE,55,rahul.patel156@gmail.com,9136769207,C141,New,07-01-2024,Email,Engineer,1482624,Single
CUS000157,Priya,Reddy,Male,26,priya.reddy157@gmail.com,9626218552,C174,Premium,08-05-2024,Phone,Business,930765,Single
CUS000158,Priya,Singh,MALE,50,priya.singh158@gmail.com,9498616277,C182,Premium,03-06-2024,Email,Business,2578818,Married
CUS000159,Priya,Patel,male,56,priya.patel159@gmail.com,9806415801,C011,Premium,15-02-2024,Email,Teacher,2364985,Single
CUS000160,Ananya,Nair,Female,32,,9381100897,C025,Returning,01-02-2024,WhatsApp,Engineer,300218,Single
CUS000161,Vikram,Reddy,Male,39,vikram.reddy161@gmail.com,9141619895,C223,Premium,18-05-2024,Phone,Teacher,922008,Married
CUS000162,Vikram,Reddy,male,50,vikram.reddy162@gmail.com,9505334529,C008,New,06-06-2024,WhatsApp,Teacher,1065693,Single
CUS000163,Rahul,Singh,FEMALE,59,rahul.singh163@gmail.com,9919588628,C231,New,04-12-2024,Phone,Doctor,632224,Single
CUS000164,Priya,Nair,MALE,45,priya.nair164@gmail.com,9522641448,C100,Returning,11-08-2024,WhatsApp,Engineer,2286417,Single
CUS000165,Aarav,Patel,male,44,aarav.patel165@gmail.com,,C058,New,04-11-2024,Phone,Teacher,1859321,Married
CUS000166,Aarav,Sharma,MALE,24,aarav.sharma166@gmail.com,9483548415,C093,New,01-02-2024,Email,Teacher,349569,Married
CUS000167,Ananya,Reddy,Male,40,ananya.reddy167@gmail.com,9804716340,C136,premium,14-10-2024,WhatsApp,Engineer,2327248,Married
CUS000168,Rahul,Iyer,male,52,rahul.iyer168@gmail.com,9643996077,C069,premium,22-04-2024,Email,Doctor,1838372,Married
CUS000169,Ananya,Patel,MALE,52,ananya.patel169@gmail.com,9750780077,C076,Premium,17-04-2024,Phone,Doctor,2232226,married
CUS000170,Vikram,Nair,Female,50,vikram.nair170@gmail.com,9639251735,C077,premium,04-01-2024,Phone,Business,404171,Single
CUS000171,Ananya,Nair,Female,22,ananya.nair171@gmail.com,9668658202,C040,New,16-08-2024,Phone,Teacher,1607504,Single
CUS000172,Priya,Nair,FEMALE,65,priya.nair172@gmail.com,9607676180,C137,Premium,16-06-2024,Email,Doctor,2839532,married
CUS000173,Priya,Iyer,Female,50,priya.iyer173@gmail.com,9116336615,C153,premium,13-08-2024,Phone,Teacher,2675514,married
CUS000174,Priya,Singh,Female,55,priya.singh174@gmail.com,9428236066,C077,premium,25-03-2024,Phone,Teacher,2901826,Married
CUS000175,Ananya,Reddy,MALE,28,ananya.reddy175@gmail.com,9586013596,C104,New,17-01-2024,Phone,Doctor,867517,Single
CUS000176,Ananya,Reddy,Male,45,ananya.reddy176@gmail.com,9944698615,C021,New,19-06-2024,Phone,Teacher,410019,Single
CUS000177,Vikram,Patel,male,36,vikram.patel177@gmail.com,9168133496,C142,Returning,17-11-2024,Email,Teacher,1929465,Married
CUS000178,Sneha,Sharma,FEMALE,62,sneha.sharma178@gmail.com,9147992081,C205,New,03-05-2024,WhatsApp,Teacher,1427943,Married
CUS000179,Vikram,Patel,MALE,35,vikram.patel179@gmail.com,9839602412,C076,Returning,20-12-2024,WhatsApp,Business,838604,married
CUS000180,Vikram,Iyer,Male,30,vikram.iyer180@gmail.com,9780979815,C106,premium,23-08-2024,Email,,337144,Single
CUS000181,Ananya,Reddy,MALE,62,ananya.reddy181@gmail.com,9336868166,C165,premium,08-03-2024,Phone,Teacher,2881075,married
CUS000182,Rahul,Singh,MALE,49,rahul.singh182@gmail.com,9557983924,C245,New,24-11-2024,Email,Doctor,2759268,married
CUS000183,Aarav,Nair,Female,37,aarav.nair183@gmail.com,9192480227,C051,premium,12-12-2024,WhatsApp,Business,1354378,Married
CUS000184,Vikram,Sharma,FEMALE,42,vikram.sharma184@gmail.com,9620386539,C052,Premium,24-11-2024,Phone,Business,372639,married
CUS000185,Ananya,Singh,male,55,ananya.singh185@gmail.com,9496788786,C128,New,17-10-2024,Phone,Business,479386,Single
CUS000186,Aarav,Singh,Female,54,aarav.singh186@gmail.com,9418217363,C048,Premium,03-01-2024,Email,Business,538470,Married
CUS000187,Priya,Iyer,MALE,31,priya.iyer187@gmail.com,9707456953,C250,Returning,27-02-2024,WhatsApp,Engineer,868623,Married
CUS000188,Aarav,Nair,Male,36,aarav.nair188@gmail.com,9391811600,C002,Premium,01-07-2024,Email,Doctor,2656886,Single
CUS000189,Vikram,Reddy,Female,33,vikram.reddy189@gmail.com,9645796186,C207,premium,21-04-2024,WhatsApp,Teacher,779189,Single
CUS000190,Sneha,Reddy,Female,64,sneha.reddy190@gmail.com,9811109181,C052,Premium,10-10-2024,Phone,Teacher,1971161,married
CUS000191,Rahul,Reddy,Female,53,rahul.reddy191@gmail.com,9505156040,C230,New,08-11-2024,Email,Teacher,717554,Single
CUS000192,Vikram,Nair,Female,40,vikram.nair192@gmail.com,9612131271,C228,premium,12-02-2024,WhatsApp,Engineer,1762763,Single
CUS000193,Sneha,Iyer,Female,38,sneha.iyer193@gmail.com,9855632176,C249,New,03-03-2024,Email,Doctor,2663053,Married
CUS000194,Priya,Reddy,Female,30,priya.reddy194@gmail.com,9720641417,C104,New,06-06-2024,Email,Teacher,1527284,married
CUS000195,Priya,Sharma,MALE,32,priya.sharma195@gmail.com,9434451683,C250,premium,23-05-2024,WhatsApp,Teacher,1271744,Married
CUS000196,Sneha,Singh,male,26,sneha.singh196@gmail.com,9864214783,C152,premium,19-05-2024,WhatsApp,Doctor,2725084,Married
CUS000197,Vikram,Iyer,Male,36,vikram.iyer197@gmail.com,9568872001,C216,Premium,02-06-2024,Phone,Engineer,2426828,Married
CUS000198,Rahul,Patel,FEMALE,23,rahul.patel198@gmail.com,98 16716003,C147,premium,18-02-2024,Phone,Engineer,2880744,Married
CUS000199,Vikram,Patel,Male,65,vikram.patel199@gmail.com,9376220473,C206,Returning,11-01-2024,Email,Engineer,1336908,Married
CUS000200,Vikram,Iyer,FEMALE,53,,9385182085,C023,New,05-03-2024,Phone,Business,1023146,married
CUS000201,Sneha,Nair,FEMALE,49,sneha.nair201@gmail.com,9466954835,C117,premium,18-08-2024,WhatsApp,Doctor,1335254,married
CUS000202,Sneha,Iyer,male,38,sneha.iyer202@gmail.com,9439948008,C195,Premium,04-09-2024,WhatsApp,Business,1329910,Married
CUS000203,Ananya,Nair,male,27,ananya.nair203@gmail.com,9874223316,C213,premium,22-07-2024,Phone,Teacher,1001160,married
CUS000204,Sneha,Sharma,Female,48,sneha.sharma204@gmail.com,9995710022,C123,New,23-09-2024,Email,Business,2404036,Single
CUS000205,Aarav,Sharma,Male,59,aarav.sharma205@gmail.com,9895213956,C130,Premium,28-11-2024,Email,Business,488238,married
CUS000206,Ananya,Sharma,FEMALE,47,ananya.sharma206@gmail.com,9312644124,C177,premium,02-02-2024,Phone,Doctor,2990032,Married
CUS000207,Priya,Singh,Female,43,priya.singh207@gmail.com,9642563401,C125,Returning,04-04-2024,Phone,Business,471809,Married
CUS000208,Sneha,Singh,MALE,38,sneha.singh208@gmail.com,9916909867,C051,New,21-10-2024,Email,Engineer,1583383,married
CUS000209,Priya,Reddy,male,26,priya.reddy209@gmail.com,9550864962,C151,New,28-04-2024,WhatsApp,Doctor,2013406,Single
CUS000210, Ananya,Nair,FEMALE,29,ananya.nair210@gmail.com,9861808963,C231,premium,09-11-2024,Email,Engineer,1859581,Married
CUS000211,Rahul,Singh,male,23,rahul.singh211@gmail.com,9874987073,C001,New,23-08-2024,Phone,Engineer,875704,Single
CUS000212,Ananya,Reddy,MALE,30,ananya.reddy212@gmail.com,9529253689,C131,premium,06-12-2024,Phone,Doctor,1524832,Single
CUS000213,Priya,Patel,MALE,65,priya.patel213@gmail.com,9790857214,C100,New,14-01-2024,WhatsApp,Teacher,2186659,married
CUS000214,Vikram,Iyer,FEMALE,38,vikram.iyer214@gmail.com,9765329567,C148,premium,16-07-2024,WhatsApp,Teacher,1365585,Single
CUS000215,Ananya,Patel,male,47,ananya.patel215@gmail.com,9552710037,C244,Returning,25-01-2024,Phone,Engineer,1073529,married
CUS000216,Priya,Patel,male,50,priya.patel216@gmail.com,9253362383,C227,Returning,16-09-2024,WhatsApp,Teacher,2701050,Single
CUS000217,Rahul,Singh,Female,47,rahul.singh217@gmail.com,9902666019,C210,Premium,24-08-2024,WhatsApp,Engineer,493288,married
CUS000218,Ananya,Singh,male,37,ananya.singh218@gmail.com,9816704838,C072,Premium,22-01-2024,Phone,Engineer,1359181,Single
CUS000219,Rahul,Singh,male,56,rahul.singh219@gmail.com,9598484205,C021,premium,11-11-2024,WhatsApp,Teacher,1397920,Single
CUS000220,Priya,Iyer,Male,53,priya.iyer220@gmail.com,,C203,premium,28-12-2024,Phone,Engineer,2058406,married
CUS000221,Aarav,Reddy,MALE,29,aarav.reddy221@gmail.com,9170290725,C238,New,25-10-2024,Phone,Teacher,1553272,married
CUS000222,Priya,Reddy,Male,27,priya.reddy222@gmail.com,9532951844,C087,New,27-03-2024,Phone,Teacher,1309943,married
CUS000223,Ananya,Sharma,Male,39,ananya.sharma223@gmail.com,9561572025,C222,premium,12-05-2024,Phone,Teacher,559983,Married
CUS000224,Ananya,Sharma,Male,36,ananya.sharma224@gmail.com,9298727805,C180,New,18-03-2024,Phone,Engineer,2984900,married
CUS000225,Rahul,Sharma,Female,40,rahul.sharma225@gmail.com,9286918715,C125,Premium,22-04-2024,WhatsApp,Doctor,1594944,Single
CUS000226,Ananya,Reddy,Male,65,ananya.reddy226@gmail.com,9923371790,C048,premium,08-05-2024,Phone,Business,2006900,married
CUS000227,Ananya,Iyer,male,34,ananya.iyer227@gmail.com,9776975475,C241,Premium,20-07-2024,WhatsApp,Teacher,524777,Married
CUS000228,Rahul,Reddy,male,42,rahul.reddy228@gmail.com,9980322327,C097,Returning,11-09-2024,WhatsApp,Engineer,2903312,married
CUS000229,Ananya,Nair,Female,47,ananya.nair229@gmail.com,9561450113,C139,Premium,11-10-2024,Phone,Teacher,346672,Married
CUS000230,Rahul,Nair,FEMALE,26,rahul.nair230@gmail.com,9609838805,C183,Returning,18-09-2024,Email,Business,541403,Married
CUS000231,Sneha,Singh,male,50,sneha.singh231@gmail.com,98 78873466,C015,premium,27-01-2024,WhatsApp,Doctor,325905,Single
CUS000232,Ananya,Nair,Female,45,ananya.nair232@gmail.com,9932421375,C004,Returning,17-03-2024,WhatsApp,Teacher,513815,married
CUS000233,Sneha,Sharma,male,57,sneha.sharma233@gmail.com,9421828544,C096,Premium,09-09-2024,WhatsApp,Engineer,1620895,Married
CUS000234,Priya,Nair,MALE,40,priya.nair234@gmail.com,9811381145,C105,premium,22-08-2024,WhatsApp,Business,2163419,married
CUS000235,Aarav,Sharma,FEMALE,63,aarav.sharma235@gmail.com,9934322903,C154,premium,02-07-2024,Email,Business,2741840,Single
CUS000236,Aarav,Reddy,Male,65,aarav.reddy236@gmail.com,9777730844,C090,Premium,26-07-2024,WhatsApp,Doctor,356700,married
CUS000237,Priya,Nair,FEMALE,61,priya.nair237@gmail.com,9656946671,C148,premium,22-06-2024,WhatsApp,Doctor,1714575,Single
CUS000238,Priya,Iyer,Female,27,priya.iyer238@gmail.com,9698602326,C169,Returning,01-02-2024,Email,Teacher,2985011,Married
CUS000239,Sneha,Reddy,MALE,24,sneha.reddy239@gmail.com,9706579466,C021,Premium,18-12-2024,Email,Business,1541634,Married
CUS000240,Ananya,Reddy,Male,32,,9801855048,C231,New,13-01-2024,Email,,2141671,Single
CUS000241,Vikram,Singh,FEMALE,48,vikram.singh241@gmail.com,9265172671,C221,Premium,14-09-2024,WhatsApp,Engineer,2903892,Married
CUS000242,Vikram,Patel,MALE,37,vikram.patel242@gmail.com,9277782744,C114,New,16-07-2024,Phone,Doctor,2915615,Single
CUS000243,Rahul,Iyer,male,43,rahul.iyer243@gmail.com,9409809452,C240,Returning,28-11-2024,WhatsApp,Doctor,553214,Married
CUS000244,Priya,Nair,MALE,55,priya.nair244@gmail.com,9194592357,C208,Returning,07-09-2024,Phone,Teacher,2208135,Single
CUS000245,Rahul,Singh,MALE,64,rahul.singh245@gmail.com,9269180149,C015,Premium,02-04-2024,WhatsApp,Engineer,2237220,married
CUS000246,Priya,Reddy,MALE,43,priya.reddy246@gmail.com,9506472806,C055,Premium,01-04-2024,Email,Doctor,2435644,married
CUS000247,Priya,Iyer,Male,51,priya.iyer247@gmail.com,9501328875,C076,Returning,19-06-2024,Email,Doctor,1016963,married
CUS000248,Vikram,Patel,male,44,vikram.patel248@gmail.com,9420644758,C017,Returning,04-03-2024,WhatsApp,Doctor,898749,Single
CUS000249,Ananya,Reddy,Male,58,ananya.reddy249@gmail.com,9784988296,C055,premium,04-05-2024,Phone,Doctor,1531774,married
CUS000250,Priya,Reddy,male,36,priya.reddy250@gmail.com,9692650883,C225,New,18-12-2024,Phone,Engineer,987149,married
CUS000251,Ananya,Patel,MALE,61,ananya.patel251@gmail.com,9167382740,C017,Premium,10-04-2024,WhatsApp,Business,1697982,Single
CUS000252,Rahul,Sharma,FEMALE,38,rahul.sharma252@gmail.com,9621744081,C134,Premium,05-02-2024,WhatsApp,Engineer,2180168,Single
CUS000253,Rahul,Singh,MALE,60,rahul.singh253@gmail.com,9773816924,C009,Premium,10-02-2024,WhatsApp,Engineer,595281,Married
CUS000254,Sneha,Sharma,MALE,43,sneha.sharma254@gmail.com,9588783805,C154,premium,09-11-2024,WhatsApp,Business,1205807,Single
CUS000255,Aarav,Patel,FEMALE,26,aarav.patel255@gmail.com,9441665518,C178,Premium,02-05-2024,WhatsApp,Business,1041293,Single
CUS000256,Vikram,Reddy,male,31,vikram.reddy256@gmail.com,9202743716,C038,New,17-11-2024,WhatsApp,Teacher,875513,Married
CUS000257,Rahul,Singh,Male,35,rahul.singh257@gmail.com,9112416343,C153,Returning,04-04-2024,Email,Engineer,1857868,married
CUS000258,Sneha,Reddy,Female,57,sneha.reddy258@gmail.com,9617037473,C210,premium,01-02-2024,WhatsApp,Doctor,1319735,Single
CUS000259,Vikram,Singh,Male,31,vikram.singh259@gmail.com,9649943527,C134,premium,28-11-2024,Phone,Teacher,994366,Married
CUS000260,Priya,Sharma,male,29,priya.sharma260@gmail.com,9208279256,C245,Premium,06-11-2024,Phone,Teacher,991962,Single
CUS000261,Aarav,Patel,MALE,39,aarav.patel261@gmail.com,9564639650,C138,premium,27-06-2024,Email,Doctor,2776440,married
CUS000262,Priya,Iyer,male,49,priya.iyer262@gmail.com,9928093130,C090,Premium,20-04-2024,Email,Doctor,1456579,married
CUS000263,Vikram,Nair,Male,41,vikram.nair263@gmail.com,9223772294,C181,New,06-03-2024,Phone,Doctor,2356770,Married
CUS000264,Rahul,Singh,FEMALE,62,rahul.singh264@gmail.com,98 35929807,C122,premium,25-12-2024,Phone,Business,1348632,Married
CUS000265,Sneha,Nair,male,51,sneha.nair265@gmail.com,9866647474,C054,New,22-12-2024,Email,Teacher,783057,Married
CUS000266,Ananya,Patel,Male,30,ananya.patel266@gmail.com,9605658008,C175,New,13-07-2024,Email,Doctor,428124,Married
CUS000267,Vikram,Iyer,MALE,50,vikram.iyer267@gmail.com,9236176156,C061,Premium,13-02-2024,Email,Business,393377,Single
CUS000268,Rahul,Iyer,Female,50,rahul.iyer268@gmail.com,9276747702,C072,New,07-09-2024,Email,Teacher,806024,married
CUS000269,Ananya,Sharma,male,40,ananya.sharma269@gmail.com,9392575777,C097,Premium,25-07-2024,Phone,Teacher,2490460,married
CUS000270,Sneha,Sharma,Female,30,sneha.sharma270@gmail.com,9936965113,C019,Returning,01-12-2024,Phone,Doctor,2236995,married
CUS000271,Ananya,Iyer,Male,29,ananya.iyer271@gmail.com,9809015417,C090,Premium,02-08-2024,WhatsApp,Business,2211087,Married
CUS000272,Priya,Iyer,FEMALE,48,priya.iyer272@gmail.com,9768373747,C145,Premium,16-09-2024,Email,Engineer,2540729,Single
CUS000273,Aarav,Patel,Male,59,aarav.patel273@gmail.com,9175946251,C099,premium,05-04-2024,Email,Business,2694740,Married
CUS000274,Vikram,Nair,FEMALE,41,vikram.nair274@gmail.com,9845929905,C001,premium,03-05-2024,Phone,Doctor,711800,Married
CUS000275,Priya,Nair,Male,41,priya.nair275@gmail.com,,C030,Returning,23-07-2024,Email,Engineer,2908004,Married
CUS000276,Sneha,Singh,male,55,sneha.singh276@gmail.com,9627217273,C168,Premium,21-09-2024,Phone,Business,1129533,Married
CUS000277,Rahul,Singh,Male,46,rahul.singh277@gmail.com,9450685230,C235,Premium,08-03-2024,Phone,Doctor,1532119,Married
CUS000278,Priya,Singh,MALE,36,priya.singh278@gmail.com,9488491133,C057,Returning,08-06-2024,Phone,Teacher,2269636,Single
CUS000279,Sneha,Sharma,Female,43,sneha.sharma279@gmail.com,9532082178,C246,New,18-01-2024,Email,Engineer,2605482,Married
CUS000280, Aarav,Nair,MALE,58,,9998589623,C195,New,02-01-2024,Email,Doctor,2294234,married
CUS000281,Sneha,Iyer,male,33,sneha.iyer281@gmail.com,9490626345,C174,Returning,06-07-2024,Phone,Teacher,564219,married
CUS000282,Sneha,Singh,FEMALE,39,sneha.singh282@gmail.com,9115437281,C045,premium,27-02-2024,Phone,Business,1964045,Single
CUS000283,Ananya,Singh,male,54,ananya.singh283@gmail.com,9617707867,C020,New,06-01-2024,Email,Engineer,1628458,Single
CUS000284,Rahul,Nair,MALE,37,rahul.nair284@gmail.com,9671968708,C012,Returning,11-07-2024,Phone,Teacher,1524324,Single
CUS000285,Rahul,Sharma,Male,44,rahul.sharma285@gmail.com,9823374974,C097,Returning,21-07-2024,WhatsApp,Doctor,1729936,Single
CUS000286,Vikram,Reddy,MALE,49,vikram.reddy286@gmail.com,9303205259,C028,New,16-11-2024,Phone,Engineer,1667369,Single
CUS000287,Rahul,Nair,male,44,rahul.nair287@gmail.com,9580263709,C081,premium,18-10-2024,WhatsApp,Business,629552,Single
CUS000288,Sneha,Reddy,Female,22,sneha.reddy288@gmail.com,9410686971,C021,Premium,09-11-2024,WhatsApp,Teacher,530995,married
CUS000289,Vikram,Sharma,Male,23,vikram.sharma289@gmail.com,9455044254,C195,New,11-04-2024,Phone,Engineer,2014785,Single
CUS000290,Aarav,Sharma,MALE,45,aarav.sharma290@gmail.com,9558988575,C213,premium,06-08-2024,WhatsApp,Doctor,2351511,Single
CUS000291,Ananya,Iyer,FEMALE,53,ananya.iyer291@gmail.com,9188867506,C184,Returning,06-09-2024,WhatsApp,Teacher,1889323,Married
CUS000292,Vikram,Singh,male,27,vikram.singh292@gmail.com,9879253882,C057,premium,13-04-2024,Email,Teacher,1037001,Single
CUS000293,Priya,Iyer,MALE,48,priya.iyer293@gmail.com,9199174056,C219,premium,03-05-2024,Phone,Doctor,2868867,married
CUS000294,Ananya,Nair,male,39,ananya.nair294@gmail.com,9723345213,C218,premium,23-12-2024,Phone,Doctor,1369454,married
CUS000295,Sneha,Reddy,Female,50,sneha.reddy295@gmail.com,9458284788,C200,premium,11-04-2024,Phone,Doctor,2882160,Married
CUS000296,Priya,Iyer,male,54,priya.iyer296@gmail.com,9450755147,C013,New,24-04-2024,WhatsApp,Business,2263436,Single
CUS000297,Ananya,Singh,FEMALE,39,ananya.singh297@gmail.com,98 13765019,C079,New,18-07-2024,Email,Teacher,2621594,Single
CUS000298,Priya,Iyer,FEMALE,45,priya.iyer298@gmail.com,9472943326,C233,Premium,04-06-2024,Phone,Doctor,2981488,married
CUS000299,Sneha,Nair,FEMALE,62,sneha.nair299@gmail.com,9104320785,C080,New,24-01-2024,Email,Teacher,1903938,Single
CUS000300,Priya,Patel,MALE,51,priya.patel300@gmail.com,9249292603,C046,Premium,12-05-2024,WhatsApp,,960687,Single
CUS000301,Ananya,Nair,male,23,ananya.nair301@gmail.com,9841619013,C097,Returning,27-10-2024,Phone,Business,944206,married
CUS000302,Rahul,Singh,MALE,52,rahul.singh302@gmail.com,9132455231,C218,Premium,12-10-2024,Phone,Teacher,1102755,married
CUS000303,Rahul,Patel,male,44,rahul.patel303@gmail.com,9640799873,C037,Premium,10-07-2024,WhatsApp,Business,2824413,Married
CUS000304,Aarav,Sharma,MALE,64,aarav.sharma304@gmail.com,9980947205,C012,New,10-06-2024,WhatsApp,Business,458364,Single
CUS000305,Priya,Sharma,Male,24,priya.sharma305@gmail.com,9216938823,C167,premium,06-07-2024,WhatsApp,Business,2730133,Married
CUS000306,Rahul,Reddy,Male,59,rahul.reddy306@gmail.com,9568392547,C134,premium,03-01-2024,WhatsApp,Doctor,2094328,married
CUS000307,Priya,Singh,MALE,35,priya.singh307@gmail.com,9449296289,C097,New,21-01-2024,Phone,Doctor,1967655,Single
CUS000308,Priya,Iyer,Female,33,priya.iyer308@gmail.com,9767552204,C067,New,04-01-2024,WhatsApp,Doctor,1616608,married
CUS000309,Priya,Reddy,MALE,42,priya.reddy309@gmail.com,9560293574,C111,premium,17-10-2024,Phone,Business,2942186,married
CUS000310,Aarav,Iyer,male,45,aarav.iyer310@gmail.com,9949115535,C001,Premium,03-11-2024,Phone,Business,1683644,married
CUS000311,Sneha,Iyer,FEMALE,50,sneha.iyer311@gmail.com,9261652519,C028,New,26-01-2024,Phone,Business,1347656,Married
CUS000312,Vikram,Patel,male,54,vikram.patel312@gmail.com,9355297871,C123,Returning,18-04-2024,Phone,Doctor,2905299,married
CUS000313,Priya,Iyer,male,62,priya.iyer313@gmail.com,9942633990,C114,Premium,15-05-2024,WhatsApp,Doctor,518786,Married
CUS000314,Aarav,Singh,MALE,37,aarav.singh314@gmail.com,9639409282,C031,New,25-09-2024,Email,Engineer,1008181,married
CUS000315,Rahul,Reddy,Female,30,rahul.reddy315@gmail.com,9223705239,C013,Premium,09-12-2024,WhatsApp,Doctor,352074,Single
CUS000316,Priya,Iyer,FEMALE,40,priya.iyer316@gmail.com,9713208829,C204,Returning,11-02-2024,WhatsApp,Teacher,1918013,married
CUS000317,Vikram,Nair,FEMALE,24,vikram.nair317@gmail.com,9536599883,C150,New,14-05-2024,WhatsApp,Teacher,696094,married
CUS000318,Ananya,Iyer,Female,45,ananya.iyer318@gmail.com,9855394528,C046,New,02-06-2024,Email,Teacher,2496179,Married
CUS000319,Aarav,Patel,male,31,aarav.patel319@gmail.com,9534959015,C090,New,04-11-2024,WhatsApp,Business,2467943,Married
CUS000320,Priya,Patel,Female,41,,9360018316,C225,Premium,21-11-2024,Email,Business,2273474,Married
CUS000321,Vikram,Patel,Female,47,vikram.patel321@gmail.com,9586275007,C164,New,27-09-2024,Phone,Business,1011814,married
CUS000322,Aarav,Sharma,male,35,aarav.sharma322@gmail.com,9513623825,C002,Premium,23-01-2024,Email,Engineer,1219494,married
CUS000323,Vikram,Iyer,Female,63,vikram.iyer323@gmail.com,9441120643,C140,premium,09-01-2024,Phone,Teacher,2995003,Single
CUS000324,Ananya,Reddy,FEMALE,48,ananya.reddy324@gmail.com,9446730317,C219,premium,06-11-2024,Phone,Doctor,2703766,Single
CUS000325,Ananya,Singh,FEMALE,29,ananya.singh325@gmail.com,9644468483,C044,Returning,11-05-2024,Email,Engineer,2796960,Married
CUS000326,Ananya,Patel,Female,59,ananya.patel326@gmail.com,9402324855,C248,Returning,25-02-2024,WhatsApp,Engineer,2151708,Married
CUS000327,Priya,Nair,Female,31,priya.nair327@gmail.com,9780062575,C105,premium,23-12-2024,Phone,Doctor,2249096,Single
CUS000328,Priya,Nair,male,29,priya.nair328@gmail.com,9187513761,C145,New,28-01-2024,Email,Doctor,1541929,Married
CUS000329,Aarav,Iyer,MALE,41,aarav.iyer329@gmail.com,9783357438,C077,Premium,22-02-2024,WhatsApp,Teacher,1357612,Married
CUS000330,Aarav,Patel,MALE,30,aarav.patel330@gmail.com,,C229,premium,09-06-2024,WhatsApp,Business,1613635,married
CUS000331,Ananya,Patel,male,22,ananya.patel331@gmail.com,9411661412,C241,premium,11-07-2024,Phone,Teacher,2111376,Single
CUS000332,Priya,Reddy,Female,41,priya.reddy332@gmail.com,9771746171,C199,premium,01-11-2024,WhatsApp,Engineer,2162230,married
CUS000333,Vikram,Iyer,MALE,55,vikram.iyer333@gmail.com,9355320344,C053,Returning,04-01-2024,WhatsApp,Engineer,2466532,Married
CUS000334,Aarav,Iyer,Female,63,aarav.iyer334@gmail.com,9205968465,C030,New,13-10-2024,WhatsApp,Business,1591162,Married
CUS000335,Aarav,Reddy,Male,57,aarav.reddy335@gmail.com,9650637893,C116,Returning,20-01-2024,Phone,Doctor,345866,Married
CUS000336,Rahul,Iyer,Female,36,rahul.iyer336@gmail.com,9202568641,C165,Premium,18-04-2024,WhatsApp,Doctor,566714,Single
CUS000337,Rahul,Sharma,Female,24,rahul.sharma337@gmail.com,9912799796,C243,premium,12-07-2024,Email,Business,307479,married
CUS000338,Ananya,Sharma,MALE,36,ananya.sharma338@gmail.com,9724286258,C033,Premium,25-08-2024,Email,Engineer,2359091,married
CUS000339,Ananya,Singh,male,31,ananya.singh339@gmail.com,9313605252,C128,New,23-04-2024,WhatsApp,Business,2539633,Single
CUS000340,Sneha,Patel,male,40,sneha.patel340@gmail.com,9743773031,C195,New,01-06-2024,WhatsApp,Doctor,1279804,married
CUS000341,Sneha,Singh,male,41,sneha.singh341@gmail.com,9689017256,C245,Returning,16-10-2024,WhatsApp,Business,2692659,Married
CUS000342,Vikram,Sharma,MALE,29,vikram.sharma342@gmail.com,9236291053,C050,New,11-01-2024,WhatsApp,Doctor,1546551,married
CUS000343,Aarav,Singh,male,30,aarav.singh343@gmail.com,9415220153,C040,Premium,09-01-2024,Phone,Doctor,1435656,Single
CUS000344,Sneha,Iyer,MALE,57,sneha.iyer344@gmail.com,9468705457,C196,premium,28-06-2024,WhatsApp,Doctor,1625940,Single
CUS000345,Priya,Sharma,FEMALE,39,priya.sharma345@gmail.com,9151713733,C133,Premium,09-05-2024,WhatsApp,Doctor,2114400,Married
CUS000346,Aarav,Singh,FEMALE,37,aarav.singh346@gmail.com,9982079801,C184,Premium,01-04-2024,Phone,Business,1429214,Married
CUS000347,Sneha,Reddy,Male,33,sneha.reddy347@gmail.com,9139370641,C084,Premium,27-07-2024,WhatsApp,Engineer,2890121,Married
CUS000348,Ananya,Patel,MALE,64,ananya.patel348@gmail.com,9305914743,C218,Returning,01-04-2024,Phone,Teacher,1750822,married
CUS000349,Aarav,Sharma,male,63,aarav.sharma349@gmail.com,9598105783,C221,New,20-12-2024,Email,Doctor,1851488,Single
CUS000350, Aarav,Nair,male,31,aarav.nair350@gmail.com,9715465743,C147,Returning,15-12-2024,WhatsApp,Teacher,337112,Single
CUS000351,Ananya,Sharma,male,30,ananya.sharma351@gmail.com,9606833371,C062,premium,17-09-2024,Phone,Teacher,1211015,Married
CUS000352,Priya,Sharma,FEMALE,60,priya.sharma352@gmail.com,9373113723,C144,premium,21-10-2024,WhatsApp,Business,2232816,Single
CUS000353,Rahul,Reddy,male,60,rahul.reddy353@gmail.com,9743725547,C203,New,08-12-2024,WhatsApp,Business,1045796,married
CUS000354,Priya,Patel,Female,25,priya.patel354@gmail.com,9554096917,C126,Returning,03-07-2024,Email,Doctor,2364228,married
CUS000355,Rahul,Sharma,FEMALE,64,rahul.sharma355@gmail.com,9869290624,C242,New,23-05-2024,Email,Teacher,2674579,married
CUS000356,Priya,Iyer,FEMALE,37,priya.iyer356@gmail.com,9298139321,C169,New,03-04-2024,WhatsApp,Teacher,2455837,Single
CUS000357,Rahul,Reddy,MALE,46,rahul.reddy357@gmail.com,9946856200,C113,Returning,07-07-2024,WhatsApp,Doctor,1223864,Married
CUS000358,Vikram,Reddy,male,64,vikram.reddy358@gmail.com,9622464910,C199,Returning,07-06-2024,Email,Engineer,1954873,Married
CUS000359,Sneha,Iyer,MALE,41,sneha.iyer359@gmail.com,9667966808,C209,New,19-01-2024,Email,Doctor,2797147,married
CUS000360,Rahul,Iyer,Male,23,,9942914401,C122,Premium,27-02-2024,Email,,2910621,Married
CUS000361,Vikram,Nair,Female,28,vikram.nair361@gmail.com,9825305494,C213,New,27-12-2024,Phone,Business,1889873,Single
CUS000362,Aarav,Patel,Male,47,aarav.patel362@gmail.com,9220000263,C037,premium,25-01-2024,Phone,Business,2838804,married
CUS000363,Ananya,Nair,Female,44,ananya.nair363@gmail.com,98 85465982,C238,Premium,14-01-2024,WhatsApp,Business,2785512,Married
CUS000364,Vikram,Sharma,Female,40,vikram.sharma364@gmail.com,9614363409,C248,Returning,12-09-2024,Email,Business,2977814,Single
CUS000365,Sneha,Patel,FEMALE,33,sneha.patel365@gmail.com,9543623465,C212,Premium,23-10-2024,Phone,Doctor,1373618,Single
CUS000366,Ananya,Reddy,MALE,22,ananya.reddy366@gmail.com,9380547948,C185,Returning,08-07-2024,WhatsApp,Teacher,2822346,Married
CUS000367,Rahul,Iyer,MALE,33,rahul.iyer367@gmail.com,9676023864,C189,premium,22-10-2024,Phone,Teacher,1928141,Single
CUS000368,Priya,Iyer,Male,22,priya.iyer368@gmail.com,9172464945,C074,Returning,04-06-2024,Email,Teacher,1787592,Married
CUS000369,Rahul,Singh,FEMALE,33,rahul.singh369@gmail.com,9983807880,C236,New,05-04-2024,Email,Business,1591905,Married
CUS000370,Rahul,Iyer,Male,34,rahul.iyer370@gmail.com,9418698492,C110,premium,09-11-2024,Phone,Doctor,2811992,Married
CUS000371,Ananya,Sharma,MALE,27,ananya.sharma371@gmail.com,9731268604,C009,premium,18-09-2024,Phone,Engineer,2483662,married
CUS000372,Rahul,Nair,Female,47,rahul.nair372@gmail.com,9978869899,C094,Premium,10-03-2024,Phone,Business,491246,married
CUS000373,Priya,Reddy,Female,64,priya.reddy373@gmail.com,9551393516,C085,Premium,21-09-2024,WhatsApp,Teacher,1298391,married
CUS000374,Ananya,Singh,MALE,60,ananya.singh374@gmail.com,9971267196,C119,New,01-12-2024,Email,Teacher,1035813,Single
CUS000375,Priya,Patel,FEMALE,46,priya.patel375@gmail.com,9287664708,C129,premium,06-12-2024,Email,Doctor,544496,married
CUS000376,Vikram,Singh,FEMALE,52,vikram.singh376@gmail.com,9915221051,C094,New,27-06-2024,Email,Doctor,2959432,married
CUS000377,Sneha,Reddy,MALE,64,sneha.reddy377@gmail.com,9658507764,C089,premium,27-02-2024,Email,Teacher,2675243,married
CUS000378,Rahul,Sharma,Male,42,rahul.sharma378@gmail.com,9769893267,C149,New,03-09-2024,Phone,Engineer,2271310,married
CUS000379,Vikram,Singh,Male,46,vikram.singh379@gmail.com,9999755786,C196,premium,13-01-2024,WhatsApp,Teacher,1796752,married
CUS000380,Priya,Patel,Male,40,priya.patel380@gmail.com,9660704307,C113,New,06-10-2024,Email,Doctor,2375157,Single
CUS000381,Ananya,Sharma,Male,50,ananya.sharma381@gmail.com,9118217223,C250,New,11-02-2024,Email,Doctor,1826988,Married
CUS000382,Sneha,Singh,Male,51,sneha.singh382@gmail.com,9908736674,C044,New,25-07-2024,WhatsApp,Business,514891,married
CUS000383,Aarav,Singh,FEMALE,29,aarav.singh383@gmail.com,9288690634,C217,Returning,09-05-2024,WhatsApp,Teacher,2999473,Single
CUS000384,Priya,Patel,Female,50,priya.patel384@gmail.com,9383093837,C049,premium,20-07-2024,Phone,Business,567915,Married
CUS000385,Ananya,Patel,MALE,50,ananya.patel385@gmail.com,,C095,premium,06-10-2024,Email,Business,2406937,Married
CUS000386,Vikram,Nair,MALE,64,vikram.nair386@gmail.com,9626441769,C115,New,06-09-2024,Phone,Doctor,704060,Single
CUS000387,Priya,Singh,male,57,priya.singh387@gmail.com,9472429686,C179,Returning,23-03-2024,Phone,Business,721615,Married
CUS000388,Rahul,Patel,FEMALE,33,rahul.patel388@gmail.com,9944948623,C145,Returning,21-05-2024,Email,Doctor,1211932,Married
CUS000389,Rahul,Sharma,Male,33,rahul.sharma389@gmail.com,9334800450,C087,New,02-08-2024,Phone,Teacher,2649226,Single
CUS000390,Sneha,Reddy,male,22,sneha.reddy390@gmail.com,9647828177,C195,premium,05-02-2024,Email,Teacher,901371,Single
CUS000391,Ananya,Patel,MALE,48,ananya.patel391@gmail.com,9824430457,C224,Returning,03-11-2024,WhatsApp,Doctor,401792,married
CUS000392,Rahul,Singh,male,51,rahul.singh392@gmail.com,9207790331,C245,Returning,26-04-2024,Phone,Doctor,1775029,married
CUS000393,Rahul,Singh,FEMALE,23,rahul.singh393@gmail.com,9609062975,C234,Premium,04-09-2024,Email,Business,1013045,Single
CUS000394,Ananya,Singh,Female,58,ananya.singh394@gmail.com,9802914791,C181,Premium,17-12-2024,Phone,Business,2709029,Single
CUS000395,Rahul,Sharma,Male,48,rahul.sharma395@gmail.com,9852095067,C172,premium,19-09-2024,WhatsApp,Doctor,1453715,married
CUS000396,Sneha,Patel,FEMALE,35,sneha.patel396@gmail.com,98 99690973,C250,Returning,21-09-2024,WhatsApp,Teacher,2416607,Single
CUS000397,Vikram,Singh,Male,54,vikram.singh397@gmail.com,9183839105,C010,Premium,01-07-2024,WhatsApp,Doctor,2063196,married
CUS000398,Aarav,Reddy,MALE,30,aarav.reddy398@gmail.com,9117529913,C117,premium,28-04-2024,Email,Business,2033247,Married
CUS000399,Sneha,Nair,male,43,sneha.nair399@gmail.com,9843854587,C187,Premium,22-01-2024,Phone,Business,1864450,Single
CUS000400,Ananya,Iyer,FEMALE,28,,9350795303,C227,Premium,23-07-2024,Phone,Business,2307793,Single
CUS000401,Vikram,Nair,Female,55,vikram.nair401@gmail.com,9436616828,C093,premium,12-01-2024,Email,Teacher,2713401,Single
CUS000402,Sneha,Nair,Female,61,sneha.nair402@gmail.com,9425152887,C144,Returning,02-07-2024,WhatsApp,Engineer,349997,married
CUS000403,Priya,Reddy,MALE,31,priya.reddy403@gmail.com,9759129972,C171,premium,03-12-2024,WhatsApp,Teacher,2674602,Single
CUS000404,Rahul,Reddy,Male,44,rahul.reddy404@gmail.com,9264476752,C068,premium,26-01-2024,Email,Doctor,919100,Married
CUS000405,Vikram,Patel,MALE,61,vikram.patel405@gmail.com,9516394798,C007,Returning,16-01-2024,WhatsApp,Doctor,782412,married
CUS000406,Priya,Reddy,male,37,priya.reddy406@gmail.com,9393866705,C230,Returning,13-09-2024,Phone,Teacher,406387,married
CUS000407,Ananya,Sharma,Male,29,ananya.sharma407@gmail.com,9256028317,C182,Returning,15-12-2024,Email,Business,1333893,Single
CUS000408,Priya,Sharma,Female,36,priya.sharma408@gmail.com,9515306170,C098,premium,10-08-2024,WhatsApp,Doctor,628329,Single
CUS000409,Ananya,Iyer,Male,64,ananya.iyer409@gmail.com,9304848679,C124,New,14-11-2024,Email,Business,609042,Married
CUS000410,Vikram,Reddy,Male,29,vikram.reddy410@gmail.com,9331327330,C097,Returning,14-08-2024,Email,Teacher,2452946,Single
CUS000411,Ananya,Nair,male,31,ananya.nair411@gmail.com,9479017006,C249,Returning,09-04-2024,Email,Engineer,658369,Married
CUS000412,Vikram,Reddy,MALE,30,vikram.reddy412@gmail.com,9986591316,C226,Returning,10-05-2024,WhatsApp,Engineer,2533523,Married
CUS000413,Sneha,Reddy,FEMALE,41,sneha.reddy413@gmail.com,9471857347,C209,Returning,15-11-2024,WhatsApp,Teacher,1823370,married
CUS000414,Ananya,Sharma,Male,43,ananya.sharma414@gmail.com,9157924130,C198,Returning,16-11-2024,Email,Business,1758929,Married
CUS000415,Rahul,Sharma,Female,33,rahul.sharma415@gmail.com,9562219496,C187,Returning,14-03-2024,Phone,Teacher,2299672,married
CUS000416,Ananya,Patel,male,54,ananya.patel416@gmail.com,9701754456,C083,premium,13-02-2024,WhatsApp,Doctor,1047867,Married
CUS000417,Vikram,Nair,MALE,31,vikram.nair417@gmail.com,9714859300,C245,New,27-01-2024,WhatsApp,Engineer,625169,Single
CUS000418,Priya,Patel,male,57,priya.patel418@gmail.com,9890619648,C140,premium,28-08-2024,Email,Doctor,2621115,Married
CUS000419,Ananya,Singh,Male,50,ananya.singh419@gmail.com,9717378956,C001,premium,13-06-2024,WhatsApp,Doctor,2353110,Married
CUS000420, Ananya,Patel,male,31,ananya.patel420@gmail.com,9456717779,C201,Premium,21-01-2024,WhatsApp,,1907333,Married
CUS000421,Priya,Reddy,FEMALE,25,priya.reddy421@gmail.com,9487405814,C239,Returning,07-05-2024,WhatsApp,Engineer,1060844,Single
CUS000422,Sneha,Nair,male,38,sneha.nair422@gmail.com,9248124549,C025,New,03-10-2024,Phone,Engineer,446583,Married
CUS000423,Vikram,Sharma,Male,45,vikram.sharma423@gmail.com,9461737609,C224,Returning,10-07-2024,Email,Doctor,2158462,Single
CUS000424,Sneha,Reddy,male,34,sneha.reddy424@gmail.com,9243834370,C246,New,24-06-2024,Email,Business,1593036,Single
CUS000425,Ananya,Reddy,MALE,40,ananya.reddy425@gmail.com,9824689107,C131,premium,28-07-2024,Email,Engineer,2519394,Married
CUS000426,Sneha,Sharma,FEMALE,26,sneha.sharma426@gmail.com,9221837821,C036,Returning,25-11-2024,Phone,Teacher,1940186,Single
CUS000427,Vikram,Patel,Male,42,vikram.patel427@gmail.com,9873155911,C103,premium,25-12-2024,Email,Doctor,1325569,Single
CUS000428,Priya,Reddy,MALE,40,priya.reddy428@gmail.com,9636327558,C235,Premium,13-05-2024,Email,Business,2649965,Single
CUS000429,Rahul,Singh,MALE,38,rahul.singh429@gmail.com,98 94372728,C228,Premium,06-07-2024,Email,Teacher,2132929,married
CUS000430,Aarav,Singh,MALE,47,aarav.singh430@gmail.com,9206590502,C219,premium,02-06-2024,WhatsApp,Business,1141113,married
CUS000431,Ananya,Nair,Male,28,ananya.nair431@gmail.com,9436626902,C007,premium,15-10-2024,Phone,Doctor,536451,Married
CUS000432,Ananya,Singh,male,30,ananya.singh432@gmail.com,9273633102,C116,Returning,08-10-2024,Phone,Business,1604751,married
CUS000433,Ananya,Iyer,Female,35,ananya.iyer433@gmail.com,9360569865,C117,premium,16-01-2024,Phone,Teacher,481667,Married
CUS000434,Vikram,Iyer,Female,24,vikram.iyer434@gmail.com,9845218842,C066,premium,08-04-2024,WhatsApp,Doctor,1010217,Single
CUS000435,Aarav,Reddy,male,23,aarav.reddy435@gmail.com,9336936701,C193,premium,19-05-2024,Email,Doctor,2246103,Married
CUS000436,Ananya,Singh,FEMALE,62,ananya.singh436@gmail.com,9536190799,C033,premium,20-04-2024,Email,Engineer,1592967,married
CUS000437,Priya,Nair,Female,60,priya.nair437@gmail.com,9600562619,C087,premium,13-01-2024,Email,Doctor,968858,married
CUS000438,Priya,Nair,MALE,52,priya.nair438@gmail.com,9700599730,C166,premium,13-08-2024,Phone,Business,1305836,Married
CUS000439,Sneha,Nair,MALE,23,sneha.nair439@gmail.com,9536870782,C049,Premium,27-06-2024,WhatsApp,Teacher,2603391,married
CUS000440,Vikram,Sharma,Male,59,,,C078,New,07-05-2024,Email,Business,820375,Married
CUS000441,Aarav,Nair,male,42,aarav.nair441@gmail.com,9921186763,C186,Premium,28-03-2024,WhatsApp,Business,897914,married
CUS000442,Vikram,Reddy,Male,41,vikram.reddy442@gmail.com,9423825332,C143,premium,10-08-2024,Email,Engineer,1813788,married
CUS000443,Sneha,Sharma,FEMALE,45,sneha.sharma443@gmail.com,9518582088,C027,Returning,08-09-2024,Email,Teacher,2689996,married
CUS000444,Priya,Iyer,MALE,47,priya.iyer444@gmail.com,9540997964,C109,Returning,04-10-2024,Email,Business,1183262,Single
CUS000445,Aarav,Iyer,FEMALE,63,aarav.iyer445@gmail.com,9777060026,C011,Premium,08-08-2024,Email,Doctor,1786686,Married
CUS000446,Vikram,Iyer,male,35,vikram.iyer446@gmail.com,9818184409,C200,Returning,25-12-2024,Phone,Engineer,1981021,married
CUS000447,Aarav,Nair,FEMALE,50,aarav.nair447@gmail.com,9727008987,C088,Returning,16-04-2024,WhatsApp,Doctor,1883702,Married
CUS000448,Aarav,Singh,male,62,aarav.singh448@gmail.com,9938021777,C060,New,19-08-2024,Phone,Doctor,2624073,Single
CUS000449,Priya,Sharma,Male,52,priya.sharma449@gmail.com,9719321701,C119,Returning,23-05-2024,Phone,Doctor,1733285,Single
CUS000450,Priya,Singh,FEMALE,63,priya.singh450@gmail.com,9657727711,C151,New,16-01-2024,Email,Engineer,907706,married
CUS000451,Ananya,Patel,male,31,ananya.patel451@gmail.com,9172052942,C097,Returning,01-12-2024,WhatsApp,Engineer,2083795,Single
CUS000452,Ananya,Patel,FEMALE,44,ananya.patel452@gmail.com,9148171735,C172,Premium,24-11-2024,Email,Engineer,2801977,Married
CUS000453,Ananya,Iyer,FEMALE,25,ananya.iyer453@gmail.com,9975946856,C237,Premium,18-11-2024,Phone,Doctor,844141,married
CUS000454,Rahul,Reddy,Female,62,rahul.reddy454@gmail.com,9999377961,C016,New,23-10-2024,WhatsApp,Doctor,1866812,Married
CUS000455,Vikram,Nair,MALE,51,vikram.nair455@gmail.com,9974203885,C222,Premium,27-09-2024,WhatsApp,Doctor,2338650,Married
CUS000456,Sneha,Patel,male,39,sneha.patel456@gmail.com,9311355609,C024,Returning,02-07-2024,WhatsApp,Doctor,2711007,Married
CUS000457,Aarav,Iyer,Male,26,aarav.iyer457@gmail.com,9507644490,C114,Premium,04-06-2024,WhatsApp,Doctor,2957045,Single
CUS000458,Ananya,Singh,Male,54,ananya.singh458@gmail.com,9651962800,C153,Premium,19-03-2024,Phone,Engineer,2130859,Married
CUS000459,Priya,Singh,Male,59,priya.singh459@gmail.com,9998716325,C212,New,10-12-2024,Phone,Teacher,2834708,Married
CUS000460,Sneha,Sharma,MALE,56,sneha.sharma460@gmail.com,9894163506,C231,premium,19-08-2024,Email,Teacher,1592580,Single
CUS000461,Sneha,Patel,male,31,sneha.patel461@gmail.com,9238844796,C177,Premium,18-05-2024,WhatsApp,Engineer,2497080,Single
CUS000462,Ananya,Reddy,male,63,ananya.reddy462@gmail.com,98 31966546,C033,Premium,19-11-2024,Phone,Engineer,2795236,Married
CUS000463,Priya,Sharma,MALE,47,priya.sharma463@gmail.com,9240713973,C077,Premium,02-02-2024,WhatsApp,Engineer,1585580,Married
CUS000464,Priya,Singh,FEMALE,48,priya.singh464@gmail.com,9924411030,C018,Returning,04-01-2024,Email,Teacher,680011,Married
CUS000465,Priya,Iyer,Male,29,priya.iyer465@gmail.com,9974379481,C144,Premium,03-05-2024,Phone,Teacher,560971,Married
CUS000466,Sneha,Iyer,MALE,39,sneha.iyer466@gmail.com,9608684793,C214,New,04-01-2024,Email,Doctor,2246653,Married
CUS000467,Aarav,Reddy,MALE,63,aarav.reddy467@gmail.com,9564367320,C125,premium,19-02-2024,Phone,Teacher,1245676,married
CUS000468,Aarav,Patel,FEMALE,44,aarav.patel468@gmail.com,9578537482,C250,New,20-09-2024,Phone,Engineer,2935344,married
CUS000469,Priya,Nair,MALE,62,priya.nair469@gmail.com,9723247195,C145,Premium,12-09-2024,WhatsApp,Teacher,2960362,Single
CUS000470,Vikram,Sharma,Female,38,vikram.sharma470@gmail.com,9672106505,C030,New,08-07-2024,Phone,Business,1922266,married
CUS000471,Priya,Nair,Female,45,priya.nair471@gmail.com,9288561320,C172,New,24-12-2024,Email,Engineer,2792553,Married
CUS000472,Rahul,Sharma,Male,59,rahul.sharma472@gmail.com,9105827797,C167,New,28-12-2024,Email,Doctor,2097213,Single
CUS000473,Rahul,Patel,FEMALE,23,rahul.patel473@gmail.com,9474848974,C150,premium,21-04-2024,Email,Teacher,1501850,married
CUS000474,Rahul,Patel,Male,34,rahul.patel474@gmail.com,9681734689,C085,Returning,11-05-2024,WhatsApp,Engineer,2778234,Married
CUS000475,Ananya,Singh,Female,55,ananya.singh475@gmail.com,9959535672,C113,Premium,08-08-2024,Email,Business,2105570,Single
CUS000476,Aarav,Sharma,MALE,35,aarav.sharma476@gmail.com,9861297843,C141,New,08-04-2024,Phone,Doctor,2929240,Single
CUS000477,Sneha,Nair,Female,61,sneha.nair477@gmail.com,9568873892,C155,Returning,15-01-2024,Phone,Teacher,1691314,Married
CUS000478,Ananya,Nair,Female,42,ananya.nair478@gmail.com,9678618927,C033,premium,12-09-2024,WhatsApp,Doctor,1076832,Married
CUS000479,Vikram,Patel,male,27,vikram.patel479@gmail.com,9395342723,C216,Returning,27-08-2024,Email,Business,2513173,married
CUS000480,Sneha,Singh,MALE,38,,9907866981,C237,New,03-02-2024,WhatsApp,,1060949,Single
CUS000481,Sneha,Nair,Female,54,sneha.nair481@gmail.com,9746853502,C130,New,28-06-2024,Phone,Engineer,2964447,Married
CUS000482,Priya,Iyer,FEMALE,28,priya.iyer482@gmail.com,9879737227,C136,premium,13-12-2024,Phone,Engineer,697264,married
CUS000483,Sneha,Reddy,Female,59,sneha.reddy483@gmail.com,9286173278,C001,premium,15-09-2024,WhatsApp,Doctor,465938,married
CUS000484,Sneha,Nair,Male,42,sneha.nair484@gmail.com,9744721988,C094,Returning,18-11-2024,WhatsApp,Doctor,2325178,Single
CUS000485,Ananya,Nair,Male,28,ananya.nair485@gmail.com,9405769474,C205,premium,02-10-2024,Email,Engineer,1516259,Married
CUS000486,Rahul,Sharma,MALE,45,rahul.sharma486@gmail.com,9491023864,C082,Returning,09-09-2024,Email,Business,1625009,Married
CUS000487,Ananya,Nair,male,36,ananya.nair487@gmail.com,9435149708,C167,premium,14-07-2024,Phone,Engineer,2167016,Married
CUS000488,Sneha,Sharma,FEMALE,47,sneha.sharma488@gmail.com,9498743060,C233,Returning,07-01-2024,WhatsApp,Engineer,951973,married
CUS000489,Rahul,Sharma,male,46,rahul.sharma489@gmail.com,9187804525,C034,New,27-06-2024,WhatsApp,Doctor,804707,married
CUS000490, Ananya,Singh,MALE,25,ananya.singh490@gmail.com,9578774014,C141,premium,16-06-2024,Email,Doctor,892956,Single
CUS000491,Ananya,Patel,FEMALE,42,ananya.patel491@gmail.com,9614381529,C094,Returning,27-04-2024,Email,Engineer,2281626,married
CUS000492,Sneha,Sharma,Female,28,sneha.sharma492@gmail.com,9805557882,C112,premium,19-05-2024,Email,Doctor,1114283,Married
CUS000493,Rahul,Nair,MALE,57,rahul.nair493@gmail.com,9663055027,C057,premium,14-04-2024,Email,Doctor,2801212,married
CUS000494,Ananya,Iyer,MALE,61,ananya.iyer494@gmail.com,9169992892,C088,premium,01-04-2024,WhatsApp,Engineer,2084706,Married
CUS000495,Ananya,Reddy,male,52,ananya.reddy495@gmail.com,,C196,Premium,07-04-2024,Phone,Business,2172193,married
CUS000496,Vikram,Sharma,Male,33,vikram.sharma496@gmail.com,9922995316,C241,Returning,12-11-2024,Phone,Doctor,1311113,Single
CUS000497,Ananya,Singh,Female,22,ananya.singh497@gmail.com,9882743002,C110,New,06-07-2024,Phone,Teacher,844541,Married
CUS000498,Priya,Sharma,FEMALE,33,priya.sharma498@gmail.com,9388397597,C163,Premium,10-06-2024,Email,Teacher,1872694,Single
CUS000499,Ananya,Singh,FEMALE,54,ananya.singh499@gmail.com,9632582265,C193,New,12-01-2024,WhatsApp,Business,2665712,Married
CUS000500,Priya,Nair,FEMALE,64,priya.nair500@gmail.com,9208450978,C139,Premium,09-04-2024,Email,Doctor,1198168,Single
CUS000501,Vikram,Patel,Female,28,vikram.patel501@gmail.com,9294511954,C188,New,16-02-2024,Phone,Teacher,679358,Single
CUS000502,Priya,Iyer,Female,46,priya.iyer502@gmail.com,9338486348,C218,Returning,08-12-2024,Phone,Engineer,1706153,Married
CUS000503,Ananya,Patel,Male,64,ananya.patel503@gmail.com,9962918482,C005,New,16-04-2024,Email,Doctor,1231740,Single
CUS000504,Priya,Singh,Male,45,priya.singh504@gmail.com,9519045127,C230,premium,28-05-2024,Email,Teacher,906035,Single
CUS000505,Aarav,Patel,Female,52,aarav.patel505@gmail.com,9121082703,C193,Returning,08-09-2024,Email,Business,2681952,Single
CUS000506,Aarav,Iyer,Male,23,aarav.iyer506@gmail.com,9868475999,C051,premium,11-08-2024,Email,Business,1300149,Single
CUS000507,Ananya,Iyer,MALE,55,ananya.iyer507@gmail.com,9356165110,C026,premium,09-07-2024,Phone,Doctor,2075399,Single
CUS000508,Vikram,Iyer,Female,47,vikram.iyer508@gmail.com,9189386134,C078,New,09-06-2024,WhatsApp,Doctor,2003159,married
CUS000509,Rahul,Singh,Male,56,rahul.singh509@gmail.com,9164360918,C013,Returning,21-05-2024,Phone,Business,2149044,Single
CUS000510,Vikram,Iyer,Male,64,vikram.iyer510@gmail.com,9459192324,C250,New,16-05-2024,Email,Doctor,730729,Single
CUS000511,Vikram,Nair,FEMALE,30,vikram.nair511@gmail.com,9280361376,C188,Returning,03-06-2024,Phone,Engineer,1304242,married
CUS000512,Vikram,Sharma,FEMALE,63,vikram.sharma512@gmail.com,9842643401,C197,New,05-11-2024,WhatsApp,Teacher,2354351,Single
CUS000513,Priya,Reddy,FEMALE,48,priya.reddy513@gmail.com,9340655788,C007,premium,01-12-2024,WhatsApp,Teacher,2461432,Single
CUS000514,Priya,Singh,Female,60,priya.singh514@gmail.com,9978286633,C175,Returning,01-08-2024,Email,Doctor,2310586,Single
CUS000515,Vikram,Patel,FEMALE,49,vikram.patel515@gmail.com,9434614612,C060,Returning,09-01-2024,WhatsApp,Teacher,2451157,married
CUS000516,Aarav,Patel,Female,29,aarav.patel516@gmail.com,9950128539,C117,New,10-04-2024,Phone,Teacher,949994,Single
CUS000517,Sneha,Reddy,MALE,26,sneha.reddy517@gmail.com,9725145569,C234,Premium,20-12-2024,Phone,Business,1254100,Married
CUS000518,Vikram,Reddy,Female,59,vikram.reddy518@gmail.com,9547232357,C033,Premium,09-11-2024,Email,Business,1792937,married
CUS000519,Ananya,Iyer,MALE,41,ananya.iyer519@gmail.com,9886623575,C096,Premium,24-09-2024,WhatsApp,Teacher,2473801,married
CUS000520,Priya,Nair,Female,61,,9995724875,C166,Premium,27-05-2024,Phone,Business,1330247,Married
CUS000521,Rahul,Nair,FEMALE,57,rahul.nair521@gmail.com,9285729164,C099,New,14-11-2024,WhatsApp,Engineer,491961,married
CUS000522,Rahul,Singh,FEMALE,25,rahul.singh522@gmail.com,9304970581,C176,Returning,05-09-2024,WhatsApp,Teacher,2362238,Single
CUS000523,Rahul,Reddy,Male,43,rahul.reddy523@gmail.com,9767173162,C075,premium,18-01-2024,Phone,Business,2795224,married
CUS000524,Priya,Iyer,Male,25,priya.iyer524@gmail.com,9714721614,C152,premium,04-11-2024,WhatsApp,Business,1620180,Single
CUS000525,Ananya,Sharma,MALE,27,ananya.sharma525@gmail.com,9575772434,C066,Returning,13-06-2024,Email,Engineer,462543,Single
CUS000526,Vikram,Sharma,FEMALE,63,vikram.sharma526@gmail.com,9442314820,C154,Premium,06-07-2024,WhatsApp,Engineer,2699706,Single
CUS000527,Aarav,Patel,Male,40,aarav.patel527@gmail.com,9881927983,C084,premium,21-04-2024,WhatsApp,Doctor,741016,married
CUS000528,Vikram,Iyer,MALE,52,vikram.iyer528@gmail.com,98 10299712,C238,New,23-08-2024,Phone,Engineer,828741,married
CUS000529,Vikram,Iyer,Male,45,vikram.iyer529@gmail.com,9621857164,C200,Returning,06-11-2024,Phone,Teacher,852101,married
CUS000530,Priya,Nair,MALE,32,priya.nair530@gmail.com,9941987262,C028,premium,17-05-2024,WhatsApp,Teacher,1418860,Married
CUS000531,Aarav,Nair,FEMALE,42,aarav.nair531@gmail.com,9818122993,C023,New,25-11-2024,WhatsApp,Teacher,2222377,Single
CUS000532,Rahul,Reddy,male,65,rahul.reddy532@gmail.com,9538189514,C215,premium,09-08-2024,Phone,Doctor,2894696,Single
CUS000533,Vikram,Singh,male,30,vikram.singh533@gmail.com,9812979083,C035,Premium,15-02-2024,WhatsApp,Engineer,2952945,Single
CUS000534,Priya,Nair,MALE,38,priya.nair534@gmail.com,9272044236,C133,premium,08-02-2024,Email,Teacher,2049362,Married
CUS000535,Priya,Nair,male,26,priya.nair535@gmail.com,9979839747,C065,Premium,13-02-2024,Phone,Doctor,2598016,married
CUS000536,Ananya,Patel,FEMALE,36,ananya.patel536@gmail.com,9481407036,C014,Premium,16-03-2024,WhatsApp,Business,594260,Married
CUS000537,Ananya,Iyer,Male,40,ananya.iyer537@gmail.com,9398973800,C168,premium,02-03-2024,Email,Engineer,2353105,Single
CUS000538,Ananya,Singh,Male,28,ananya.singh538@gmail.com,9834536287,C061,premium,25-02-2024,Phone,Business,537731,married
CUS000539,Aarav,Nair,FEMALE,37,aarav.nair539@gmail.com,9608169825,C116,Premium,20-12-2024,Phone,Teacher,2987781,Married
CUS000540,Priya,Iyer,Male,39,priya.iyer540@gmail.com,9387566698,C246,Premium,22-03-2024,Phone,,1469901,Single
CUS000541,Vikram,Sharma,MALE,44,vikram.sharma541@gmail.com,9989381837,C045,Premium,25-01-2024,WhatsApp,Business,945529,married
CUS000542,Ananya,Sharma,Male,55,ananya.sharma542@gmail.com,9799986253,C047,Premium,04-02-2024,WhatsApp,Teacher,773009,married
CUS000543,Rahul,Reddy,Female,26,rahul.reddy543@gmail.com,9490332455,C064,Premium,17-01-2024,Phone,Business,2530322,married
CUS000544,Ananya,Nair,MALE,24,ananya.nair544@gmail.com,9102341956,C145,Premium,28-07-2024,Email,Teacher,464155,Married
CUS000545,Sneha,Iyer,male,63,sneha.iyer545@gmail.com,9311003243,C075,New,03-01-2024,Email,Doctor,1649927,Married
CUS000546,Aarav,Nair,Female,37,aarav.nair546@gmail.com,9645721481,C160,Premium,26-04-2024,Email,Teacher,1348392,Single
CUS000547,Rahul,Sharma,Female,52,rahul.sharma547@gmail.com,9117729982,C167,premium,23-06-2024,Phone,Business,2851841,Married
CUS000548,Rahul,Reddy,MALE,62,rahul.reddy548@gmail.com,9776586818,C186,premium,05-11-2024,Email,Teacher,2216863,Single
CUS000549,Sneha,Patel,male,46,sneha.patel549@gmail.com,9892872574,C105,Returning,06-08-2024,Phone,Doctor,2018659,married
CUS000550,Sneha,Sharma,Male,45,sneha.sharma550@gmail.com,,C006,New,01-07-2024,Phone,Teacher,2775718,Single
CUS000551,Ananya,Reddy,Male,42,ananya.reddy551@gmail.com,9245985925,C161,premium,02-11-2024,Email,Doctor,2767628,Single
CUS000552,Ananya,Patel,MALE,23,ananya.patel552@gmail.com,9842527540,C202,premium,02-06-2024,WhatsApp,Engineer,843276,Single
CUS000553,Vikram,Singh,Male,37,vikram.singh553@gmail.com,9920514023,C115,premium,20-01-2024,Email,Teacher,2555999,married
CUS000554,Sneha,Nair,FEMALE,36,sneha.nair554@gmail.com,9320082070,C111,Returning,19-12-2024,WhatsApp,Teacher,2576115,married
CUS000555,Aarav,Sharma,male,51,aarav.sharma555@gmail.com,9506271650,C153,Premium,04-01-2024,WhatsApp,Business,1558054,Single
CUS000556,Ananya,Sharma,MALE,23,ananya.sharma556@gmail.com,9802374520,C131,Returning,13-05-2024,Email,Doctor,375237,Single
CUS000557,Priya,Reddy,male,40,priya.reddy557@gmail.com,9420191239,C056,Returning,04-11-2024,Email,Teacher,2334679,Single
CUS000558,Rahul,Singh,male,50,rahul.singh558@gmail.com,9576265256,C078,Premium,21-04-2024,Phone,Teacher,1091163,married
CUS000559,Priya,Patel,FEMALE,27,priya.patel559@gmail.com,9442624284,C069,Returning,19-11-2024,WhatsApp,Business,535752,married
CUS000560, Priya,Patel,MALE,29,,9967762029,C079,Premium,09-07-2024,WhatsApp,Business,1177234,Married
CUS000561,Rahul,Nair,FEMALE,58,rahul.nair561@gmail.com,98 58773710,C044,Returning,05-03-2024,Phone,Doctor,429961,married
CUS000562,Sneha,Sharma,male,53,sneha.sharma562@gmail.com,9138756436,C183,premium,09-07-2024,WhatsApp,Engineer,344471,Married
CUS000563,Ananya,Singh,male,23,ananya.singh563@gmail.com,9117287440,C005,Returning,13-03-2024,Phone,Doctor,1938729,Single
CUS000564,Priya,Patel,Female,47,priya.patel564@gmail.com,9435784605,C208,Premium,13-12-2024,WhatsApp,Business,934514,married
CUS000565,Vikram,Reddy,male,65,vikram.reddy565@gmail.com,9730002013,C169,premium,08-03-2024,Phone,Teacher,1457129,married
CUS000566,Vikram,Sharma,FEMALE,53,vikram.sharma566@gmail.com,9339968294,C209,premium,26-03-2024,Email,Engineer,2294192,Single
CUS000567,Aarav,Patel,Female,23,aarav.patel567@gmail.com,9673306119,C225,New,04-08-2024,Phone,Business,1591527,Single
CUS000568,Aarav,Patel,male,59,aarav.patel568@gmail.com,9356014735,C180,Returning,04-11-2024,Email,Doctor,1660065,Married
CUS000569,Rahul,Nair,MALE,28,rahul.nair569@gmail.com,9384130701,C182,New,26-07-2024,Phone,Engineer,2641212,married
CUS000570,Sneha,Singh,male,47,sneha.singh570@gmail.com,9687756040,C073,Premium,01-10-2024,WhatsApp,Engineer,1319839,married
CUS000571,Rahul,Reddy,MALE,54,rahul.reddy571@gmail.com,9821031449,C071,Premium,15-12-2024,Email,Teacher,2262998,Married
CUS000572,Sneha,Iyer,male,64,sneha.iyer572@gmail.com,9153179708,C212,Premium,01-02-2024,Phone,Doctor,909110,Married
CUS000573,Vikram,Sharma,FEMALE,60,vikram.sharma573@gmail.com,9292147363,C081,Returning,09-08-2024,WhatsApp,Doctor,2190168,Married
CUS000574,Vikram,Singh,MALE,51,vikram.singh574@gmail.com,9765118431,C035,New,14-06-2024,Email,Engineer,2719547,married
CUS000575,Sneha,Iyer,male,46,sneha.iyer575@gmail.com,9209929908,C148,New,16-03-2024,Phone,Engineer,1761716,Married
CUS000576,Ananya,Iyer,MALE,48,ananya.iyer576@gmail.com,9626101307,C155,Premium,09-05-2024,Email,Doctor,1616802,Married
CUS000577,Rahul,Singh,Female,29,rahul.singh577@gmail.com,9513052821,C216,Premium,04-04-2024,WhatsApp,Doctor,1024397,Single
CUS000578,Sneha,Iyer,Male,35,sneha.iyer578@gmail.com,9294130551,C208,Returning,19-05-2024,Phone,Business,2967641,Single
CUS000579,Vikram,Nair,MALE,41,vikram.nair579@gmail.com,9684280170,C157,New,25-11-2024,Phone,Engineer,2456920,Married
CUS000580,Ananya,Singh,FEMALE,48,ananya.singh580@gmail.com,9583433443,C163,Returning,21-07-2024,Email,Doctor,2150329,Married
CUS000581,Ananya,Nair,FEMALE,29,ananya.nair581@gmail.com,9328131281,C110,premium,02-04-2024,WhatsApp,Engineer,496873,Married
CUS000582,Ananya,Iyer,Female,23,ananya.iyer582@gmail.com,9567535143,C158,premium,21-10-2024,Email,Business,437507,Married
CUS000583,Rahul,Nair,Female,54,rahul.nair583@gmail.com,9297551756,C189,New,04-02-2024,WhatsApp,Business,2617473,Single
CUS000584,Aarav,Patel,Female,43,aarav.patel584@gmail.com,9139522571,C250,premium,22-08-2024,Phone,Engineer,473759,married
CUS000585,Vikram,Singh,Female,36,vikram.singh585@gmail.com,9516955301,C070,Returning,26-03-2024,Phone,Business,1001042,Married
CUS000586,Rahul,Singh,Female,58,rahul.singh586@gmail.com,9568491062,C051,Premium,03-07-2024,Phone,Engineer,1234201,Single
CUS000587,Vikram,Patel,MALE,47,vikram.patel587@gmail.com,9539151687,C225,New,19-07-2024,WhatsApp,Business,1437476,Single
CUS000588,Rahul,Iyer,Male,36,rahul.iyer588@gmail.com,9146180625,C102,premium,09-09-2024,WhatsApp,Business,2666069,married
CUS000589,Sneha,Singh,male,29,sneha.singh589@gmail.com,9833453751,C172,Returning,27-03-2024,WhatsApp,Business,2573331,Single
CUS000590,Ananya,Reddy,male,26,ananya.reddy590@gmail.com,9173426767,C125,New,21-11-2024,Email,Engineer,2183012,Single
CUS000591,Aarav,Patel,Male,53,aarav.patel591@gmail.com,9704511912,C241,Returning,20-02-2024,Email,Business,2135525,married
CUS000592,Rahul,Patel,MALE,25,rahul.patel592@gmail.com,9216628048,C228,New,10-06-2024,WhatsApp,Doctor,2518502,Married
CUS000593,Priya,Iyer,Female,44,priya.iyer593@gmail.com,9434404366,C243,New,12-01-2024,Phone,Teacher,421996,married
CUS000594,Vikram,Iyer,male,25,vikram.iyer594@gmail.com,98 40994890,C093,Returning,08-08-2024,Email,Business,1765459,Single
CUS000595,Sneha,Reddy,FEMALE,63,sneha.reddy595@gmail.com,9259437569,C093,premium,23-07-2024,Phone,Teacher,2062821,married
CUS000596,Vikram,Reddy,MALE,22,vikram.reddy596@gmail.com,9319812284,C132,New,27-09-2024,Email,Teacher,1540136,married
CUS000597,Priya,Patel,MALE,56,priya.patel597@gmail.com,9901112679,C108,Premium,26-09-2024,WhatsApp,Doctor,1328499,Married
CUS000598,Aarav,Sharma,FEMALE,59,aarav.sharma598@gmail.com,9461628546,C079,Premium,25-02-2024,WhatsApp,Business,846613,Married
CUS000599,Ananya,Reddy,Male,65,ananya.reddy599@gmail.com,9737323867,C095,Returning,23-05-2024,Email,Doctor,2528707,married
CUS000600,Vikram,Nair,MALE,46,,9803022187,C243,premium,13-07-2024,WhatsApp,,2590155,Single
CUS000601,Priya,Sharma,male,28,priya.sharma601@gmail.com,9111216561,C212,New,07-11-2024,Phone,Doctor,2323914,married
CUS000602,Rahul,Iyer,Female,25,rahul.iyer602@gmail.com,9994164484,C075,premium,11-09-2024,Phone,Business,1445586,Married
CUS000603,Sneha,Reddy,FEMALE,60,sneha.reddy603@gmail.com,9422484547,C046,Premium,28-07-2024,Email,Doctor,2937629,Married
CUS000604,Vikram,Sharma,FEMALE,44,vikram.sharma604@gmail.com,9121274638,C075,premium,02-02-2024,WhatsApp,Doctor,322654,married
CUS000605,Rahul,Reddy,Female,37,rahul.reddy605@gmail.com,,C197,Returning,11-12-2024,WhatsApp,Engineer,1979688,Single
CUS000606,Aarav,Iyer,Female,26,aarav.iyer606@gmail.com,9224697329,C111,Premium,02-10-2024,WhatsApp,Doctor,1696771,Single
CUS000607,Sneha,Patel,Female,48,sneha.patel607@gmail.com,9902703109,C178,premium,22-07-2024,Email,Teacher,646604,married
CUS000608,Vikram,Sharma,MALE,22,vikram.sharma608@gmail.com,9908596711,C211,New,24-12-2024,Email,Engineer,968998,Single
CUS000609,Vikram,Sharma,Female,27,vikram.sharma609@gmail.com,9650109143,C143,New,18-01-2024,Phone,Doctor,429775,married
CUS000610,Sneha,Sharma,MALE,60,sneha.sharma610@gmail.com,9109556975,C064,Premium,24-05-2024,WhatsApp,Teacher,1278561,married
CUS000611,Ananya,Singh,Female,59,ananya.singh611@gmail.com,9318042696,C043,Premium,13-07-2024,Email,Engineer,401245,Single
CUS000612,Vikram,Reddy,FEMALE,65,vikram.reddy612@gmail.com,9496064835,C215,Returning,27-07-2024,Email,Business,996979,married
CUS000613,Rahul,Sharma,male,52,rahul.sharma613@gmail.com,9234466274,C180,New,22-07-2024,WhatsApp,Teacher,881313,Married
CUS000614,Aarav,Reddy,Male,36,aarav.reddy614@gmail.com,9211539159,C140,Premium,01-04-2024,Phone,Engineer,722833,Married
CUS000615,Aarav,Iyer,MALE,28,aarav.iyer615@gmail.com,9152204339,C002,premium,26-12-2024,Phone,Doctor,1014946,married
CUS000616,Vikram,Sharma,Male,35,vikram.sharma616@gmail.com,9167969140,C216,New,20-11-2024,Email,Doctor,433487,married
CUS000617,Aarav,Nair,male,26,aarav.nair617@gmail.com,9918606297,C127,Returning,21-04-2024,Phone,Engineer,1351163,Single
CUS000618,Sneha,Sharma,Male,52,sneha.sharma618@gmail.com,9414038845,C103,Premium,19-10-2024,Phone,Teacher,1584976,Married
CUS000619,Priya,Singh,Female,41,priya.singh619@gmail.com,9416535949,C068,premium,07-07-2024,Phone,Engineer,2533432,Single
CUS000620,Priya,Reddy,Female,55,priya.reddy620@gmail.com,9389331906,C086,premium,21-03-2024,Email,Business,2358368,married
CUS000621,Sneha,Nair,male,57,sneha.nair621@gmail.com,9829052556,C240,premium,27-08-2024,WhatsApp,Engineer,2335054,Married
CUS000622,Priya,Singh,MALE,38,priya.singh622@gmail.com,9295771396,C010,Premium,07-09-2024,Email,Teacher,1848049,Single
CUS000623,Rahul,Patel,FEMALE,37,rahul.patel623@gmail.com,9391234403,C145,New,09-04-2024,Email,Doctor,1884347,Single
CUS000624,Aarav,Reddy,Male,26,aarav.reddy624@gmail.com,9679335350,C001,New,22-07-2024,Email,Teacher,370306,Single
CUS000625,Ananya,Iyer,Male,33,ananya.iyer625@gmail.com,9802065560,C122,premium,19-05-2024,WhatsApp,Doctor,2136111,Single
CUS000626,Rahul,Singh,Female,55,rahul.singh626@gmail.com,9108023448,C206,New,26-02-2024,Phone,Doctor,1690788,married
CUS000627,Sneha,Sharma,Male,47,sneha.sharma627@gmail.com,98 87536115,C237,premium,16-04-2024,Phone,Business,2250295,Single
CUS000628,Rahul,Iyer,FEMALE,52,rahul.iyer628@gmail.com,9742268447,C084,New,05-09-2024,Phone,Teacher,1562918,Married
CUS000629,Vikram,Sharma,MALE,58,vikram.sharma629@gmail.com,9270548039,C110,New,10-07-2024,Email,Engineer,2024360,Single
CUS000630, Sneha,Patel,Male,50,sneha.patel630@gmail.com,9943618126,C235,Returning,23-01-2024,WhatsApp,Teacher,1065789,Single
CUS000631,Ananya,Singh,male,27,ananya.singh631@gmail.com,9374031132,C089,Returning,08-08-2024,WhatsApp,Engineer,1051160,Married
CUS000632,Aarav,Sharma,Male,63,aarav.sharma632@gmail.com,9212194365,C053,premium,17-01-2024,WhatsApp,Doctor,1939636,Single
CUS000633,Aarav,Sharma,Male,44,aarav.sharma633@gmail.com,9822586106,C202,New,13-06-2024,Email,Teacher,407987,Married
CUS000634,Vikram,Reddy,Male,56,vikram.reddy634@gmail.com,9577432634,C042,premium,05-11-2024,Phone,Engineer,1886563,married
CUS000635,Rahul,Sharma,Male,47,rahul.sharma635@gmail.com,9391203088,C014,Returning,08-11-2024,Phone,Engineer,1732933,Married
CUS000636,Priya,Sharma,FEMALE,65,priya.sharma636@gmail.com,9534136327,C034,Returning,01-11-2024,Phone,Engineer,1828416,Single
CUS000637,Priya,Sharma,Female,53,priya.sharma637@gmail.com,9761951346,C162,New,23-05-2024,Phone,Teacher,1706784,married
CUS000638,Aarav,Singh,FEMALE,55,aarav.singh638@gmail.com,9342551182,C095,New,17-12-2024,WhatsApp,Teacher,2658511,married
CUS000639,Ananya,Nair,Male,28,ananya.nair639@gmail.com,9969933419,C055,Premium,06-02-2024,Phone,Engineer,2994126,Married
CUS000640,Vikram,Patel,male,42,,9468552275,C025,New,16-11-2024,WhatsApp,Engineer,1246953,married
CUS000641,Rahul,Sharma,MALE,23,rahul.sharma641@gmail.com,9510537604,C201,Returning,26-06-2024,Email,Engineer,736103,married
CUS000642,Rahul,Singh,MALE,40,rahul.singh642@gmail.com,9520367281,C013,New,04-02-2024,WhatsApp,Engineer,2132671,Married
CUS000643,Vikram,Nair,MALE,46,vikram.nair643@gmail.com,9716589629,C158,premium,25-06-2024,Phone,Doctor,1205248,Married
CUS000644,Rahul,Patel,FEMALE,31,rahul.patel644@gmail.com,9299232014,C225,Premium,10-02-2024,Email,Engineer,2579033,Married
CUS000645,Rahul,Iyer,male,40,rahul.iyer645@gmail.com,9914576071,C111,Premium,14-06-2024,Email,Doctor,528430,Single
CUS000646,Priya,Iyer,MALE,58,priya.iyer646@gmail.com,9650117326,C071,premium,07-10-2024,WhatsApp,Engineer,2859431,married
CUS000647,Ananya,Nair,MALE,42,ananya.nair647@gmail.com,9549396568,C084,Returning,11-03-2024,Email,Engineer,1286443,married
CUS000648,Vikram,Singh,MALE,60,vikram.singh648@gmail.com,9740621750,C197,Returning,16-05-2024,Phone,Business,1915898,Married
CUS000649,Ananya,Patel,Male,65,ananya.patel649@gmail.com,9648477173,C192,Premium,03-10-2024,WhatsApp,Business,2034446,Married
CUS000650,Rahul,Singh,FEMALE,49,rahul.singh650@gmail.com,9493727728,C001,premium,28-12-2024,Email,Doctor,2195261,Single
CUS000651,Ananya,Singh,male,40,ananya.singh651@gmail.com,9493677860,C120,premium,03-03-2024,Phone,Teacher,2311543,Single
CUS000652,Sneha,Nair,Male,53,sneha.nair652@gmail.com,9687093774,C193,premium,28-08-2024,Phone,Teacher,2615463,Married
CUS000653,Rahul,Singh,Male,40,rahul.singh653@gmail.com,9396678970,C189,Returning,15-11-2024,Phone,Doctor,2352332,Single
CUS000654,Rahul,Reddy,MALE,44,rahul.reddy654@gmail.com,9746332705,C225,New,23-09-2024,WhatsApp,Engineer,2355637,married
CUS000655,Sneha,Sharma,FEMALE,29,sneha.sharma655@gmail.com,9890457977,C041,Returning,14-03-2024,Phone,Doctor,632192,Married
CUS000656,Sneha,Patel,male,27,sneha.patel656@gmail.com,9930996260,C112,Returning,05-10-2024,Phone,Business,1585141,Single
CUS000657,Ananya,Patel,MALE,48,ananya.patel657@gmail.com,9367950331,C110,Returning,18-12-2024,Phone,Business,551531,Single
CUS000658,Ananya,Iyer,MALE,47,ananya.iyer658@gmail.com,9842310639,C044,Premium,07-07-2024,Phone,Doctor,2111684,Married
CUS000659,Aarav,Patel,MALE,62,aarav.patel659@gmail.com,9684779421,C116,Premium,22-03-2024,WhatsApp,Business,626824,Married
CUS000660,Vikram,Reddy,FEMALE,49,vikram.reddy660@gmail.com,,C069,Returning,04-05-2024,Phone,,2270562,Single
CUS000661,Priya,Iyer,male,57,priya.iyer661@gmail.com,9501929605,C236,Returning,02-11-2024,Email,Teacher,1798648,married
CUS000662,Sneha,Sharma,FEMALE,43,sneha.sharma662@gmail.com,9113388997,C039,New,09-03-2024,Email,Engineer,1047302,married
CUS000663,Priya,Singh,MALE,24,priya.singh663@gmail.com,9572324462,C108,Returning,25-04-2024,Email,Doctor,1234529,Married
CUS000664,Priya,Sharma,Female,38,priya.sharma664@gmail.com,9445756640,C002,New,01-04-2024,WhatsApp,Engineer,2129486,married
CUS000665,Aarav,Reddy,male,24,aarav.reddy665@gmail.com,9224910594,C247,New,26-09-2024,Email,Engineer,1097883,Single
CUS000666,Ananya,Reddy,MALE,40,ananya.reddy666@gmail.com,9660850462,C175,New,02-11-2024,WhatsApp,Doctor,987531,Single
CUS000667,Priya,Reddy,MALE,46,priya.reddy667@gmail.com,9516973217,C153,premium,13-03-2024,Phone,Doctor,2418721,married
CUS000668,Priya,Iyer,Male,56,priya.iyer668@gmail.com,9293752689,C105,Premium,10-11-2024,WhatsApp,Business,512471,Married
CUS000669,Ananya,Reddy,Female,47,ananya.reddy669@gmail.com,9389522348,C153,premium,09-03-2024,Phone,Engineer,578887,married
CUS000670,Priya,Nair,FEMALE,44,priya.nair670@gmail.com,9726034585,C055,premium,17-08-2024,Phone,Engineer,408647,Single
CUS000671,Ananya,Reddy,Male,41,ananya.reddy671@gmail.com,9912379307,C102,premium,05-12-2024,Email,Business,1406669,Married
CUS000672,Sneha,Patel,Female,38,sneha.patel672@gmail.com,9157786240,C041,New,25-02-2024,Email,Teacher,2154514,Married
CUS000673,Vikram,Patel,Male,39,vikram.patel673@gmail.com,9371198648,C005,New,21-08-2024,Phone,Business,2350233,Single
CUS000674,Sneha,Iyer,Male,60,sneha.iyer674@gmail.com,9712018304,C021,premium,07-07-2024,WhatsApp,Engineer,1898715,married
CUS000675,Aarav,Sharma,male,49,aarav.sharma675@gmail.com,9721690012,C050,Returning,06-02-2024,WhatsApp,Teacher,1075290,Single
CUS000676,Sneha,Reddy,Female,62,sneha.reddy676@gmail.com,9592195583,C242,premium,07-06-2024,WhatsApp,Doctor,2001861,married
CUS000677,Vikram,Singh,male,44,vikram.singh677@gmail.com,9422161528,C045,New,10-05-2024,Phone,Business,2478504,Married
CUS000678,Aarav,Nair,MALE,31,aarav.nair678@gmail.com,9532455804,C066,New,21-06-2024,Phone,Engineer,1112462,Single
CUS000679,Rahul,Iyer,MALE,41,rahul.iyer679@gmail.com,9840730825,C151,New,04-10-2024,Phone,Business,1510207,Married
CUS000680,Ananya,Sharma,MALE,64,,9851876914,C146,New,05-03-2024,Phone,Business,2888449,Single
CUS000681,Ananya,Patel,male,30,ananya.patel681@gmail.com,9219279496,C131,premium,19-02-2024,WhatsApp,Business,2893761,Married
CUS000682,Aarav,Reddy,Male,27,aarav.reddy682@gmail.com,9780297378,C204,New,03-03-2024,Email,Engineer,512394,Married
CUS000683,Ananya,Reddy,MALE,22,ananya.reddy683@gmail.com,9125332866,C138,Premium,27-03-2024,Phone,Doctor,1792340,Single
CUS000684,Ananya,Singh,male,31,ananya.singh684@gmail.com,9367250782,C167,Returning,23-08-2024,Phone,Business,2142435,married
CUS000685,Aarav,Iyer,male,56,aarav.iyer685@gmail.com,9160881876,C151,Returning,17-11-2024,WhatsApp,Doctor,2982243,Married
CUS000686,Aarav,Iyer,male,52,aarav.iyer686@gmail.com,9907146437,C090,Returning,26-04-2024,Email,Doctor,830198,Single
CUS000687,Priya,Singh,male,59,priya.singh687@gmail.com,9965796962,C091,Premium,17-06-2024,WhatsApp,Doctor,1692687,Single
CUS000688,Rahul,Reddy,Female,23,rahul.reddy688@gmail.com,9152367738,C094,Premium,20-01-2024,Phone,Business,802718,Single
CUS000689,Sneha,Iyer,male,60,sneha.iyer689@gmail.com,9142978376,C246,Returning,28-04-2024,WhatsApp,Teacher,683777,Single
CUS000690,Rahul,Reddy,FEMALE,51,rahul.reddy690@gmail.com,9297352486,C245,Returning,23-01-2024,Email,Doctor,1891272,Single
CUS000691,Rahul,Nair,male,39,rahul.nair691@gmail.com,9125029603,C029,premium,02-12-2024,Email,Engineer,1685997,Married
CUS000692,Ananya,Sharma,male,29,ananya.sharma692@gmail.com,9697983777,C017,Premium,16-09-2024,Email,Business,2559294,Married
CUS000693,Priya,Iyer,male,23,priya.iyer693@gmail.com,98 87322806,C067,New,13-08-2024,Email,Engineer,743623,Single
CUS000694,Aarav,Iyer,MALE,35,aarav.iyer694@gmail.com,9473020922,C144,Returning,13-12-2024,Email,Doctor,2767601,Single
CUS000695,Ananya,Singh,Female,45,ananya.singh695@gmail.com,9233891908,C187,Returning,12-12-2024,Phone,Engineer,1025130,Single
CUS000696,Aarav,Reddy,male,59,aarav.reddy696@gmail.com,9716179859,C001,premium,26-04-2024,Phone,Doctor,1562053,Married
CUS000697,Priya,Reddy,male,53,priya.reddy697@gmail.com,9627979120,C200,Returning,06-12-2024,WhatsApp,Doctor,1984446,Single
CUS000698,Sneha,Singh,Male,54,sneha.singh698@gmail.com,9481612899,C111,Returning,22-05-2024,Phone,Teacher,563345,Single
CUS000699,Priya,Reddy,FEMALE,40,priya.reddy699@gmail.com,9784557945,C150,Premium,09-09-2024,Email,Business,663385,Single
CUS000700, Vikram,Nair,Male,27,vikram.nair700@gmail.com,9790507525,C094,Premium,09-03-2024,WhatsApp,Teacher,1175723,Single
CUS000701,Rahul,Nair,MALE,47,rahul.nair701@gmail.com,9645947027,C044,New,15-07-2024,Email,Doctor,1527590,Married
CUS000702,Aarav,Nair,male,33,aarav.nair702@gmail.com,9816059821,C222,New,15-10-2024,Phone,Doctor,1058973,married
CUS000703,Priya,Patel,male,23,priya.patel703@gmail.com,9362007641,C177,New,11-10-2024,Phone,Doctor,1590946,Single
CUS000704,Vikram,Patel,male,44,vikram.patel704@gmail.com,9817566540,C150,Returning,13-11-2024,WhatsApp,Business,1080106,married
CUS000705,Vikram,Sharma,male,55,vikram.sharma705@gmail.com,9359850869,C203,Premium,26-07-2024,WhatsApp,Engineer,1095175,married
CUS000706,Sneha,Nair,Female,25,sneha.nair706@gmail.com,9476762671,C132,premium,11-05-2024,WhatsApp,Doctor,1426849,Single
CUS000707,Priya,Iyer,Male,45,priya.iyer707@gmail.com,9938653897,C165,premium,23-11-2024,Phone,Engineer,344404,married
CUS000708,Sneha,Nair,MALE,51,sneha.nair708@gmail.com,9144973263,C102,New,07-06-2024,WhatsApp,Doctor,2850891,Single
CUS000709,Aarav,Reddy,male,36,aarav.reddy709@gmail.com,9812559969,C152,Returning,02-09-2024,WhatsApp,Business,2402367,Single
CUS000710,Priya,Nair,Male,23,priya.nair710@gmail.com,9350401536,C098,Premium,09-05-2024,Email,Teacher,471210,Single
CUS000711,Aarav,Patel,Female,27,aarav.patel711@gmail.com,9758602439,C189,Returning,26-07-2024,Email,Business,2025588,Married
CUS000712,Priya,Reddy,male,39,priya.reddy712@gmail.com,9413167563,C085,New,02-01-2024,Phone,Teacher,831818,married
CUS000713,Vikram,Reddy,male,29,vikram.reddy713@gmail.com,9764692731,C093,New,13-09-2024,Phone,Doctor,2733374,Single
CUS000714,Priya,Singh,MALE,32,priya.singh714@gmail.com,9538141786,C199,New,18-04-2024,WhatsApp,Doctor,1964454,married
CUS000715,Aarav,Singh,Male,47,aarav.singh715@gmail.com,,C120,New,06-10-2024,Phone,Teacher,468167,married
CUS000716,Sneha,Patel,FEMALE,28,sneha.patel716@gmail.com,9642942671,C009,Premium,15-12-2024,Email,Engineer,2318792,Married
CUS000717,Aarav,Singh,FEMALE,23,aarav.singh717@gmail.com,9847556584,C085,Premium,18-10-2024,WhatsApp,Engineer,2412833,Married
CUS000718,Aarav,Iyer,Female,25,aarav.iyer718@gmail.com,9216299635,C004,Premium,06-11-2024,WhatsApp,Doctor,1187446,Married
CUS000719,Ananya,Patel,Male,63,ananya.patel719@gmail.com,9980944272,C104,New,01-10-2024,Email,Teacher,1420551,Single
CUS000720,Ananya,Sharma,Male,51,,9219936314,C108,New,02-07-2024,WhatsApp,,1942626,married
CUS000721,Vikram,Sharma,MALE,48,vikram.sharma721@gmail.com,9753556213,C007,New,09-04-2024,WhatsApp,Teacher,2755462,married
CUS000722,Sneha,Patel,male,45,sneha.patel722@gmail.com,9861602221,C230,premium,15-03-2024,WhatsApp,Business,301922,married
CUS000723,Rahul,Reddy,MALE,63,rahul.reddy723@gmail.com,9728210599,C186,Premium,27-04-2024,Phone,Doctor,339020,married
CUS000724,Ananya,Iyer,Male,25,ananya.iyer724@gmail.com,9340972700,C061,premium,05-06-2024,Phone,Business,2282357,Single
CUS000725,Vikram,Singh,MALE,40,vikram.singh725@gmail.com,9809067102,C178,Premium,09-06-2024,Phone,Doctor,855891,Single
CUS000726,Rahul,Patel,Male,33,rahul.patel726@gmail.com,98 59833298,C108,Premium,14-02-2024,Email,Engineer,1043322,Single
CUS000727,Aarav,Sharma,FEMALE,65,aarav.sharma727@gmail.com,9614418029,C098,New,10-06-2024,WhatsApp,Teacher,2503029,Married
CUS000728,Priya,Iyer,MALE,32,priya.iyer728@gmail.com,9975558345,C197,New,15-02-2024,WhatsApp,Business,1483846,married
CUS000729,Ananya,Iyer,MALE,49,ananya.iyer729@gmail.com,9452622809,C154,Returning,19-07-2024,Phone,Business,2701015,married
CUS000730,Rahul,Reddy,Female,35,rahul.reddy730@gmail.com,9570155430,C084,Returning,24-07-2024,Phone,Business,1163322,Single
CUS000731,Sneha,Singh,FEMALE,60,sneha.singh731@gmail.com,9490760650,C125,premium,11-11-2024,WhatsApp,Teacher,2868538,married
CUS000732,Priya,Iyer,FEMALE,37,priya.iyer732@gmail.com,9360633433,C093,Returning,17-07-2024,Phone,Business,716273,Married
CUS000733,Sneha,Iyer,Male,29,sneha.iyer733@gmail.com,9890803235,C228,Premium,17-11-2024,Email,Teacher,2535734,married
CUS000734,Vikram,Singh,Male,24,vikram.singh734@gmail.com,9437522946,C221,New,22-02-2024,WhatsApp,Teacher,1030739,Married
CUS000735,Rahul,Sharma,MALE,27,rahul.sharma735@gmail.com,9371528068,C036,Returning,09-10-2024,Phone,Engineer,2733998,Married
CUS000736,Sneha,Reddy,Female,50,sneha.reddy736@gmail.com,9545983287,C168,New,07-04-2024,Email,Teacher,2290770,married
CUS000737,Aarav,Singh,MALE,65,aarav.singh737@gmail.com,9519131929,C066,premium,02-02-2024,Phone,Teacher,1570641,married
CUS000738,Aarav,Reddy,FEMALE,63,aarav.reddy738@gmail.com,9424748735,C222,New,28-11-2024,Phone,Teacher,1897655,Married
CUS000739,Rahul,Reddy,Male,54,rahul.reddy739@gmail.com,9376596463,C157,premium,08-07-2024,WhatsApp,Engineer,1434301,Single
CUS000740,Sneha,Sharma,MALE,54,sneha.sharma740@gmail.com,9646912474,C188,Returning,25-07-2024,WhatsApp,Doctor,2732697,Married
CUS000741,Ananya,Nair,MALE,63,ananya.nair741@gmail.com,9652117494,C019,Returning,12-03-2024,WhatsApp,Doctor,600494,Single
CUS000742,Rahul,Reddy,male,56,rahul.reddy742@gmail.com,9221562001,C050,New,26-03-2024,Phone,Business,622726,Single
CUS000743,Priya,Reddy,FEMALE,32,priya.reddy743@gmail.com,9183949816,C159,Returning,24-11-2024,Email,Teacher,1688376,Married
CUS000744,Rahul,Nair,FEMALE,55,rahul.nair744@gmail.com,9422066875,C193,Returning,18-10-2024,WhatsApp,Doctor,761490,Single
CUS000745,Sneha,Singh,male,60,sneha.singh745@gmail.com,9846017770,C212,New,06-02-2024,Phone,Engineer,2391079,Married
CUS000746,Vikram,Reddy,Male,38,vikram.reddy746@gmail.com,9291153395,C087,Premium,07-04-2024,WhatsApp,Teacher,1424424,Single
CUS000747,Ananya,Sharma,Male,49,ananya.sharma747@gmail.com,9575625221,C088,Returning,28-08-2024,WhatsApp,Teacher,1265421,married
CUS000748,Aarav,Sharma,Female,65,aarav.sharma748@gmail.com,9818005794,C124,Premium,19-12-2024,Phone,Engineer,2250044,Married
CUS000749,Rahul,Patel,Male,57,rahul.patel749@gmail.com,9833246512,C060,New,08-02-2024,Email,Doctor,2499740,Married
CUS000750,Ananya,Patel,Male,63,ananya.patel750@gmail.com,9111087178,C039,New,09-06-2024,Phone,Engineer,2067811,Married
CUS000751,Vikram,Sharma,FEMALE,26,vikram.sharma751@gmail.com,9904752092,C129,Returning,06-10-2024,Email,Engineer,1632955,Single
CUS000752,Vikram,Iyer,male,56,vikram.iyer752@gmail.com,9904200384,C142,Premium,28-04-2024,Email,Engineer,826989,Married
CUS000753,Vikram,Singh,male,34,vikram.singh753@gmail.com,9794054724,C038,Returning,02-06-2024,Phone,Doctor,1385124,Married
CUS000754,Ananya,Iyer,MALE,23,ananya.iyer754@gmail.com,9870633951,C217,New,06-02-2024,Email,Business,2678642,Married
CUS000755,Vikram,Sharma,FEMALE,46,vikram.sharma755@gmail.com,9848106367,C021,Premium,03-12-2024,WhatsApp,Doctor,1190604,Single
CUS000756,Aarav,Sharma,Male,58,aarav.sharma756@gmail.com,9111401739,C197,New,19-10-2024,WhatsApp,Doctor,2634413,Married
CUS000757,Rahul,Patel,FEMALE,38,rahul.patel757@gmail.com,9700552726,C026,premium,11-04-2024,Phone,Teacher,883039,married
CUS000758,Aarav,Iyer,Male,63,aarav.iyer758@gmail.com,9559683148,C115,Returning,11-06-2024,WhatsApp,Doctor,797903,Married
CUS000759,Ananya,Reddy,Male,60,ananya.reddy759@gmail.com,98 64940701,C063,Premium,20-06-2024,Phone,Teacher,2829780,Married
CUS000760,Sneha,Nair,Female,50,,9332562737,C092,Premium,17-11-2024,Phone,Engineer,822584,Single
CUS000761,Rahul,Reddy,MALE,65,rahul.reddy761@gmail.com,9103962442,C073,Premium,12-09-2024,WhatsApp,Doctor,1683107,married
CUS000762,Ananya,Iyer,male,36,ananya.iyer762@gmail.com,9994758544,C033,Premium,27-07-2024,WhatsApp,Business,2001498,married
CUS000763,Sneha,Reddy,Female,31,sneha.reddy763@gmail.com,9884831158,C049,Premium,27-11-2024,WhatsApp,Doctor,2394579,Single
CUS000764,Rahul,Patel,FEMALE,56,rahul.patel764@gmail.com,9732389643,C074,New,12-09-2024,Phone,Teacher,939907,Single
CUS000765,Rahul,Iyer,Male,47,rahul.iyer765@gmail.com,9694758275,C160,Returning,02-01-2024,WhatsApp,Business,553037,Married
CUS000766,Ananya,Patel,male,25,ananya.patel766@gmail.com,9261397610,C035,Premium,18-09-2024,WhatsApp,Teacher,594980,Single
CUS000767,Vikram,Sharma,MALE,51,vikram.sharma767@gmail.com,9616612234,C028,Premium,19-05-2024,Phone,Doctor,365895,Single
CUS000768,Rahul,Patel,Female,59,rahul.patel768@gmail.com,9104037751,C237,Premium,24-06-2024,Email,Doctor,598626,Married
CUS000769,Aarav,Patel,Male,38,aarav.patel769@gmail.com,9442939792,C155,Returning,04-06-2024,Phone,Teacher,1451852,Married
CUS000770, Ananya,Patel,Female,46,ananya.patel770@gmail.com,,C038,New,07-03-2024,WhatsApp,Engineer,877988,Single
CUS000771,Vikram,Iyer,Female,26,vikram.iyer771@gmail.com,9833344813,C054,Returning,25-05-2024,WhatsApp,Engineer,890620,Single
CUS000772,Vikram,Patel,Female,31,vikram.patel772@gmail.com,9858538520,C138,Returning,01-06-2024,Phone,Business,2086996,Single
CUS000773,Aarav,Patel,Female,52,aarav.patel773@gmail.com,9521199892,C002,premium,25-04-2024,Phone,Business,1330114,married
CUS000774,Aarav,Nair,Female,45,aarav.nair774@gmail.com,9715030547,C121,Premium,24-12-2024,Email,Engineer,300777,Married
CUS000775,Aarav,Iyer,MALE,47,aarav.iyer775@gmail.com,9577865408,C082,Returning,26-04-2024,WhatsApp,Doctor,983094,Married
CUS000776,Aarav,Reddy,Male,48,aarav.reddy776@gmail.com,9314713726,C194,Returning,09-11-2024,Email,Engineer,2814418,Single
CUS000777,Sneha,Iyer,FEMALE,49,sneha.iyer777@gmail.com,9811800698,C003,premium,22-07-2024,Phone,Doctor,2107072,Single
CUS000778,Sneha,Sharma,male,48,sneha.sharma778@gmail.com,9277711584,C033,New,27-08-2024,WhatsApp,Engineer,578766,Single
CUS000779,Vikram,Nair,male,29,vikram.nair779@gmail.com,9882300665,C146,New,05-07-2024,Email,Engineer,1014205,Married
CUS000780,Sneha,Iyer,male,48,sneha.iyer780@gmail.com,9125635448,C050,Premium,14-04-2024,Email,,2171011,Married
CUS000781,Sneha,Patel,FEMALE,28,sneha.patel781@gmail.com,9663420273,C138,New,06-09-2024,WhatsApp,Teacher,2105206,Single
CUS000782,Priya,Reddy,MALE,41,priya.reddy782@gmail.com,9836839693,C235,premium,11-03-2024,WhatsApp,Business,1772827,Single
CUS000783,Sneha,Singh,Male,33,sneha.singh783@gmail.com,9839641133,C063,New,03-05-2024,WhatsApp,Engineer,592078,Married
CUS000784,Rahul,Sharma,MALE,36,rahul.sharma784@gmail.com,9985092559,C022,New,27-08-2024,WhatsApp,Engineer,342216,Single
CUS000785,Aarav,Patel,FEMALE,28,aarav.patel785@gmail.com,9433314826,C066,Returning,28-05-2024,Phone,Doctor,1875949,married
CUS000786,Ananya,Sharma,male,61,ananya.sharma786@gmail.com,9786377924,C036,New,14-10-2024,Email,Teacher,429726,Single
CUS000787,Ananya,Sharma,MALE,36,ananya.sharma787@gmail.com,9186949691,C021,Returning,26-10-2024,Email,Business,784744,Married
CUS000788,Priya,Reddy,MALE,40,priya.reddy788@gmail.com,9286261003,C087,New,11-06-2024,Phone,Teacher,1484757,Single
CUS000789,Vikram,Patel,Female,43,vikram.patel789@gmail.com,9446432447,C070,premium,08-09-2024,Email,Engineer,2653333,Married
CUS000790,Rahul,Nair,MALE,64,rahul.nair790@gmail.com,9162189712,C190,Returning,03-08-2024,WhatsApp,Teacher,932678,married
CUS000791,Ananya,Iyer,Female,59,ananya.iyer791@gmail.com,9426430007,C126,Premium,08-10-2024,Email,Teacher,940312,Single
CUS000792,Rahul,Patel,Female,63,rahul.patel792@gmail.com,98 84307012,C181,Returning,28-09-2024,WhatsApp,Engineer,1376820,Single
CUS000793,Priya,Iyer,Male,42,priya.iyer793@gmail.com,9850583993,C226,Premium,03-03-2024,WhatsApp,Teacher,1600136,Single
CUS000794,Aarav,Nair,Male,28,aarav.nair794@gmail.com,9958160840,C029,Premium,05-12-2024,Phone,Teacher,1007772,Married
CUS000795,Ananya,Reddy,Female,30,ananya.reddy795@gmail.com,9811696594,C247,Premium,28-01-2024,WhatsApp,Business,1820721,Married
CUS000796,Aarav,Patel,male,30,aarav.patel796@gmail.com,9509097539,C166,New,23-04-2024,Email,Engineer,2539784,married
CUS000797,Ananya,Singh,MALE,27,ananya.singh797@gmail.com,9574932660,C143,premium,16-07-2024,Phone,Doctor,792885,married
CUS000798,Rahul,Reddy,FEMALE,57,rahul.reddy798@gmail.com,9463101210,C159,Returning,27-05-2024,WhatsApp,Business,331228,Single
CUS000799,Rahul,Iyer,Male,54,rahul.iyer799@gmail.com,9724329290,C193,Premium,07-08-2024,Phone,Engineer,2122038,Single
CUS000800,Aarav,Patel,MALE,57,,9288810016,C131,Premium,20-12-2024,Email,Business,1555261,Married
CUS000801,Aarav,Nair,male,45,aarav.nair801@gmail.com,9747183038,C002,Returning,16-09-2024,Phone,Doctor,2359880,Married
CUS000802,Rahul,Sharma,Female,24,rahul.sharma802@gmail.com,9324723611,C186,premium,02-01-2024,Email,Business,1252177,married
CUS000803,Sneha,Nair,male,42,sneha.nair803@gmail.com,9769956946,C227,Returning,13-12-2024,WhatsApp,Doctor,2767092,Single
CUS000804,Aarav,Singh,Male,26,aarav.singh804@gmail.com,9918424284,C055,New,15-08-2024,Email,Teacher,2740004,Married
CUS000805,Priya,Nair,Female,52,priya.nair805@gmail.com,9596493788,C027,Returning,23-01-2024,Phone,Doctor,2453322,married
CUS000806,Ananya,Nair,Male,47,ananya.nair806@gmail.com,9797792249,C069,premium,04-05-2024,WhatsApp,Business,871601,Married
CUS000807,Sneha,Singh,Male,38,sneha.singh807@gmail.com,9745060534,C024,New,21-03-2024,Phone,Doctor,2789572,Single
CUS000808,Sneha,Iyer,Male,63,sneha.iyer808@gmail.com,9732426734,C109,Returning,19-03-2024,Phone,Business,1366696,married
CUS000809,Priya,Singh,Female,49,priya.singh809@gmail.com,9163497725,C003,Premium,22-11-2024,WhatsApp,Business,1690743,married
CUS000810,Rahul,Iyer,Female,25,rahul.iyer810@gmail.com,9335086431,C114,Premium,21-04-2024,Phone,Doctor,2396020,married
CUS000811,Aarav,Reddy,male,60,aarav.reddy811@gmail.com,9732681842,C099,Premium,05-04-2024,WhatsApp,Engineer,1824598,married
CUS000812,Aarav,Singh,MALE,47,aarav.singh812@gmail.com,9411669461,C130,premium,19-07-2024,Email,Engineer,490978,Single
CUS000813,Sneha,Singh,Female,34,sneha.singh813@gmail.com,9289458481,C206,Returning,01-09-2024,Email,Teacher,2963224,Single
CUS000814,Priya,Singh,Male,52,priya.singh814@gmail.com,9193682420,C162,Premium,11-04-2024,Email,Teacher,1916292,Married
CUS000815,Sneha,Patel,male,28,sneha.patel815@gmail.com,9159863965,C145,Premium,13-08-2024,WhatsApp,Engineer,1216300,Married
CUS000816,Aarav,Reddy,male,40,aarav.reddy816@gmail.com,9461511763,C052,Returning,27-07-2024,Phone,Teacher,1100051,Married
CUS000817,Ananya,Patel,male,51,ananya.patel817@gmail.com,9659474866,C187,premium,20-09-2024,Phone,Doctor,1537817,Married
CUS000818,Priya,Iyer,FEMALE,28,priya.iyer818@gmail.com,9700770550,C161,New,10-08-2024,WhatsApp,Teacher,617860,married
CUS000819,Priya,Patel,MALE,51,priya.patel819@gmail.com,9118432168,C151,Premium,09-05-2024,Phone,Engineer,1356626,Single
CUS000820,Aarav,Iyer,male,41,aarav.iyer820@gmail.com,9192526527,C030,premium,26-05-2024,Email,Teacher,689109,Single
CUS000821,Sneha,Sharma,Male,27,sneha.sharma821@gmail.com,9220023897,C059,New,13-11-2024,Phone,Business,1762267,married
CUS000822,Vikram,Singh,male,42,vikram.singh822@gmail.com,9826132715,C106,Premium,10-08-2024,Email,Doctor,2590641,Married
CUS000823,Priya,Patel,MALE,23,priya.patel823@gmail.com,9947521271,C219,premium,23-09-2024,Email,Business,2597945,Married
CUS000824,Aarav,Reddy,FEMALE,26,aarav.reddy824@gmail.com,9351510672,C203,Premium,04-04-2024,Email,Teacher,937560,married
CUS000825,Rahul,Iyer,FEMALE,65,rahul.iyer825@gmail.com,,C205,Premium,24-01-2024,WhatsApp,Engineer,2474229,Single
CUS000826,Sneha,Iyer,FEMALE,49,sneha.iyer826@gmail.com,9578292754,C082,Premium,06-07-2024,WhatsApp,Doctor,2339124,Married
CUS000827,Ananya,Singh,Female,39,ananya.singh827@gmail.com,9255934055,C233,New,16-06-2024,Phone,Doctor,927218,Married
CUS000828,Rahul,Nair,male,31,rahul.nair828@gmail.com,9733502148,C105,Premium,12-12-2024,WhatsApp,Business,1044122,Single
CUS000829,Vikram,Nair,MALE,26,vikram.nair829@gmail.com,9210097674,C182,Returning,17-05-2024,Phone,Teacher,1275504,married
CUS000830,Priya,Sharma,FEMALE,26,priya.sharma830@gmail.com,9475009211,C075,premium,16-07-2024,Email,Teacher,1256030,Single
CUS000831,Rahul,Reddy,male,54,rahul.reddy831@gmail.com,9456517468,C108,New,07-01-2024,Phone,Engineer,680507,Single
CUS000832,Priya,Nair,MALE,61,priya.nair832@gmail.com,9795031776,C088,Premium,05-08-2024,Email,Teacher,2281757,Single
CUS000833,Rahul,Iyer,Male,51,rahul.iyer833@gmail.com,9931780746,C125,New,14-04-2024,Email,Business,2730224,Married
CUS000834,Rahul,Reddy,Male,51,rahul.reddy834@gmail.com,9637330542,C232,Premium,26-05-2024,Phone,Business,781687,Single
CUS000835,Ananya,Nair,FEMALE,56,ananya.nair835@gmail.com,9248290585,C116,Returning,04-05-2024,Email,Business,2554915,Married
CUS000836,Vikram,Sharma,Male,46,vikram.sharma836@gmail.com,9898512769,C087,Premium,19-10-2024,Phone,Engineer,2740014,married
CUS000837,Vikram,Singh,Female,39,vikram.singh837@gmail.com,9869982130,C189,Returning,02-02-2024,Phone,Business,1196370,Married
CUS000838,Priya,Patel,MALE,27,priya.patel838@gmail.com,9147028288,C052,Premium,06-06-2024,Email,Business,2480686,Single
CUS000839,Vikram,Singh,Female,40,vikram.singh839@gmail.com,9527364698,C224,premium,21-04-2024,WhatsApp,Doctor,1032213,Single
CUS000840, Rahul,Sharma,FEMALE,29,,9240887353,C203,Returning,10-06-2024,WhatsApp,,306904,Married
CUS000841,Aarav,Iyer,FEMALE,23,aarav.iyer841@gmail.com,9679613116,C227,New,03-09-2024,Email,Teacher,2338928,Married
CUS000842,Rahul,Iyer,Male,46,rahul.iyer842@gmail.com,9972098368,C219,premium,13-03-2024,WhatsApp,Engineer,2768962,Married
CUS000843,Sneha,Reddy,Female,41,sneha.reddy843@gmail.com,9517946747,C171,Premium,27-01-2024,Phone,Doctor,1190993,married
CUS000844,Sneha,Singh,MALE,53,sneha.singh844@gmail.com,9709991041,C164,premium,20-07-2024,WhatsApp,Engineer,1417696,Single
CUS000845,Aarav,Singh,Female,35,aarav.singh845@gmail.com,9351066511,C221,premium,18-07-2024,WhatsApp,Teacher,2178203,Single
CUS000846,Vikram,Patel,MALE,36,vikram.patel846@gmail.com,9210999173,C115,Returning,02-01-2024,Email,Business,2276964,married
CUS000847,Aarav,Singh,male,34,aarav.singh847@gmail.com,9729102563,C115,premium,13-08-2024,Phone,Doctor,2875058,married
CUS000848,Rahul,Singh,FEMALE,38,rahul.singh848@gmail.com,9678472355,C038,Premium,17-08-2024,Email,Engineer,1925093,Married
CUS000849,Sneha,Iyer,Female,34,sneha.iyer849@gmail.com,9379082505,C127,New,27-03-2024,Phone,Teacher,482680,married
CUS000850,Priya,Reddy,FEMALE,48,priya.reddy850@gmail.com,9471017235,C084,premium,22-08-2024,Email,Teacher,540097,married
CUS000851,Sneha,Singh,male,64,sneha.singh851@gmail.com,9574565486,C178,New,12-07-2024,WhatsApp,Business,1996743,married
CUS000852,Sneha,Singh,male,35,sneha.singh852@gmail.com,9888798125,C098,premium,22-09-2024,Phone,Business,1162112,Married
CUS000853,Sneha,Patel,male,29,sneha.patel853@gmail.com,9350450215,C157,premium,04-03-2024,Phone,Teacher,387098,Married
CUS000854,Priya,Sharma,Female,57,priya.sharma854@gmail.com,9219266492,C218,Premium,06-10-2024,Email,Doctor,1877223,Married
CUS000855,Ananya,Sharma,Female,48,ananya.sharma855@gmail.com,9359771789,C190,New,07-03-2024,WhatsApp,Doctor,2498053,Married
CUS000856,Vikram,Nair,Female,64,vikram.nair856@gmail.com,9722550059,C207,Premium,21-12-2024,WhatsApp,Engineer,2039545,married
CUS000857,Ananya,Iyer,Female,42,ananya.iyer857@gmail.com,9315748773,C201,Premium,07-01-2024,Phone,Engineer,1777478,married
CUS000858,Priya,Reddy,MALE,25,priya.reddy858@gmail.com,98 88947891,C038,Returning,11-05-2024,Phone,Teacher,2489531,Married
CUS000859,Sneha,Sharma,Male,40,sneha.sharma859@gmail.com,9745422792,C196,New,02-05-2024,Email,Engineer,2606822,Married
CUS000860,Priya,Reddy,Male,26,priya.reddy860@gmail.com,9202001162,C107,New,20-05-2024,WhatsApp,Teacher,1198318,married
CUS000861,Rahul,Iyer,Female,35,rahul.iyer861@gmail.com,9352120038,C232,Premium,10-06-2024,Phone,Business,846210,married
CUS000862,Aarav,Patel,Male,61,aarav.patel862@gmail.com,9101272066,C109,premium,26-08-2024,Phone,Teacher,908837,Single
CUS000863,Rahul,Patel,Male,52,rahul.patel863@gmail.com,9997195349,C133,Returning,12-05-2024,Email,Doctor,1921005,married
CUS000864,Rahul,Patel,MALE,22,rahul.patel864@gmail.com,9471397726,C057,New,02-06-2024,Email,Engineer,1279664,Married
CUS000865,Priya,Reddy,MALE,39,priya.reddy865@gmail.com,9217630659,C047,Premium,25-07-2024,WhatsApp,Business,2731294,Married
CUS000866,Ananya,Patel,MALE,23,ananya.patel866@gmail.com,9750407228,C228,New,16-03-2024,Email,Engineer,658853,married
CUS000867,Ananya,Sharma,male,34,ananya.sharma867@gmail.com,9918485464,C235,Premium,22-01-2024,WhatsApp,Engineer,1258623,Single
CUS000868,Aarav,Reddy,FEMALE,62,aarav.reddy868@gmail.com,9227171478,C090,premium,17-06-2024,WhatsApp,Doctor,2458931,married
CUS000869,Rahul,Patel,FEMALE,64,rahul.patel869@gmail.com,9358963948,C208,New,14-06-2024,Email,Teacher,1757439,married
CUS000870,Vikram,Nair,male,49,vikram.nair870@gmail.com,9200289377,C060,Returning,17-01-2024,WhatsApp,Engineer,1295739,married
CUS000871,Vikram,Reddy,male,26,vikram.reddy871@gmail.com,9777352579,C044,premium,19-05-2024,Phone,Engineer,1383918,married
CUS000872,Ananya,Singh,Male,33,ananya.singh872@gmail.com,9817454691,C207,Premium,11-07-2024,WhatsApp,Engineer,1294467,Married
CUS000873,Vikram,Sharma,FEMALE,25,vikram.sharma873@gmail.com,9628040002,C183,premium,28-03-2024,WhatsApp,Engineer,1794522,Single
CUS000874,Priya,Singh,Female,46,priya.singh874@gmail.com,9696266812,C191,premium,23-05-2024,WhatsApp,Teacher,1359237,Single
CUS000875,Rahul,Nair,male,54,rahul.nair875@gmail.com,9826509865,C038,Returning,07-08-2024,Phone,Doctor,2825686,Single
CUS000876,Rahul,Reddy,Female,45,rahul.reddy876@gmail.com,9774818975,C124,premium,14-03-2024,Email,Engineer,1723184,married
CUS000877,Priya,Iyer,MALE,22,priya.iyer877@gmail.com,9962923946,C015,Returning,20-06-2024,Phone,Teacher,797923,Married
CUS000878,Aarav,Reddy,male,64,aarav.reddy878@gmail.com,9918818018,C081,premium,04-05-2024,WhatsApp,Business,1086202,Married
CUS000879,Priya,Sharma,Female,60,priya.sharma879@gmail.com,9427991286,C231,premium,28-12-2024,Phone,Business,2199248,Married
CUS000880,Rahul,Nair,FEMALE,55,,,C087,Premium,25-09-2024,Email,Business,1989305,Married
CUS000881,Rahul,Nair,MALE,39,rahul.nair881@gmail.com,9454462748,C147,Returning,09-05-2024,WhatsApp,Business,1234741,Single
CUS000882,Vikram,Singh,male,22,vikram.singh882@gmail.com,9746526285,C149,premium,14-05-2024,WhatsApp,Doctor,1481573,married
CUS000883,Vikram,Reddy,Male,25,vikram.reddy883@gmail.com,9768384105,C219,New,15-02-2024,WhatsApp,Doctor,1303868,Single
CUS000884,Rahul,Sharma,MALE,34,rahul.sharma884@gmail.com,9340951605,C246,Returning,22-09-2024,Email,Doctor,1155052,Single
CUS000885,Priya,Reddy,Male,42,priya.reddy885@gmail.com,9518345943,C093,Premium,07-06-2024,Phone,Business,1227986,married
CUS000886,Vikram,Iyer,Female,38,vikram.iyer886@gmail.com,9725959664,C018,Premium,01-12-2024,Email,Business,2839561,married
CUS000887,Priya,Nair,FEMALE,53,priya.nair887@gmail.com,9315611783,C238,Premium,14-01-2024,WhatsApp,Doctor,1659338,Married
CUS000888,Rahul,Patel,Male,27,rahul.patel888@gmail.com,9443413627,C215,New,05-09-2024,Phone,Engineer,2847338,Married
CUS000889,Rahul,Sharma,Female,37,rahul.sharma889@gmail.com,9512911838,C029,Returning,08-07-2024,WhatsApp,Doctor,1468476,married
CUS000890,Priya,Singh,FEMALE,56,priya.singh890@gmail.com,9172597614,C202,Premium,15-10-2024,Phone,Doctor,2025963,Married
CUS000891,Aarav,Iyer,Female,28,aarav.iyer891@gmail.com,98 17714275,C220,New,21-07-2024,Phone,Engineer,497205,married
CUS000892,Priya,Iyer,male,49,priya.iyer892@gmail.com,9377915895,C243,Returning,08-07-2024,WhatsApp,Engineer,2783447,married
CUS000893,Ananya,Iyer,male,44,ananya.iyer893@gmail.com,9410069449,C161,Premium,13-08-2024,WhatsApp,Engineer,2216135,married
CUS000894,Priya,Nair,Female,27,priya.nair894@gmail.com,9322636759,C244,New,23-04-2024,Email,Engineer,2549316,Single
CUS000895,Priya,Singh,Male,38,priya.singh895@gmail.com,9551877334,C047,New,06-11-2024,Phone,Teacher,1128003,married
CUS000896,Aarav,Nair,male,26,aarav.nair896@gmail.com,9233833083,C011,premium,06-12-2024,Email,Engineer,1694645,Single
CUS000897,Rahul,Iyer,MALE,38,rahul.iyer897@gmail.com,9443418043,C026,Returning,17-07-2024,WhatsApp,Doctor,2541852,married
CUS000898,Vikram,Reddy,Female,52,vikram.reddy898@gmail.com,9359581885,C086,New,11-07-2024,Phone,Teacher,978046,married
CUS000899,Aarav,Nair,Male,52,aarav.nair899@gmail.com,9923085385,C020,premium,05-08-2024,WhatsApp,Doctor,1115480,married
CUS000900,Priya,Iyer,FEMALE,23,priya.iyer900@gmail.com,9790131017,C082,premium,14-08-2024,Phone,,2381871,married
CUS000901,Sneha,Singh,FEMALE,42,sneha.singh901@gmail.com,9362196104,C105,Premium,01-04-2024,Phone,Teacher,1465315,Married
CUS000902,Sneha,Sharma,MALE,27,sneha.sharma902@gmail.com,9480103612,C207,Premium,09-07-2024,Email,Doctor,1263558,Single
CUS000903,Rahul,Reddy,Male,26,rahul.reddy903@gmail.com,9203065176,C207,Returning,18-11-2024,Phone,Doctor,1556307,married
CUS000904,Aarav,Reddy,FEMALE,63,aarav.reddy904@gmail.com,9826009972,C155,Returning,08-11-2024,Phone,Doctor,2538047,Married
CUS000905,Sneha,Nair,MALE,55,sneha.nair905@gmail.com,9325921302,C071,Returning,26-08-2024,Phone,Teacher,1604664,Single
CUS000906,Sneha,Sharma,MALE,65,sneha.sharma906@gmail.com,9770702579,C118,Returning,13-06-2024,WhatsApp,Teacher,1719449,Single
CUS000907,Vikram,Reddy,Male,37,vikram.reddy907@gmail.com,9105840232,C132,Returning,17-02-2024,Phone,Teacher,2622856,Single
CUS000908,Sneha,Iyer,FEMALE,51,sneha.iyer908@gmail.com,9356345872,C119,Returning,04-07-2024,Email,Business,1171577,Single
CUS000909,Aarav,Singh,Male,46,aarav.singh909@gmail.com,9534021959,C020,premium,01-09-2024,Email,Teacher,359214,Single
CUS000910, Priya,Sharma,Female,53,priya.sharma910@gmail.com,9936340467,C172,New,19-03-2024,Email,Teacher,2994442,married
CUS000911,Priya,Singh,Male,60,priya.singh911@gmail.com,9161765243,C125,Returning,08-10-2024,Email,Business,1204692,Married
CUS000912,Vikram,Nair,male,49,vikram.nair912@gmail.com,9362306327,C064,premium,18-02-2024,WhatsApp,Doctor,1108652,Married
CUS000913,Ananya,Patel,male,27,ananya.patel913@gmail.com,9566655570,C007,Returning,28-11-2024,Phone,Doctor,2691761,Single
CUS000914,Vikram,Singh,Male,29,vikram.singh914@gmail.com,9977117223,C036,Premium,19-11-2024,Phone,Business,1585083,married
CUS000915,Rahul,Patel,male,55,rahul.patel915@gmail.com,9328561909,C138,Returning,02-11-2024,WhatsApp,Teacher,707691,Married
CUS000916,Vikram,Singh,Male,61,vikram.singh916@gmail.com,9795363047,C228,New,24-12-2024,Email,Engineer,824548,Single
CUS000917,Ananya,Nair,MALE,58,ananya.nair917@gmail.com,9410947201,C170,Returning,16-04-2024,Email,Business,1486537,Married
CUS000918,Rahul,Iyer,Female,26,rahul.iyer918@gmail.com,9543689903,C245,New,21-02-2024,Phone,Engineer,1191345,Married
CUS000919,Ananya,Reddy,Female,30,ananya.reddy919@gmail.com,9924781327,C220,Returning,24-08-2024,Phone,Engineer,753221,Married
CUS000920,Ananya,Reddy,Female,37,,9920097731,C080,Returning,23-07-2024,WhatsApp,Engineer,535551,married
CUS000921,Sneha,Patel,Male,60,sneha.patel921@gmail.com,9258282794,C111,Premium,22-12-2024,WhatsApp,Engineer,615068,Single
CUS000922,Aarav,Singh,FEMALE,56,aarav.singh922@gmail.com,9297160188,C030,Premium,14-10-2024,WhatsApp,Teacher,795088,Married
CUS000923,Sneha,Sharma,FEMALE,35,sneha.sharma923@gmail.com,9273307568,C191,Premium,11-09-2024,Email,Doctor,1938721,married
CUS000924,Aarav,Reddy,Male,58,aarav.reddy924@gmail.com,98 76311492,C241,New,26-07-2024,Phone,Teacher,1871697,Married
CUS000925,Sneha,Sharma,Female,41,sneha.sharma925@gmail.com,9260008245,C128,Premium,16-04-2024,Phone,Doctor,842204,Married
CUS000926,Rahul,Patel,male,47,rahul.patel926@gmail.com,9619187420,C074,Returning,01-04-2024,WhatsApp,Doctor,2719212,Single
CUS000927,Aarav,Singh,male,35,aarav.singh927@gmail.com,9692690664,C103,Returning,08-10-2024,WhatsApp,Teacher,2813201,married
CUS000928,Aarav,Singh,male,58,aarav.singh928@gmail.com,9883359676,C192,premium,07-09-2024,WhatsApp,Doctor,875738,married
CUS000929,Rahul,Reddy,FEMALE,51,rahul.reddy929@gmail.com,9728596545,C118,Premium,11-02-2024,Phone,Engineer,1948244,married
CUS000930,Vikram,Patel,Female,34,vikram.patel930@gmail.com,9887401401,C019,New,03-09-2024,Phone,Teacher,1374794,married
CUS000931,Vikram,Patel,MALE,58,vikram.patel931@gmail.com,9532634029,C058,Returning,05-03-2024,Email,Business,1404503,married
CUS000932,Aarav,Singh,FEMALE,56,aarav.singh932@gmail.com,9451832830,C061,Returning,26-03-2024,Email,Business,1219716,Single
CUS000933,Priya,Nair,MALE,64,priya.nair933@gmail.com,9552321658,C165,Premium,05-11-2024,Phone,Engineer,683881,Married
CUS000934,Ananya,Sharma,Male,63,ananya.sharma934@gmail.com,9319307815,C071,Returning,23-02-2024,Phone,Business,1886239,married
CUS000935,Rahul,Singh,Male,43,rahul.singh935@gmail.com,,C015,Returning,19-11-2024,Email,Business,2556691,Single
CUS000936,Priya,Singh,MALE,54,priya.singh936@gmail.com,9556993817,C166,Returning,04-08-2024,WhatsApp,Teacher,916616,Single
CUS000937,Sneha,Reddy,male,31,sneha.reddy937@gmail.com,9680099498,C161,Premium,28-06-2024,WhatsApp,Engineer,2774585,Single
CUS000938,Aarav,Sharma,FEMALE,33,aarav.sharma938@gmail.com,9864688749,C167,Returning,11-04-2024,Email,Engineer,2264813,married
CUS000939,Ananya,Singh,MALE,33,ananya.singh939@gmail.com,9765015162,C032,premium,06-07-2024,Phone,Business,2930009,Married
CUS000940,Vikram,Patel,Male,56,vikram.patel940@gmail.com,9544098767,C011,premium,05-06-2024,Phone,Engineer,2839923,married
CUS000941,Rahul,Patel,FEMALE,44,rahul.patel941@gmail.com,9558046875,C068,New,08-10-2024,WhatsApp,Engineer,439071,married
CUS000942,Aarav,Reddy,Female,37,aarav.reddy942@gmail.com,9878960415,C014,premium,27-02-2024,WhatsApp,Engineer,1733409,Single
CUS000943,Vikram,Reddy,FEMALE,58,vikram.reddy943@gmail.com,9525741444,C010,premium,24-09-2024,Phone,Doctor,2863943,Married
CUS000944,Vikram,Singh,FEMALE,49,vikram.singh944@gmail.com,9425495762,C176,premium,11-03-2024,Phone,Teacher,2069141,Single
CUS000945,Ananya,Reddy,FEMALE,50,ananya.reddy945@gmail.com,9861003093,C135,Returning,24-02-2024,Email,Teacher,2086142,married
CUS000946,Rahul,Sharma,Female,33,rahul.sharma946@gmail.com,9661161835,C105,Premium,24-11-2024,Email,Doctor,1878259,married
CUS000947,Sneha,Reddy,Male,53,sneha.reddy947@gmail.com,9180079905,C198,New,12-07-2024,WhatsApp,Engineer,2220616,married
CUS000948,Vikram,Patel,FEMALE,22,vikram.patel948@gmail.com,9962216575,C098,New,17-07-2024,WhatsApp,Doctor,623339,married
CUS000949,Priya,Reddy,male,25,priya.reddy949@gmail.com,9824630018,C102,New,15-08-2024,WhatsApp,Teacher,1113050,Single
CUS000950,Priya,Reddy,FEMALE,24,priya.reddy950@gmail.com,9226066387,C128,Premium,22-11-2024,WhatsApp,Doctor,630828,Single
CUS000951,Aarav,Reddy,MALE,58,aarav.reddy951@gmail.com,9880491446,C015,New,19-10-2024,Phone,Doctor,2237341,Married
CUS000952,Sneha,Nair,male,37,sneha.nair952@gmail.com,9203412986,C171,premium,03-07-2024,Email,Business,1800357,married
CUS000953,Priya,Patel,MALE,36,priya.patel953@gmail.com,9206302292,C082,premium,06-02-2024,WhatsApp,Doctor,1372272,Single
CUS000954,Ananya,Nair,FEMALE,30,ananya.nair954@gmail.com,9818676811,C033,premium,16-03-2024,Phone,Teacher,2038207,married
CUS000955,Vikram,Singh,Male,59,vikram.singh955@gmail.com,9726774011,C056,Returning,14-04-2024,Email,Business,2152882,Married
CUS000956,Sneha,Nair,FEMALE,24,sneha.nair956@gmail.com,9446662344,C209,premium,06-07-2024,Phone,Engineer,942922,Single
CUS000957,Aarav,Nair,male,32,aarav.nair957@gmail.com,98 11245927,C141,Premium,15-04-2024,WhatsApp,Teacher,2014541,Single
CUS000958,Aarav,Nair,FEMALE,25,aarav.nair958@gmail.com,9643636610,C216,New,06-11-2024,Phone,Teacher,2562541,Married
CUS000959,Aarav,Singh,male,23,aarav.singh959@gmail.com,9642972196,C150,Returning,25-05-2024,Phone,Teacher,1042876,Single
CUS000960,Vikram,Iyer,MALE,22,,9324946660,C065,New,24-02-2024,Email,,1772218,married
CUS000961,Priya,Sharma,Female,40,priya.sharma961@gmail.com,9762611934,C004,Premium,13-08-2024,Phone,Teacher,625608,Single
CUS000962,Rahul,Reddy,FEMALE,36,rahul.reddy962@gmail.com,9218859112,C036,Returning,14-04-2024,Phone,Engineer,2618286,Married
CUS000963,Aarav,Iyer,MALE,27,aarav.iyer963@gmail.com,9971839230,C192,premium,25-01-2024,Phone,Doctor,2296570,married
CUS000964,Ananya,Patel,male,28,ananya.patel964@gmail.com,9778932140,C161,premium,03-06-2024,Email,Doctor,2963472,married
CUS000965,Sneha,Iyer,MALE,61,sneha.iyer965@gmail.com,9458133034,C118,New,22-03-2024,Email,Doctor,2224335,married
CUS000966,Vikram,Sharma,male,25,vikram.sharma966@gmail.com,9257512281,C013,Premium,20-10-2024,Email,Business,1081955,married
CUS000967,Aarav,Nair,Female,64,aarav.nair967@gmail.com,9483982181,C178,Returning,28-11-2024,WhatsApp,Teacher,365759,Single
CUS000968,Aarav,Patel,MALE,24,aarav.patel968@gmail.com,9817415136,C197,premium,01-04-2024,Email,Teacher,1521134,Single
CUS000969,Vikram,Iyer,FEMALE,25,vikram.iyer969@gmail.com,9212137138,C228,New,20-08-2024,Email,Business,2572505,Single
CUS000970,Priya,Singh,MALE,64,priya.singh970@gmail.com,9972579339,C043,premium,14-11-2024,Email,Teacher,2619714,Married
CUS000971,Aarav,Patel,Female,60,aarav.patel971@gmail.com,9849823703,C178,Returning,17-02-2024,Email,Business,2976003,married
CUS000972,Vikram,Patel,Male,55,vikram.patel972@gmail.com,9308809666,C001,Premium,14-11-2024,Phone,Business,1462214,Single
CUS000973,Priya,Iyer,male,47,priya.iyer973@gmail.com,9618106253,C132,Returning,18-02-2024,WhatsApp,Engineer,823221,married
CUS000974,Sneha,Iyer,male,45,sneha.iyer974@gmail.com,9949099205,C204,Returning,10-06-2024,Email,Doctor,2240035,Married
CUS000975,Rahul,Sharma,Female,64,rahul.sharma975@gmail.com,9241780603,C213,premium,02-03-2024,Phone,Engineer,1011100,Married
CUS000976,Sneha,Singh,Male,31,sneha.singh976@gmail.com,9568553061,C107,Premium,03-04-2024,Phone,Doctor,2627998,married
CUS000977,Vikram,Iyer,Female,55,vikram.iyer977@gmail.com,9521808491,C182,Premium,11-03-2024,Phone,Teacher,1929619,Married
CUS000978,Ananya,Iyer,Female,50,ananya.iyer978@gmail.com,9183980077,C096,Returning,17-11-2024,Phone,Business,1734280,married
CUS000979,Aarav,Nair,male,48,aarav.nair979@gmail.com,9364554020,C063,Returning,05-06-2024,WhatsApp,Teacher,2032430,Single
CUS000980, Priya,Reddy,FEMALE,62,priya.reddy980@gmail.com,9147444412,C017,Returning,21-05-2024,Phone,Doctor,2019483,Married
CUS000981,Priya,Patel,FEMALE,43,priya.patel981@gmail.com,9553330476,C204,Returning,26-11-2024,Email,Business,2361398,married
CUS000982,Priya,Sharma,FEMALE,38,priya.sharma982@gmail.com,9931472722,C045,Premium,15-08-2024,WhatsApp,Teacher,998548,Married
CUS000983,Vikram,Nair,FEMALE,23,vikram.nair983@gmail.com,9151247611,C109,Returning,26-10-2024,Email,Doctor,1958460,Single
CUS000984,Aarav,Sharma,male,40,aarav.sharma984@gmail.com,9138412093,C003,Premium,06-07-2024,Phone,Engineer,2864439,married
CUS000985,Priya,Reddy,FEMALE,59,priya.reddy985@gmail.com,9812288405,C234,Premium,11-11-2024,Phone,Doctor,1699244,Single
CUS000986,Priya,Sharma,MALE,43,priya.sharma986@gmail.com,9525158052,C241,premium,12-06-2024,Email,Doctor,856859,Single
CUS000987,Rahul,Sharma,Male,33,rahul.sharma987@gmail.com,9354218109,C160,Premium,25-05-2024,Phone,Doctor,2230192,Single
CUS000988,Aarav,Singh,Female,42,aarav.singh988@gmail.com,9280595521,C211,New,20-09-2024,Phone,Doctor,2243185,Married
CUS000989,Vikram,Patel,male,31,vikram.patel989@gmail.com,9358075976,C230,New,02-11-2024,Email,Engineer,1556580,married
CUS000990,Ananya,Sharma,Female,28,ananya.sharma990@gmail.com,,C178,Premium,20-12-2024,WhatsApp,Doctor,2146734,Single
CUS000991,Aarav,Iyer,Male,50,aarav.iyer991@gmail.com,9640566604,C146,Premium,03-04-2024,Phone,Engineer,1101400,Married
CUS000992,Aarav,Nair,MALE,42,aarav.nair992@gmail.com,9225520696,C009,premium,13-01-2024,Phone,Engineer,506282,Married
CUS000993,Aarav,Sharma,Female,25,aarav.sharma993@gmail.com,9197386861,C115,New,26-04-2024,WhatsApp,Teacher,2137015,Married
CUS000994,Priya,Iyer,Male,61,priya.iyer994@gmail.com,9369525551,C123,Returning,14-03-2024,WhatsApp,Doctor,1188559,married
CUS000995,Aarav,Iyer,male,29,aarav.iyer995@gmail.com,9405863205,C228,Returning,18-11-2024,Phone,Engineer,767234,married
CUS000996,Aarav,Sharma,Male,57,aarav.sharma996@gmail.com,9451385131,C237,Premium,26-10-2024,Phone,Engineer,746256,married
CUS000997,Vikram,Iyer,Female,46,vikram.iyer997@gmail.com,9129342949,C236,Premium,07-10-2024,Phone,Business,1635555,Married
CUS000998,Sneha,Patel,FEMALE,61,sneha.patel998@gmail.com,9394249480,C165,New,23-06-2024,WhatsApp,Engineer,2045093,Married
CUS000999,Priya,Nair,Female,47,priya.nair999@gmail.com,9354977060,C082,New,07-02-2024,WhatsApp,Engineer,1206321,Married
CUS001000,Ananya,Nair,MALE,50,,9137783853,C167,New,17-09-2024,WhatsApp,Doctor,2817567,married
CUS001001,Priya,Patel,MALE,46,priya.patel1001@gmail.com,9210952181,C100,Premium,10-10-2024,Email,Doctor,1590477,Married
CUS001002,Ananya,Iyer,FEMALE,43,ananya.iyer1002@gmail.com,9250354029,C180,Returning,01-03-2024,Email,Business,1227906,married
CUS001003,Sneha,Singh,MALE,56,sneha.singh1003@gmail.com,9889016362,C067,premium,13-09-2024,WhatsApp,Teacher,738969,married
CUS001004,Priya,Patel,MALE,30,priya.patel1004@gmail.com,9795205691,C060,New,27-08-2024,Email,Business,2229358,Married
CUS001005,Vikram,Singh,MALE,23,vikram.singh1005@gmail.com,9552988160,C074,Returning,23-11-2024,WhatsApp,Doctor,1296407,married
CUS001006,Rahul,Singh,Female,23,rahul.singh1006@gmail.com,9562721137,C124,New,21-04-2024,Phone,Business,2497389,married
CUS001007,Aarav,Reddy,Female,23,aarav.reddy1007@gmail.com,9887566407,C007,premium,22-11-2024,WhatsApp,Doctor,455138,married
CUS001008,Sneha,Singh,Female,46,sneha.singh1008@gmail.com,9534162425,C163,New,06-10-2024,Phone,Business,2595088,Married
CUS001009,Rahul,Sharma,male,64,rahul.sharma1009@gmail.com,9304459215,C216,New,14-01-2024,WhatsApp,Teacher,1653143,Married
CUS001010,Vikram,Nair,Male,24,vikram.nair1010@gmail.com,9573398086,C145,New,03-08-2024,Phone,Teacher,2796291,Single
CUS001011,Rahul,Singh,male,36,rahul.singh1011@gmail.com,9572251202,C162,New,22-03-2024,Email,Teacher,1998557,Married
CUS001012,Rahul,Nair,Female,50,rahul.nair1012@gmail.com,9575816563,C222,premium,10-11-2024,WhatsApp,Engineer,2364464,married
CUS001013,Priya,Singh,male,22,priya.singh1013@gmail.com,9905253267,C143,Returning,03-09-2024,Phone,Teacher,2007614,Married
CUS001014,Vikram,Patel,Male,36,vikram.patel1014@gmail.com,9732739004,C219,Returning,12-10-2024,Email,Business,2026744,Married
CUS001015,Priya,Iyer,FEMALE,59,priya.iyer1015@gmail.com,9504478946,C137,premium,21-12-2024,Email,Business,1432380,Single
CUS001016,Aarav,Reddy,FEMALE,40,aarav.reddy1016@gmail.com,9170923618,C041,Returning,27-04-2024,Email,Engineer,2405189,Single
CUS001017,Sneha,Patel,MALE,27,sneha.patel1017@gmail.com,9946199361,C106,premium,08-02-2024,Email,Teacher,2463268,Single
CUS001018,Sneha,Nair,male,39,sneha.nair1018@gmail.com,9920942054,C089,Returning,07-05-2024,Email,Engineer,2593771,Single
CUS001019,Aarav,Sharma,MALE,63,aarav.sharma1019@gmail.com,9269891797,C223,Returning,19-02-2024,WhatsApp,Business,446080,Single
CUS001020,Rahul,Singh,Female,23,rahul.singh1020@gmail.com,9686044990,C176,Premium,20-03-2024,WhatsApp,,2736982,Married
CUS001021,Ananya,Sharma,Female,34,ananya.sharma1021@gmail.com,9804615239,C221,New,13-03-2024,Email,Doctor,1742398,married
CUS001022,Vikram,Sharma,FEMALE,53,vikram.sharma1022@gmail.com,9386058691,C188,premium,10-07-2024,WhatsApp,Business,2979395,Single
CUS001023,Ananya,Nair,MALE,23,ananya.nair1023@gmail.com,98 76422216,C048,premium,07-06-2024,WhatsApp,Teacher,545047,Single
CUS001024,Rahul,Reddy,male,24,rahul.reddy1024@gmail.com,9395572605,C153,Returning,09-11-2024,Phone,Doctor,2279939,married
CUS001025,Priya,Reddy,FEMALE,30,priya.reddy1025@gmail.com,9466126992,C236,premium,17-04-2024,Email,Business,1519826,married
CUS001026,Rahul,Sharma,MALE,59,rahul.sharma1026@gmail.com,9483895361,C240,premium,22-03-2024,WhatsApp,Teacher,1569933,Married
CUS001027,Rahul,Nair,FEMALE,59,rahul.nair1027@gmail.com,9493575589,C112,premium,11-07-2024,Phone,Business,1278866,Married
CUS001028,Ananya,Patel,Female,60,ananya.patel1028@gmail.com,9873091869,C162,premium,04-07-2024,Phone,Business,1030262,married
CUS001029,Ananya,Iyer,male,43,ananya.iyer1029@gmail.com,9637963774,C161,premium,12-07-2024,Phone,Business,2247727,married
CUS001030,Sneha,Sharma,male,49,sneha.sharma1030@gmail.com,9866278426,C075,premium,25-06-2024,Phone,Teacher,1752216,married
CUS001031,Aarav,Patel,FEMALE,35,aarav.patel1031@gmail.com,9436739672,C130,Premium,13-10-2024,WhatsApp,Teacher,1602727,Single
CUS001032,Priya,Nair,male,32,priya.nair1032@gmail.com,9408198490,C174,Premium,14-09-2024,WhatsApp,Business,606456,Married
CUS001033,Priya,Singh,Male,25,priya.singh1033@gmail.com,9147236990,C196,premium,18-01-2024,Phone,Engineer,860047,Single
CUS001034,Sneha,Nair,FEMALE,50,sneha.nair1034@gmail.com,9606030797,C177,Premium,27-04-2024,WhatsApp,Teacher,2451613,Married
CUS001035,Aarav,Nair,male,65,aarav.nair1035@gmail.com,9499125581,C230,Returning,05-06-2024,Email,Doctor,2384865,married
CUS001036,Sneha,Iyer,male,24,sneha.iyer1036@gmail.com,9146899648,C024,Premium,23-10-2024,Email,Engineer,936768,married
CUS001037,Sneha,Sharma,MALE,58,sneha.sharma1037@gmail.com,9576903372,C177,premium,03-12-2024,WhatsApp,Engineer,597998,Married
CUS001038,Ananya,Sharma,Female,46,ananya.sharma1038@gmail.com,9754309486,C244,Premium,11-03-2024,Phone,Business,2565336,Single
CUS001039,Ananya,Sharma,Female,43,ananya.sharma1039@gmail.com,9236462556,C043,premium,21-10-2024,Email,Engineer,385745,Single
CUS001040,Priya,Patel,FEMALE,49,,9182071760,C247,Returning,18-10-2024,Email,Engineer,830846,Single
CUS001041,Aarav,Reddy,FEMALE,39,aarav.reddy1041@gmail.com,9778150894,C226,Returning,05-11-2024,Email,Teacher,1108095,Single
CUS001042,Priya,Nair,Male,65,priya.nair1042@gmail.com,9650169909,C239,New,22-01-2024,Phone,Doctor,470269,Single
CUS001043,Aarav,Sharma,Female,23,aarav.sharma1043@gmail.com,9257151673,C230,premium,17-04-2024,Email,Engineer,2797755,Married
CUS001044,Vikram,Reddy,Female,54,vikram.reddy1044@gmail.com,9977027942,C209,Premium,19-02-2024,WhatsApp,Doctor,761938,married
CUS001045,Priya,Sharma,male,32,priya.sharma1045@gmail.com,,C198,premium,13-09-2024,WhatsApp,Engineer,2550458,Married
CUS001046,Priya,Singh,male,48,priya.singh1046@gmail.com,9412396151,C078,New,22-09-2024,Email,Business,321575,married
CUS001047,Vikram,Reddy,Male,56,vikram.reddy1047@gmail.com,9543372980,C189,Returning,24-09-2024,Email,Teacher,1180598,Single
CUS001048,Sneha,Sharma,Female,53,sneha.sharma1048@gmail.com,9532566120,C107,New,25-05-2024,Phone,Business,1805277,Single
CUS001049,Priya,Patel,Female,24,priya.patel1049@gmail.com,9331384619,C197,premium,21-10-2024,WhatsApp,Business,1420333,married
CUS001050, Sneha,Sharma,male,39,sneha.sharma1050@gmail.com,9184694319,C112,Returning,09-05-2024,Email,Engineer,703226,married
CUS001051,Rahul,Singh,Male,23,rahul.singh1051@gmail.com,9456733160,C098,New,10-04-2024,Email,Doctor,879672,Single
CUS001052,Aarav,Iyer,Female,54,aarav.iyer1052@gmail.com,9538140620,C081,Premium,23-10-2024,Phone,Doctor,1968283,married
CUS001053,Priya,Patel,MALE,45,priya.patel1053@gmail.com,9945874801,C017,premium,01-05-2024,WhatsApp,Teacher,416466,Single
CUS001054,Rahul,Nair,MALE,23,rahul.nair1054@gmail.com,9824614413,C044,Returning,16-05-2024,Phone,Engineer,1183990,married
CUS001055,Sneha,Reddy,male,49,sneha.reddy1055@gmail.com,9233087753,C113,premium,11-07-2024,Phone,Engineer,2962351,Married
CUS001056,Priya,Patel,male,43,priya.patel1056@gmail.com,98 50076462,C143,Premium,02-03-2024,Phone,Doctor,2410866,married
CUS001057,Aarav,Sharma,male,41,aarav.sharma1057@gmail.com,9166452506,C026,Premium,19-12-2024,Email,Teacher,610003,married
CUS001058,Rahul,Sharma,FEMALE,32,rahul.sharma1058@gmail.com,9836384768,C168,Returning,01-09-2024,WhatsApp,Business,939109,married
CUS001059,Rahul,Patel,MALE,22,rahul.patel1059@gmail.com,9640730526,C167,premium,07-07-2024,Email,Teacher,948520,Single
CUS001060,Ananya,Nair,Female,47,ananya.nair1060@gmail.com,9843566094,C224,Premium,17-04-2024,WhatsApp,Business,1277529,Married
CUS001061,Ananya,Patel,Female,27,ananya.patel1061@gmail.com,9834728668,C017,New,08-12-2024,Phone,Teacher,2943108,Married
CUS001062,Priya,Patel,male,33,priya.patel1062@gmail.com,9120037067,C242,New,05-12-2024,Phone,Business,2708066,Married
CUS001063,Sneha,Reddy,FEMALE,23,sneha.reddy1063@gmail.com,9920821758,C119,New,20-05-2024,Email,Engineer,2194698,Married
CUS001064,Priya,Iyer,MALE,31,priya.iyer1064@gmail.com,9289165777,C086,Returning,02-11-2024,Phone,Teacher,2218811,Single
CUS001065,Rahul,Nair,FEMALE,30,rahul.nair1065@gmail.com,9498101330,C077,New,05-05-2024,Email,Teacher,2599758,Single
CUS001066,Ananya,Singh,male,63,ananya.singh1066@gmail.com,9728079670,C039,New,17-07-2024,Email,Teacher,885888,Married
CUS001067,Rahul,Iyer,FEMALE,39,rahul.iyer1067@gmail.com,9543708270,C097,Premium,11-11-2024,WhatsApp,Engineer,625764,Married
CUS001068,Vikram,Patel,male,63,vikram.patel1068@gmail.com,9444805775,C243,Premium,11-07-2024,Email,Business,2062589,Married
CUS001069,Ananya,Patel,FEMALE,56,ananya.patel1069@gmail.com,9684060619,C078,premium,14-10-2024,Phone,Teacher,1840069,Single
CUS001070,Ananya,Iyer,Male,52,ananya.iyer1070@gmail.com,9572627516,C083,premium,10-02-2024,Phone,Doctor,2772534,married
CUS001071,Aarav,Reddy,male,32,aarav.reddy1071@gmail.com,9962127104,C104,Returning,14-01-2024,Email,Business,407087,married
CUS001072,Priya,Reddy,MALE,53,priya.reddy1072@gmail.com,9669787608,C073,Premium,14-11-2024,Phone,Business,2312101,married
CUS001073,Aarav,Iyer,Female,25,aarav.iyer1073@gmail.com,9604164474,C090,premium,03-11-2024,Phone,Teacher,1196290,Single
CUS001074,Ananya,Nair,FEMALE,42,ananya.nair1074@gmail.com,9702484581,C186,New,18-04-2024,Phone,Engineer,1380142,Married
CUS001075,Ananya,Singh,male,65,ananya.singh1075@gmail.com,9543769962,C077,New,06-07-2024,WhatsApp,Doctor,2693298,Married
CUS001076,Rahul,Sharma,Female,23,rahul.sharma1076@gmail.com,9872393470,C172,Premium,19-09-2024,Email,Teacher,782544,Married
CUS001077,Vikram,Singh,male,38,vikram.singh1077@gmail.com,9980939640,C026,New,04-07-2024,Phone,Engineer,1141860,Single
CUS001078,Aarav,Reddy,male,46,aarav.reddy1078@gmail.com,9965701634,C204,Returning,04-11-2024,WhatsApp,Doctor,559972,Single
CUS001079,Aarav,Iyer,Female,61,aarav.iyer1079@gmail.com,9715304617,C194,Premium,02-05-2024,Email,Business,575105,Single
CUS001080,Vikram,Sharma,male,45,,9919391629,C019,Returning,08-07-2024,WhatsApp,,2585248,married
CUS001081,Ananya,Patel,male,30,ananya.patel1081@gmail.com,9176340109,C173,New,12-12-2024,Email,Doctor,1056348,Married
CUS001082,Rahul,Nair,FEMALE,30,rahul.nair1082@gmail.com,9986880385,C108,premium,17-12-2024,Email,Doctor,750890,married
CUS001083,Priya,Nair,male,55,priya.nair1083@gmail.com,9269102027,C191,premium,22-03-2024,Email,Doctor,1961444,married
CUS001084,Rahul,Reddy,Male,49,rahul.reddy1084@gmail.com,9432848694,C193,New,24-10-2024,Phone,Engineer,2691352,Single
CUS001085,Priya,Nair,male,43,priya.nair1085@gmail.com,9264310276,C021,New,21-01-2024,Email,Business,1403454,Married
CUS001086,Rahul,Reddy,Female,33,rahul.reddy1086@gmail.com,9552629917,C034,Returning,16-05-2024,WhatsApp,Doctor,1588545,Single
CUS001087,Priya,Sharma,MALE,31,priya.sharma1087@gmail.com,9426565801,C237,New,13-09-2024,Email,Engineer,2028814,married
CUS001088,Aarav,Reddy,MALE,56,aarav.reddy1088@gmail.com,9478267601,C148,Returning,21-07-2024,Phone,Doctor,731762,married
CUS001089,Priya,Singh,male,22,priya.singh1089@gmail.com,98 40029012,C024,Returning,04-10-2024,Email,Engineer,1882857,married
CUS001090,Rahul,Reddy,Female,54,rahul.reddy1090@gmail.com,9505754714,C182,premium,09-12-2024,Email,Engineer,2821475,Married
CUS001091,Sneha,Nair,MALE,36,sneha.nair1091@gmail.com,9673880489,C192,New,04-07-2024,Phone,Doctor,1686526,Single
CUS001092,Priya,Patel,FEMALE,64,priya.patel1092@gmail.com,9917842662,C015,New,15-11-2024,Phone,Engineer,2982200,married
CUS001093,Ananya,Sharma,male,23,ananya.sharma1093@gmail.com,9339613909,C080,New,26-04-2024,WhatsApp,Doctor,612360,Married
CUS001094,Priya,Reddy,male,36,priya.reddy1094@gmail.com,9894909265,C048,premium,14-02-2024,WhatsApp,Doctor,1298916,Single
CUS001095,Aarav,Iyer,male,45,aarav.iyer1095@gmail.com,9290448462,C016,Premium,18-08-2024,WhatsApp,Doctor,2401776,married
CUS001096,Aarav,Singh,Female,39,aarav.singh1096@gmail.com,9220312319,C119,premium,15-05-2024,Email,Teacher,2414043,Single
CUS001097,Priya,Singh,male,42,priya.singh1097@gmail.com,9867240561,C094,Premium,16-07-2024,Email,Teacher,748192,Married
CUS001098,Aarav,Iyer,Female,36,aarav.iyer1098@gmail.com,9781002679,C029,Premium,27-08-2024,WhatsApp,Teacher,1074674,Single
CUS001099,Rahul,Nair,Female,64,rahul.nair1099@gmail.com,9410344369,C212,Returning,28-04-2024,Phone,Doctor,720354,married
CUS001100,Rahul,Sharma,FEMALE,59,rahul.sharma1100@gmail.com,,C151,Returning,02-08-2024,Phone,Business,1427298,married
CUS001101,Rahul,Sharma,FEMALE,32,rahul.sharma1101@gmail.com,9698110118,C189,New,28-04-2024,Email,Business,2187558,Single
CUS001102,Ananya,Sharma,MALE,31,ananya.sharma1102@gmail.com,9257898004,C143,New,19-03-2024,Phone,Teacher,1463195,married
CUS001103,Priya,Iyer,FEMALE,40,priya.iyer1103@gmail.com,9383440685,C179,premium,28-10-2024,WhatsApp,Business,2090859,Married
CUS001104,Aarav,Sharma,Male,45,aarav.sharma1104@gmail.com,9508577234,C144,New,23-11-2024,Phone,Doctor,1380725,Single
CUS001105,Rahul,Iyer,Male,52,rahul.iyer1105@gmail.com,9112969071,C001,New,14-06-2024,Phone,Doctor,2187191,Single
CUS001106,Priya,Nair,MALE,40,priya.nair1106@gmail.com,9479208365,C204,Premium,06-04-2024,WhatsApp,Teacher,1736212,Married
CUS001107,Ananya,Sharma,male,51,ananya.sharma1107@gmail.com,9391756494,C103,Premium,18-06-2024,Email,Teacher,507940,married
CUS001108,Ananya,Iyer,FEMALE,61,ananya.iyer1108@gmail.com,9633932744,C096,New,14-05-2024,WhatsApp,Doctor,2931034,married
CUS001109,Priya,Sharma,male,31,priya.sharma1109@gmail.com,9528041099,C122,New,03-01-2024,WhatsApp,Engineer,431376,Single
CUS001110,Vikram,Patel,male,62,vikram.patel1110@gmail.com,9166979923,C182,Returning,10-11-2024,WhatsApp,Teacher,1916536,Married
CUS001111,Aarav,Reddy,male,41,aarav.reddy1111@gmail.com,9752988448,C197,premium,11-01-2024,Email,Doctor,905194,Married
CUS001112,Priya,Reddy,FEMALE,53,priya.reddy1112@gmail.com,9862262847,C204,Premium,25-08-2024,WhatsApp,Teacher,2651944,Single
CUS001113,Ananya,Patel,MALE,55,ananya.patel1113@gmail.com,9155516579,C164,premium,24-08-2024,Phone,Engineer,1261464,married
CUS001114,Aarav,Singh,Male,64,aarav.singh1114@gmail.com,9273828024,C114,Returning,23-11-2024,WhatsApp,Engineer,2276251,Married
CUS001115,Rahul,Nair,MALE,39,rahul.nair1115@gmail.com,9368272582,C057,Returning,22-04-2024,WhatsApp,Business,1856732,Single
CUS001116,Sneha,Reddy,Female,63,sneha.reddy1116@gmail.com,9301616095,C066,New,17-08-2024,Email,Engineer,1992955,Single
CUS001117,Priya,Reddy,FEMALE,48,priya.reddy1117@gmail.com,9175633682,C045,New,09-12-2024,Email,Engineer,2430802,married
CUS001118,Aarav,Sharma,Female,62,aarav.sharma1118@gmail.com,9952854256,C194,premium,04-01-2024,Phone,Doctor,1799475,married
CUS001119,Sneha,Singh,male,54,sneha.singh1119@gmail.com,9152303512,C195,Returning,27-08-2024,Email,Doctor,1282844,Married
CUS001120, Aarav,Reddy,Male,52,,9573267542,C086,New,01-05-2024,WhatsApp,Teacher,1177003,Married
CUS001121,Aarav,Nair,FEMALE,34,aarav.nair1121@gmail.com,9778839098,C163,New,22-02-2024,Email,Business,1365792,Single
CUS001122,Priya,Nair,male,31,priya.nair1122@gmail.com,98 63043320,C035,Returning,14-09-2024,WhatsApp,Teacher,1469658,married
CUS001123,Priya,Patel,male,31,priya.patel1123@gmail.com,9732958492,C079,Returning,21-05-2024,Phone,Engineer,2347473,Married
CUS001124,Vikram,Patel,Male,41,vikram.patel1124@gmail.com,9440479009,C060,Returning,11-02-2024,WhatsApp,Engineer,2059063,Single
CUS001125,Aarav,Iyer,male,64,aarav.iyer1125@gmail.com,9283507886,C083,New,24-08-2024,WhatsApp,Engineer,2866826,married
CUS001126,Ananya,Nair,male,28,ananya.nair1126@gmail.com,9734476785,C132,Returning,06-11-2024,Phone,Doctor,2466116,Married
CUS001127,Aarav,Iyer,MALE,40,aarav.iyer1127@gmail.com,9949304373,C094,premium,14-10-2024,WhatsApp,Teacher,1818250,married
CUS001128,Sneha,Patel,Female,57,sneha.patel1128@gmail.com,9908011703,C194,premium,08-07-2024,WhatsApp,Teacher,2424576,Married
CUS001129,Ananya,Patel,male,51,ananya.patel1129@gmail.com,9408822234,C170,Returning,19-05-2024,Phone,Engineer,2861918,married
CUS001130,Aarav,Patel,Female,50,aarav.patel1130@gmail.com,9273896910,C093,New,10-11-2024,Email,Business,2569110,married
CUS001131,Vikram,Patel,FEMALE,32,vikram.patel1131@gmail.com,9940214570,C190,Premium,26-04-2024,Email,Doctor,2852464,Married
CUS001132,Vikram,Singh,Male,29,vikram.singh1132@gmail.com,9851204101,C011,New,09-01-2024,WhatsApp,Business,816484,married
CUS001133,Vikram,Nair,MALE,30,vikram.nair1133@gmail.com,9394012384,C209,premium,28-01-2024,Phone,Doctor,1731944,Married
CUS001134,Sneha,Nair,MALE,54,sneha.nair1134@gmail.com,9641137307,C047,Premium,14-08-2024,WhatsApp,Business,697293,Married
CUS001135,Vikram,Patel,MALE,61,vikram.patel1135@gmail.com,9879865312,C131,premium,21-03-2024,Phone,Business,2895576,married
CUS001136,Rahul,Sharma,Female,24,rahul.sharma1136@gmail.com,9749101636,C186,New,14-09-2024,Email,Doctor,402312,married
CUS001137,Aarav,Nair,Female,56,aarav.nair1137@gmail.com,9353111862,C109,Returning,28-05-2024,Email,Engineer,393499,married
CUS001138,Vikram,Patel,male,46,vikram.patel1138@gmail.com,9748237662,C117,New,16-06-2024,Email,Doctor,1289705,married
CUS001139,Ananya,Patel,Female,44,ananya.patel1139@gmail.com,9881990426,C244,Premium,09-09-2024,Phone,Doctor,1873434,married
CUS001140,Rahul,Singh,Female,53,rahul.singh1140@gmail.com,9516624960,C008,premium,18-12-2024,Phone,,2024834,married
CUS001141,Aarav,Sharma,Male,61,aarav.sharma1141@gmail.com,9783734205,C175,Returning,20-04-2024,Phone,Doctor,1345522,married
CUS001142,Priya,Nair,Male,61,priya.nair1142@gmail.com,9749869058,C118,Returning,09-06-2024,WhatsApp,Teacher,1520971,Married
CUS001143,Vikram,Nair,male,28,vikram.nair1143@gmail.com,9496089787,C217,Premium,11-04-2024,Phone,Teacher,2047496,married
CUS001144,Aarav,Nair,Male,61,aarav.nair1144@gmail.com,9347402423,C186,Premium,12-04-2024,WhatsApp,Teacher,734171,Single
CUS001145,Aarav,Sharma,Male,60,aarav.sharma1145@gmail.com,9801180209,C083,Returning,06-04-2024,WhatsApp,Teacher,2908906,married
CUS001146,Aarav,Nair,male,30,aarav.nair1146@gmail.com,9615996818,C016,Premium,23-08-2024,WhatsApp,Teacher,2603542,Single
CUS001147,Priya,Iyer,FEMALE,63,priya.iyer1147@gmail.com,9187605820,C031,premium,22-05-2024,Phone,Teacher,2515835,married
CUS001148,Priya,Singh,male,49,priya.singh1148@gmail.com,9597437755,C224,Returning,07-10-2024,WhatsApp,Doctor,1379247,Married
CUS001149,Ananya,Sharma,FEMALE,44,ananya.sharma1149@gmail.com,9269509972,C058,Returning,13-08-2024,Email,Engineer,2837489,married
CUS001150,Ananya,Iyer,Female,46,ananya.iyer1150@gmail.com,9427872938,C189,New,04-03-2024,Phone,Teacher,2953208,Single
CUS001151,Priya,Singh,male,63,priya.singh1151@gmail.com,9614256641,C037,Returning,15-12-2024,WhatsApp,Doctor,1271036,married
CUS001152,Ananya,Iyer,male,24,ananya.iyer1152@gmail.com,9837308148,C067,Premium,22-12-2024,Email,Teacher,551497,married
CUS001153,Sneha,Nair,FEMALE,56,sneha.nair1153@gmail.com,9348083515,C010,premium,28-07-2024,WhatsApp,Business,2041520,married
CUS001154,Priya,Sharma,Female,33,priya.sharma1154@gmail.com,9334686592,C123,Premium,21-11-2024,WhatsApp,Engineer,497455,Single
CUS001155,Rahul,Sharma,Female,42,rahul.sharma1155@gmail.com,,C196,Returning,18-08-2024,WhatsApp,Engineer,1647391,Married
CUS001156,Rahul,Sharma,Female,58,rahul.sharma1156@gmail.com,9413681874,C072,Returning,20-06-2024,Email,Engineer,880857,Married
CUS001157,Priya,Patel,male,64,priya.patel1157@gmail.com,9857882043,C084,New,09-01-2024,WhatsApp,Teacher,2806351,Single
CUS001158,Priya,Iyer,MALE,59,priya.iyer1158@gmail.com,9585863936,C084,Premium,06-10-2024,WhatsApp,Business,1586534,Married
CUS001159,Priya,Iyer,Female,43,priya.iyer1159@gmail.com,9198158861,C080,New,01-06-2024,Email,Business,2892496,Married
CUS001160,Priya,Sharma,Female,51,,9372683321,C055,New,20-01-2024,Email,Doctor,2189314,married
CUS001161,Aarav,Iyer,Male,64,aarav.iyer1161@gmail.com,9122400747,C239,premium,10-03-2024,Email,Business,1120510,Single
CUS001162,Ananya,Singh,Female,26,ananya.singh1162@gmail.com,9414514198,C128,Returning,02-09-2024,WhatsApp,Business,1862702,Single
CUS001163,Ananya,Nair,MALE,44,ananya.nair1163@gmail.com,9713333014,C018,New,05-08-2024,WhatsApp,Teacher,2068110,married
CUS001164,Rahul,Sharma,male,35,rahul.sharma1164@gmail.com,9878989583,C183,Premium,03-12-2024,Email,Business,672134,Single
CUS001165,Ananya,Reddy,Male,62,ananya.reddy1165@gmail.com,9267945870,C105,premium,01-09-2024,WhatsApp,Business,2664402,Single
CUS001166,Rahul,Patel,male,61,rahul.patel1166@gmail.com,9326713212,C023,Premium,16-02-2024,Email,Doctor,1644336,Single
CUS001167,Vikram,Sharma,FEMALE,36,vikram.sharma1167@gmail.com,9595210974,C182,Returning,06-01-2024,Phone,Doctor,1050536,married
CUS001168,Priya,Sharma,Male,58,priya.sharma1168@gmail.com,9294273350,C021,Premium,04-03-2024,WhatsApp,Teacher,1352589,Single
CUS001169,Vikram,Patel,Male,62,vikram.patel1169@gmail.com,9352765987,C113,Premium,14-09-2024,Email,Doctor,709825,Married
CUS001170,Priya,Reddy,Female,64,priya.reddy1170@gmail.com,9925135526,C244,New,25-08-2024,WhatsApp,Doctor,1474077,Married
CUS001171,Sneha,Reddy,FEMALE,45,sneha.reddy1171@gmail.com,9607748172,C061,New,06-07-2024,Phone,Doctor,1540812,Married
CUS001172,Priya,Iyer,MALE,57,priya.iyer1172@gmail.com,9253455062,C209,premium,06-02-2024,Email,Engineer,1299995,Married
CUS001173,Aarav,Sharma,Male,51,aarav.sharma1173@gmail.com,9835097519,C210,premium,17-03-2024,WhatsApp,Engineer,2238300,Single
CUS001174,Vikram,Reddy,FEMALE,58,vikram.reddy1174@gmail.com,9100647881,C051,Returning,25-02-2024,Phone,Doctor,419909,Married
CUS001175,Priya,Iyer,male,33,priya.iyer1175@gmail.com,9634745540,C022,Premium,27-02-2024,WhatsApp,Engineer,813106,Married
CUS001176,Aarav,Reddy,FEMALE,48,aarav.reddy1176@gmail.com,9402192177,C161,premium,13-03-2024,Email,Teacher,362802,Married
CUS001177,Sneha,Nair,Female,53,sneha.nair1177@gmail.com,9841943821,C176,Premium,14-05-2024,Email,Doctor,1588148,Single
CUS001178,Vikram,Singh,Female,22,vikram.singh1178@gmail.com,9557528476,C053,New,04-04-2024,Email,Teacher,2683938,married
CUS001179,Vikram,Iyer,MALE,65,vikram.iyer1179@gmail.com,9310729074,C139,Returning,17-09-2024,WhatsApp,Engineer,416538,Married
CUS001180,Priya,Reddy,Female,54,priya.reddy1180@gmail.com,9938442935,C060,New,27-02-2024,Email,Engineer,2276566,married
CUS001181,Rahul,Sharma,MALE,24,rahul.sharma1181@gmail.com,9517914941,C131,Returning,03-10-2024,WhatsApp,Business,869242,Married
CUS001182,Priya,Iyer,FEMALE,57,priya.iyer1182@gmail.com,9613033917,C132,premium,26-09-2024,Phone,Business,357669,Single
CUS001183,Sneha,Sharma,male,38,sneha.sharma1183@gmail.com,9801547691,C164,Premium,07-06-2024,Email,Engineer,2096252,Married
CUS001184,Vikram,Sharma,Female,59,vikram.sharma1184@gmail.com,9944601973,C084,Returning,09-10-2024,Email,Business,1545560,married
CUS001185,Ananya,Nair,male,58,ananya.nair1185@gmail.com,9730784368,C199,Premium,26-05-2024,WhatsApp,Engineer,2267632,married
CUS001186,Vikram,Nair,Male,61,vikram.nair1186@gmail.com,9659245658,C094,Returning,09-09-2024,Email,Engineer,750047,Married
CUS001187,Priya,Singh,Male,48,priya.singh1187@gmail.com,9502962211,C238,Returning,27-09-2024,Phone,Doctor,638657,married
CUS001188,Sneha,Iyer,Male,46,sneha.iyer1188@gmail.com,98 52322185,C175,Returning,24-09-2024,Email,Business,2575772,Single
CUS001189,Rahul,Sharma,MALE,37,rahul.sharma1189@gmail.com,9276369299,C128,premium,28-12-2024,Email,Business,2977006,married
CUS001190, Aarav,Patel,male,38,aarav.patel1190@gmail.com,9197226769,C091,Premium,27-02-2024,WhatsApp,Doctor,2484251,Married
CUS001191,Sneha,Nair,MALE,42,sneha.nair1191@gmail.com,9544363808,C095,Premium,06-01-2024,Phone,Teacher,1678849,Single
CUS001192,Vikram,Reddy,FEMALE,61,vikram.reddy1192@gmail.com,9438065541,C204,New,08-03-2024,Email,Teacher,496702,Married
CUS001193,Ananya,Singh,MALE,55,ananya.singh1193@gmail.com,9567270129,C043,Returning,20-09-2024,Email,Teacher,1595788,Single
CUS001194,Priya,Singh,Male,62,priya.singh1194@gmail.com,9107521286,C112,Returning,14-11-2024,WhatsApp,Business,2289758,Married
CUS001195,Ananya,Nair,FEMALE,60,ananya.nair1195@gmail.com,9401173967,C079,Returning,06-04-2024,WhatsApp,Business,1274585,married
CUS001196,Rahul,Reddy,Female,45,rahul.reddy1196@gmail.com,9693166057,C019,Returning,04-11-2024,WhatsApp,Doctor,1312415,married
CUS001197,Rahul,Iyer,male,49,rahul.iyer1197@gmail.com,9665218580,C109,New,13-06-2024,Email,Engineer,1980964,Single
CUS001198,Aarav,Nair,FEMALE,26,aarav.nair1198@gmail.com,9825461852,C026,premium,13-12-2024,WhatsApp,Engineer,2360806,Single
CUS001199,Priya,Singh,FEMALE,52,priya.singh1199@gmail.com,9399348746,C075,New,16-09-2024,Email,Business,854923,Single
CUS001200,Sneha,Singh,male,54,,9705064606,C181,Premium,25-02-2024,Phone,,1844890,Single
CUS001201,Priya,Nair,FEMALE,43,priya.nair1201@gmail.com,9509859113,C230,Returning,05-05-2024,Email,Engineer,2261575,Married
CUS001202,Priya,Sharma,Female,41,priya.sharma1202@gmail.com,9312799168,C218,Premium,08-04-2024,Phone,Business,2141964,Single
CUS001203,Aarav,Iyer,male,52,aarav.iyer1203@gmail.com,9325566182,C076,premium,25-05-2024,Email,Teacher,1318538,married
CUS001204,Ananya,Reddy,Male,35,ananya.reddy1204@gmail.com,9196897994,C178,Premium,16-10-2024,Phone,Doctor,2589260,Single
CUS001205,Ananya,Nair,MALE,32,ananya.nair1205@gmail.com,9327160355,C034,Premium,28-07-2024,WhatsApp,Teacher,725647,Single
CUS001206,Sneha,Patel,MALE,30,sneha.patel1206@gmail.com,9977406534,C183,New,20-07-2024,Phone,Teacher,2626956,married
CUS001207,Ananya,Reddy,MALE,38,ananya.reddy1207@gmail.com,9167771778,C208,premium,02-08-2024,Email,Doctor,2587517,Married
CUS001208,Aarav,Nair,Male,26,aarav.nair1208@gmail.com,9951376515,C242,New,24-07-2024,Phone,Engineer,2751469,Single
CUS001209,Priya,Reddy,FEMALE,31,priya.reddy1209@gmail.com,9688644843,C111,Premium,25-10-2024,WhatsApp,Engineer,592833,Married
CUS001210,Sneha,Iyer,MALE,24,sneha.iyer1210@gmail.com,,C041,Returning,10-11-2024,Phone,Engineer,720726,married
CUS001211,Sneha,Nair,MALE,61,sneha.nair1211@gmail.com,9553486229,C218,Premium,28-06-2024,Email,Doctor,1064303,married
CUS001212,Ananya,Nair,Female,38,ananya.nair1212@gmail.com,9728146015,C218,New,23-12-2024,Phone,Business,2855322,Married
CUS001213,Aarav,Iyer,Female,29,aarav.iyer1213@gmail.com,9447251744,C236,premium,08-12-2024,Email,Teacher,1264685,married
CUS001214,Ananya,Sharma,FEMALE,29,ananya.sharma1214@gmail.com,9557095098,C102,New,05-06-2024,WhatsApp,Engineer,1645097,Married
CUS001215,Rahul,Sharma,Female,55,rahul.sharma1215@gmail.com,9564381010,C223,Premium,28-02-2024,Email,Engineer,2372616,Single
CUS001216,Rahul,Patel,Female,56,rahul.patel1216@gmail.com,9190844877,C250,New,21-03-2024,Email,Engineer,2383729,Married
CUS001217,Aarav,Nair,FEMALE,43,aarav.nair1217@gmail.com,9192662760,C156,Premium,07-04-2024,Phone,Engineer,2640234,Married
CUS001218,Ananya,Reddy,Male,40,ananya.reddy1218@gmail.com,9909348925,C207,premium,12-04-2024,Phone,Business,559872,Married
CUS001219,Vikram,Sharma,male,30,vikram.sharma1219@gmail.com,9730078841,C213,New,28-07-2024,Email,Doctor,938053,married
CUS001220,Priya,Sharma,male,22,priya.sharma1220@gmail.com,9776220662,C217,Returning,24-11-2024,Email,Teacher,1197769,Single
CUS001221,Rahul,Sharma,male,41,rahul.sharma1221@gmail.com,98 81729213,C169,Premium,26-10-2024,Phone,Engineer,2998044,Married
CUS001222,Ananya,Iyer,Male,38,ananya.iyer1222@gmail.com,9708830511,C016,New,11-06-2024,Email,Doctor,2828190,Married
CUS001223,Sneha,Sharma,male,23,sneha.sharma1223@gmail.com,9254534081,C199,Returning,02-11-2024,WhatsApp,Engineer,1794132,Single
CUS001224,Priya,Reddy,FEMALE,46,priya.reddy1224@gmail.com,9436977418,C125,New,16-06-2024,Email,Engineer,2052456,Married
CUS001225,Aarav,Nair,FEMALE,56,aarav.nair1225@gmail.com,9616839567,C051,Returning,23-11-2024,WhatsApp,Engineer,1538205,Single
CUS001226,Ananya,Nair,Male,61,ananya.nair1226@gmail.com,9515133642,C049,Premium,09-09-2024,Phone,Engineer,459512,Married
CUS001227,Ananya,Reddy,male,51,ananya.reddy1227@gmail.com,9630330030,C065,New,08-05-2024,Phone,Teacher,1531360,married
CUS001228,Vikram,Singh,Male,53,vikram.singh1228@gmail.com,9372918521,C239,New,13-05-2024,WhatsApp,Engineer,1640925,married
CUS001229,Vikram,Patel,Male,52,vikram.patel1229@gmail.com,9909571882,C050,premium,11-10-2024,WhatsApp,Teacher,2544019,married
CUS001230,Aarav,Iyer,Female,55,aarav.iyer1230@gmail.com,9481505721,C079,premium,28-05-2024,Email,Engineer,1111401,Single
CUS001231,Rahul,Nair,FEMALE,40,rahul.nair1231@gmail.com,9523216795,C217,Returning,03-05-2024,Phone,Teacher,2774626,married
CUS001232,Priya,Patel,male,28,priya.patel1232@gmail.com,9196852279,C035,Premium,23-09-2024,WhatsApp,Business,681430,married
CUS001233,Priya,Iyer,Female,35,priya.iyer1233@gmail.com,9918879314,C156,New,24-06-2024,Phone,Engineer,2628601,Single
CUS001234,Sneha,Reddy,Female,44,sneha.reddy1234@gmail.com,9723484459,C185,premium,18-05-2024,WhatsApp,Business,1053229,Married
CUS001235,Ananya,Sharma,male,34,ananya.sharma1235@gmail.com,9559336267,C242,Premium,15-08-2024,Phone,Engineer,1893315,married
CUS001236,Rahul,Sharma,MALE,30,rahul.sharma1236@gmail.com,9921926198,C104,New,19-01-2024,Phone,Doctor,1162920,Married
CUS001237,Ananya,Sharma,FEMALE,32,ananya.sharma1237@gmail.com,9952268750,C117,premium,25-06-2024,Phone,Engineer,2116977,married
CUS001238,Priya,Patel,FEMALE,64,priya.patel1238@gmail.com,9895340887,C043,Returning,02-01-2024,WhatsApp,Teacher,1625478,married
CUS001239,Vikram,Sharma,FEMALE,31,vikram.sharma1239@gmail.com,9818382646,C013,New,24-02-2024,WhatsApp,Teacher,2770154,Married
CUS001240,Ananya,Singh,MALE,50,,9550965919,C018,Returning,14-09-2024,Phone,Doctor,578404,married
CUS001241,Rahul,Sharma,FEMALE,61,rahul.sharma1241@gmail.com,9147191712,C113,New,01-04-2024,Phone,Teacher,2528178,Single
CUS001242,Rahul,Iyer,male,38,rahul.iyer1242@gmail.com,9456765312,C026,premium,10-08-2024,Phone,Business,853779,Married
CUS001243,Ananya,Patel,Male,58,ananya.patel1243@gmail.com,9472153255,C119,premium,11-07-2024,Phone,Engineer,1782879,Single
CUS001244,Sneha,Iyer,male,40,sneha.iyer1244@gmail.com,9833999789,C209,premium,27-04-2024,Email,Teacher,1837145,Single
CUS001245,Ananya,Nair,Female,29,ananya.nair1245@gmail.com,9349440599,C089,Returning,23-04-2024,Email,Business,499648,married
CUS001246,Priya,Sharma,Female,55,priya.sharma1246@gmail.com,9587290099,C175,New,16-11-2024,Email,Doctor,918478,married
CUS001247,Vikram,Iyer,Female,51,vikram.iyer1247@gmail.com,9326145057,C033,premium,15-09-2024,Phone,Business,2497814,Married
CUS001248,Ananya,Iyer,FEMALE,22,ananya.iyer1248@gmail.com,9179811530,C008,Premium,11-05-2024,Phone,Doctor,1804225,Married
CUS001249,Priya,Singh,Female,55,priya.singh1249@gmail.com,9106366170,C235,New,04-10-2024,WhatsApp,Business,818114,married
CUS001250,Aarav,Nair,FEMALE,38,aarav.nair1250@gmail.com,9305985995,C188,Returning,23-08-2024,Email,Engineer,2810545,Married
CUS001251,Sneha,Sharma,MALE,45,sneha.sharma1251@gmail.com,9380473983,C056,Premium,20-08-2024,WhatsApp,Teacher,643652,Married
CUS001252,Aarav,Sharma,male,50,aarav.sharma1252@gmail.com,9709501502,C123,Returning,24-08-2024,Email,Engineer,1389260,Single
CUS001253,Priya,Reddy,MALE,23,priya.reddy1253@gmail.com,9250091774,C034,Premium,01-08-2024,Phone,Business,2234880,Single
CUS001254,Aarav,Sharma,FEMALE,55,aarav.sharma1254@gmail.com,98 42813017,C019,premium,01-03-2024,Email,Engineer,2448106,married
CUS001255,Vikram,Patel,MALE,24,vikram.patel1255@gmail.com,9148990828,C087,premium,15-09-2024,WhatsApp,Business,1645201,Single
CUS001256,Rahul,Singh,male,44,rahul.singh1256@gmail.com,9658851558,C003,Returning,11-07-2024,WhatsApp,Doctor,809712,Single
CUS001257,Priya,Nair,Male,45,priya.nair1257@gmail.com,9291907067,C145,premium,19-08-2024,Email,Business,2564097,Married
CUS001258,Rahul,Patel,FEMALE,43,rahul.patel1258@gmail.com,9517505416,C069,premium,16-07-2024,Email,Business,1451522,married
CUS001259,Sneha,Reddy,male,53,sneha.reddy1259@gmail.com,9951625270,C077,Returning,16-05-2024,Phone,Business,543115,married
CUS001260, Vikram,Nair,male,29,vikram.nair1260@gmail.com,9247760100,C010,Returning,08-09-2024,Email,,2659707,Married
CUS001261,Ananya,Reddy,FEMALE,47,ananya.reddy1261@gmail.com,9870083489,C072,New,05-05-2024,WhatsApp,Engineer,1673865,married
CUS001262,Ananya,Nair,MALE,61,ananya.nair1262@gmail.com,9236597887,C117,premium,26-07-2024,Email,Teacher,637529,Married
CUS001263,Priya,Patel,male,24,priya.patel1263@gmail.com,9273854865,C101,New,02-09-2024,WhatsApp,Doctor,2368129,married
CUS001264,Sneha,Sharma,FEMALE,48,sneha.sharma1264@gmail.com,9290386257,C206,premium,19-03-2024,WhatsApp,Engineer,879292,Married
CUS001265,Vikram,Reddy,male,52,vikram.reddy1265@gmail.com,,C102,New,08-04-2024,Phone,Business,2355863,Single
CUS001266,Ananya,Sharma,Female,31,ananya.sharma1266@gmail.com,9452490782,C076,New,27-10-2024,Email,Engineer,356140,Married
CUS001267,Sneha,Singh,Male,25,sneha.singh1267@gmail.com,9807909850,C165,Premium,04-06-2024,WhatsApp,Doctor,1913404,Married
CUS001268,Rahul,Nair,Male,38,rahul.nair1268@gmail.com,9842840932,C078,Premium,10-11-2024,Phone,Business,1430488,Married
CUS001269,Priya,Nair,male,55,priya.nair1269@gmail.com,9650212508,C122,Returning,24-09-2024,Phone,Doctor,608890,Single
CUS001270,Vikram,Reddy,Female,56,vikram.reddy1270@gmail.com,9741007939,C192,Premium,13-01-2024,Phone,Engineer,1680995,married
CUS001271,Rahul,Iyer,Female,28,rahul.iyer1271@gmail.com,9309762737,C225,premium,13-11-2024,WhatsApp,Engineer,593314,Married
CUS001272,Vikram,Reddy,Female,39,vikram.reddy1272@gmail.com,9632123956,C211,New,10-04-2024,Email,Engineer,1057646,married
CUS001273,Ananya,Iyer,Female,38,ananya.iyer1273@gmail.com,9738503211,C109,Premium,05-08-2024,Email,Doctor,403235,married
CUS001274,Priya,Singh,male,50,priya.singh1274@gmail.com,9779474883,C003,New,26-07-2024,WhatsApp,Engineer,1133852,Single
CUS001275,Priya,Singh,Female,45,priya.singh1275@gmail.com,9831567834,C104,Returning,25-12-2024,WhatsApp,Business,1084611,married
CUS001276,Rahul,Patel,FEMALE,23,rahul.patel1276@gmail.com,9479082019,C052,Returning,08-12-2024,Email,Engineer,2813508,married
CUS001277,Sneha,Iyer,FEMALE,51,sneha.iyer1277@gmail.com,9161191175,C091,New,06-02-2024,Phone,Engineer,791437,Married
CUS001278,Rahul,Singh,Male,34,rahul.singh1278@gmail.com,9416610257,C250,Returning,23-03-2024,Email,Doctor,539660,Married
CUS001279,Aarav,Iyer,Female,41,aarav.iyer1279@gmail.com,9624194792,C126,New,09-07-2024,WhatsApp,Teacher,843055,Single
CUS001280,Priya,Singh,Male,56,,9823354178,C052,premium,01-10-2024,Phone,Business,1757969,married
CUS001281,Priya,Patel,Male,53,priya.patel1281@gmail.com,9435653230,C058,Premium,07-11-2024,Phone,Business,2106023,Single
CUS001282,Rahul,Patel,male,54,rahul.patel1282@gmail.com,9863381209,C086,New,06-05-2024,WhatsApp,Doctor,1946232,Married
CUS001283,Priya,Nair,Male,34,priya.nair1283@gmail.com,9280929935,C121,New,10-12-2024,Email,Teacher,1066518,Married
CUS001284,Ananya,Iyer,FEMALE,47,ananya.iyer1284@gmail.com,9697888784,C179,Premium,20-06-2024,Email,Doctor,695167,married
CUS001285,Rahul,Singh,MALE,29,rahul.singh1285@gmail.com,9808952767,C202,New,28-03-2024,Phone,Teacher,1284940,Single
CUS001286,Vikram,Iyer,MALE,48,vikram.iyer1286@gmail.com,9370083023,C013,New,20-09-2024,Phone,Business,2435893,Married
CUS001287,Priya,Sharma,male,45,priya.sharma1287@gmail.com,98 11479780,C108,premium,19-05-2024,Email,Business,1546881,married
CUS001288,Sneha,Nair,male,38,sneha.nair1288@gmail.com,9107457339,C219,Returning,22-04-2024,WhatsApp,Teacher,1130308,married
CUS001289,Sneha,Reddy,male,33,sneha.reddy1289@gmail.com,9934219407,C085,premium,09-08-2024,Phone,Business,1455731,Married
CUS001290,Vikram,Nair,male,24,vikram.nair1290@gmail.com,9568629775,C090,New,16-07-2024,Phone,Business,2678316,Married
CUS001291,Ananya,Iyer,MALE,39,ananya.iyer1291@gmail.com,9680285575,C123,Premium,15-02-2024,WhatsApp,Business,1383662,Single
CUS001292,Rahul,Reddy,FEMALE,50,rahul.reddy1292@gmail.com,9366025400,C023,premium,04-07-2024,Phone,Business,965450,married
CUS001293,Aarav,Singh,male,58,aarav.singh1293@gmail.com,9491368184,C022,New,21-11-2024,WhatsApp,Engineer,548030,Single
CUS001294,Aarav,Singh,MALE,24,aarav.singh1294@gmail.com,9671415248,C218,premium,10-04-2024,Email,Business,1668216,Single
CUS001295,Sneha,Reddy,MALE,56,sneha.reddy1295@gmail.com,9803729559,C075,Premium,10-10-2024,WhatsApp,Engineer,541188,Single
CUS001296,Priya,Nair,FEMALE,53,priya.nair1296@gmail.com,9962024033,C014,premium,23-04-2024,Phone,Teacher,1042488,Single
CUS001297,Vikram,Nair,MALE,59,vikram.nair1297@gmail.com,9408524442,C188,Returning,20-09-2024,Phone,Business,1313796,married
CUS001298,Priya,Sharma,male,62,priya.sharma1298@gmail.com,9336480875,C229,Returning,17-05-2024,Email,Teacher,2306857,Married
CUS001299,Sneha,Patel,MALE,31,sneha.patel1299@gmail.com,9173711581,C148,New,01-10-2024,WhatsApp,Teacher,2752284,Single
CUS001300,Vikram,Singh,Female,23,vikram.singh1300@gmail.com,9845801358,C229,Premium,13-10-2024,Phone,Engineer,1432461,married
CUS001301,Ananya,Nair,Male,59,ananya.nair1301@gmail.com,9544492416,C021,New,22-04-2024,WhatsApp,Engineer,1560647,Married
CUS001302,Sneha,Sharma,male,38,sneha.sharma1302@gmail.com,9630738340,C157,Returning,21-08-2024,Email,Business,860564,Single
CUS001303,Vikram,Singh,Female,44,vikram.singh1303@gmail.com,9142660094,C071,New,24-11-2024,WhatsApp,Teacher,436928,Married
CUS001304,Ananya,Iyer,Female,33,ananya.iyer1304@gmail.com,9794375290,C175,Returning,23-09-2024,Phone,Doctor,489287,married
CUS001305,Priya,Nair,FEMALE,53,priya.nair1305@gmail.com,9922108198,C202,New,08-06-2024,Phone,Teacher,613509,Single
CUS001306,Priya,Nair,MALE,60,priya.nair1306@gmail.com,9366359068,C148,Returning,08-11-2024,Phone,Engineer,837797,Single
CUS001307,Aarav,Reddy,Female,29,aarav.reddy1307@gmail.com,9819966640,C197,Premium,09-04-2024,Email,Engineer,1720625,Single
CUS001308,Sneha,Nair,FEMALE,58,sneha.nair1308@gmail.com,9483509891,C250,New,05-07-2024,WhatsApp,Doctor,1783010,Married
CUS001309,Priya,Singh,male,49,priya.singh1309@gmail.com,9900805272,C164,Returning,10-07-2024,WhatsApp,Teacher,1704088,Single
CUS001310,Priya,Reddy,Male,49,priya.reddy1310@gmail.com,9552434230,C197,Returning,02-05-2024,Email,Business,2472410,married
CUS001311,Sneha,Sharma,FEMALE,30,sneha.sharma1311@gmail.com,9592728996,C193,Returning,17-01-2024,WhatsApp,Engineer,2060295,Married
CUS001312,Aarav,Reddy,FEMALE,33,aarav.reddy1312@gmail.com,9177483880,C051,Premium,25-01-2024,Phone,Business,2944509,married
CUS001313,Sneha,Iyer,Male,50,sneha.iyer1313@gmail.com,9594588292,C059,Premium,08-07-2024,Email,Engineer,1710490,Single
CUS001314,Sneha,Singh,MALE,32,sneha.singh1314@gmail.com,9657051180,C035,Returning,28-02-2024,Email,Engineer,2472894,Single
CUS001315,Priya,Patel,FEMALE,59,priya.patel1315@gmail.com,9540574932,C013,premium,04-05-2024,WhatsApp,Business,2238880,Single
CUS001316,Priya,Patel,Female,28,priya.patel1316@gmail.com,9823804086,C005,New,21-04-2024,WhatsApp,Engineer,1068830,Single
CUS001317,Ananya,Nair,Male,27,ananya.nair1317@gmail.com,9437542940,C111,New,04-03-2024,Phone,Business,2843982,married
CUS001318,Rahul,Sharma,Male,62,rahul.sharma1318@gmail.com,9103718925,C246,New,12-07-2024,Phone,Teacher,802866,married
CUS001319,Ananya,Singh,MALE,39,ananya.singh1319@gmail.com,9735025117,C142,Premium,10-06-2024,Phone,Business,2661961,married
CUS001320,Priya,Patel,MALE,63,,,C069,New,27-11-2024,WhatsApp,,1737566,Married
CUS001321,Priya,Nair,Male,22,priya.nair1321@gmail.com,9870138408,C007,Premium,19-05-2024,Phone,Doctor,939324,Single
CUS001322,Aarav,Sharma,male,36,aarav.sharma1322@gmail.com,9934152343,C050,New,05-11-2024,Email,Teacher,2828207,Married
CUS001323,Rahul,Reddy,FEMALE,31,rahul.reddy1323@gmail.com,9401073873,C033,New,23-08-2024,Email,Teacher,2076545,married
CUS001324,Aarav,Sharma,Female,51,aarav.sharma1324@gmail.com,9628580257,C013,New,22-07-2024,Email,Engineer,2292239,Single
CUS001325,Vikram,Reddy,FEMALE,41,vikram.reddy1325@gmail.com,9734852050,C202,premium,13-06-2024,Phone,Teacher,332595,Single
CUS001326,Sneha,Iyer,Male,51,sneha.iyer1326@gmail.com,9383732903,C122,New,27-04-2024,Phone,Business,1992257,married
CUS001327,Ananya,Iyer,Male,41,ananya.iyer1327@gmail.com,9998909561,C186,Returning,03-05-2024,Email,Teacher,531904,Single
CUS001328,Rahul,Singh,Male,54,rahul.singh1328@gmail.com,9975891526,C117,Returning,23-09-2024,Email,Doctor,1353132,married
CUS001329,Sneha,Iyer,male,57,sneha.iyer1329@gmail.com,9566414683,C022,premium,26-03-2024,Phone,Doctor,576813,Married
CUS001330, Priya,Sharma,MALE,42,priya.sharma1330@gmail.com,9126772517,C018,New,12-04-2024,WhatsApp,Doctor,1953889,Single
CUS001331,Priya,Patel,Male,62,priya.patel1331@gmail.com,9631667585,C210,Premium,25-10-2024,Phone,Doctor,1856669,Single
CUS001332,Rahul,Iyer,Male,25,rahul.iyer1332@gmail.com,9716858019,C014,Premium,03-03-2024,WhatsApp,Business,2489973,Married
CUS001333,Rahul,Iyer,male,59,rahul.iyer1333@gmail.com,9249739216,C181,Returning,27-03-2024,Phone,Business,1890507,Married
CUS001334,Ananya,Nair,male,31,ananya.nair1334@gmail.com,9125571330,C211,Returning,03-06-2024,Phone,Engineer,2071077,married
CUS001335,Vikram,Nair,MALE,60,vikram.nair1335@gmail.com,9946211461,C036,Premium,06-05-2024,Email,Business,1740426,Married
CUS001336,Ananya,Iyer,FEMALE,31,ananya.iyer1336@gmail.com,9364624111,C057,premium,19-03-2024,Email,Business,1711217,married
CUS001337,Priya,Sharma,MALE,42,priya.sharma1337@gmail.com,9993663299,C028,Returning,06-09-2024,Email,Doctor,1664305,Single
CUS001338,Priya,Sharma,FEMALE,40,priya.sharma1338@gmail.com,9654462372,C120,Returning,17-01-2024,WhatsApp,Teacher,2964359,Single
CUS001339,Ananya,Sharma,Female,54,ananya.sharma1339@gmail.com,9366786673,C079,Returning,27-05-2024,WhatsApp,Business,1588041,married
CUS001340,Aarav,Nair,MALE,54,aarav.nair1340@gmail.com,9840865057,C037,New,15-10-2024,Email,Doctor,971297,Single
CUS001341,Rahul,Reddy,Male,51,rahul.reddy1341@gmail.com,9176289220,C209,Returning,19-06-2024,Phone,Teacher,1007114,Married
CUS001342,Sneha,Iyer,male,39,sneha.iyer1342@gmail.com,9131952294,C119,New,14-08-2024,Phone,Doctor,2904375,Single
CUS001343,Vikram,Sharma,Male,36,vikram.sharma1343@gmail.com,9383954932,C076,Premium,12-08-2024,Phone,Teacher,1693309,Married
CUS001344,Vikram,Nair,FEMALE,45,vikram.nair1344@gmail.com,9398095755,C037,Premium,02-11-2024,Email,Doctor,803024,married
CUS001345,Priya,Sharma,FEMALE,46,priya.sharma1345@gmail.com,9266355642,C163,New,15-11-2024,Email,Business,1612851,Single
CUS001346,Ananya,Iyer,FEMALE,65,ananya.iyer1346@gmail.com,9300318498,C185,New,08-10-2024,Email,Teacher,2713131,married
CUS001347,Aarav,Nair,Female,32,aarav.nair1347@gmail.com,9193451808,C234,New,08-09-2024,Email,Engineer,2193698,married
CUS001348,Rahul,Reddy,MALE,32,rahul.reddy1348@gmail.com,9697512156,C020,New,04-06-2024,Email,Business,600297,married
CUS001349,Sneha,Reddy,FEMALE,64,sneha.reddy1349@gmail.com,9521027538,C047,New,28-01-2024,Phone,Teacher,2054557,Single
CUS001350,Sneha,Iyer,Female,54,sneha.iyer1350@gmail.com,9924387188,C215,Premium,03-11-2024,Email,Business,620750,Single
CUS001351,Priya,Nair,male,59,priya.nair1351@gmail.com,9576355923,C236,Premium,07-12-2024,Email,Doctor,426536,Married
CUS001352,Aarav,Iyer,FEMALE,47,aarav.iyer1352@gmail.com,9742964944,C013,Returning,05-12-2024,WhatsApp,Teacher,2126643,Married
CUS001353,Aarav,Sharma,MALE,24,aarav.sharma1353@gmail.com,98 61963375,C189,premium,18-10-2024,Phone,Business,2015765,Married
CUS001354,Aarav,Iyer,Female,49,aarav.iyer1354@gmail.com,9900046355,C141,premium,13-11-2024,WhatsApp,Business,2232134,married
CUS001355,Sneha,Singh,Female,31,sneha.singh1355@gmail.com,9313907798,C191,premium,18-09-2024,WhatsApp,Teacher,2098474,Single
CUS001356,Aarav,Iyer,male,49,aarav.iyer1356@gmail.com,9535882097,C167,Premium,17-04-2024,Phone,Teacher,1105512,married
CUS001357,Ananya,Patel,MALE,48,ananya.patel1357@gmail.com,9820202219,C158,New,10-04-2024,Email,Doctor,1235646,Single
CUS001358,Ananya,Reddy,Male,56,ananya.reddy1358@gmail.com,9892510105,C069,New,19-06-2024,WhatsApp,Teacher,1433993,Single
CUS001359,Ananya,Reddy,Female,53,ananya.reddy1359@gmail.com,9110928265,C001,Returning,01-02-2024,Email,Engineer,2576942,Single
CUS001360,Sneha,Sharma,FEMALE,32,,9230968268,C144,Returning,13-12-2024,Email,Business,2996718,Single
CUS001361,Vikram,Reddy,Male,29,vikram.reddy1361@gmail.com,9767427336,C118,Premium,01-07-2024,Email,Business,2112536,Married
CUS001362,Ananya,Sharma,male,50,ananya.sharma1362@gmail.com,9684378134,C203,premium,14-09-2024,WhatsApp,Business,1420318,Single
CUS001363,Vikram,Sharma,male,55,vikram.sharma1363@gmail.com,9196385776,C234,Returning,23-05-2024,Email,Engineer,1064450,married
CUS001364,Priya,Reddy,MALE,28,priya.reddy1364@gmail.com,9597751910,C131,Premium,06-11-2024,Email,Engineer,912887,Married
CUS001365,Aarav,Patel,Male,28,aarav.patel1365@gmail.com,9587143724,C126,premium,04-12-2024,Email,Engineer,1130813,Married
CUS001366,Vikram,Iyer,male,46,vikram.iyer1366@gmail.com,9631875155,C032,Premium,24-03-2024,WhatsApp,Doctor,2940535,married
CUS001367,Sneha,Sharma,Female,33,sneha.sharma1367@gmail.com,9688122509,C003,Premium,05-01-2024,WhatsApp,Engineer,2758365,married
CUS001368,Ananya,Nair,FEMALE,26,ananya.nair1368@gmail.com,9639019577,C037,Premium,14-11-2024,Phone,Engineer,2675041,Married
CUS001369,Ananya,Patel,male,38,ananya.patel1369@gmail.com,9794259813,C194,Returning,11-11-2024,Phone,Business,1017893,married
CUS001370,Priya,Sharma,Female,45,priya.sharma1370@gmail.com,9451065552,C044,Returning,04-05-2024,Phone,Doctor,1293101,Single
CUS001371,Priya,Patel,MALE,65,priya.patel1371@gmail.com,9431749544,C033,New,06-07-2024,Phone,Business,2778349,Single
CUS001372,Vikram,Sharma,MALE,40,vikram.sharma1372@gmail.com,9487154873,C149,Returning,08-10-2024,Email,Business,2544140,Married
CUS001373,Priya,Iyer,MALE,44,priya.iyer1373@gmail.com,9782192138,C214,Premium,20-03-2024,WhatsApp,Teacher,2003394,married
CUS001374,Sneha,Singh,male,35,sneha.singh1374@gmail.com,9640660056,C173,Premium,13-12-2024,Phone,Engineer,2272940,Married
CUS001375,Aarav,Iyer,Female,59,aarav.iyer1375@gmail.com,,C073,premium,11-02-2024,Email,Business,1765425,Married
CUS001376,Sneha,Reddy,FEMALE,62,sneha.reddy1376@gmail.com,9900935210,C126,premium,17-01-2024,Phone,Teacher,2977950,Single
CUS001377,Priya,Patel,MALE,23,priya.patel1377@gmail.com,9604531315,C241,Returning,09-09-2024,Email,Business,2834262,married
CUS001378,Aarav,Patel,MALE,57,aarav.patel1378@gmail.com,9379904008,C165,Premium,07-01-2024,WhatsApp,Doctor,1366251,Married
CUS001379,Vikram,Iyer,Male,24,vikram.iyer1379@gmail.com,9473675496,C239,Premium,13-05-2024,WhatsApp,Engineer,396241,married
CUS001380,Vikram,Patel,Male,64,vikram.patel1380@gmail.com,9732102364,C160,Premium,16-11-2024,WhatsApp,,629085,Married
CUS001381,Sneha,Reddy,Female,45,sneha.reddy1381@gmail.com,9101414174,C143,Premium,13-04-2024,Email,Teacher,2121825,Married
CUS001382,Rahul,Sharma,male,61,rahul.sharma1382@gmail.com,9333095078,C112,New,12-01-2024,Email,Doctor,1244485,Single
CUS001383,Aarav,Sharma,FEMALE,52,aarav.sharma1383@gmail.com,9252363162,C108,Returning,10-12-2024,WhatsApp,Doctor,2775174,Single
CUS001384,Rahul,Singh,MALE,43,rahul.singh1384@gmail.com,9219627563,C002,New,02-03-2024,Phone,Business,1228392,Married
CUS001385,Priya,Patel,Female,58,priya.patel1385@gmail.com,9616845525,C205,Premium,22-02-2024,Email,Doctor,2153187,Single
CUS001386,Rahul,Nair,Male,45,rahul.nair1386@gmail.com,98 19034763,C192,New,08-09-2024,Email,Doctor,313869,Single
CUS001387,Rahul,Sharma,Female,60,rahul.sharma1387@gmail.com,9675536264,C105,premium,19-04-2024,Phone,Engineer,2042182,Single
CUS001388,Aarav,Nair,MALE,30,aarav.nair1388@gmail.com,9539804802,C130,Returning,15-04-2024,Phone,Business,2680990,Single
CUS001389,Sneha,Reddy,Female,44,sneha.reddy1389@gmail.com,9563642050,C171,premium,22-12-2024,WhatsApp,Doctor,2808290,Married
CUS001390,Priya,Reddy,male,32,priya.reddy1390@gmail.com,9166181648,C010,Returning,23-08-2024,Phone,Business,504909,Married
CUS001391,Ananya,Reddy,Male,50,ananya.reddy1391@gmail.com,9957795382,C164,Premium,16-03-2024,Email,Business,2977637,married
CUS001392,Ananya,Iyer,Male,54,ananya.iyer1392@gmail.com,9796213210,C148,New,23-09-2024,Phone,Business,1540692,married
CUS001393,Rahul,Reddy,Female,27,rahul.reddy1393@gmail.com,9620174602,C130,premium,28-09-2024,WhatsApp,Teacher,2750645,Married
CUS001394,Ananya,Singh,male,62,ananya.singh1394@gmail.com,9453541422,C184,Returning,04-09-2024,Email,Business,627872,Single
CUS001395,Sneha,Patel,MALE,62,sneha.patel1395@gmail.com,9527514250,C174,Returning,09-09-2024,Phone,Business,2919136,married
CUS001396,Aarav,Sharma,male,65,aarav.sharma1396@gmail.com,9338058904,C134,Premium,08-06-2024,WhatsApp,Doctor,2171575,Married
CUS001397,Aarav,Reddy,FEMALE,38,aarav.reddy1397@gmail.com,9565041411,C060,Premium,16-12-2024,Email,Doctor,916237,Married
CUS001398,Priya,Reddy,male,37,priya.reddy1398@gmail.com,9961448188,C017,New,04-11-2024,Email,Engineer,1963797,Married
CUS001399,Vikram,Iyer,MALE,61,vikram.iyer1399@gmail.com,9888778983,C248,New,16-03-2024,Phone,Doctor,894024,Married
CUS001400, Rahul,Singh,FEMALE,40,,9435672975,C105,Returning,14-05-2024,Phone,Engineer,329575,Single
CUS001401,Vikram,Patel,FEMALE,59,vikram.patel1401@gmail.com,9942102151,C119,New,05-12-2024,WhatsApp,Teacher,1933506,Single
CUS001402,Sneha,Nair,Male,27,sneha.nair1402@gmail.com,9559187352,C201,Returning,04-11-2024,WhatsApp,Business,2557404,Single
CUS001403,Priya,Reddy,Male,33,priya.reddy1403@gmail.com,9431145043,C197,premium,07-09-2024,Email,Doctor,1203600,Married
CUS001404,Aarav,Reddy,FEMALE,24,aarav.reddy1404@gmail.com,9797416025,C138,premium,25-09-2024,Phone,Teacher,666362,married
CUS001405,Rahul,Sharma,MALE,34,rahul.sharma1405@gmail.com,9516119164,C115,premium,04-07-2024,Phone,Teacher,2319508,Single
CUS001406,Vikram,Sharma,Male,47,vikram.sharma1406@gmail.com,9575831671,C046,premium,11-08-2024,Phone,Business,2052372,Single
CUS001407,Sneha,Patel,male,34,sneha.patel1407@gmail.com,9180088159,C244,New,10-11-2024,Email,Doctor,1670274,Married
CUS001408,Vikram,Reddy,male,24,vikram.reddy1408@gmail.com,9793803057,C054,Returning,28-03-2024,WhatsApp,Business,394486,Single
CUS001409,Rahul,Reddy,FEMALE,58,rahul.reddy1409@gmail.com,9725988464,C175,premium,04-03-2024,WhatsApp,Doctor,2360557,Married
CUS001410,Aarav,Iyer,Female,61,aarav.iyer1410@gmail.com,9532274065,C206,Premium,17-07-2024,WhatsApp,Engineer,2768379,Single
CUS001411,Ananya,Nair,MALE,40,ananya.nair1411@gmail.com,9579526658,C103,premium,08-04-2024,WhatsApp,Engineer,1185479,Single
CUS001412,Ananya,Iyer,Female,47,ananya.iyer1412@gmail.com,9683625508,C155,Premium,17-07-2024,Email,Teacher,2050164,Single
CUS001413,Rahul,Sharma,FEMALE,59,rahul.sharma1413@gmail.com,9919409714,C196,premium,08-10-2024,Email,Engineer,2022539,Single
CUS001414,Rahul,Reddy,Male,46,rahul.reddy1414@gmail.com,9839675827,C145,premium,02-07-2024,Phone,Teacher,2385783,married
CUS001415,Vikram,Iyer,MALE,43,vikram.iyer1415@gmail.com,9869282756,C101,Returning,23-03-2024,Phone,Business,887852,Married
CUS001416,Rahul,Patel,male,37,rahul.patel1416@gmail.com,9385384253,C064,Returning,28-11-2024,Email,Engineer,1131825,married
CUS001417,Ananya,Nair,MALE,31,ananya.nair1417@gmail.com,9456286294,C198,Returning,17-11-2024,Email,Business,346582,Married
CUS001418,Ananya,Patel,FEMALE,59,ananya.patel1418@gmail.com,9390616653,C078,Premium,03-01-2024,Phone,Doctor,2760101,Single
CUS001419,Aarav,Reddy,MALE,55,aarav.reddy1419@gmail.com,98 49395259,C188,premium,23-08-2024,Phone,Engineer,1858865,Married
CUS001420,Rahul,Sharma,MALE,29,rahul.sharma1420@gmail.com,9569078383,C189,Returning,17-02-2024,Phone,Business,684614,Married
CUS001421,Ananya,Patel,male,46,ananya.patel1421@gmail.com,9108932626,C243,New,17-05-2024,WhatsApp,Engineer,2619034,Married
CUS001422,Priya,Iyer,Male,53,priya.iyer1422@gmail.com,9796015131,C030,premium,10-02-2024,Phone,Business,2779119,Single
CUS001423,Vikram,Sharma,MALE,50,vikram.sharma1423@gmail.com,9686099106,C058,Returning,15-12-2024,WhatsApp,Teacher,2936752,Married
CUS001424,Sneha,Iyer,Male,57,sneha.iyer1424@gmail.com,9387013118,C150,premium,20-04-2024,Email,Teacher,2634578,Single
CUS001425,Sneha,Sharma,FEMALE,34,sneha.sharma1425@gmail.com,9625355336,C050,premium,12-10-2024,WhatsApp,Business,1008001,married
CUS001426,Sneha,Nair,FEMALE,23,sneha.nair1426@gmail.com,9782459087,C039,Returning,12-06-2024,WhatsApp,Teacher,912954,Married
CUS001427,Vikram,Reddy,FEMALE,47,vikram.reddy1427@gmail.com,9351762141,C093,Premium,22-09-2024,Phone,Business,2038976,married
CUS001428,Ananya,Singh,male,27,ananya.singh1428@gmail.com,9400839474,C141,Premium,06-06-2024,Email,Teacher,2588087,Single
CUS001429,Priya,Patel,Female,57,priya.patel1429@gmail.com,9953584597,C073,Returning,21-08-2024,Email,Engineer,1517755,Single
CUS001430,Aarav,Sharma,FEMALE,61,aarav.sharma1430@gmail.com,,C174,premium,21-02-2024,Email,Engineer,2761192,Single
CUS001431,Vikram,Nair,male,40,vikram.nair1431@gmail.com,9619435116,C009,Returning,17-06-2024,WhatsApp,Business,1926564,Married
CUS001432,Aarav,Sharma,Male,29,aarav.sharma1432@gmail.com,9432531117,C230,Premium,21-11-2024,Email,Doctor,2168091,married
CUS001433,Sneha,Sharma,Male,39,sneha.sharma1433@gmail.com,9254971971,C143,New,20-04-2024,WhatsApp,Business,2869106,Single
CUS001434,Priya,Patel,MALE,56,priya.patel1434@gmail.com,9735627922,C127,Premium,04-11-2024,Email,Business,1315998,married
CUS001435,Sneha,Nair,Male,64,sneha.nair1435@gmail.com,9689886200,C064,Returning,04-06-2024,Email,Engineer,2198502,Single
CUS001436,Ananya,Sharma,MALE,58,ananya.sharma1436@gmail.com,9586201598,C247,Returning,21-11-2024,Email,Teacher,1305498,Married
CUS001437,Rahul,Singh,male,34,rahul.singh1437@gmail.com,9214053098,C126,New,12-08-2024,Email,Business,2170265,married
CUS001438,Sneha,Patel,MALE,51,sneha.patel1438@gmail.com,9821652091,C145,premium,28-06-2024,Email,Teacher,2299068,Married
CUS001439,Sneha,Iyer,MALE,59,sneha.iyer1439@gmail.com,9585393367,C067,Returning,27-11-2024,WhatsApp,Engineer,1022464,Married
CUS001440,Aarav,Nair,Male,50,,9215188384,C219,Returning,08-09-2024,Phone,,2712676,married
CUS001441,Vikram,Sharma,Female,43,vikram.sharma1441@gmail.com,9132399650,C107,Returning,18-03-2024,Email,Business,1547142,married
CUS001442,Sneha,Patel,Male,28,sneha.patel1442@gmail.com,9894980607,C011,Premium,26-10-2024,Phone,Engineer,1443098,married
CUS001443,Aarav,Patel,MALE,40,aarav.patel1443@gmail.com,9829045454,C201,New,07-12-2024,Phone,Engineer,1797653,Married
CUS001444,Priya,Singh,male,48,priya.singh1444@gmail.com,9921672240,C150,Returning,25-07-2024,Phone,Teacher,2661852,Married
CUS001445,Ananya,Iyer,FEMALE,46,ananya.iyer1445@gmail.com,9630810480,C053,Returning,27-06-2024,WhatsApp,Doctor,2334149,Single
CUS001446,Priya,Reddy,MALE,51,priya.reddy1446@gmail.com,9429414332,C093,Returning,26-04-2024,WhatsApp,Doctor,448411,Married
CUS001447,Rahul,Patel,male,62,rahul.patel1447@gmail.com,9309417738,C210,Premium,06-02-2024,Phone,Engineer,2388230,Married
CUS001448,Ananya,Nair,MALE,59,ananya.nair1448@gmail.com,9547427159,C148,Returning,24-07-2024,Email,Business,408315,Married
CUS001449,Vikram,Iyer,MALE,45,vikram.iyer1449@gmail.com,9659918972,C109,New,27-03-2024,WhatsApp,Engineer,2368046,Single
CUS001450,Aarav,Iyer,Female,61,aarav.iyer1450@gmail.com,9980722834,C040,New,18-12-2024,Email,Engineer,1774635,married
CUS001451,Ananya,Patel,Male,33,ananya.patel1451@gmail.com,9981270011,C044,New,12-09-2024,Phone,Teacher,1496031,Married
CUS001452,Ananya,Singh,Male,36,ananya.singh1452@gmail.com,98 77737304,C109,Returning,06-02-2024,Phone,Doctor,2246303,married
CUS001453,Aarav,Iyer,Male,49,aarav.iyer1453@gmail.com,9109721560,C079,Premium,05-02-2024,WhatsApp,Engineer,1148963,Married
CUS001454,Ananya,Sharma,MALE,57,ananya.sharma1454@gmail.com,9373256343,C215,premium,13-12-2024,WhatsApp,Teacher,1674360,Single
CUS001455,Vikram,Nair,male,31,vikram.nair1455@gmail.com,9413142372,C205,premium,28-05-2024,Phone,Engineer,1124575,Single
CUS001456,Ananya,Singh,male,59,ananya.singh1456@gmail.com,9874577622,C137,New,20-08-2024,WhatsApp,Business,1871458,Married
CUS001457,Sneha,Singh,FEMALE,55,sneha.singh1457@gmail.com,9949403040,C119,premium,18-05-2024,Email,Doctor,1383611,Single
CUS001458,Aarav,Iyer,MALE,35,aarav.iyer1458@gmail.com,9759216641,C223,Premium,18-07-2024,Phone,Doctor,1561964,Single
CUS001459,Aarav,Sharma,Female,48,aarav.sharma1459@gmail.com,9452575266,C021,Returning,26-11-2024,Email,Business,1189484,Married
CUS001460,Vikram,Patel,MALE,65,vikram.patel1460@gmail.com,9230465825,C162,New,14-10-2024,Phone,Teacher,1331438,Single
CUS001461,Ananya,Iyer,Female,28,ananya.iyer1461@gmail.com,9717666811,C076,premium,27-03-2024,Email,Teacher,934802,married
CUS001462,Priya,Sharma,Male,34,priya.sharma1462@gmail.com,9157548682,C041,premium,28-03-2024,Email,Engineer,2319169,married
CUS001463,Rahul,Reddy,MALE,55,rahul.reddy1463@gmail.com,9631483231,C182,Premium,21-04-2024,Phone,Engineer,2191141,Single
CUS001464,Rahul,Nair,MALE,48,rahul.nair1464@gmail.com,9325585692,C167,premium,11-11-2024,Email,Teacher,1701820,married
CUS001465,Ananya,Reddy,FEMALE,54,ananya.reddy1465@gmail.com,9687543985,C200,New,21-10-2024,Email,Doctor,1331962,Married
CUS001466,Vikram,Iyer,Male,36,vikram.iyer1466@gmail.com,9510483123,C031,Returning,23-03-2024,Phone,Business,2314031,married
CUS001467,Vikram,Reddy,male,56,vikram.reddy1467@gmail.com,9160081916,C018,Returning,28-07-2024,WhatsApp,Doctor,1117937,Married
CUS001468,Sneha,Singh,MALE,52,sneha.singh1468@gmail.com,9233326262,C067,Returning,23-01-2024,Phone,Engineer,2170607,married
CUS001469,Aarav,Singh,Male,22,aarav.singh1469@gmail.com,9100659810,C210,premium,10-01-2024,WhatsApp,Business,1896677,married
CUS001470, Rahul,Sharma,Male,62,rahul.sharma1470@gmail.com,9978689147,C209,New,10-08-2024,Phone,Teacher,2673800,Married
CUS001471,Priya,Iyer,Male,60,priya.iyer1471@gmail.com,9703066637,C030,Returning,17-02-2024,Email,Doctor,834682,Married
CUS001472,Ananya,Sharma,Male,49,ananya.sharma1472@gmail.com,9112085594,C199,premium,19-08-2024,Email,Doctor,1324906,Single
CUS001473,Ananya,Singh,Male,52,ananya.singh1473@gmail.com,9684606912,C205,premium,19-01-2024,WhatsApp,Doctor,422836,married
CUS001474,Sneha,Reddy,MALE,57,sneha.reddy1474@gmail.com,9360366193,C087,Premium,13-02-2024,Phone,Teacher,1257267,Married
CUS001475,Vikram,Singh,FEMALE,55,vikram.singh1475@gmail.com,9857998991,C247,New,27-09-2024,WhatsApp,Engineer,1603726,married
CUS001476,Sneha,Patel,FEMALE,34,sneha.patel1476@gmail.com,9994085356,C154,New,24-12-2024,Phone,Engineer,2379012,Single
CUS001477,Aarav,Reddy,FEMALE,36,aarav.reddy1477@gmail.com,9451698727,C017,Returning,19-10-2024,Email,Doctor,1656654,Married
CUS001478,Vikram,Nair,FEMALE,28,vikram.nair1478@gmail.com,9124650036,C232,Returning,24-03-2024,Phone,Teacher,2200231,Married
CUS001479,Priya,Singh,Female,31,priya.singh1479@gmail.com,9970205664,C135,Premium,06-11-2024,Email,Doctor,1148307,married
CUS001480,Sneha,Reddy,male,49,,9677833574,C234,New,23-06-2024,WhatsApp,Teacher,1019495,married
CUS001481,Rahul,Nair,Female,27,rahul.nair1481@gmail.com,9895492862,C248,New,19-12-2024,Phone,Teacher,2618964,Married
CUS001482,Priya,Sharma,Male,24,priya.sharma1482@gmail.com,9135469083,C186,premium,19-07-2024,WhatsApp,Doctor,2756871,married
CUS001483,Ananya,Reddy,Female,22,ananya.reddy1483@gmail.com,9834545262,C152,Premium,01-12-2024,Phone,Doctor,2573902,Single
CUS001484,Aarav,Patel,male,47,aarav.patel1484@gmail.com,9643182506,C234,New,10-12-2024,Email,Engineer,964590,Married
CUS001485,Vikram,Patel,Male,50,vikram.patel1485@gmail.com,,C039,New,06-04-2024,WhatsApp,Doctor,1722519,Single
CUS001486,Aarav,Sharma,male,28,aarav.sharma1486@gmail.com,9722768547,C217,Premium,27-09-2024,WhatsApp,Doctor,2875446,Married
CUS001487,Aarav,Sharma,MALE,27,aarav.sharma1487@gmail.com,9365142802,C220,New,02-07-2024,WhatsApp,Engineer,1651472,Single
CUS001488,Rahul,Iyer,MALE,25,rahul.iyer1488@gmail.com,9478249214,C011,Returning,24-01-2024,WhatsApp,Teacher,1705898,Single
CUS001489,Sneha,Patel,Female,46,sneha.patel1489@gmail.com,9596218928,C055,New,19-10-2024,WhatsApp,Business,557433,Single
CUS001490,Aarav,Sharma,male,30,aarav.sharma1490@gmail.com,9275005452,C073,Premium,16-02-2024,Email,Business,2818969,Married
CUS001491,Sneha,Iyer,male,50,sneha.iyer1491@gmail.com,9768130886,C152,New,01-05-2024,Email,Doctor,2169012,Married
CUS001492,Vikram,Patel,Male,55,vikram.patel1492@gmail.com,9631126212,C159,premium,19-02-2024,Email,Teacher,996491,Single
CUS001493,Vikram,Iyer,FEMALE,54,vikram.iyer1493@gmail.com,9909073280,C074,premium,16-12-2024,WhatsApp,Doctor,1206167,Married
CUS001494,Ananya,Sharma,Female,41,ananya.sharma1494@gmail.com,9177938658,C154,Premium,28-02-2024,Email,Engineer,2074400,married
CUS001495,Sneha,Iyer,FEMALE,53,sneha.iyer1495@gmail.com,9249349266,C011,Returning,22-10-2024,Email,Doctor,1159644,Married
CUS001496,Aarav,Iyer,MALE,60,aarav.iyer1496@gmail.com,9539436072,C208,New,27-04-2024,Email,Teacher,903963,Married
CUS001497,Sneha,Iyer,Female,60,sneha.iyer1497@gmail.com,9159367492,C050,New,24-12-2024,WhatsApp,Business,870704,Married
CUS001498,Vikram,Nair,Female,65,vikram.nair1498@gmail.com,9617175232,C104,Returning,22-05-2024,Email,Engineer,1658184,Single
CUS001499,Sneha,Reddy,male,23,sneha.reddy1499@gmail.com,9622843586,C025,Premium,06-08-2024,Email,Business,2371568,married
CUS001500,Priya,Iyer,MALE,25,priya.iyer1500@gmail.com,9715911358,C058,premium,14-09-2024,Phone,,2940550,married
CUS001501,Rahul,Iyer,MALE,37,rahul.iyer1501@gmail.com,9610036561,C248,Returning,24-04-2024,Phone,Teacher,2201324,Married
CUS001502,Sneha,Nair,male,56,sneha.nair1502@gmail.com,9165878945,C191,premium,23-01-2024,Phone,Engineer,2935009,Single
CUS001503,Aarav,Sharma,Female,22,aarav.sharma1503@gmail.com,9912054900,C149,New,27-05-2024,Email,Doctor,1583858,married
CUS001504,Sneha,Iyer,FEMALE,47,sneha.iyer1504@gmail.com,9227581215,C009,premium,26-01-2024,WhatsApp,Doctor,779963,married
CUS001505,Aarav,Patel,Male,47,aarav.patel1505@gmail.com,9998829949,C041,Returning,21-06-2024,WhatsApp,Teacher,2839898,Married
CUS001506,Aarav,Iyer,Female,51,aarav.iyer1506@gmail.com,9530302606,C078,Returning,23-07-2024,WhatsApp,Engineer,1134401,married
CUS001507,Vikram,Reddy,FEMALE,56,vikram.reddy1507@gmail.com,9391868597,C029,premium,07-07-2024,WhatsApp,Engineer,471442,Single
CUS001508,Vikram,Patel,Female,32,vikram.patel1508@gmail.com,9682332832,C190,Returning,05-11-2024,Phone,Business,947262,married
CUS001509,Priya,Reddy,FEMALE,38,priya.reddy1509@gmail.com,9629410323,C050,Returning,22-08-2024,Phone,Teacher,639325,Married
CUS001510,Sneha,Iyer,Male,64,sneha.iyer1510@gmail.com,9154095115,C114,premium,10-05-2024,WhatsApp,Engineer,2121357,Single
CUS001511,Aarav,Nair,Female,53,aarav.nair1511@gmail.com,9442595860,C151,premium,19-07-2024,Email,Doctor,531163,Single
CUS001512,Priya,Sharma,FEMALE,22,priya.sharma1512@gmail.com,9112377699,C192,premium,18-10-2024,Email,Doctor,2608302,Married
CUS001513,Rahul,Reddy,Male,59,rahul.reddy1513@gmail.com,9970061593,C246,Returning,11-12-2024,WhatsApp,Engineer,2940501,Married
CUS001514,Sneha,Nair,male,38,sneha.nair1514@gmail.com,9867857014,C008,Premium,13-02-2024,Email,Business,2136783,Single
CUS001515,Rahul,Patel,MALE,46,rahul.patel1515@gmail.com,9384941194,C003,premium,11-04-2024,WhatsApp,Doctor,2050006,married
CUS001516,Priya,Patel,MALE,52,priya.patel1516@gmail.com,9697856807,C151,premium,15-10-2024,Phone,Business,1017669,Married
CUS001517,Priya,Reddy,FEMALE,26,priya.reddy1517@gmail.com,9828743584,C246,New,27-01-2024,Phone,Business,1950858,Single
CUS001518,Vikram,Iyer,Male,22,vikram.iyer1518@gmail.com,98 16984163,C191,Returning,14-09-2024,Email,Engineer,2718399,married
CUS001519,Sneha,Reddy,Female,37,sneha.reddy1519@gmail.com,9900855628,C194,Returning,21-09-2024,Phone,Business,722154,Single
CUS001520,Priya,Sharma,MALE,57,,9100326549,C202,premium,13-07-2024,WhatsApp,Doctor,2391265,Single
CUS001521,Ananya,Reddy,Female,59,ananya.reddy1521@gmail.com,9608094738,C172,premium,26-08-2024,Email,Doctor,395106,married
CUS001522,Sneha,Singh,MALE,41,sneha.singh1522@gmail.com,9523584941,C001,Premium,28-08-2024,Phone,Doctor,1796777,Single
CUS001523,Aarav,Nair,male,37,aarav.nair1523@gmail.com,9599040020,C236,premium,25-06-2024,Email,Teacher,1901801,Married
CUS001524,Aarav,Iyer,MALE,35,aarav.iyer1524@gmail.com,9575027998,C223,Returning,11-05-2024,Phone,Teacher,2985639,Married
CUS001525,Priya,Nair,Male,60,priya.nair1525@gmail.com,9900847712,C026,Returning,07-09-2024,Phone,Doctor,1652716,married
CUS001526,Vikram,Singh,Male,28,vikram.singh1526@gmail.com,9758021025,C024,Returning,13-03-2024,Phone,Doctor,1205144,married
CUS001527,Vikram,Patel,Male,22,vikram.patel1527@gmail.com,9121997262,C116,Returning,01-05-2024,WhatsApp,Teacher,2621181,Single
CUS001528,Ananya,Reddy,Male,42,ananya.reddy1528@gmail.com,9807522931,C001,Premium,05-03-2024,Phone,Engineer,1548489,Single
CUS001529,Vikram,Reddy,Female,27,vikram.reddy1529@gmail.com,9730458843,C062,Returning,24-08-2024,Email,Business,1038457,married
CUS001530,Sneha,Nair,FEMALE,33,sneha.nair1530@gmail.com,9214187723,C110,Premium,03-09-2024,WhatsApp,Business,2909008,Single
CUS001531,Rahul,Patel,FEMALE,44,rahul.patel1531@gmail.com,9910217328,C038,premium,08-08-2024,Email,Teacher,1519423,Married
CUS001532,Ananya,Nair,Female,45,ananya.nair1532@gmail.com,9477316843,C247,premium,02-09-2024,WhatsApp,Engineer,1318750,Single
CUS001533,Rahul,Nair,Female,33,rahul.nair1533@gmail.com,9467117377,C097,Returning,11-04-2024,WhatsApp,Business,1876045,Single
CUS001534,Sneha,Sharma,Female,22,sneha.sharma1534@gmail.com,9443830556,C152,Premium,17-02-2024,Email,Teacher,1203165,Married
CUS001535,Aarav,Reddy,FEMALE,56,aarav.reddy1535@gmail.com,9488385229,C025,New,10-02-2024,Phone,Doctor,1212070,married
CUS001536,Sneha,Reddy,male,26,sneha.reddy1536@gmail.com,9933074321,C017,Returning,25-12-2024,Phone,Business,851772,Married
CUS001537,Aarav,Patel,FEMALE,63,aarav.patel1537@gmail.com,9662000092,C140,Returning,25-05-2024,WhatsApp,Doctor,1644454,Married
CUS001538,Vikram,Nair,Male,26,vikram.nair1538@gmail.com,9553869948,C112,New,09-03-2024,Email,Engineer,648187,Single
CUS001539,Rahul,Patel,MALE,46,rahul.patel1539@gmail.com,9359764008,C221,premium,18-01-2024,Email,Doctor,2061484,Single
CUS001540, Aarav,Reddy,Male,55,aarav.reddy1540@gmail.com,,C204,New,28-03-2024,Phone,Teacher,2151970,Single
CUS001541,Ananya,Singh,Male,54,ananya.singh1541@gmail.com,9537151210,C072,New,19-04-2024,WhatsApp,Teacher,2375783,Married
CUS001542,Priya,Patel,FEMALE,61,priya.patel1542@gmail.com,9574938607,C208,New,01-01-2024,Phone,Business,978614,Single
CUS001543,Ananya,Sharma,Female,25,ananya.sharma1543@gmail.com,9736998607,C234,Premium,05-04-2024,Email,Business,891356,married
CUS001544,Vikram,Iyer,MALE,61,vikram.iyer1544@gmail.com,9545851639,C007,Premium,15-09-2024,Email,Doctor,358963,married
CUS001545,Aarav,Sharma,MALE,43,aarav.sharma1545@gmail.com,9717339203,C027,Returning,24-05-2024,Phone,Doctor,1534244,Married
CUS001546,Ananya,Singh,FEMALE,34,ananya.singh1546@gmail.com,9436202310,C120,premium,05-02-2024,Phone,Business,732633,Married
CUS001547,Vikram,Sharma,MALE,26,vikram.sharma1547@gmail.com,9990035125,C155,Premium,11-08-2024,Phone,Doctor,1069219,Single
CUS001548,Ananya,Iyer,FEMALE,46,ananya.iyer1548@gmail.com,9872962495,C012,Returning,18-11-2024,WhatsApp,Engineer,1983277,Married
CUS001549,Vikram,Iyer,FEMALE,58,vikram.iyer1549@gmail.com,9437763421,C079,New,06-03-2024,Phone,Teacher,617956,Single
CUS001550,Sneha,Singh,Male,58,sneha.singh1550@gmail.com,9754450782,C152,Returning,26-12-2024,Email,Doctor,2895057,married
CUS001551,Aarav,Nair,MALE,35,aarav.nair1551@gmail.com,98 54894872,C028,premium,26-01-2024,Phone,Business,2146680,Single
CUS001552,Vikram,Sharma,MALE,50,vikram.sharma1552@gmail.com,9540674468,C058,Premium,24-11-2024,WhatsApp,Business,2198204,Married
CUS001553,Ananya,Reddy,FEMALE,48,ananya.reddy1553@gmail.com,9770392028,C057,Premium,16-12-2024,Phone,Business,824760,Single
CUS001554,Sneha,Nair,male,28,sneha.nair1554@gmail.com,9798830726,C070,Returning,17-08-2024,WhatsApp,Doctor,1380828,married
CUS001555,Rahul,Sharma,male,41,rahul.sharma1555@gmail.com,9558133457,C182,New,14-02-2024,WhatsApp,Teacher,1942188,married
CUS001556,Sneha,Singh,Female,22,sneha.singh1556@gmail.com,9889103954,C025,New,21-09-2024,Email,Business,626666,married
CUS001557,Aarav,Singh,Female,33,aarav.singh1557@gmail.com,9914459358,C171,New,21-06-2024,Email,Teacher,2334481,married
CUS001558,Sneha,Iyer,Male,43,sneha.iyer1558@gmail.com,9858505469,C082,Premium,25-06-2024,WhatsApp,Teacher,1309081,Single
CUS001559,Sneha,Iyer,FEMALE,40,sneha.iyer1559@gmail.com,9777416909,C139,New,17-06-2024,Email,Teacher,2468927,Single
CUS001560,Vikram,Singh,male,28,,9973931030,C033,Premium,18-02-2024,Email,,2259327,Single
CUS001561,Priya,Sharma,male,60,priya.sharma1561@gmail.com,9599810568,C213,Premium,03-10-2024,Email,Business,2874063,Married
CUS001562,Ananya,Nair,Male,42,ananya.nair1562@gmail.com,9749623219,C225,New,01-11-2024,Phone,Teacher,2571085,Married
CUS001563,Priya,Reddy,MALE,23,priya.reddy1563@gmail.com,9901563431,C184,New,18-06-2024,WhatsApp,Engineer,831077,Single
CUS001564,Aarav,Patel,Male,39,aarav.patel1564@gmail.com,9949740066,C007,Premium,24-09-2024,WhatsApp,Teacher,1261215,married
CUS001565,Sneha,Nair,FEMALE,25,sneha.nair1565@gmail.com,9851473266,C009,New,11-11-2024,Email,Business,1574046,Single
CUS001566,Ananya,Nair,male,56,ananya.nair1566@gmail.com,9900819761,C078,New,09-01-2024,Phone,Business,2839818,Married
CUS001567,Rahul,Sharma,MALE,52,rahul.sharma1567@gmail.com,9155901751,C040,Premium,10-01-2024,Email,Doctor,2195599,Single
CUS001568,Vikram,Iyer,male,53,vikram.iyer1568@gmail.com,9928588030,C007,Premium,09-05-2024,Email,Engineer,745188,Single
CUS001569,Ananya,Sharma,MALE,30,ananya.sharma1569@gmail.com,9632686676,C124,New,03-06-2024,WhatsApp,Business,1051294,married
CUS001570,Sneha,Singh,male,51,sneha.singh1570@gmail.com,9192861142,C111,Premium,06-01-2024,WhatsApp,Doctor,1281851,married
CUS001571,Vikram,Nair,male,44,vikram.nair1571@gmail.com,9347833336,C038,Premium,16-11-2024,WhatsApp,Teacher,2498840,married
CUS001572,Priya,Singh,Female,40,priya.singh1572@gmail.com,9447293860,C101,premium,24-07-2024,WhatsApp,Business,1622050,Single
CUS001573,Sneha,Singh,Female,39,sneha.singh1573@gmail.com,9541071594,C160,premium,24-01-2024,Email,Teacher,2470805,married
CUS001574,Ananya,Iyer,Female,22,ananya.iyer1574@gmail.com,9154873983,C193,Premium,10-01-2024,WhatsApp,Doctor,2756631,married
CUS001575,Rahul,Reddy,male,33,rahul.reddy1575@gmail.com,9201579474,C139,New,04-01-2024,Phone,Doctor,1662728,married
CUS001576,Priya,Reddy,male,45,priya.reddy1576@gmail.com,9751587891,C048,Returning,11-03-2024,Phone,Doctor,1847358,married
CUS001577,Rahul,Patel,Male,55,rahul.patel1577@gmail.com,9376045913,C184,Returning,13-03-2024,WhatsApp,Engineer,2614896,Married
CUS001578,Ananya,Iyer,Male,25,ananya.iyer1578@gmail.com,9638874278,C165,Returning,26-05-2024,Email,Engineer,1930495,married
CUS001579,Aarav,Reddy,Male,36,aarav.reddy1579@gmail.com,9580867278,C196,Returning,06-03-2024,WhatsApp,Engineer,2371997,married
CUS001580,Rahul,Reddy,Female,38,rahul.reddy1580@gmail.com,9605229749,C163,Returning,12-04-2024,Phone,Doctor,1751114,Married
CUS001581,Vikram,Iyer,Female,34,vikram.iyer1581@gmail.com,9330031168,C088,Returning,07-01-2024,Email,Business,2706452,Married
CUS001582,Ananya,Nair,FEMALE,54,ananya.nair1582@gmail.com,9939574990,C011,Returning,09-05-2024,Email,Engineer,2641422,Single
CUS001583,Rahul,Iyer,FEMALE,65,rahul.iyer1583@gmail.com,9434658850,C212,Premium,03-05-2024,Phone,Teacher,1404963,married
CUS001584,Aarav,Iyer,male,42,aarav.iyer1584@gmail.com,98 97946811,C084,New,11-07-2024,Email,Teacher,1172921,Married
CUS001585,Priya,Patel,male,61,priya.patel1585@gmail.com,9912173397,C164,Returning,08-08-2024,Phone,Business,2976157,married
CUS001586,Ananya,Nair,Male,58,ananya.nair1586@gmail.com,9920417086,C151,New,23-11-2024,WhatsApp,Teacher,2648442,Married
CUS001587,Vikram,Iyer,Male,43,vikram.iyer1587@gmail.com,9592832641,C236,premium,15-04-2024,Email,Doctor,2790460,Married
CUS001588,Rahul,Nair,Female,47,rahul.nair1588@gmail.com,9516382232,C184,premium,01-08-2024,Email,Engineer,2100590,married
CUS001589,Sneha,Singh,MALE,34,sneha.singh1589@gmail.com,9519888181,C200,Premium,28-09-2024,Phone,Engineer,1367549,Single
CUS001590,Priya,Sharma,male,50,priya.sharma1590@gmail.com,9115125833,C026,Premium,05-07-2024,Email,Engineer,2908570,Married
CUS001591,Aarav,Iyer,male,45,aarav.iyer1591@gmail.com,9978884669,C110,New,05-05-2024,Phone,Engineer,655387,Married
CUS001592,Rahul,Patel,male,28,rahul.patel1592@gmail.com,9941028394,C181,New,03-03-2024,Phone,Doctor,1596232,Single
CUS001593,Priya,Patel,male,62,priya.patel1593@gmail.com,9926373926,C108,New,22-01-2024,WhatsApp,Engineer,793787,married
CUS001594,Vikram,Nair,Male,54,vikram.nair1594@gmail.com,9300602902,C232,New,08-10-2024,WhatsApp,Business,1061335,Married
CUS001595,Rahul,Nair,Male,40,rahul.nair1595@gmail.com,,C242,Premium,17-07-2024,Phone,Teacher,2325183,Married
CUS001596,Vikram,Nair,Male,62,vikram.nair1596@gmail.com,9729673049,C026,premium,09-08-2024,WhatsApp,Doctor,594883,Married
CUS001597,Rahul,Singh,Male,27,rahul.singh1597@gmail.com,9595231777,C004,New,22-10-2024,WhatsApp,Doctor,1641064,married
CUS001598,Vikram,Singh,Female,35,vikram.singh1598@gmail.com,9897942837,C177,Premium,20-08-2024,Email,Business,2945649,married
CUS001599,Sneha,Sharma,MALE,38,sneha.sharma1599@gmail.com,9818118211,C097,premium,26-03-2024,Phone,Engineer,2050047,married
CUS001600,Ananya,Sharma,FEMALE,23,,9990248596,C237,New,01-05-2024,Email,Doctor,696623,Single
CUS001601,Sneha,Reddy,MALE,37,sneha.reddy1601@gmail.com,9750818705,C160,Premium,19-07-2024,WhatsApp,Teacher,518427,married
CUS001602,Vikram,Iyer,FEMALE,25,vikram.iyer1602@gmail.com,9209255440,C186,Premium,24-09-2024,Email,Teacher,530023,married
CUS001603,Sneha,Singh,Male,31,sneha.singh1603@gmail.com,9898529499,C081,premium,27-03-2024,Email,Doctor,1228389,Single
CUS001604,Sneha,Nair,FEMALE,51,sneha.nair1604@gmail.com,9949652986,C171,Returning,06-11-2024,Phone,Engineer,2753266,married
CUS001605,Vikram,Patel,MALE,33,vikram.patel1605@gmail.com,9739578329,C001,New,05-10-2024,Email,Business,1139754,married
CUS001606,Aarav,Sharma,Female,28,aarav.sharma1606@gmail.com,9930798522,C051,premium,15-10-2024,Email,Engineer,531882,married
CUS001607,Rahul,Singh,male,62,rahul.singh1607@gmail.com,9967999037,C007,premium,17-01-2024,WhatsApp,Engineer,1584447,married
CUS001608,Sneha,Reddy,male,64,sneha.reddy1608@gmail.com,9312427665,C154,Premium,14-12-2024,Email,Teacher,2198382,Single
CUS001609,Sneha,Iyer,MALE,64,sneha.iyer1609@gmail.com,9707353280,C162,Returning,26-07-2024,Email,Teacher,1660744,married
CUS001610, Rahul,Sharma,MALE,36,rahul.sharma1610@gmail.com,9258234740,C093,New,10-07-2024,Phone,Teacher,668797,Single
CUS001611,Ananya,Nair,Female,48,ananya.nair1611@gmail.com,9676761364,C149,Returning,07-01-2024,WhatsApp,Business,756993,married
CUS001612,Sneha,Singh,male,25,sneha.singh1612@gmail.com,9741760877,C250,Returning,05-03-2024,Phone,Engineer,411655,Married
CUS001613,Aarav,Singh,FEMALE,41,aarav.singh1613@gmail.com,9773113406,C048,premium,19-05-2024,Email,Engineer,2353651,Single
CUS001614,Sneha,Nair,Female,32,sneha.nair1614@gmail.com,9360969455,C113,premium,12-08-2024,Email,Engineer,331526,Single
CUS001615,Priya,Singh,Male,63,priya.singh1615@gmail.com,9148978827,C202,Returning,12-02-2024,Email,Business,426978,married
CUS001616,Sneha,Nair,Male,45,sneha.nair1616@gmail.com,9276436638,C218,Premium,27-03-2024,Phone,Business,2491423,Married
CUS001617,Priya,Singh,FEMALE,31,priya.singh1617@gmail.com,98 64612109,C144,premium,15-12-2024,Email,Business,1575113,Married
CUS001618,Rahul,Sharma,Female,38,rahul.sharma1618@gmail.com,9616022121,C230,premium,21-10-2024,Email,Engineer,1855187,married
CUS001619,Aarav,Sharma,male,57,aarav.sharma1619@gmail.com,9499362325,C030,Returning,27-04-2024,WhatsApp,Doctor,1424416,Single
CUS001620,Sneha,Reddy,male,25,sneha.reddy1620@gmail.com,9708657011,C023,Returning,24-02-2024,Phone,,2861101,Single
CUS001621,Priya,Singh,Male,44,priya.singh1621@gmail.com,9720783302,C229,Returning,03-02-2024,WhatsApp,Business,1723287,Single
CUS001622,Aarav,Sharma,MALE,56,aarav.sharma1622@gmail.com,9689202176,C055,New,01-07-2024,Email,Business,1554206,Single
CUS001623,Rahul,Patel,Female,54,rahul.patel1623@gmail.com,9293794986,C047,Returning,01-06-2024,Email,Business,2464624,married
CUS001624,Sneha,Reddy,Female,50,sneha.reddy1624@gmail.com,9352691718,C011,Returning,06-04-2024,Phone,Engineer,1045713,Single
CUS001625,Sneha,Reddy,MALE,51,sneha.reddy1625@gmail.com,9789834895,C183,New,03-01-2024,WhatsApp,Teacher,2300756,Single
CUS001626,Rahul,Singh,male,37,rahul.singh1626@gmail.com,9532013593,C133,premium,15-04-2024,Email,Doctor,1493860,Single
CUS001627,Vikram,Sharma,MALE,49,vikram.sharma1627@gmail.com,9405951182,C192,New,09-07-2024,Email,Engineer,734226,Single
CUS001628,Ananya,Patel,male,24,ananya.patel1628@gmail.com,9914035211,C073,premium,10-01-2024,WhatsApp,Business,2444527,married
CUS001629,Rahul,Patel,Female,28,rahul.patel1629@gmail.com,9206606331,C071,Premium,21-09-2024,Email,Doctor,2028563,Married
CUS001630,Vikram,Nair,Female,24,vikram.nair1630@gmail.com,9793265738,C233,New,11-01-2024,Email,Business,2892386,Single
CUS001631,Ananya,Patel,Female,24,ananya.patel1631@gmail.com,9306109013,C250,Returning,14-12-2024,WhatsApp,Teacher,992775,Single
CUS001632,Priya,Nair,Female,46,priya.nair1632@gmail.com,9986992511,C127,premium,14-07-2024,Email,Business,2982593,Single
CUS001633,Rahul,Nair,MALE,56,rahul.nair1633@gmail.com,9965630933,C186,Premium,15-04-2024,Phone,Doctor,946784,Married
CUS001634,Sneha,Reddy,male,55,sneha.reddy1634@gmail.com,9288164828,C122,premium,16-03-2024,Phone,Doctor,2638379,Married
CUS001635,Aarav,Patel,Female,59,aarav.patel1635@gmail.com,9755769716,C130,premium,19-11-2024,Email,Teacher,1440625,married
CUS001636,Priya,Reddy,FEMALE,35,priya.reddy1636@gmail.com,9800649937,C135,premium,01-08-2024,WhatsApp,Engineer,2602622,Single
CUS001637,Sneha,Singh,Male,58,sneha.singh1637@gmail.com,9571795008,C012,premium,02-08-2024,Phone,Business,1738450,Single
CUS001638,Ananya,Iyer,MALE,46,ananya.iyer1638@gmail.com,9518797008,C226,New,07-12-2024,WhatsApp,Engineer,727583,Married
CUS001639,Ananya,Reddy,FEMALE,54,ananya.reddy1639@gmail.com,9616405607,C025,New,21-03-2024,Email,Engineer,2179839,Married
CUS001640,Aarav,Reddy,male,47,,9230496863,C093,Premium,25-07-2024,Email,Teacher,1473625,Married
CUS001641,Rahul,Singh,Male,52,rahul.singh1641@gmail.com,9236077232,C196,Premium,22-02-2024,Email,Doctor,493991,married
CUS001642,Rahul,Patel,male,44,rahul.patel1642@gmail.com,9423350689,C073,Returning,21-03-2024,WhatsApp,Business,2360696,married
CUS001643,Rahul,Reddy,MALE,36,rahul.reddy1643@gmail.com,9141899551,C001,New,26-01-2024,WhatsApp,Teacher,2035965,Single
CUS001644,Rahul,Patel,FEMALE,59,rahul.patel1644@gmail.com,9408678413,C150,Returning,26-01-2024,WhatsApp,Engineer,334703,married
CUS001645,Rahul,Sharma,FEMALE,42,rahul.sharma1645@gmail.com,9855561986,C137,Returning,08-10-2024,Email,Engineer,618242,Single
CUS001646,Rahul,Singh,male,58,rahul.singh1646@gmail.com,9185278777,C191,Returning,16-01-2024,Email,Engineer,659776,Married
CUS001647,Vikram,Sharma,Male,64,vikram.sharma1647@gmail.com,9625096858,C055,premium,17-07-2024,Email,Engineer,1821503,married
CUS001648,Rahul,Iyer,male,39,rahul.iyer1648@gmail.com,9916080929,C113,Premium,17-10-2024,Phone,Business,645828,Married
CUS001649,Vikram,Reddy,male,57,vikram.reddy1649@gmail.com,9633658966,C045,New,04-09-2024,Phone,Doctor,1720096,married
CUS001650,Sneha,Singh,male,29,sneha.singh1650@gmail.com,,C051,New,07-10-2024,WhatsApp,Teacher,1184268,Single
CUS001651,Sneha,Patel,MALE,55,sneha.patel1651@gmail.com,9824348612,C161,New,19-10-2024,WhatsApp,Business,2041707,Married
CUS001652,Ananya,Iyer,male,44,ananya.iyer1652@gmail.com,9595266802,C244,New,03-11-2024,Email,Business,2940444,Single
CUS001653,Rahul,Singh,male,32,rahul.singh1653@gmail.com,9693100252,C138,Premium,27-07-2024,Email,Teacher,416649,married
CUS001654,Vikram,Sharma,male,50,vikram.sharma1654@gmail.com,9786577582,C140,New,15-01-2024,WhatsApp,Teacher,714244,Married
CUS001655,Aarav,Reddy,FEMALE,35,aarav.reddy1655@gmail.com,9129159823,C067,Returning,15-04-2024,Phone,Doctor,2552582,Married
CUS001656,Ananya,Reddy,Female,31,ananya.reddy1656@gmail.com,9447158412,C038,premium,14-09-2024,WhatsApp,Business,2132882,Single
CUS001657,Priya,Nair,Male,31,priya.nair1657@gmail.com,9478462489,C176,premium,12-03-2024,Phone,Teacher,437323,Single
CUS001658,Priya,Sharma,male,54,priya.sharma1658@gmail.com,9508351365,C163,Premium,05-09-2024,Phone,Business,1514996,married
CUS001659,Sneha,Iyer,Female,36,sneha.iyer1659@gmail.com,9483486923,C062,Premium,12-02-2024,WhatsApp,Engineer,399316,Married
CUS001660,Ananya,Patel,Male,39,ananya.patel1660@gmail.com,9267564257,C056,New,06-12-2024,Phone,Business,2317866,Single
CUS001661,Vikram,Reddy,Male,47,vikram.reddy1661@gmail.com,9387439638,C165,premium,06-12-2024,Email,Doctor,1819738,married
CUS001662,Aarav,Reddy,Female,33,aarav.reddy1662@gmail.com,9936616231,C170,New,16-10-2024,WhatsApp,Doctor,915060,married
CUS001663,Rahul,Nair,MALE,37,rahul.nair1663@gmail.com,9799745967,C059,New,19-02-2024,Email,Engineer,1090372,married
CUS001664,Aarav,Patel,FEMALE,57,aarav.patel1664@gmail.com,9728862790,C133,Returning,03-01-2024,Email,Teacher,659698,Married
CUS001665,Sneha,Patel,MALE,45,sneha.patel1665@gmail.com,9222703825,C039,New,10-05-2024,Email,Doctor,2547497,Married
CUS001666,Rahul,Reddy,Female,28,rahul.reddy1666@gmail.com,9212375839,C051,Returning,24-02-2024,WhatsApp,Doctor,2652657,Single
CUS001667,Priya,Sharma,Male,35,priya.sharma1667@gmail.com,9975528600,C049,premium,26-09-2024,Phone,Teacher,1972813,Single
CUS001668,Priya,Sharma,Female,26,priya.sharma1668@gmail.com,9760410633,C036,Premium,27-07-2024,WhatsApp,Teacher,816396,Single
CUS001669,Sneha,Singh,FEMALE,50,sneha.singh1669@gmail.com,9131390965,C209,Returning,03-03-2024,Email,Doctor,2911120,Single
CUS001670,Sneha,Iyer,MALE,41,sneha.iyer1670@gmail.com,9286361149,C024,New,25-08-2024,Phone,Engineer,2408649,married
CUS001671,Ananya,Sharma,MALE,41,ananya.sharma1671@gmail.com,9306783227,C040,Returning,23-08-2024,Email,Teacher,2518965,Married
CUS001672,Sneha,Sharma,Female,34,sneha.sharma1672@gmail.com,9109254902,C189,Returning,15-03-2024,Phone,Engineer,1592196,Single
CUS001673,Aarav,Singh,male,32,aarav.singh1673@gmail.com,9212107850,C117,Returning,09-09-2024,WhatsApp,Business,2951628,married
CUS001674,Aarav,Sharma,Male,62,aarav.sharma1674@gmail.com,9569367653,C053,New,22-01-2024,WhatsApp,Business,2490944,Single
CUS001675,Vikram,Patel,male,60,vikram.patel1675@gmail.com,9341262114,C155,Returning,17-05-2024,WhatsApp,Doctor,2797687,married
CUS001676,Rahul,Patel,Male,63,rahul.patel1676@gmail.com,9299745487,C244,Premium,16-02-2024,Email,Engineer,888331,Single
CUS001677,Vikram,Iyer,Female,64,vikram.iyer1677@gmail.com,9997513714,C207,premium,10-11-2024,Phone,Teacher,640180,Single
CUS001678,Aarav,Singh,male,25,aarav.singh1678@gmail.com,9126201613,C092,premium,18-07-2024,Phone,Business,1290956,married
CUS001679,Rahul,Reddy,Male,39,rahul.reddy1679@gmail.com,9179774534,C247,premium,27-10-2024,Phone,Doctor,2319382,Single
CUS001680, Priya,Nair,Female,53,,9300934860,C157,premium,16-05-2024,WhatsApp,,2956116,Single
CUS001681,Vikram,Sharma,MALE,41,vikram.sharma1681@gmail.com,9123440058,C026,premium,07-01-2024,WhatsApp,Engineer,1539432,Single
CUS001682,Priya,Singh,male,23,priya.singh1682@gmail.com,9157728487,C179,New,16-12-2024,Phone,Doctor,2338573,Married
CUS001683,Vikram,Patel,Female,37,vikram.patel1683@gmail.com,98 75840719,C248,premium,10-07-2024,WhatsApp,Business,393718,Single
CUS001684,Ananya,Reddy,Male,47,ananya.reddy1684@gmail.com,9785837672,C055,Premium,16-10-2024,Phone,Doctor,2010706,Married
CUS001685,Aarav,Singh,Female,43,aarav.singh1685@gmail.com,9959172308,C086,New,14-05-2024,Email,Teacher,1920697,married
CUS001686,Vikram,Patel,MALE,34,vikram.patel1686@gmail.com,9714933211,C053,Premium,02-11-2024,Email,Teacher,714065,Married
CUS001687,Sneha,Nair,FEMALE,57,sneha.nair1687@gmail.com,9227214131,C013,Returning,24-07-2024,Phone,Engineer,1995776,Single
CUS001688,Ananya,Iyer,Female,64,ananya.iyer1688@gmail.com,9562054243,C189,premium,04-02-2024,Email,Business,481483,Married
CUS001689,Rahul,Nair,Female,39,rahul.nair1689@gmail.com,9224498395,C133,Premium,10-01-2024,Email,Engineer,2335281,married
CUS001690,Priya,Nair,male,30,priya.nair1690@gmail.com,9780358730,C188,Premium,12-01-2024,Email,Business,1154691,Married
CUS001691,Aarav,Singh,FEMALE,30,aarav.singh1691@gmail.com,9322389762,C066,Returning,22-02-2024,Phone,Engineer,2727952,Single
CUS001692,Aarav,Sharma,Female,58,aarav.sharma1692@gmail.com,9856337533,C218,Returning,10-11-2024,Email,Doctor,2481570,Married
CUS001693,Vikram,Nair,MALE,53,vikram.nair1693@gmail.com,9743069966,C041,Returning,22-01-2024,Email,Engineer,1702538,Single
CUS001694,Rahul,Nair,male,63,rahul.nair1694@gmail.com,9471008987,C047,Returning,27-10-2024,Email,Doctor,937703,Married
CUS001695,Ananya,Reddy,Female,47,ananya.reddy1695@gmail.com,9795195355,C048,premium,19-08-2024,Email,Business,686373,Single
CUS001696,Sneha,Singh,Male,65,sneha.singh1696@gmail.com,9405960018,C046,Returning,20-05-2024,Email,Business,1874815,Married
CUS001697,Sneha,Patel,FEMALE,62,sneha.patel1697@gmail.com,9483736814,C027,premium,05-12-2024,WhatsApp,Engineer,2498584,Married
CUS001698,Priya,Iyer,MALE,38,priya.iyer1698@gmail.com,9336406951,C138,Premium,21-04-2024,Email,Teacher,2251636,Married
CUS001699,Rahul,Nair,Female,48,rahul.nair1699@gmail.com,9985363800,C071,premium,07-11-2024,Phone,Engineer,985264,married
CUS001700,Ananya,Singh,MALE,61,ananya.singh1700@gmail.com,9355018208,C042,premium,10-10-2024,Phone,Teacher,976460,married
CUS001701,Aarav,Reddy,Male,44,aarav.reddy1701@gmail.com,9869605741,C120,premium,02-07-2024,WhatsApp,Doctor,1519282,married
CUS001702,Aarav,Singh,FEMALE,64,aarav.singh1702@gmail.com,9976944669,C031,Returning,01-04-2024,Email,Business,645909,married
CUS001703,Priya,Iyer,Male,32,priya.iyer1703@gmail.com,9553346336,C099,premium,23-05-2024,Email,Teacher,2186393,Single
CUS001704,Vikram,Iyer,FEMALE,36,vikram.iyer1704@gmail.com,9477767173,C070,Returning,01-11-2024,WhatsApp,Teacher,2422307,married
CUS001705,Sneha,Sharma,Female,24,sneha.sharma1705@gmail.com,,C170,New,27-04-2024,Email,Teacher,2162300,married
CUS001706,Vikram,Singh,Female,48,vikram.singh1706@gmail.com,9934515901,C137,Returning,04-03-2024,Email,Engineer,1568165,Married
CUS001707,Rahul,Nair,male,55,rahul.nair1707@gmail.com,9258179300,C097,New,18-11-2024,Phone,Business,2640413,married
CUS001708,Sneha,Sharma,male,22,sneha.sharma1708@gmail.com,9461652161,C040,Returning,02-06-2024,WhatsApp,Engineer,1701673,married
CUS001709,Rahul,Sharma,Male,61,rahul.sharma1709@gmail.com,9294024209,C122,Premium,15-03-2024,WhatsApp,Business,2836223,Married
CUS001710,Rahul,Sharma,FEMALE,45,rahul.sharma1710@gmail.com,9769955285,C167,Premium,17-08-2024,Phone,Business,1047587,Married
CUS001711,Vikram,Reddy,MALE,34,vikram.reddy1711@gmail.com,9771033247,C016,premium,27-12-2024,Email,Doctor,965767,married
CUS001712,Priya,Patel,FEMALE,36,priya.patel1712@gmail.com,9239654395,C211,premium,18-02-2024,Phone,Engineer,1414266,married
CUS001713,Sneha,Reddy,FEMALE,43,sneha.reddy1713@gmail.com,9289033167,C099,Premium,07-01-2024,Email,Engineer,1352318,Single
CUS001714,Ananya,Reddy,Male,41,ananya.reddy1714@gmail.com,9419540363,C062,New,03-02-2024,WhatsApp,Teacher,1154264,Single
CUS001715,Priya,Singh,Female,23,priya.singh1715@gmail.com,9851674804,C047,Premium,24-06-2024,Phone,Doctor,1389662,Married
CUS001716,Priya,Sharma,male,57,priya.sharma1716@gmail.com,98 35202512,C210,New,10-10-2024,Phone,Engineer,2274025,married
CUS001717,Rahul,Iyer,MALE,39,rahul.iyer1717@gmail.com,9849373217,C223,Returning,12-08-2024,Email,Business,2063897,Single
CUS001718,Ananya,Singh,MALE,33,ananya.singh1718@gmail.com,9877050516,C235,premium,05-11-2024,Email,Engineer,1775397,Married
CUS001719,Rahul,Iyer,Male,51,rahul.iyer1719@gmail.com,9873715525,C142,New,26-04-2024,Email,Engineer,1137075,married
CUS001720,Priya,Patel,Male,39,,9458766254,C213,Returning,02-07-2024,WhatsApp,Engineer,1106740,Married
CUS001721,Rahul,Patel,Male,57,rahul.patel1721@gmail.com,9628413136,C016,Premium,27-05-2024,WhatsApp,Business,2294025,married
CUS001722,Vikram,Sharma,Female,54,vikram.sharma1722@gmail.com,9877626178,C103,Returning,04-04-2024,Email,Doctor,2284038,married
CUS001723,Rahul,Reddy,male,54,rahul.reddy1723@gmail.com,9759486632,C011,Premium,23-06-2024,Email,Engineer,2458126,Single
CUS001724,Sneha,Sharma,MALE,51,sneha.sharma1724@gmail.com,9362397514,C170,Premium,13-03-2024,WhatsApp,Teacher,532925,Married
CUS001725,Rahul,Patel,FEMALE,57,rahul.patel1725@gmail.com,9941538133,C130,Premium,10-02-2024,WhatsApp,Engineer,1868252,Married
CUS001726,Aarav,Nair,MALE,51,aarav.nair1726@gmail.com,9788590225,C190,premium,24-11-2024,Email,Business,1115820,Single
CUS001727,Rahul,Patel,Female,28,rahul.patel1727@gmail.com,9991611789,C171,New,02-04-2024,Email,Business,1374887,married
CUS001728,Rahul,Nair,Female,22,rahul.nair1728@gmail.com,9197267058,C122,premium,09-09-2024,WhatsApp,Teacher,1255463,Single
CUS001729,Ananya,Iyer,male,25,ananya.iyer1729@gmail.com,9746469187,C199,premium,16-03-2024,Email,Doctor,391649,married
CUS001730,Sneha,Sharma,FEMALE,65,sneha.sharma1730@gmail.com,9606744437,C221,premium,10-10-2024,Email,Engineer,2196352,married
CUS001731,Rahul,Patel,male,34,rahul.patel1731@gmail.com,9434618289,C245,Premium,21-02-2024,Email,Business,2265394,Single
CUS001732,Priya,Nair,male,62,priya.nair1732@gmail.com,9267084013,C250,Premium,16-02-2024,Email,Doctor,783868,married
CUS001733,Rahul,Iyer,Female,65,rahul.iyer1733@gmail.com,9230146465,C238,Returning,08-01-2024,WhatsApp,Teacher,765543,Married
CUS001734,Vikram,Sharma,male,32,vikram.sharma1734@gmail.com,9218791668,C247,premium,05-10-2024,Phone,Engineer,2733502,married
CUS001735,Rahul,Patel,MALE,26,rahul.patel1735@gmail.com,9100692444,C056,premium,12-09-2024,Email,Teacher,885511,Single
CUS001736,Ananya,Iyer,Male,40,ananya.iyer1736@gmail.com,9843228547,C184,premium,20-09-2024,Email,Business,339145,Single
CUS001737,Ananya,Patel,Female,51,ananya.patel1737@gmail.com,9440821386,C175,premium,02-08-2024,Email,Business,1023203,Married
CUS001738,Ananya,Sharma,Male,22,ananya.sharma1738@gmail.com,9201281824,C205,Premium,03-10-2024,WhatsApp,Business,777917,Married
CUS001739,Vikram,Nair,FEMALE,29,vikram.nair1739@gmail.com,9926033484,C092,Returning,12-07-2024,Email,Business,2849120,Single
CUS001740,Rahul,Nair,Female,33,rahul.nair1740@gmail.com,9147318317,C114,premium,12-10-2024,WhatsApp,,1582089,married
CUS001741,Ananya,Patel,MALE,38,ananya.patel1741@gmail.com,9566448277,C235,premium,28-06-2024,Email,Doctor,2566321,Married
CUS001742,Priya,Sharma,Female,61,priya.sharma1742@gmail.com,9381719476,C213,Returning,14-04-2024,Email,Doctor,2160487,Married
CUS001743,Priya,Singh,FEMALE,24,priya.singh1743@gmail.com,9713579687,C084,New,05-07-2024,Phone,Doctor,497144,married
CUS001744,Ananya,Nair,FEMALE,63,ananya.nair1744@gmail.com,9794911205,C228,New,20-06-2024,Phone,Teacher,1653522,Single
CUS001745,Priya,Singh,Male,39,priya.singh1745@gmail.com,9780717620,C145,New,05-08-2024,Email,Doctor,412341,Single
CUS001746,Sneha,Nair,male,40,sneha.nair1746@gmail.com,9707660361,C067,New,10-12-2024,WhatsApp,Teacher,2031200,Single
CUS001747,Sneha,Nair,male,29,sneha.nair1747@gmail.com,9436588178,C139,Premium,08-09-2024,Email,Doctor,372553,Single
CUS001748,Sneha,Patel,Female,25,sneha.patel1748@gmail.com,9392624920,C220,premium,12-08-2024,Email,Teacher,2924572,Single
CUS001749,Aarav,Patel,Female,47,aarav.patel1749@gmail.com,98 37414782,C204,New,14-11-2024,Email,Business,1986131,Single
CUS001750, Aarav,Iyer,MALE,32,aarav.iyer1750@gmail.com,9899888100,C072,Premium,17-03-2024,Phone,Business,1305430,Married
CUS001751,Sneha,Sharma,Male,62,sneha.sharma1751@gmail.com,9563840648,C031,Returning,25-01-2024,Email,Engineer,2461648,Single
CUS001752,Sneha,Singh,MALE,54,sneha.singh1752@gmail.com,9812879135,C155,Returning,15-04-2024,Email,Doctor,938572,Married
CUS001753,Priya,Reddy,male,31,priya.reddy1753@gmail.com,9190661892,C239,New,10-05-2024,WhatsApp,Doctor,2072216,Single
CUS001754,Sneha,Nair,male,24,sneha.nair1754@gmail.com,9691259403,C030,premium,21-08-2024,Email,Business,1808142,married
CUS001755,Sneha,Reddy,male,64,sneha.reddy1755@gmail.com,9384619274,C061,premium,10-07-2024,Phone,Teacher,2668194,married
CUS001756,Sneha,Nair,FEMALE,40,sneha.nair1756@gmail.com,9462223903,C140,premium,17-01-2024,Phone,Business,654571,married
CUS001757,Sneha,Nair,Female,24,sneha.nair1757@gmail.com,9128867203,C010,Returning,13-01-2024,WhatsApp,Teacher,2353286,Single
CUS001758,Priya,Iyer,Female,35,priya.iyer1758@gmail.com,9519940628,C246,Premium,23-11-2024,Email,Business,2807179,Single
CUS001759,Vikram,Sharma,FEMALE,47,vikram.sharma1759@gmail.com,9370733130,C012,Returning,09-11-2024,Phone,Business,1047931,Married
CUS001760,Aarav,Iyer,Female,35,,,C027,Returning,17-07-2024,WhatsApp,Doctor,2144487,Married
CUS001761,Rahul,Patel,Female,34,rahul.patel1761@gmail.com,9833654637,C220,New,20-10-2024,WhatsApp,Engineer,2575009,married
CUS001762,Aarav,Reddy,Male,48,aarav.reddy1762@gmail.com,9776302676,C069,premium,11-02-2024,Email,Engineer,1622184,Single
CUS001763,Vikram,Patel,MALE,59,vikram.patel1763@gmail.com,9381353914,C214,premium,16-11-2024,Email,Engineer,1946288,married
CUS001764,Ananya,Sharma,Female,43,ananya.sharma1764@gmail.com,9746771541,C103,premium,05-08-2024,Email,Doctor,352151,married
CUS001765,Aarav,Patel,male,56,aarav.patel1765@gmail.com,9937662047,C041,Returning,16-01-2024,Email,Teacher,1464468,Single
CUS001766,Rahul,Nair,Male,40,rahul.nair1766@gmail.com,9121562202,C199,Premium,25-02-2024,Email,Teacher,2944695,Single
CUS001767,Rahul,Sharma,Male,60,rahul.sharma1767@gmail.com,9424498779,C116,New,05-02-2024,Email,Doctor,1252007,Single
CUS001768,Aarav,Iyer,MALE,41,aarav.iyer1768@gmail.com,9687013641,C129,Returning,17-06-2024,WhatsApp,Doctor,722552,married
CUS001769,Ananya,Patel,Male,29,ananya.patel1769@gmail.com,9513478383,C224,premium,06-12-2024,Email,Business,2675593,Married
CUS001770,Vikram,Singh,Female,65,vikram.singh1770@gmail.com,9496958635,C091,Returning,09-03-2024,WhatsApp,Engineer,1085803,married
CUS001771,Rahul,Sharma,Female,31,rahul.sharma1771@gmail.com,9603332430,C080,Returning,20-06-2024,Email,Engineer,1039213,Married
CUS001772,Sneha,Singh,Female,37,sneha.singh1772@gmail.com,9418739660,C071,New,07-04-2024,Phone,Teacher,1510436,married
CUS001773,Rahul,Sharma,FEMALE,45,rahul.sharma1773@gmail.com,9341916300,C077,Premium,15-07-2024,WhatsApp,Doctor,865350,married
CUS001774,Ananya,Nair,male,37,ananya.nair1774@gmail.com,9933862047,C196,Premium,08-12-2024,WhatsApp,Engineer,2378551,Married
CUS001775,Ananya,Singh,FEMALE,37,ananya.singh1775@gmail.com,9264921559,C001,premium,06-04-2024,Phone,Doctor,1130750,Married
CUS001776,Sneha,Patel,FEMALE,24,sneha.patel1776@gmail.com,9495895542,C134,Returning,01-06-2024,WhatsApp,Business,2294419,Single
CUS001777,Priya,Nair,male,65,priya.nair1777@gmail.com,9521751461,C234,Premium,11-01-2024,Phone,Teacher,2744083,Single
CUS001778,Sneha,Patel,FEMALE,24,sneha.patel1778@gmail.com,9779099534,C198,Premium,02-01-2024,Email,Engineer,2887757,Married
CUS001779,Sneha,Iyer,Female,45,sneha.iyer1779@gmail.com,9132220813,C130,premium,23-01-2024,WhatsApp,Teacher,2808626,Single
CUS001780,Sneha,Singh,male,61,sneha.singh1780@gmail.com,9875783005,C175,premium,19-03-2024,WhatsApp,Teacher,634895,Married
CUS001781,Aarav,Singh,MALE,63,aarav.singh1781@gmail.com,9300301165,C092,New,12-03-2024,Email,Engineer,2777231,married
CUS001782,Ananya,Sharma,Male,39,ananya.sharma1782@gmail.com,98 20477139,C230,New,14-08-2024,Email,Doctor,2880909,Single
CUS001783,Vikram,Singh,male,55,vikram.singh1783@gmail.com,9829011962,C113,Premium,19-04-2024,Email,Teacher,1355159,Married
CUS001784,Priya,Reddy,FEMALE,56,priya.reddy1784@gmail.com,9925426420,C219,New,21-01-2024,Phone,Doctor,345003,Single
CUS001785,Aarav,Reddy,FEMALE,35,aarav.reddy1785@gmail.com,9958343566,C127,Returning,24-03-2024,WhatsApp,Engineer,2092477,married
CUS001786,Ananya,Nair,FEMALE,24,ananya.nair1786@gmail.com,9531940958,C077,Returning,15-09-2024,WhatsApp,Teacher,710776,Single
CUS001787,Sneha,Iyer,MALE,59,sneha.iyer1787@gmail.com,9595142440,C004,premium,26-08-2024,WhatsApp,Engineer,1036348,Single
CUS001788,Aarav,Nair,Male,33,aarav.nair1788@gmail.com,9488554233,C019,Returning,20-07-2024,WhatsApp,Doctor,791276,married
CUS001789,Ananya,Sharma,FEMALE,39,ananya.sharma1789@gmail.com,9625514381,C021,Premium,25-11-2024,WhatsApp,Teacher,2593491,Married
CUS001790,Sneha,Sharma,Male,54,sneha.sharma1790@gmail.com,9636075005,C133,Premium,17-11-2024,Phone,Engineer,875737,married
CUS001791,Rahul,Patel,FEMALE,32,rahul.patel1791@gmail.com,9902348380,C147,New,03-12-2024,Email,Doctor,1343526,Single
CUS001792,Sneha,Nair,Male,40,sneha.nair1792@gmail.com,9536338956,C030,Premium,28-07-2024,Phone,Engineer,1725243,Married
CUS001793,Ananya,Nair,male,31,ananya.nair1793@gmail.com,9156342243,C178,New,21-03-2024,WhatsApp,Engineer,676474,Married
CUS001794,Vikram,Singh,Female,24,vikram.singh1794@gmail.com,9121021225,C144,Returning,19-07-2024,Phone,Engineer,731233,Married
CUS001795,Ananya,Reddy,MALE,23,ananya.reddy1795@gmail.com,9575060928,C144,New,09-01-2024,WhatsApp,Business,1383414,Single
CUS001796,Vikram,Nair,male,28,vikram.nair1796@gmail.com,9778592631,C157,New,20-03-2024,WhatsApp,Doctor,2954899,Married
CUS001797,Ananya,Nair,male,62,ananya.nair1797@gmail.com,9107516275,C030,Returning,14-03-2024,WhatsApp,Business,2021675,married
CUS001798,Priya,Sharma,Female,24,priya.sharma1798@gmail.com,9195663003,C084,New,06-01-2024,WhatsApp,Doctor,1563681,married
CUS001799,Vikram,Sharma,Male,36,vikram.sharma1799@gmail.com,9692932836,C222,Premium,07-07-2024,WhatsApp,Doctor,2878541,Married
CUS001800,Aarav,Patel,Female,34,,9141394863,C216,Premium,09-04-2024,Email,,2092133,married
CUS001801,Aarav,Patel,Female,59,aarav.patel1801@gmail.com,9287451319,C003,New,03-01-2024,Email,Doctor,1795829,Single
CUS001802,Sneha,Sharma,FEMALE,53,sneha.sharma1802@gmail.com,9971479291,C054,Returning,12-12-2024,Phone,Doctor,1960885,married
CUS001803,Aarav,Nair,Male,22,aarav.nair1803@gmail.com,9763578776,C237,New,26-04-2024,Email,Teacher,1776649,Single
CUS001804,Rahul,Patel,Female,23,rahul.patel1804@gmail.com,9975358603,C001,premium,10-10-2024,WhatsApp,Teacher,2873458,Married
CUS001805,Sneha,Patel,MALE,28,sneha.patel1805@gmail.com,9701019647,C088,New,24-11-2024,Phone,Doctor,1851700,married
CUS001806,Ananya,Singh,Male,63,ananya.singh1806@gmail.com,9789284649,C217,Premium,21-04-2024,WhatsApp,Teacher,1428938,Married
CUS001807,Vikram,Sharma,MALE,63,vikram.sharma1807@gmail.com,9107082815,C146,New,14-09-2024,WhatsApp,Doctor,2328382,married
CUS001808,Aarav,Iyer,MALE,48,aarav.iyer1808@gmail.com,9619748333,C074,Premium,05-10-2024,Phone,Engineer,1301600,Married
CUS001809,Priya,Sharma,Male,47,priya.sharma1809@gmail.com,9456622255,C006,Returning,12-12-2024,Email,Engineer,2900479,Married
CUS001810,Vikram,Singh,FEMALE,45,vikram.singh1810@gmail.com,9927234276,C188,Premium,10-01-2024,Email,Engineer,1726038,Married
CUS001811,Vikram,Reddy,Male,26,vikram.reddy1811@gmail.com,9968520123,C054,Returning,15-08-2024,Email,Doctor,2887963,Single
CUS001812,Priya,Reddy,FEMALE,41,priya.reddy1812@gmail.com,9603096826,C013,New,17-12-2024,Phone,Teacher,2322241,Single
CUS001813,Ananya,Patel,Male,32,ananya.patel1813@gmail.com,9359049689,C124,premium,06-10-2024,WhatsApp,Doctor,597849,married
CUS001814,Vikram,Reddy,Male,42,vikram.reddy1814@gmail.com,9265320920,C171,Returning,11-08-2024,Phone,Doctor,2308364,Single
CUS001815,Priya,Iyer,male,35,priya.iyer1815@gmail.com,,C146,Returning,14-08-2024,Phone,Engineer,836433,married
CUS001816,Rahul,Sharma,Male,60,rahul.sharma1816@gmail.com,9741922911,C128,Premium,05-05-2024,Email,Teacher,1722641,married
CUS001817,Rahul,Singh,MALE,45,rahul.singh1817@gmail.com,9220752107,C039,Premium,07-08-2024,WhatsApp,Doctor,2080830,Single
CUS001818,Rahul,Nair,FEMALE,60,rahul.nair1818@gmail.com,9616909571,C126,Premium,22-02-2024,Email,Doctor,1097087,Married
CUS001819,Priya,Singh,male,57,priya.singh1819@gmail.com,9599299197,C210,New,07-04-2024,Email,Engineer,2538494,Married
CUS001820, Ananya,Iyer,MALE,65,ananya.iyer1820@gmail.com,9494276570,C225,premium,06-12-2024,Email,Doctor,1493177,Married
CUS001821,Rahul,Nair,FEMALE,37,rahul.nair1821@gmail.com,9544386896,C157,Premium,19-12-2024,Phone,Doctor,437701,Married
CUS001822,Priya,Singh,Female,51,priya.singh1822@gmail.com,9149482963,C095,New,23-05-2024,Email,Engineer,1372229,married
CUS001823,Priya,Reddy,Male,35,priya.reddy1823@gmail.com,9149216143,C240,Premium,06-12-2024,Email,Engineer,319629,Married
CUS001824,Priya,Singh,MALE,60,priya.singh1824@gmail.com,9519292940,C229,Returning,12-05-2024,Email,Doctor,1813678,Married
CUS001825,Priya,Nair,MALE,22,priya.nair1825@gmail.com,9310605632,C224,Premium,01-05-2024,WhatsApp,Business,2204980,Married
CUS001826,Rahul,Patel,male,55,rahul.patel1826@gmail.com,9238931548,C167,Returning,25-07-2024,Phone,Engineer,2014516,married
CUS001827,Vikram,Reddy,FEMALE,52,vikram.reddy1827@gmail.com,9353522459,C238,premium,08-11-2024,Email,Teacher,1618969,married
CUS001828,Rahul,Sharma,Male,49,rahul.sharma1828@gmail.com,9873843700,C183,premium,22-07-2024,Email,Business,2696714,Single
CUS001829,Aarav,Patel,MALE,28,aarav.patel1829@gmail.com,9952066328,C092,New,02-04-2024,Phone,Doctor,1405123,married
CUS001830,Aarav,Patel,FEMALE,28,aarav.patel1830@gmail.com,9568381170,C155,Premium,03-02-2024,Phone,Business,2123249,Single
CUS001831,Sneha,Nair,FEMALE,57,sneha.nair1831@gmail.com,9647778985,C063,Premium,05-09-2024,Email,Business,1621425,married
CUS001832,Ananya,Nair,male,39,ananya.nair1832@gmail.com,9346109397,C150,Premium,08-11-2024,Phone,Business,2248088,married
CUS001833,Vikram,Sharma,FEMALE,60,vikram.sharma1833@gmail.com,9495211823,C214,premium,17-07-2024,WhatsApp,Teacher,2529200,Single
CUS001834,Ananya,Singh,FEMALE,52,ananya.singh1834@gmail.com,9787970529,C166,New,19-04-2024,Phone,Doctor,382112,Married
CUS001835,Rahul,Nair,male,41,rahul.nair1835@gmail.com,9111337156,C245,Premium,01-07-2024,Email,Teacher,764560,Married
CUS001836,Aarav,Reddy,Male,31,aarav.reddy1836@gmail.com,9541387158,C027,New,09-07-2024,WhatsApp,Teacher,1426404,married
CUS001837,Rahul,Iyer,Male,32,rahul.iyer1837@gmail.com,9816412399,C030,premium,22-04-2024,Phone,Teacher,2651800,married
CUS001838,Vikram,Singh,MALE,49,vikram.singh1838@gmail.com,9404063114,C134,premium,11-06-2024,WhatsApp,Doctor,1832840,married
CUS001839,Vikram,Iyer,MALE,51,vikram.iyer1839@gmail.com,9915835932,C167,Returning,13-09-2024,Phone,Engineer,1016854,Married
CUS001840,Priya,Singh,FEMALE,58,,9764022083,C130,New,13-07-2024,WhatsApp,Business,337401,Single
CUS001841,Rahul,Iyer,Male,40,rahul.iyer1841@gmail.com,9759202554,C249,Premium,04-01-2024,Email,Engineer,2205017,Married
CUS001842,Vikram,Reddy,male,65,vikram.reddy1842@gmail.com,9487814586,C108,Premium,16-09-2024,Phone,Teacher,824981,Married
CUS001843,Aarav,Reddy,Female,29,aarav.reddy1843@gmail.com,9971955861,C225,Premium,16-07-2024,Email,Teacher,2849677,Married
CUS001844,Aarav,Singh,MALE,34,aarav.singh1844@gmail.com,9859900975,C084,New,03-08-2024,Phone,Engineer,995125,Married
CUS001845,Ananya,Sharma,male,62,ananya.sharma1845@gmail.com,9145541404,C193,premium,20-04-2024,Email,Business,1930826,married
CUS001846,Priya,Singh,Male,60,priya.singh1846@gmail.com,9933962190,C193,New,01-05-2024,Phone,Doctor,545388,Single
CUS001847,Sneha,Reddy,FEMALE,57,sneha.reddy1847@gmail.com,9862975861,C240,New,11-07-2024,Email,Business,2158999,married
CUS001848,Sneha,Singh,Male,61,sneha.singh1848@gmail.com,98 96058988,C136,New,18-06-2024,Email,Business,1183809,married
CUS001849,Ananya,Sharma,FEMALE,47,ananya.sharma1849@gmail.com,9543549151,C138,Returning,24-12-2024,Email,Teacher,1748299,Single
CUS001850,Aarav,Nair,male,35,aarav.nair1850@gmail.com,9436297278,C223,premium,04-08-2024,Phone,Doctor,2781578,Married
CUS001851,Aarav,Patel,Female,64,aarav.patel1851@gmail.com,9327916635,C166,Premium,20-01-2024,WhatsApp,Teacher,703216,Single
CUS001852,Sneha,Sharma,male,27,sneha.sharma1852@gmail.com,9918133856,C016,New,09-08-2024,Phone,Business,367181,Married
CUS001853,Sneha,Singh,Male,48,sneha.singh1853@gmail.com,9521286281,C227,premium,16-06-2024,WhatsApp,Engineer,2435718,Married
CUS001854,Ananya,Nair,Female,38,ananya.nair1854@gmail.com,9242806782,C108,premium,21-06-2024,Email,Doctor,2443174,married
CUS001855,Vikram,Iyer,MALE,52,vikram.iyer1855@gmail.com,9432126173,C247,premium,26-03-2024,Phone,Business,457206,married
CUS001856,Priya,Singh,male,31,priya.singh1856@gmail.com,9658073309,C221,Returning,14-12-2024,Email,Doctor,2481232,Married
CUS001857,Aarav,Nair,male,28,aarav.nair1857@gmail.com,9781993558,C117,New,26-05-2024,Email,Business,1468379,Single
CUS001858,Priya,Patel,Female,60,priya.patel1858@gmail.com,9961731434,C208,premium,26-02-2024,WhatsApp,Teacher,680511,Married
CUS001859,Sneha,Iyer,Female,59,sneha.iyer1859@gmail.com,9121421059,C127,Premium,22-10-2024,Phone,Doctor,2816801,Married
CUS001860,Priya,Singh,FEMALE,64,priya.singh1860@gmail.com,9821500585,C007,Premium,28-02-2024,Phone,,2997185,married
CUS001861,Ananya,Singh,Female,40,ananya.singh1861@gmail.com,9274938244,C212,New,11-07-2024,Phone,Engineer,323365,married
CUS001862,Vikram,Sharma,Male,54,vikram.sharma1862@gmail.com,9949534710,C243,premium,21-02-2024,WhatsApp,Doctor,1830561,Single
CUS001863,Vikram,Iyer,MALE,57,vikram.iyer1863@gmail.com,9596918502,C165,premium,02-06-2024,Phone,Doctor,355677,Married
CUS001864,Priya,Singh,Male,65,priya.singh1864@gmail.com,9872160619,C213,Returning,01-12-2024,Email,Engineer,2542332,Married
CUS001865,Ananya,Singh,FEMALE,58,ananya.singh1865@gmail.com,9678782347,C004,New,02-12-2024,Phone,Teacher,860288,Married
CUS001866,Priya,Iyer,Male,29,priya.iyer1866@gmail.com,9642526944,C137,premium,23-09-2024,WhatsApp,Engineer,1455681,Single
CUS001867,Rahul,Iyer,MALE,40,rahul.iyer1867@gmail.com,9490356386,C113,Premium,23-02-2024,Email,Teacher,1541354,married
CUS001868,Aarav,Patel,male,37,aarav.patel1868@gmail.com,9628040078,C128,Premium,11-08-2024,Phone,Engineer,1073013,married
CUS001869,Sneha,Singh,FEMALE,35,sneha.singh1869@gmail.com,9682819484,C244,premium,10-08-2024,Email,Business,1245363,Single
CUS001870,Aarav,Nair,Male,42,aarav.nair1870@gmail.com,,C178,New,27-05-2024,Email,Engineer,1871254,Single
CUS001871,Priya,Singh,Male,47,priya.singh1871@gmail.com,9983513529,C216,Premium,19-06-2024,Email,Teacher,1448856,married
CUS001872,Vikram,Singh,FEMALE,36,vikram.singh1872@gmail.com,9806097266,C037,premium,23-02-2024,WhatsApp,Teacher,928937,married
CUS001873,Aarav,Iyer,male,61,aarav.iyer1873@gmail.com,9785453542,C190,New,19-05-2024,WhatsApp,Doctor,2153619,Married
CUS001874,Priya,Reddy,Male,53,priya.reddy1874@gmail.com,9666880640,C109,premium,26-07-2024,Phone,Doctor,1137392,married
CUS001875,Priya,Reddy,Female,37,priya.reddy1875@gmail.com,9369810625,C105,Returning,21-01-2024,Email,Teacher,2718540,Single
CUS001876,Vikram,Sharma,MALE,30,vikram.sharma1876@gmail.com,9256342832,C122,premium,08-12-2024,Phone,Engineer,930937,Married
CUS001877,Aarav,Reddy,male,49,aarav.reddy1877@gmail.com,9591578119,C183,Premium,18-11-2024,WhatsApp,Teacher,2744434,Single
CUS001878,Vikram,Patel,FEMALE,36,vikram.patel1878@gmail.com,9995733142,C096,Premium,14-11-2024,Email,Engineer,813748,Married
CUS001879,Ananya,Sharma,MALE,43,ananya.sharma1879@gmail.com,9368293317,C151,Premium,06-02-2024,Phone,Doctor,2561872,Single
CUS001880,Rahul,Sharma,Female,41,,9633315772,C227,Premium,07-02-2024,Email,Doctor,2366458,married
CUS001881,Rahul,Patel,Female,36,rahul.patel1881@gmail.com,98 32456007,C028,Premium,23-05-2024,WhatsApp,Engineer,975289,married
CUS001882,Rahul,Nair,FEMALE,37,rahul.nair1882@gmail.com,9918384184,C105,Returning,28-01-2024,Email,Doctor,1464941,Married
CUS001883,Priya,Sharma,male,48,priya.sharma1883@gmail.com,9557669552,C169,Returning,07-07-2024,Email,Engineer,1967081,Single
CUS001884,Sneha,Sharma,Female,38,sneha.sharma1884@gmail.com,9654126495,C082,Returning,19-11-2024,Phone,Engineer,2975878,married
CUS001885,Vikram,Patel,MALE,64,vikram.patel1885@gmail.com,9990524297,C240,Premium,12-02-2024,WhatsApp,Teacher,1985081,Married
CUS001886,Sneha,Patel,FEMALE,39,sneha.patel1886@gmail.com,9404843228,C064,Returning,11-01-2024,Email,Business,1662382,married
CUS001887,Priya,Reddy,Female,26,priya.reddy1887@gmail.com,9973164541,C210,premium,07-07-2024,Phone,Teacher,1291002,married
CUS001888,Vikram,Singh,MALE,34,vikram.singh1888@gmail.com,9683703531,C112,premium,25-11-2024,Email,Engineer,1920172,Married
CUS001889,Rahul,Nair,male,51,rahul.nair1889@gmail.com,9469866248,C177,premium,23-07-2024,WhatsApp,Business,2930383,Single
CUS001890, Ananya,Iyer,Female,55,ananya.iyer1890@gmail.com,9725315397,C006,New,10-10-2024,WhatsApp,Teacher,1316102,married
CUS001891,Priya,Singh,Male,55,priya.singh1891@gmail.com,9528346759,C205,Premium,08-06-2024,WhatsApp,Engineer,546192,Married
CUS001892,Vikram,Reddy,FEMALE,27,vikram.reddy1892@gmail.com,9366599128,C032,Premium,23-12-2024,WhatsApp,Teacher,1993863,Married
CUS001893,Aarav,Nair,MALE,54,aarav.nair1893@gmail.com,9922554187,C066,New,11-12-2024,Phone,Engineer,1410633,Married
CUS001894,Rahul,Singh,male,58,rahul.singh1894@gmail.com,9100835935,C208,Returning,25-10-2024,WhatsApp,Doctor,800585,married
CUS001895,Aarav,Iyer,male,24,aarav.iyer1895@gmail.com,9618951439,C087,New,10-06-2024,WhatsApp,Teacher,2489671,Married
CUS001896,Aarav,Patel,Male,42,aarav.patel1896@gmail.com,9918581200,C117,New,17-05-2024,WhatsApp,Doctor,1558688,Married
CUS001897,Rahul,Sharma,FEMALE,41,rahul.sharma1897@gmail.com,9794195118,C060,Returning,12-06-2024,Email,Doctor,2671984,Single
CUS001898,Sneha,Patel,Female,35,sneha.patel1898@gmail.com,9702556395,C210,premium,01-09-2024,Phone,Teacher,813205,married
CUS001899,Ananya,Patel,MALE,33,ananya.patel1899@gmail.com,9224639833,C141,New,03-07-2024,Email,Doctor,1764683,Married
CUS001900,Aarav,Iyer,Female,30,aarav.iyer1900@gmail.com,9551732943,C088,New,05-04-2024,Email,Business,1221821,Single
CUS001901,Rahul,Sharma,Female,30,rahul.sharma1901@gmail.com,9667247187,C021,Premium,27-01-2024,Email,Teacher,1174035,married
CUS001902,Vikram,Iyer,male,38,vikram.iyer1902@gmail.com,9170245119,C150,Returning,10-07-2024,Phone,Teacher,2625495,Single
CUS001903,Priya,Iyer,Male,24,priya.iyer1903@gmail.com,9790501304,C249,Premium,20-02-2024,WhatsApp,Teacher,2594907,married
CUS001904,Sneha,Iyer,Male,37,sneha.iyer1904@gmail.com,9628102563,C113,Returning,15-06-2024,Email,Doctor,1615094,Married
CUS001905,Aarav,Iyer,Female,43,aarav.iyer1905@gmail.com,9884095328,C125,Returning,02-12-2024,WhatsApp,Engineer,2010715,married
CUS001906,Rahul,Singh,Male,61,rahul.singh1906@gmail.com,9422451890,C033,Returning,10-01-2024,Email,Engineer,2467271,married
CUS001907,Priya,Iyer,Male,43,priya.iyer1907@gmail.com,9320174930,C022,New,14-05-2024,WhatsApp,Engineer,438250,married
CUS001908,Priya,Nair,MALE,23,priya.nair1908@gmail.com,9873051639,C192,Returning,20-08-2024,Email,Doctor,472222,Single
CUS001909,Sneha,Sharma,Female,23,sneha.sharma1909@gmail.com,9532328950,C092,Returning,03-03-2024,Phone,Teacher,392296,Married
CUS001910,Priya,Iyer,male,49,priya.iyer1910@gmail.com,9656044979,C070,premium,19-05-2024,Email,Engineer,2085483,Single
CUS001911,Vikram,Sharma,FEMALE,60,vikram.sharma1911@gmail.com,9151155736,C145,New,17-03-2024,WhatsApp,Business,2794594,Single
CUS001912,Aarav,Patel,male,29,aarav.patel1912@gmail.com,9641027958,C144,Returning,03-03-2024,Phone,Engineer,2948053,Married
CUS001913,Priya,Singh,Female,47,priya.singh1913@gmail.com,9125625376,C039,premium,09-11-2024,Phone,Engineer,809530,married
CUS001914,Ananya,Singh,FEMALE,25,ananya.singh1914@gmail.com,98 40969555,C237,Premium,27-10-2024,WhatsApp,Doctor,2434375,Single
CUS001915,Priya,Iyer,male,64,priya.iyer1915@gmail.com,9352375923,C119,Returning,04-06-2024,WhatsApp,Doctor,969784,married
CUS001916,Priya,Sharma,Female,47,priya.sharma1916@gmail.com,9530958024,C030,Premium,19-08-2024,WhatsApp,Business,326356,Single
CUS001917,Sneha,Reddy,Female,40,sneha.reddy1917@gmail.com,9886911531,C100,Returning,06-02-2024,Phone,Teacher,2034491,Married
CUS001918,Ananya,Nair,male,59,ananya.nair1918@gmail.com,9933125424,C064,Returning,01-04-2024,WhatsApp,Teacher,2344295,Single
CUS001919,Vikram,Reddy,Male,31,vikram.reddy1919@gmail.com,9982425704,C070,Returning,12-11-2024,Email,Business,2618656,married
CUS001920,Rahul,Reddy,male,44,,9386836667,C240,Returning,01-12-2024,Phone,,2559111,Married
CUS001921,Sneha,Sharma,Female,30,sneha.sharma1921@gmail.com,9480490181,C124,premium,11-02-2024,WhatsApp,Engineer,928220,Married
CUS001922,Vikram,Iyer,Female,27,vikram.iyer1922@gmail.com,9190066037,C086,Returning,22-12-2024,Email,Teacher,503205,married
CUS001923,Aarav,Patel,Female,41,aarav.patel1923@gmail.com,9112025560,C131,premium,04-02-2024,Email,Doctor,2609965,married
CUS001924,Ananya,Reddy,FEMALE,29,ananya.reddy1924@gmail.com,9228148273,C162,Returning,18-06-2024,WhatsApp,Teacher,728182,Married
CUS001925,Ananya,Sharma,FEMALE,63,ananya.sharma1925@gmail.com,,C125,Returning,13-04-2024,WhatsApp,Engineer,1146265,Married
CUS001926,Ananya,Reddy,MALE,39,ananya.reddy1926@gmail.com,9701996328,C074,Premium,15-11-2024,Email,Doctor,1652137,married
CUS001927,Sneha,Iyer,Female,63,sneha.iyer1927@gmail.com,9241957095,C073,premium,28-09-2024,Phone,Business,1357791,Single
CUS001928,Vikram,Nair,MALE,40,vikram.nair1928@gmail.com,9920577441,C194,Returning,02-10-2024,Phone,Teacher,855961,Married
CUS001929,Aarav,Iyer,male,58,aarav.iyer1929@gmail.com,9506632668,C132,premium,02-06-2024,Phone,Doctor,1993324,Married
CUS001930,Vikram,Patel,male,52,vikram.patel1930@gmail.com,9507187588,C186,Premium,07-02-2024,Email,Doctor,2515979,married
CUS001931,Rahul,Sharma,Female,25,rahul.sharma1931@gmail.com,9220494274,C008,Premium,03-06-2024,WhatsApp,Doctor,702792,married
CUS001932,Ananya,Sharma,Female,45,ananya.sharma1932@gmail.com,9198281350,C056,New,14-09-2024,Phone,Business,1767876,Single
CUS001933,Ananya,Patel,Male,32,ananya.patel1933@gmail.com,9148708316,C232,premium,01-12-2024,Phone,Business,778134,married
CUS001934,Ananya,Iyer,MALE,49,ananya.iyer1934@gmail.com,9706215559,C088,premium,27-03-2024,Email,Business,557846,married
CUS001935,Sneha,Patel,male,60,sneha.patel1935@gmail.com,9487983297,C041,New,13-05-2024,Email,Business,821886,Married
CUS001936,Priya,Singh,MALE,43,priya.singh1936@gmail.com,9920233556,C022,premium,10-08-2024,Email,Doctor,1655119,Single
CUS001937,Sneha,Singh,FEMALE,27,sneha.singh1937@gmail.com,9478877641,C235,premium,03-12-2024,Phone,Business,887682,married
CUS001938,Sneha,Nair,male,50,sneha.nair1938@gmail.com,9135660731,C231,premium,23-08-2024,WhatsApp,Teacher,900305,Married
CUS001939,Ananya,Iyer,FEMALE,56,ananya.iyer1939@gmail.com,9362288367,C212,premium,16-12-2024,Phone,Teacher,2328999,Single
CUS001940,Aarav,Singh,FEMALE,56,aarav.singh1940@gmail.com,9789491020,C112,premium,10-06-2024,WhatsApp,Teacher,2733964,married
CUS001941,Priya,Reddy,FEMALE,36,priya.reddy1941@gmail.com,9499451218,C245,premium,23-12-2024,Phone,Doctor,1404416,married
CUS001942,Rahul,Reddy,Female,45,rahul.reddy1942@gmail.com,9902215736,C139,Premium,06-06-2024,Email,Doctor,1539951,married
CUS001943,Rahul,Iyer,male,55,rahul.iyer1943@gmail.com,9982167870,C096,Premium,04-10-2024,WhatsApp,Doctor,2769633,Married
CUS001944,Sneha,Iyer,MALE,33,sneha.iyer1944@gmail.com,9581124254,C199,Returning,17-09-2024,Email,Engineer,896964,married
CUS001945,Aarav,Singh,FEMALE,56,aarav.singh1945@gmail.com,9529350963,C167,Returning,26-12-2024,Phone,Engineer,1213173,Married
CUS001946,Rahul,Sharma,Female,33,rahul.sharma1946@gmail.com,9347141235,C020,Premium,15-06-2024,WhatsApp,Business,1793800,Married
CUS001947,Sneha,Sharma,Male,40,sneha.sharma1947@gmail.com,98 98336178,C089,Returning,02-09-2024,Email,Teacher,2514943,Single
CUS001948,Priya,Iyer,FEMALE,46,priya.iyer1948@gmail.com,9939104950,C074,Returning,20-01-2024,WhatsApp,Business,500884,married
CUS001949,Aarav,Singh,male,63,aarav.singh1949@gmail.com,9150175515,C075,Premium,19-08-2024,Email,Business,430510,Single
CUS001950,Ananya,Singh,MALE,51,ananya.singh1950@gmail.com,9271994458,C146,Returning,09-03-2024,Phone,Business,2351336,married
CUS001951,Aarav,Patel,MALE,48,aarav.patel1951@gmail.com,9968523453,C228,Premium,19-12-2024,WhatsApp,Doctor,1855882,Married
CUS001952,Sneha,Patel,male,38,sneha.patel1952@gmail.com,9741872999,C121,Returning,06-10-2024,Phone,Business,1053418,married
CUS001953,Ananya,Reddy,FEMALE,58,ananya.reddy1953@gmail.com,9544921708,C160,Premium,01-06-2024,Phone,Business,879333,married
CUS001954,Vikram,Nair,Male,26,vikram.nair1954@gmail.com,9684630993,C158,Premium,21-11-2024,WhatsApp,Engineer,918621,Married
CUS001955,Aarav,Sharma,MALE,39,aarav.sharma1955@gmail.com,9639642599,C126,New,12-03-2024,Email,Engineer,2430568,Single
CUS001956,Aarav,Sharma,male,42,aarav.sharma1956@gmail.com,9614689491,C027,Premium,17-11-2024,WhatsApp,Business,552271,Married
CUS001957,Sneha,Sharma,Female,37,sneha.sharma1957@gmail.com,9960751634,C075,New,06-11-2024,Phone,Teacher,1898964,Married
CUS001958,Aarav,Singh,FEMALE,30,aarav.singh1958@gmail.com,9537323434,C023,Premium,26-07-2024,WhatsApp,Business,2159326,Single
CUS001959,Ananya,Reddy,Female,37,ananya.reddy1959@gmail.com,9878226235,C160,New,08-06-2024,Email,Teacher,327347,Single
CUS001960, Aarav,Patel,MALE,57,,9240544625,C183,Premium,07-10-2024,Phone,Teacher,821293,Married
CUS001961,Rahul,Sharma,Female,26,rahul.sharma1961@gmail.com,9807004807,C209,premium,28-04-2024,WhatsApp,Business,2758387,Married
CUS001962,Ananya,Reddy,Female,65,ananya.reddy1962@gmail.com,9205119699,C030,Returning,19-04-2024,WhatsApp,Doctor,1524886,married
CUS001963,Aarav,Sharma,male,36,aarav.sharma1963@gmail.com,9497989087,C218,Premium,16-02-2024,Phone,Doctor,1296530,Married
CUS001964,Ananya,Singh,Female,51,ananya.singh1964@gmail.com,9187822753,C187,Returning,17-10-2024,Phone,Business,1326906,married
CUS001965,Ananya,Reddy,Female,56,ananya.reddy1965@gmail.com,9286411025,C142,New,09-10-2024,Email,Business,2178655,Married
CUS001966,Priya,Reddy,male,43,priya.reddy1966@gmail.com,9201269878,C077,Premium,02-10-2024,WhatsApp,Business,1132909,married
CUS001967,Aarav,Nair,Male,33,aarav.nair1967@gmail.com,9818482931,C089,Returning,22-03-2024,WhatsApp,Engineer,591169,married
CUS001968,Rahul,Iyer,Female,22,rahul.iyer1968@gmail.com,9423577826,C115,New,28-08-2024,Phone,Business,2648875,Married
CUS001969,Priya,Nair,FEMALE,44,priya.nair1969@gmail.com,9837301631,C092,premium,13-04-2024,Email,Teacher,2810177,married
CUS001970,Ananya,Sharma,Female,40,ananya.sharma1970@gmail.com,9218487935,C159,New,05-02-2024,WhatsApp,Teacher,2283599,Single
CUS001971,Sneha,Singh,male,49,sneha.singh1971@gmail.com,9393100836,C235,Returning,28-02-2024,Email,Doctor,1785379,Single
CUS001972,Priya,Iyer,FEMALE,50,priya.iyer1972@gmail.com,9324093132,C087,New,28-08-2024,Email,Teacher,1098040,Single
CUS001973,Vikram,Patel,male,32,vikram.patel1973@gmail.com,9739415822,C065,New,25-03-2024,Phone,Teacher,2443084,married
CUS001974,Rahul,Singh,FEMALE,58,rahul.singh1974@gmail.com,9916682879,C183,premium,25-07-2024,WhatsApp,Teacher,1718022,Married
CUS001975,Priya,Nair,male,47,priya.nair1975@gmail.com,9984824349,C048,premium,18-12-2024,Phone,Business,1119898,Married
CUS001976,Rahul,Singh,Female,23,rahul.singh1976@gmail.com,9235170519,C017,Premium,17-12-2024,Email,Teacher,2644137,Married
CUS001977,Aarav,Sharma,male,37,aarav.sharma1977@gmail.com,9531773078,C073,Returning,08-07-2024,Phone,Teacher,684596,Married
CUS001978,Rahul,Singh,Female,24,rahul.singh1978@gmail.com,9354714700,C018,Returning,20-02-2024,Email,Doctor,328118,married
CUS001979,Ananya,Nair,Female,54,ananya.nair1979@gmail.com,9802929386,C041,Returning,02-01-2024,WhatsApp,Business,1504501,Single
CUS001980,Vikram,Singh,Female,39,vikram.singh1980@gmail.com,,C126,Returning,10-06-2024,WhatsApp,,2206469,Single
CUS001981,Sneha,Nair,Female,28,sneha.nair1981@gmail.com,9667408349,C040,New,23-11-2024,WhatsApp,Engineer,1654681,Single
CUS001982,Rahul,Nair,Female,33,rahul.nair1982@gmail.com,9531646389,C233,New,20-11-2024,Email,Doctor,2037727,married
CUS001983,Rahul,Singh,MALE,25,rahul.singh1983@gmail.com,9378995503,C079,Returning,24-06-2024,Email,Teacher,1921986,married
CUS001984,Vikram,Iyer,Male,36,vikram.iyer1984@gmail.com,9224023158,C183,premium,10-06-2024,WhatsApp,Business,1791466,married
CUS001985,Sneha,Iyer,MALE,43,sneha.iyer1985@gmail.com,9406655371,C009,premium,28-04-2024,WhatsApp,Doctor,512075,married
CUS001986,Sneha,Nair,MALE,58,sneha.nair1986@gmail.com,9311147612,C183,premium,19-02-2024,WhatsApp,Business,1621711,Single
CUS001987,Rahul,Sharma,Female,33,rahul.sharma1987@gmail.com,9872189712,C039,New,25-01-2024,WhatsApp,Engineer,2772455,married
CUS001988,Ananya,Sharma,Female,57,ananya.sharma1988@gmail.com,9116133041,C155,Premium,16-05-2024,WhatsApp,Business,1287493,Single
CUS001989,Vikram,Reddy,MALE,42,vikram.reddy1989@gmail.com,9660089706,C045,premium,21-12-2024,Email,Doctor,315901,Married
CUS001990,Vikram,Singh,male,41,vikram.singh1990@gmail.com,9336220877,C193,New,16-02-2024,WhatsApp,Doctor,1145324,married
CUS001991,Aarav,Iyer,FEMALE,28,aarav.iyer1991@gmail.com,9306659615,C222,New,27-03-2024,Email,Doctor,2408842,Single
CUS001992,Vikram,Iyer,Male,62,vikram.iyer1992@gmail.com,9654637932,C051,New,27-11-2024,WhatsApp,Business,2401026,married
CUS001993,Aarav,Nair,FEMALE,62,aarav.nair1993@gmail.com,9682385305,C164,Returning,03-07-2024,WhatsApp,Engineer,2755509,married
CUS001994,Aarav,Sharma,male,48,aarav.sharma1994@gmail.com,9183786514,C024,New,10-09-2024,Email,Business,1252353,married
CUS001995,Vikram,Patel,Male,26,vikram.patel1995@gmail.com,9526228831,C035,premium,10-07-2024,WhatsApp,Doctor,1721498,Single
CUS001996,Aarav,Patel,male,26,aarav.patel1996@gmail.com,9272660643,C038,New,24-01-2024,WhatsApp,Doctor,1715235,Single
CUS001997,Vikram,Iyer,FEMALE,57,vikram.iyer1997@gmail.com,9355760268,C078,Premium,17-07-2024,Email,Engineer,1259999,Married
CUS001998,Aarav,Patel,Male,35,aarav.patel1998@gmail.com,9651437661,C217,New,07-10-2024,Phone,Teacher,767934,married
CUS001999,Sneha,Sharma,FEMALE,45,sneha.sharma1999@gmail.com,9884993562,C062,New,14-01-2024,WhatsApp,Teacher,413159,married
CUS002000,Sneha,Reddy,FEMALE,26,,9886742919,C153,Returning,07-08-2024,Phone,Engineer,837153,married
CUS002001,Sneha,Iyer,MALE,36,sneha.iyer2001@gmail.com,9804680468,C160,New,03-09-2024,Email,Engineer,431777,Single
CUS002002,Priya,Nair,Female,48,priya.nair2002@gmail.com,9130142041,C228,premium,15-01-2024,Email,Business,1204141,Married
CUS002003,Aarav,Patel,MALE,26,aarav.patel2003@gmail.com,9690714005,C104,Premium,20-03-2024,WhatsApp,Doctor,2925386,married
CUS002004,Vikram,Reddy,MALE,25,vikram.reddy2004@gmail.com,9218086700,C229,New,21-02-2024,Phone,Teacher,2916391,married
CUS002005,Vikram,Nair,Male,30,vikram.nair2005@gmail.com,9373709850,C190,premium,07-03-2024,Email,Teacher,1764559,married
CUS002006,Sneha,Iyer,FEMALE,29,sneha.iyer2006@gmail.com,9189445287,C202,Returning,14-09-2024,Phone,Teacher,1386367,Married
CUS002007,Rahul,Singh,Female,34,rahul.singh2007@gmail.com,9139703397,C131,New,09-02-2024,Email,Doctor,383157,married
CUS002008,Ananya,Nair,FEMALE,26,ananya.nair2008@gmail.com,9733982045,C175,premium,13-12-2024,Email,Engineer,418239,married
CUS002009,Aarav,Nair,Female,33,aarav.nair2009@gmail.com,9305163780,C222,Returning,07-10-2024,Phone,Business,2537016,married
CUS002010,Sneha,Singh,FEMALE,61,sneha.singh2010@gmail.com,9160849306,C078,New,02-06-2024,WhatsApp,Teacher,2001763,Married
CUS002011,Sneha,Nair,Male,26,sneha.nair2011@gmail.com,9173621488,C107,premium,19-07-2024,WhatsApp,Engineer,384817,Married
CUS002012,Aarav,Reddy,male,47,aarav.reddy2012@gmail.com,9328483161,C025,Premium,09-01-2024,Email,Business,1552042,Married
CUS002013,Sneha,Nair,male,26,sneha.nair2013@gmail.com,98 36275097,C043,New,09-02-2024,Email,Business,1139550,married
CUS002014,Aarav,Patel,Female,40,aarav.patel2014@gmail.com,9757080112,C229,Returning,23-08-2024,Phone,Doctor,2968716,Single
CUS002015,Ananya,Patel,Male,60,ananya.patel2015@gmail.com,9460035237,C184,New,14-02-2024,WhatsApp,Business,2307448,married
CUS002016,Ananya,Reddy,Female,32,ananya.reddy2016@gmail.com,9125580462,C142,Returning,18-08-2024,Email,Teacher,2334145,Single
CUS002017,Priya,Sharma,FEMALE,40,priya.sharma2017@gmail.com,9932134168,C081,Returning,12-10-2024,Email,Teacher,468704,married
CUS002018,Aarav,Reddy,Male,61,aarav.reddy2018@gmail.com,9300210193,C057,premium,05-09-2024,WhatsApp,Teacher,2994949,married
CUS002019,Vikram,Singh,male,37,vikram.singh2019@gmail.com,9338827567,C069,Premium,06-07-2024,WhatsApp,Engineer,622455,married
CUS002020,Sneha,Iyer,FEMALE,47,sneha.iyer2020@gmail.com,9694315059,C141,premium,24-08-2024,Email,Business,2322405,married
CUS002021,Rahul,Singh,Female,55,rahul.singh2021@gmail.com,9540576451,C180,premium,18-03-2024,WhatsApp,Engineer,2985587,Single
CUS002022,Priya,Singh,Male,38,priya.singh2022@gmail.com,9336087806,C043,New,26-09-2024,Phone,Teacher,2819264,Single
CUS002023,Rahul,Sharma,Male,23,rahul.sharma2023@gmail.com,9926684336,C066,Returning,23-06-2024,WhatsApp,Engineer,2692665,married
CUS002024,Aarav,Patel,FEMALE,33,aarav.patel2024@gmail.com,9579336469,C212,New,28-09-2024,Email,Engineer,2553557,Single
CUS002025,Aarav,Reddy,Female,65,aarav.reddy2025@gmail.com,9404334510,C245,premium,12-08-2024,Phone,Business,1075505,Single
CUS002026,Ananya,Singh,Male,64,ananya.singh2026@gmail.com,9632527985,C098,Premium,03-06-2024,Email,Teacher,1396180,married
CUS002027,Aarav,Sharma,Female,34,aarav.sharma2027@gmail.com,9631765718,C052,Premium,12-01-2024,WhatsApp,Doctor,740259,Married
CUS002028,Ananya,Nair,MALE,57,ananya.nair2028@gmail.com,9474266939,C217,Returning,15-08-2024,Phone,Business,2363707,Single
CUS002029,Rahul,Nair,Male,48,rahul.nair2029@gmail.com,9532102775,C120,Premium,10-11-2024,Email,Teacher,2019544,Single
CUS002030, Sneha,Iyer,Female,50,sneha.iyer2030@gmail.com,9137664019,C195,New,08-06-2024,WhatsApp,Teacher,988379,Single
CUS002031,Rahul,Iyer,male,25,rahul.iyer2031@gmail.com,9711945793,C044,Premium,11-02-2024,WhatsApp,Business,1161292,married
CUS002032,Priya,Iyer,male,26,priya.iyer2032@gmail.com,9959614287,C083,Returning,11-05-2024,Email,Teacher,341044,Single
CUS002033,Ananya,Reddy,Female,40,ananya.reddy2033@gmail.com,9279298172,C040,New,25-11-2024,Email,Business,2965489,married
CUS002034,Vikram,Iyer,MALE,40,vikram.iyer2034@gmail.com,9801073684,C213,New,21-09-2024,Phone,Engineer,779676,married
CUS002035,Rahul,Reddy,Female,49,rahul.reddy2035@gmail.com,,C147,Returning,06-01-2024,Email,Business,2916164,Single
CUS002036,Sneha,Nair,Male,52,sneha.nair2036@gmail.com,9522626924,C095,New,26-12-2024,Phone,Engineer,2577287,Married
CUS002037,Sneha,Iyer,Male,48,sneha.iyer2037@gmail.com,9722778462,C249,Returning,23-09-2024,WhatsApp,Engineer,2232138,married
CUS002038,Ananya,Reddy,MALE,53,ananya.reddy2038@gmail.com,9897256086,C212,Returning,18-06-2024,Phone,Doctor,1785108,Married
CUS002039,Aarav,Patel,FEMALE,57,aarav.patel2039@gmail.com,9947416812,C159,Premium,27-12-2024,WhatsApp,Teacher,2856008,Single
CUS002040,Rahul,Singh,Male,28,,9309883139,C064,premium,22-12-2024,Email,,630364,married
CUS002041,Rahul,Patel,FEMALE,52,rahul.patel2041@gmail.com,9266630080,C238,New,28-09-2024,WhatsApp,Business,791212,married
CUS002042,Ananya,Patel,MALE,30,ananya.patel2042@gmail.com,9348494193,C172,premium,13-10-2024,Email,Teacher,1940257,married
CUS002043,Priya,Patel,Male,39,priya.patel2043@gmail.com,9403745728,C084,New,11-10-2024,Phone,Teacher,2984521,Single
CUS002044,Rahul,Sharma,Male,50,rahul.sharma2044@gmail.com,9915067060,C214,Returning,09-01-2024,WhatsApp,Doctor,2054153,Married
CUS002045,Ananya,Nair,Female,50,ananya.nair2045@gmail.com,9705908131,C139,Returning,10-04-2024,Email,Business,953394,Married
CUS002046,Aarav,Sharma,MALE,29,aarav.sharma2046@gmail.com,98 89942041,C041,New,12-04-2024,Phone,Teacher,1424781,married
CUS002047,Priya,Singh,Female,53,priya.singh2047@gmail.com,9952522475,C061,Returning,24-06-2024,Email,Doctor,1648445,Married
CUS002048,Ananya,Sharma,MALE,25,ananya.sharma2048@gmail.com,9612016854,C087,Premium,02-08-2024,Phone,Doctor,808084,Single
CUS002049,Ananya,Sharma,male,54,ananya.sharma2049@gmail.com,9837677751,C245,New,26-11-2024,WhatsApp,Teacher,1323151,Single
CUS002050,Priya,Singh,FEMALE,44,priya.singh2050@gmail.com,9643687431,C058,Returning,14-03-2024,Phone,Doctor,421825,married
CUS002051,Vikram,Nair,Male,55,vikram.nair2051@gmail.com,9797623536,C058,Returning,21-02-2024,Phone,Engineer,859288,Married
CUS002052,Rahul,Singh,MALE,47,rahul.singh2052@gmail.com,9797997064,C006,New,14-02-2024,Phone,Business,455007,Single
CUS002053,Rahul,Reddy,Male,32,rahul.reddy2053@gmail.com,9207160174,C212,Premium,02-08-2024,Email,Business,375920,married
CUS002054,Vikram,Sharma,FEMALE,29,vikram.sharma2054@gmail.com,9163763391,C203,Returning,09-12-2024,Email,Engineer,2994413,Single
CUS002055,Ananya,Nair,male,51,ananya.nair2055@gmail.com,9250426231,C070,Premium,22-02-2024,Phone,Engineer,2389918,Single
CUS002056,Ananya,Nair,Female,60,ananya.nair2056@gmail.com,9308490817,C088,New,21-03-2024,Phone,Engineer,1799039,Married
CUS002057,Priya,Singh,FEMALE,31,priya.singh2057@gmail.com,9793580929,C154,Premium,23-11-2024,Phone,Engineer,893983,Single
CUS002058,Rahul,Reddy,Female,43,rahul.reddy2058@gmail.com,9704048379,C119,New,28-11-2024,Email,Doctor,2019295,married
CUS002059,Vikram,Reddy,MALE,65,vikram.reddy2059@gmail.com,9108691127,C116,New,05-06-2024,Email,Doctor,1890292,Single
CUS002060,Rahul,Singh,Female,51,rahul.singh2060@gmail.com,9909163100,C153,New,07-06-2024,WhatsApp,Teacher,1075004,Single
CUS002061,Vikram,Singh,Male,36,vikram.singh2061@gmail.com,9652317540,C037,premium,07-11-2024,Phone,Engineer,1628808,Married
CUS002062,Aarav,Nair,male,38,aarav.nair2062@gmail.com,9458295478,C062,Premium,08-12-2024,Phone,Business,1355212,Married
CUS002063,Rahul,Patel,Male,59,rahul.patel2063@gmail.com,9614497982,C186,Premium,09-01-2024,Email,Teacher,1480537,Married
CUS002064,Priya,Sharma,Male,34,priya.sharma2064@gmail.com,9397198001,C018,New,01-04-2024,Phone,Teacher,2624854,married
CUS002065,Sneha,Singh,Female,23,sneha.singh2065@gmail.com,9388033159,C243,Premium,16-10-2024,Email,Engineer,843904,married
CUS002066,Sneha,Patel,Male,35,sneha.patel2066@gmail.com,9155019558,C200,New,23-03-2024,Email,Teacher,2861957,Single
CUS002067,Rahul,Iyer,male,62,rahul.iyer2067@gmail.com,9143645927,C215,New,20-04-2024,Email,Doctor,1101377,Single
CUS002068,Ananya,Reddy,male,34,ananya.reddy2068@gmail.com,9781851545,C146,Returning,03-06-2024,Phone,Doctor,913305,Single
CUS002069,Rahul,Patel,male,54,rahul.patel2069@gmail.com,9743753562,C041,New,02-12-2024,WhatsApp,Teacher,1674868,Married
CUS002070,Priya,Reddy,male,28,priya.reddy2070@gmail.com,9313947660,C104,New,09-10-2024,Email,Engineer,1352765,Single
CUS002071,Rahul,Sharma,FEMALE,28,rahul.sharma2071@gmail.com,9335750221,C221,Premium,06-07-2024,WhatsApp,Business,953760,Single
CUS002072,Ananya,Sharma,FEMALE,63,ananya.sharma2072@gmail.com,9556408257,C154,premium,20-04-2024,WhatsApp,Doctor,2744466,Married
CUS002073,Priya,Reddy,FEMALE,28,priya.reddy2073@gmail.com,9164518389,C079,New,04-05-2024,Email,Teacher,1290245,Single
CUS002074,Ananya,Reddy,FEMALE,30,ananya.reddy2074@gmail.com,9155464953,C001,Returning,28-02-2024,Phone,Business,1217054,married
CUS002075,Rahul,Singh,male,52,rahul.singh2075@gmail.com,9445400095,C204,premium,09-09-2024,Email,Engineer,2658873,Single
CUS002076,Aarav,Nair,male,64,aarav.nair2076@gmail.com,9722643933,C117,premium,08-01-2024,Phone,Engineer,1064628,married
CUS002077,Aarav,Sharma,MALE,44,aarav.sharma2077@gmail.com,9791228198,C069,New,26-10-2024,Phone,Doctor,2798980,Married
CUS002078,Vikram,Sharma,Male,36,vikram.sharma2078@gmail.com,9765516930,C083,Premium,08-04-2024,WhatsApp,Business,2631629,Single
CUS002079,Sneha,Reddy,FEMALE,37,sneha.reddy2079@gmail.com,98 82812014,C165,premium,06-06-2024,WhatsApp,Doctor,1049408,Single
CUS002080,Rahul,Nair,male,29,,9595730735,C099,Premium,13-03-2024,Email,Teacher,2553597,married
CUS002081,Ananya,Reddy,Female,56,ananya.reddy2081@gmail.com,9306927050,C228,Returning,07-01-2024,Phone,Business,1652393,Single
CUS002082,Ananya,Sharma,male,61,ananya.sharma2082@gmail.com,9818873450,C127,Returning,25-05-2024,Phone,Engineer,587203,Married
CUS002083,Priya,Reddy,FEMALE,34,priya.reddy2083@gmail.com,9119323182,C168,New,22-05-2024,Email,Business,2760577,Single
CUS002084,Aarav,Patel,Male,23,aarav.patel2084@gmail.com,9277227568,C187,New,09-03-2024,WhatsApp,Business,1773579,Single
CUS002085,Ananya,Iyer,Male,46,ananya.iyer2085@gmail.com,9744990058,C088,Premium,24-09-2024,Phone,Engineer,1698056,Married
CUS002086,Ananya,Sharma,Female,38,ananya.sharma2086@gmail.com,9519146260,C004,New,04-10-2024,WhatsApp,Doctor,2844485,married
CUS002087,Ananya,Singh,Female,58,ananya.singh2087@gmail.com,9348167576,C212,Returning,22-02-2024,Phone,Engineer,2464424,Married
CUS002088,Vikram,Nair,Female,45,vikram.nair2088@gmail.com,9781371135,C136,Premium,24-11-2024,WhatsApp,Teacher,2933024,married
CUS002089,Aarav,Reddy,FEMALE,28,aarav.reddy2089@gmail.com,9929068901,C179,Returning,14-02-2024,Phone,Business,1590261,Married
CUS002090,Sneha,Patel,Female,60,sneha.patel2090@gmail.com,,C184,Premium,01-02-2024,Phone,Business,1068251,Married
CUS002091,Aarav,Singh,Male,60,aarav.singh2091@gmail.com,9381782889,C004,Returning,28-09-2024,Email,Engineer,1627877,Single
CUS002092,Rahul,Singh,MALE,63,rahul.singh2092@gmail.com,9818680519,C209,Premium,10-03-2024,Phone,Doctor,2156258,married
CUS002093,Vikram,Nair,male,28,vikram.nair2093@gmail.com,9576184192,C052,Returning,11-12-2024,Phone,Doctor,532652,married
CUS002094,Aarav,Nair,Male,54,aarav.nair2094@gmail.com,9570652480,C083,Premium,12-03-2024,WhatsApp,Engineer,595433,Married
CUS002095,Priya,Sharma,Female,31,priya.sharma2095@gmail.com,9650941476,C178,Premium,01-06-2024,Email,Engineer,1999351,Single
CUS002096,Priya,Iyer,FEMALE,35,priya.iyer2096@gmail.com,9988553017,C119,premium,15-06-2024,Phone,Engineer,1815511,Married
CUS002097,Vikram,Sharma,FEMALE,53,vikram.sharma2097@gmail.com,9194097139,C053,Returning,17-05-2024,Email,Business,850004,Married
CUS002098,Ananya,Patel,male,25,ananya.patel2098@gmail.com,9600708352,C208,New,12-08-2024,WhatsApp,Engineer,1582548,Single
CUS002099,Sneha,Sharma,MALE,63,sneha.sharma2099@gmail.com,9994850144,C136,premium,03-09-2024,Email,Teacher,2297087,Single
CUS002100, Ananya,Reddy,Female,31,ananya.reddy2100@gmail.com,9844501669,C011,premium,02-05-2024,WhatsApp,,1431787,Single
CUS002101,Sneha,Sharma,Male,24,sneha.sharma2101@gmail.com,9912872453,C091,Premium,18-12-2024,Phone,Teacher,1408886,Single
CUS002102,Sneha,Patel,MALE,64,sneha.patel2102@gmail.com,9510950487,C095,Premium,27-09-2024,Email,Teacher,2475545,Married
CUS002103,Ananya,Patel,FEMALE,55,ananya.patel2103@gmail.com,9899318177,C224,Returning,11-07-2024,WhatsApp,Teacher,682979,married
CUS002104,Aarav,Reddy,FEMALE,36,aarav.reddy2104@gmail.com,9462168186,C091,premium,16-01-2024,Phone,Doctor,2029435,married
CUS002105,Aarav,Reddy,Male,37,aarav.reddy2105@gmail.com,9883265153,C054,Premium,04-10-2024,Email,Business,1163244,Single
CUS002106,Rahul,Reddy,Male,43,rahul.reddy2106@gmail.com,9963287230,C053,New,13-08-2024,Phone,Engineer,2130977,Single
CUS002107,Vikram,Iyer,MALE,29,vikram.iyer2107@gmail.com,9879585471,C119,Returning,25-12-2024,WhatsApp,Business,625794,Single
CUS002108,Rahul,Reddy,Male,29,rahul.reddy2108@gmail.com,9956163499,C242,New,08-01-2024,WhatsApp,Doctor,1332354,Married
CUS002109,Aarav,Iyer,Female,27,aarav.iyer2109@gmail.com,9896960471,C030,Premium,02-01-2024,Phone,Teacher,1384750,Married
CUS002110,Aarav,Reddy,Male,42,aarav.reddy2110@gmail.com,9352722763,C052,premium,28-06-2024,Email,Business,1656638,Single
CUS002111,Rahul,Reddy,MALE,40,rahul.reddy2111@gmail.com,9448829183,C094,Premium,27-04-2024,WhatsApp,Engineer,1444362,married
CUS002112,Rahul,Patel,FEMALE,62,rahul.patel2112@gmail.com,98 62477416,C234,Returning,14-07-2024,Phone,Business,751371,married
CUS002113,Aarav,Patel,MALE,65,aarav.patel2113@gmail.com,9356896214,C119,New,05-05-2024,Email,Business,2126351,married
CUS002114,Aarav,Patel,male,54,aarav.patel2114@gmail.com,9223521909,C114,Premium,07-05-2024,WhatsApp,Teacher,997021,Single
CUS002115,Priya,Patel,Male,28,priya.patel2115@gmail.com,9744004508,C232,New,19-11-2024,Email,Business,2472369,married
CUS002116,Rahul,Sharma,Male,59,rahul.sharma2116@gmail.com,9985609511,C054,Returning,24-02-2024,WhatsApp,Doctor,1951216,Married
CUS002117,Ananya,Nair,male,31,ananya.nair2117@gmail.com,9654942648,C098,New,18-05-2024,Email,Teacher,2802021,Single
CUS002118,Priya,Singh,Female,49,priya.singh2118@gmail.com,9729943345,C019,premium,11-11-2024,Email,Business,2576568,Married
CUS002119,Ananya,Patel,Male,42,ananya.patel2119@gmail.com,9194839559,C200,Returning,08-06-2024,Phone,Teacher,633803,married
CUS002120,Vikram,Sharma,Male,48,,9754810968,C034,premium,07-05-2024,Email,Teacher,1514028,Married
CUS002121,Rahul,Nair,FEMALE,23,rahul.nair2121@gmail.com,9123374077,C048,premium,16-01-2024,WhatsApp,Engineer,1039833,married
CUS002122,Vikram,Nair,Female,22,vikram.nair2122@gmail.com,9862067879,C043,New,11-02-2024,Phone,Doctor,1189782,married
CUS002123,Rahul,Reddy,MALE,27,rahul.reddy2123@gmail.com,9735768552,C050,Returning,05-01-2024,Phone,Engineer,1596884,Married
CUS002124,Priya,Nair,Male,47,priya.nair2124@gmail.com,9360012610,C156,Premium,15-11-2024,Phone,Business,1207443,married
CUS002125,Priya,Sharma,Female,56,priya.sharma2125@gmail.com,9949247921,C242,Premium,02-02-2024,WhatsApp,Doctor,2451345,married
CUS002126,Sneha,Patel,male,31,sneha.patel2126@gmail.com,9719252170,C233,premium,15-03-2024,Phone,Doctor,2938381,Single
CUS002127,Vikram,Iyer,Male,31,vikram.iyer2127@gmail.com,9781232596,C238,Returning,21-11-2024,Email,Business,1384471,Single
CUS002128,Aarav,Iyer,Female,50,aarav.iyer2128@gmail.com,9224218895,C239,Returning,19-10-2024,WhatsApp,Engineer,2383505,married
CUS002129,Ananya,Iyer,Male,48,ananya.iyer2129@gmail.com,9533105724,C055,New,24-06-2024,WhatsApp,Engineer,465008,Married
CUS002130,Priya,Singh,MALE,39,priya.singh2130@gmail.com,9424642683,C129,New,03-09-2024,Phone,Teacher,1834751,Single
CUS002131,Rahul,Sharma,Female,24,rahul.sharma2131@gmail.com,9876520063,C238,New,08-01-2024,WhatsApp,Business,1569698,Single
CUS002132,Vikram,Nair,Female,52,vikram.nair2132@gmail.com,9167917400,C185,premium,18-02-2024,Email,Business,689232,Single
CUS002133,Aarav,Patel,FEMALE,36,aarav.patel2133@gmail.com,9722216977,C015,New,05-05-2024,Phone,Doctor,2944031,Single
CUS002134,Ananya,Nair,Male,31,ananya.nair2134@gmail.com,9321903267,C113,Premium,28-04-2024,WhatsApp,Business,2058458,Single
CUS002135,Priya,Iyer,MALE,44,priya.iyer2135@gmail.com,9724215330,C123,Premium,17-05-2024,Phone,Business,2005836,Married
CUS002136,Rahul,Patel,Female,41,rahul.patel2136@gmail.com,9457394299,C121,New,16-12-2024,Phone,Doctor,2749861,married
CUS002137,Aarav,Reddy,Female,42,aarav.reddy2137@gmail.com,9652493475,C227,premium,27-05-2024,WhatsApp,Teacher,2318302,Single
CUS002138,Priya,Sharma,Male,35,priya.sharma2138@gmail.com,9155138580,C191,Returning,26-12-2024,Email,Doctor,2605136,married
CUS002139,Rahul,Reddy,male,32,rahul.reddy2139@gmail.com,9917273306,C074,Premium,10-07-2024,WhatsApp,Doctor,1110442,Single
CUS002140,Ananya,Reddy,Female,29,ananya.reddy2140@gmail.com,9337513880,C121,Returning,18-02-2024,WhatsApp,Business,1200694,Married
CUS002141,Vikram,Reddy,MALE,26,vikram.reddy2141@gmail.com,9911050042,C190,Returning,28-10-2024,WhatsApp,Engineer,2783662,Single
CUS002142,Rahul,Singh,FEMALE,48,rahul.singh2142@gmail.com,9605466515,C005,premium,09-03-2024,Phone,Business,1118905,married
CUS002143,Ananya,Nair,male,38,ananya.nair2143@gmail.com,9421863416,C170,premium,12-10-2024,Email,Doctor,562815,married
CUS002144,Sneha,Sharma,FEMALE,22,sneha.sharma2144@gmail.com,9327618402,C083,Premium,16-12-2024,Email,Business,602336,Married
CUS002145,Vikram,Patel,male,59,vikram.patel2145@gmail.com,,C155,Returning,02-11-2024,Phone,Teacher,1498639,Married
CUS002146,Vikram,Sharma,Male,50,vikram.sharma2146@gmail.com,9732239384,C148,Returning,17-03-2024,Phone,Doctor,2392861,Married
CUS002147,Sneha,Sharma,male,60,sneha.sharma2147@gmail.com,9797969949,C007,New,21-11-2024,Email,Engineer,1433645,Single
CUS002148,Sneha,Iyer,male,30,sneha.iyer2148@gmail.com,9795457914,C023,Premium,03-05-2024,Phone,Teacher,2778131,Married
CUS002149,Aarav,Reddy,Female,30,aarav.reddy2149@gmail.com,9944153696,C012,New,21-09-2024,WhatsApp,Doctor,1568429,married
CUS002150,Ananya,Nair,male,64,ananya.nair2150@gmail.com,9356098074,C085,Returning,27-01-2024,Phone,Teacher,1880446,Married
CUS002151,Ananya,Iyer,Female,35,ananya.iyer2151@gmail.com,9770466942,C125,Returning,04-08-2024,Email,Engineer,499929,Married
CUS002152,Vikram,Nair,Female,29,vikram.nair2152@gmail.com,9271516953,C193,premium,02-03-2024,Phone,Business,2224891,Single
CUS002153,Vikram,Iyer,Male,42,vikram.iyer2153@gmail.com,9569097263,C097,Returning,26-03-2024,Email,Engineer,922585,Married
CUS002154,Sneha,Sharma,Male,53,sneha.sharma2154@gmail.com,9557814172,C060,Returning,20-01-2024,Email,Teacher,897809,Single
CUS002155,Vikram,Iyer,Male,38,vikram.iyer2155@gmail.com,9549027145,C183,premium,08-05-2024,WhatsApp,Doctor,2020854,Married
CUS002156,Priya,Nair,male,37,priya.nair2156@gmail.com,9884508860,C224,Premium,02-01-2024,Phone,Doctor,1155829,Single
CUS002157,Vikram,Sharma,Male,23,vikram.sharma2157@gmail.com,9798413454,C192,premium,27-05-2024,WhatsApp,Teacher,583287,married
CUS002158,Priya,Reddy,Male,48,priya.reddy2158@gmail.com,9729282691,C183,Returning,15-02-2024,Email,Business,1707718,Married
CUS002159,Aarav,Iyer,Male,53,aarav.iyer2159@gmail.com,9433241105,C236,Returning,25-10-2024,WhatsApp,Business,798252,Married
CUS002160,Sneha,Reddy,FEMALE,43,,9237363296,C041,Returning,05-03-2024,Phone,,1052172,married
CUS002161,Priya,Sharma,male,22,priya.sharma2161@gmail.com,9980425357,C193,premium,20-04-2024,Email,Doctor,1341031,Married
CUS002162,Ananya,Patel,male,53,ananya.patel2162@gmail.com,9487077017,C086,Premium,05-06-2024,Phone,Business,592391,Single
CUS002163,Aarav,Nair,male,60,aarav.nair2163@gmail.com,9789114990,C069,Premium,02-01-2024,Email,Business,2022389,Married
CUS002164,Ananya,Reddy,Male,26,ananya.reddy2164@gmail.com,9891489091,C062,New,09-11-2024,Email,Business,1698346,married
CUS002165,Ananya,Patel,Female,65,ananya.patel2165@gmail.com,9373170090,C211,Returning,21-02-2024,Email,Teacher,1977197,Single
CUS002166,Aarav,Iyer,male,43,aarav.iyer2166@gmail.com,9232339455,C056,Premium,16-11-2024,Phone,Business,1612863,Married
CUS002167,Priya,Iyer,male,33,priya.iyer2167@gmail.com,9289613963,C228,Premium,12-11-2024,Email,Teacher,1248890,Single
CUS002168,Rahul,Reddy,Male,30,rahul.reddy2168@gmail.com,9714631003,C182,New,12-11-2024,WhatsApp,Doctor,2933166,Single
CUS002169,Vikram,Sharma,MALE,62,vikram.sharma2169@gmail.com,9258479794,C192,Premium,11-05-2024,Email,Doctor,1880338,married
CUS002170, Aarav,Singh,MALE,52,aarav.singh2170@gmail.com,9328711334,C036,premium,22-12-2024,WhatsApp,Business,435079,Married
CUS002171,Ananya,Nair,Female,31,ananya.nair2171@gmail.com,9472275990,C199,Premium,12-08-2024,WhatsApp,Teacher,2482693,Single
CUS002172,Priya,Sharma,FEMALE,50,priya.sharma2172@gmail.com,9431995675,C033,New,04-07-2024,Phone,Business,862916,married
CUS002173,Priya,Iyer,Male,25,priya.iyer2173@gmail.com,9592542127,C163,Returning,17-05-2024,WhatsApp,Teacher,992551,Married
CUS002174,Ananya,Iyer,Male,30,ananya.iyer2174@gmail.com,9617171756,C009,premium,08-09-2024,WhatsApp,Doctor,670961,married
CUS002175,Vikram,Nair,FEMALE,50,vikram.nair2175@gmail.com,9262234914,C099,New,02-02-2024,WhatsApp,Doctor,2805975,Married
CUS002176,Vikram,Sharma,MALE,36,vikram.sharma2176@gmail.com,9669513710,C034,New,23-03-2024,Phone,Business,785700,Married
CUS002177,Sneha,Iyer,FEMALE,32,sneha.iyer2177@gmail.com,9167688778,C201,Returning,22-06-2024,Email,Engineer,2826790,Married
CUS002178,Aarav,Reddy,MALE,37,aarav.reddy2178@gmail.com,98 70034260,C145,New,15-01-2024,Email,Engineer,2720443,Single
CUS002179,Vikram,Patel,Female,47,vikram.patel2179@gmail.com,9962735331,C113,Premium,20-08-2024,Email,Engineer,1116631,Single
CUS002180,Ananya,Singh,male,41,ananya.singh2180@gmail.com,9853611047,C035,premium,18-04-2024,Email,Teacher,1844815,married
CUS002181,Ananya,Reddy,MALE,59,ananya.reddy2181@gmail.com,9678923917,C128,New,05-08-2024,WhatsApp,Teacher,1964250,Married
CUS002182,Priya,Patel,FEMALE,26,priya.patel2182@gmail.com,9873079670,C183,Premium,16-12-2024,Phone,Teacher,1182707,Single
CUS002183,Ananya,Nair,FEMALE,61,ananya.nair2183@gmail.com,9276987807,C040,premium,22-03-2024,Email,Teacher,1229313,married
CUS002184,Ananya,Sharma,male,53,ananya.sharma2184@gmail.com,9989583511,C097,Returning,01-04-2024,WhatsApp,Doctor,415410,Single
CUS002185,Aarav,Singh,male,47,aarav.singh2185@gmail.com,9753511673,C113,New,04-10-2024,WhatsApp,Teacher,2480995,Married
CUS002186,Vikram,Reddy,Male,58,vikram.reddy2186@gmail.com,9737315947,C212,premium,01-03-2024,Email,Business,1131254,Married
CUS002187,Priya,Singh,Male,30,priya.singh2187@gmail.com,9978718797,C232,premium,05-09-2024,Phone,Doctor,2233346,Single
CUS002188,Vikram,Reddy,Female,49,vikram.reddy2188@gmail.com,9754432451,C020,Premium,12-10-2024,Phone,Engineer,406194,married
CUS002189,Priya,Singh,Male,61,priya.singh2189@gmail.com,9911762822,C113,Returning,22-02-2024,WhatsApp,Teacher,865686,Married
CUS002190,Vikram,Patel,Male,29,vikram.patel2190@gmail.com,9106086156,C093,premium,10-05-2024,Phone,Doctor,2591466,married
CUS002191,Rahul,Iyer,male,32,rahul.iyer2191@gmail.com,9306063549,C125,New,08-04-2024,Email,Teacher,1996100,Married
CUS002192,Vikram,Nair,Male,60,vikram.nair2192@gmail.com,9723914243,C041,Premium,02-05-2024,Phone,Engineer,2641067,Married
CUS002193,Vikram,Singh,Male,28,vikram.singh2193@gmail.com,9931362821,C239,Premium,27-06-2024,Email,Teacher,1458156,Married
CUS002194,Priya,Sharma,Male,62,priya.sharma2194@gmail.com,9868152338,C189,New,14-08-2024,Email,Doctor,2926640,Married
CUS002195,Aarav,Patel,Male,23,aarav.patel2195@gmail.com,9860091223,C183,premium,23-01-2024,WhatsApp,Doctor,1890268,married
CUS002196,Ananya,Singh,FEMALE,30,ananya.singh2196@gmail.com,9921752255,C214,premium,06-07-2024,WhatsApp,Engineer,2521678,Single
CUS002197,Priya,Iyer,Female,39,priya.iyer2197@gmail.com,9119789578,C060,Premium,10-05-2024,Phone,Engineer,2758365,married
CUS002198,Vikram,Nair,Male,61,vikram.nair2198@gmail.com,9860199958,C136,New,02-09-2024,Email,Engineer,1466323,Single
CUS002199,Priya,Nair,Female,35,priya.nair2199@gmail.com,9824705400,C012,Premium,24-10-2024,Phone,Business,522978,Married
CUS002200,Vikram,Sharma,Female,25,,,C178,Premium,20-12-2024,Email,Doctor,2576072,married
CUS002201,Vikram,Nair,male,33,vikram.nair2201@gmail.com,9553633753,C080,Premium,13-01-2024,Phone,Business,950894,married
CUS002202,Ananya,Reddy,male,36,ananya.reddy2202@gmail.com,9139640328,C053,Returning,18-01-2024,Phone,Doctor,2908558,Married
CUS002203,Ananya,Iyer,MALE,62,ananya.iyer2203@gmail.com,9912577018,C062,Returning,14-09-2024,Email,Doctor,1944355,Single
CUS002204,Vikram,Singh,male,26,vikram.singh2204@gmail.com,9533221766,C107,premium,18-12-2024,Phone,Business,647248,Married
CUS002205,Vikram,Nair,Male,44,vikram.nair2205@gmail.com,9834897258,C185,New,14-09-2024,Email,Doctor,1880326,married
CUS002206,Aarav,Singh,Female,36,aarav.singh2206@gmail.com,9174668155,C053,premium,21-05-2024,Phone,Business,2161113,Married
CUS002207,Aarav,Singh,male,55,aarav.singh2207@gmail.com,9504386367,C182,Premium,06-07-2024,WhatsApp,Business,1082710,married
CUS002208,Rahul,Patel,Female,36,rahul.patel2208@gmail.com,9608690716,C004,Returning,03-01-2024,Email,Engineer,2406025,Married
CUS002209,Vikram,Nair,Female,55,vikram.nair2209@gmail.com,9563482023,C097,premium,02-12-2024,WhatsApp,Business,2249006,married
CUS002210,Sneha,Sharma,FEMALE,47,sneha.sharma2210@gmail.com,9868893776,C102,New,26-01-2024,Phone,Business,379383,married
CUS002211,Priya,Patel,Female,64,priya.patel2211@gmail.com,98 66392156,C207,New,19-05-2024,Email,Engineer,1958027,married
CUS002212,Rahul,Reddy,Male,37,rahul.reddy2212@gmail.com,9815354691,C136,New,12-01-2024,Phone,Doctor,1423057,Married
CUS002213,Aarav,Sharma,FEMALE,62,aarav.sharma2213@gmail.com,9407775932,C127,Returning,05-04-2024,WhatsApp,Business,2354576,Single
CUS002214,Sneha,Singh,male,36,sneha.singh2214@gmail.com,9279368717,C176,Premium,20-07-2024,Phone,Teacher,1484066,Married
CUS002215,Aarav,Patel,MALE,46,aarav.patel2215@gmail.com,9426210941,C225,Premium,08-01-2024,Phone,Teacher,1311465,Single
CUS002216,Sneha,Sharma,Female,57,sneha.sharma2216@gmail.com,9165902169,C069,Premium,19-12-2024,Email,Teacher,350505,married
CUS002217,Priya,Nair,Male,54,priya.nair2217@gmail.com,9266428717,C104,Returning,27-09-2024,Email,Engineer,1472222,married
CUS002218,Vikram,Reddy,Female,37,vikram.reddy2218@gmail.com,9295358415,C023,Returning,13-02-2024,Email,Doctor,668988,married
CUS002219,Aarav,Patel,Male,22,aarav.patel2219@gmail.com,9729850210,C025,premium,01-05-2024,WhatsApp,Engineer,2722310,married
CUS002220,Sneha,Reddy,Female,42,sneha.reddy2220@gmail.com,9467387999,C063,Premium,05-05-2024,Phone,,656068,married
CUS002221,Sneha,Patel,Male,59,sneha.patel2221@gmail.com,9488160492,C230,premium,13-08-2024,WhatsApp,Doctor,1443447,married
CUS002222,Rahul,Nair,male,60,rahul.nair2222@gmail.com,9814750683,C154,Returning,13-12-2024,Phone,Business,1141562,married
CUS002223,Aarav,Iyer,FEMALE,65,aarav.iyer2223@gmail.com,9658872913,C165,New,16-05-2024,Phone,Engineer,1174352,Single
CUS002224,Aarav,Nair,Male,58,aarav.nair2224@gmail.com,9319493629,C172,Returning,18-12-2024,WhatsApp,Doctor,2013563,Single
CUS002225,Ananya,Iyer,FEMALE,24,ananya.iyer2225@gmail.com,9743268916,C080,premium,07-02-2024,WhatsApp,Doctor,2736931,Single
CUS002226,Aarav,Nair,Male,39,aarav.nair2226@gmail.com,9853053287,C082,New,24-02-2024,Phone,Business,1100917,Married
CUS002227,Aarav,Nair,male,62,aarav.nair2227@gmail.com,9440815643,C248,New,16-10-2024,Phone,Doctor,1189186,Married
CUS002228,Vikram,Patel,MALE,43,vikram.patel2228@gmail.com,9843342135,C247,premium,19-02-2024,Phone,Teacher,354985,Single
CUS002229,Vikram,Sharma,FEMALE,27,vikram.sharma2229@gmail.com,9859908904,C007,Premium,07-02-2024,Phone,Business,1692702,married
CUS002230,Vikram,Iyer,Male,51,vikram.iyer2230@gmail.com,9417233879,C183,premium,25-02-2024,Phone,Business,2992205,married
CUS002231,Rahul,Patel,Female,35,rahul.patel2231@gmail.com,9732786158,C205,Returning,02-05-2024,Phone,Doctor,2487957,Married
CUS002232,Vikram,Singh,MALE,48,vikram.singh2232@gmail.com,9191960484,C247,Premium,26-01-2024,Email,Business,741776,married
CUS002233,Vikram,Patel,Female,51,vikram.patel2233@gmail.com,9733053537,C154,Premium,16-02-2024,Email,Engineer,1466077,married
CUS002234,Rahul,Iyer,FEMALE,58,rahul.iyer2234@gmail.com,9147687502,C136,premium,25-12-2024,Email,Engineer,2193408,Single
CUS002235,Priya,Iyer,male,29,priya.iyer2235@gmail.com,9663616491,C226,New,03-08-2024,WhatsApp,Teacher,2139553,married
CUS002236,Vikram,Singh,FEMALE,51,vikram.singh2236@gmail.com,9315494081,C113,New,16-06-2024,WhatsApp,Business,602829,married
CUS002237,Vikram,Reddy,Female,65,vikram.reddy2237@gmail.com,9569307693,C161,Returning,06-06-2024,Email,Teacher,1873878,Married
CUS002238,Aarav,Iyer,Female,63,aarav.iyer2238@gmail.com,9737340796,C060,Returning,20-02-2024,WhatsApp,Doctor,2102614,married
CUS002239,Sneha,Singh,FEMALE,22,sneha.singh2239@gmail.com,9975941340,C111,Returning,25-05-2024,WhatsApp,Engineer,2293306,Married
CUS002240, Sneha,Sharma,MALE,37,,9842552219,C098,premium,19-05-2024,WhatsApp,Engineer,2428564,Single
CUS002241,Vikram,Patel,FEMALE,63,vikram.patel2241@gmail.com,9655716836,C241,Returning,27-08-2024,WhatsApp,Engineer,1923820,Married
CUS002242,Sneha,Singh,MALE,55,sneha.singh2242@gmail.com,9659732374,C115,premium,20-07-2024,Phone,Engineer,794539,Married
CUS002243,Vikram,Singh,Male,50,vikram.singh2243@gmail.com,9328984080,C195,premium,27-06-2024,WhatsApp,Doctor,2783301,Single
CUS002244,Aarav,Sharma,FEMALE,58,aarav.sharma2244@gmail.com,98 75475003,C092,Premium,14-01-2024,Phone,Doctor,945245,Married
CUS002245,Ananya,Nair,MALE,23,ananya.nair2245@gmail.com,9182417983,C009,New,15-08-2024,Phone,Engineer,2463446,Married
CUS002246,Ananya,Singh,Female,31,ananya.singh2246@gmail.com,9704744634,C115,Premium,20-09-2024,Email,Doctor,1342073,married
CUS002247,Sneha,Reddy,Male,55,sneha.reddy2247@gmail.com,9138969332,C204,Returning,14-09-2024,Email,Doctor,2416057,married
CUS002248,Priya,Reddy,male,65,priya.reddy2248@gmail.com,9846687819,C169,Returning,25-02-2024,Email,Engineer,900131,married
CUS002249,Priya,Patel,MALE,63,priya.patel2249@gmail.com,9625128569,C143,premium,28-01-2024,Phone,Business,2926403,married
CUS002250,Rahul,Reddy,male,35,rahul.reddy2250@gmail.com,9880952309,C105,Premium,13-01-2024,Phone,Teacher,485014,married
CUS002251,Ananya,Nair,male,25,ananya.nair2251@gmail.com,9689259604,C205,premium,23-11-2024,Phone,Business,584081,Single
CUS002252,Sneha,Nair,FEMALE,53,sneha.nair2252@gmail.com,9213569950,C213,New,11-04-2024,Phone,Engineer,1462774,Married
CUS002253,Priya,Iyer,Male,42,priya.iyer2253@gmail.com,9238968158,C165,premium,01-08-2024,WhatsApp,Business,1684505,Single
CUS002254,Aarav,Iyer,FEMALE,39,aarav.iyer2254@gmail.com,9568076320,C220,premium,05-05-2024,WhatsApp,Engineer,1536692,married
CUS002255,Vikram,Patel,Female,24,vikram.patel2255@gmail.com,,C047,New,15-07-2024,Email,Engineer,1145148,Married
CUS002256,Rahul,Singh,Male,56,rahul.singh2256@gmail.com,9825714963,C250,Returning,26-04-2024,Email,Teacher,2194587,Married
CUS002257,Priya,Iyer,male,48,priya.iyer2257@gmail.com,9342901946,C038,New,28-11-2024,Phone,Teacher,2638960,Married
CUS002258,Rahul,Nair,Female,29,rahul.nair2258@gmail.com,9718321688,C125,premium,20-02-2024,Phone,Teacher,579836,Single
CUS002259,Rahul,Sharma,Female,27,rahul.sharma2259@gmail.com,9818329686,C196,premium,24-06-2024,Email,Engineer,770458,married
CUS002260,Ananya,Iyer,FEMALE,49,ananya.iyer2260@gmail.com,9489107259,C095,Premium,14-11-2024,Email,Teacher,2625644,married
CUS002261,Priya,Sharma,male,40,priya.sharma2261@gmail.com,9238283664,C018,Premium,15-04-2024,Phone,Business,644254,married
CUS002262,Priya,Sharma,Male,25,priya.sharma2262@gmail.com,9451290002,C167,Returning,10-08-2024,Email,Teacher,1154224,married
CUS002263,Sneha,Iyer,Female,55,sneha.iyer2263@gmail.com,9354911786,C200,Returning,25-12-2024,Email,Doctor,1783989,Married
CUS002264,Aarav,Singh,MALE,46,aarav.singh2264@gmail.com,9759046035,C213,Returning,01-07-2024,Phone,Doctor,900036,married
CUS002265,Priya,Sharma,Male,28,priya.sharma2265@gmail.com,9916680485,C066,premium,08-01-2024,Phone,Teacher,2004346,married
CUS002266,Rahul,Patel,Male,32,rahul.patel2266@gmail.com,9135156547,C243,New,22-07-2024,Phone,Business,1400021,Married
CUS002267,Ananya,Reddy,FEMALE,64,ananya.reddy2267@gmail.com,9286068560,C202,New,25-07-2024,WhatsApp,Doctor,2906184,married
CUS002268,Priya,Patel,Female,47,priya.patel2268@gmail.com,9385740447,C212,New,15-10-2024,Phone,Doctor,931625,married
CUS002269,Sneha,Iyer,male,59,sneha.iyer2269@gmail.com,9165287287,C040,premium,02-08-2024,Email,Doctor,2085741,Married
CUS002270,Sneha,Sharma,male,46,sneha.sharma2270@gmail.com,9158760125,C125,New,17-11-2024,WhatsApp,Business,1509153,married
CUS002271,Sneha,Singh,Male,46,sneha.singh2271@gmail.com,9918457569,C224,Premium,21-05-2024,Phone,Business,2122438,Single
CUS002272,Rahul,Patel,Female,48,rahul.patel2272@gmail.com,9523185586,C044,Premium,16-09-2024,Email,Business,715382,Single
CUS002273,Aarav,Singh,male,59,aarav.singh2273@gmail.com,9435775740,C209,Premium,21-08-2024,Email,Business,2972562,married
CUS002274,Vikram,Nair,MALE,40,vikram.nair2274@gmail.com,9829914506,C005,Premium,12-12-2024,Phone,Teacher,454560,married
CUS002275,Priya,Patel,MALE,42,priya.patel2275@gmail.com,9527421948,C040,New,11-09-2024,Phone,Engineer,1626450,Single
CUS002276,Vikram,Singh,FEMALE,26,vikram.singh2276@gmail.com,9673809761,C048,Premium,04-07-2024,Phone,Business,1028317,Married
CUS002277,Sneha,Patel,male,32,sneha.patel2277@gmail.com,98 31129953,C056,New,27-04-2024,Phone,Doctor,2106503,Married
CUS002278,Priya,Nair,MALE,53,priya.nair2278@gmail.com,9507317911,C018,Premium,12-06-2024,Email,Business,2286736,Married
CUS002279,Aarav,Reddy,Male,35,aarav.reddy2279@gmail.com,9637076901,C234,New,17-04-2024,WhatsApp,Doctor,1367810,married
CUS002280,Vikram,Iyer,male,53,,9967251048,C206,New,24-11-2024,Email,,695392,Married
CUS002281,Priya,Singh,male,24,priya.singh2281@gmail.com,9276217389,C226,Returning,14-11-2024,WhatsApp,Engineer,2765314,Single
CUS002282,Ananya,Singh,FEMALE,28,ananya.singh2282@gmail.com,9101895351,C082,Premium,28-06-2024,Phone,Teacher,1501034,married
CUS002283,Priya,Iyer,FEMALE,49,priya.iyer2283@gmail.com,9372962407,C048,Premium,14-09-2024,Phone,Engineer,1752844,Single
CUS002284,Priya,Nair,Female,45,priya.nair2284@gmail.com,9950322193,C040,Premium,06-02-2024,Email,Doctor,768268,Married
CUS002285,Rahul,Patel,Female,46,rahul.patel2285@gmail.com,9432398267,C105,Premium,10-04-2024,Email,Doctor,2132845,Single
CUS002286,Ananya,Patel,FEMALE,51,ananya.patel2286@gmail.com,9892305524,C124,Returning,14-06-2024,Phone,Business,1447410,Single
CUS002287,Priya,Sharma,FEMALE,54,priya.sharma2287@gmail.com,9229933975,C172,New,22-06-2024,WhatsApp,Business,1770993,married
CUS002288,Vikram,Patel,FEMALE,31,vikram.patel2288@gmail.com,9559572556,C161,premium,10-02-2024,Email,Business,1853991,Married
CUS002289,Sneha,Iyer,male,35,sneha.iyer2289@gmail.com,9388911532,C216,Premium,22-08-2024,Phone,Business,2022858,Single
CUS002290,Vikram,Nair,MALE,33,vikram.nair2290@gmail.com,9862586018,C001,Premium,13-06-2024,WhatsApp,Doctor,2003577,Single
CUS002291,Ananya,Nair,MALE,58,ananya.nair2291@gmail.com,9253316346,C131,New,09-07-2024,Email,Business,691158,Married
CUS002292,Priya,Reddy,Female,50,priya.reddy2292@gmail.com,9135196220,C008,Premium,16-04-2024,Email,Doctor,2267903,Married
CUS002293,Ananya,Reddy,Female,63,ananya.reddy2293@gmail.com,9342321444,C084,New,15-11-2024,Email,Engineer,2140033,Single
CUS002294,Ananya,Iyer,MALE,47,ananya.iyer2294@gmail.com,9308866247,C115,New,10-09-2024,Phone,Engineer,1327270,Single
CUS002295,Vikram,Patel,MALE,42,vikram.patel2295@gmail.com,9455057886,C184,New,16-06-2024,Email,Engineer,2929263,Married
CUS002296,Ananya,Iyer,male,64,ananya.iyer2296@gmail.com,9187255858,C038,premium,21-03-2024,Phone,Doctor,1966977,Single
CUS002297,Rahul,Patel,male,33,rahul.patel2297@gmail.com,9997459219,C224,premium,06-06-2024,Phone,Business,2470144,married
CUS002298,Priya,Sharma,FEMALE,52,priya.sharma2298@gmail.com,9885484029,C122,New,11-11-2024,Email,Engineer,719899,Single
CUS002299,Priya,Patel,Female,49,priya.patel2299@gmail.com,9858209690,C079,New,03-04-2024,WhatsApp,Engineer,834758,married
CUS002300,Priya,Patel,MALE,54,priya.patel2300@gmail.com,9891735198,C190,Returning,13-02-2024,Phone,Engineer,936127,Married
CUS002301,Sneha,Singh,male,49,sneha.singh2301@gmail.com,9760225493,C196,Returning,16-08-2024,Email,Engineer,1192238,married
CUS002302,Priya,Singh,Male,61,priya.singh2302@gmail.com,9365173362,C235,New,22-11-2024,Phone,Engineer,945766,Single
CUS002303,Ananya,Sharma,FEMALE,23,ananya.sharma2303@gmail.com,9389024871,C149,premium,05-02-2024,Phone,Doctor,2982643,married
CUS002304,Priya,Reddy,Male,62,priya.reddy2304@gmail.com,9150619650,C220,New,14-06-2024,Email,Engineer,2406939,Married
CUS002305,Ananya,Sharma,male,25,ananya.sharma2305@gmail.com,9946426195,C235,Premium,13-03-2024,Phone,Engineer,2890271,married
CUS002306,Aarav,Singh,male,25,aarav.singh2306@gmail.com,9679497556,C067,New,17-01-2024,Email,Doctor,1207720,married
CUS002307,Vikram,Reddy,MALE,56,vikram.reddy2307@gmail.com,9724399200,C118,Premium,24-07-2024,Phone,Engineer,870934,Single
CUS002308,Priya,Reddy,MALE,56,priya.reddy2308@gmail.com,9253254143,C250,premium,22-02-2024,Email,Engineer,2211855,Single
CUS002309,Vikram,Sharma,Female,32,vikram.sharma2309@gmail.com,9496830593,C020,New,09-12-2024,Email,Engineer,802948,Married
CUS002310, Priya,Sharma,Female,65,priya.sharma2310@gmail.com,,C178,Returning,12-09-2024,Email,Business,2415097,Married
CUS002311,Sneha,Nair,FEMALE,40,sneha.nair2311@gmail.com,9326013520,C188,Premium,21-12-2024,Email,Doctor,2064028,Married
CUS002312,Rahul,Nair,Female,28,rahul.nair2312@gmail.com,9272262072,C176,premium,11-06-2024,Email,Business,1936756,Married
CUS002313,Rahul,Iyer,Female,46,rahul.iyer2313@gmail.com,9702039965,C179,Returning,10-11-2024,WhatsApp,Doctor,2366725,Single
CUS002314,Vikram,Nair,Male,64,vikram.nair2314@gmail.com,9764536308,C225,Returning,17-04-2024,WhatsApp,Doctor,2836753,Single
CUS002315,Rahul,Patel,Female,49,rahul.patel2315@gmail.com,9238242983,C006,New,21-09-2024,Email,Doctor,1940417,Single
CUS002316,Rahul,Patel,Female,55,rahul.patel2316@gmail.com,9106712470,C240,premium,02-06-2024,WhatsApp,Engineer,519726,Single
CUS002317,Vikram,Reddy,MALE,62,vikram.reddy2317@gmail.com,9395122188,C125,premium,10-01-2024,Email,Engineer,2615895,Married
CUS002318,Vikram,Nair,MALE,64,vikram.nair2318@gmail.com,9659454822,C079,New,02-02-2024,Email,Business,1842874,married
CUS002319,Vikram,Singh,Female,29,vikram.singh2319@gmail.com,9864901248,C027,Premium,07-07-2024,Phone,Teacher,1043563,Married
CUS002320,Priya,Nair,male,42,,9359325443,C005,Returning,26-11-2024,Email,Business,1299401,Married
CUS002321,Aarav,Nair,male,63,aarav.nair2321@gmail.com,9400424572,C224,Premium,20-04-2024,Email,Business,2382145,Single
CUS002322,Aarav,Reddy,MALE,50,aarav.reddy2322@gmail.com,9190239465,C160,premium,19-10-2024,Phone,Engineer,1552025,Single
CUS002323,Sneha,Iyer,MALE,31,sneha.iyer2323@gmail.com,9971564254,C156,premium,27-06-2024,Phone,Teacher,2371268,Single
CUS002324,Rahul,Patel,Female,34,rahul.patel2324@gmail.com,9452511933,C168,Premium,04-12-2024,Phone,Business,2393106,married
CUS002325,Ananya,Nair,FEMALE,43,ananya.nair2325@gmail.com,9457727685,C122,New,13-06-2024,WhatsApp,Business,1907216,married
CUS002326,Ananya,Nair,MALE,55,ananya.nair2326@gmail.com,9134590399,C060,Returning,21-03-2024,WhatsApp,Doctor,2530926,Married
CUS002327,Sneha,Patel,Male,47,sneha.patel2327@gmail.com,9599878165,C195,New,02-02-2024,WhatsApp,Teacher,1290456,Married
CUS002328,Aarav,Reddy,male,27,aarav.reddy2328@gmail.com,9299874561,C230,premium,10-04-2024,WhatsApp,Doctor,1701455,married
CUS002329,Ananya,Reddy,male,30,ananya.reddy2329@gmail.com,9251264922,C147,New,05-08-2024,Phone,Doctor,971185,Married
CUS002330,Rahul,Nair,Female,25,rahul.nair2330@gmail.com,9117678572,C243,Premium,16-10-2024,Phone,Doctor,2489250,married
CUS002331,Ananya,Nair,MALE,35,ananya.nair2331@gmail.com,9302920669,C049,New,12-02-2024,WhatsApp,Engineer,1659042,married
CUS002332,Aarav,Patel,male,35,aarav.patel2332@gmail.com,9341167121,C030,Premium,01-08-2024,WhatsApp,Business,338589,Single
CUS002333,Ananya,Patel,male,51,ananya.patel2333@gmail.com,9891015644,C090,Returning,06-02-2024,Phone,Engineer,324955,Single
CUS002334,Aarav,Reddy,MALE,41,aarav.reddy2334@gmail.com,9920709734,C156,Premium,26-01-2024,Phone,Teacher,2566760,married
CUS002335,Ananya,Reddy,male,53,ananya.reddy2335@gmail.com,9484464133,C090,Premium,06-12-2024,Phone,Doctor,2594801,Married
CUS002336,Rahul,Sharma,MALE,65,rahul.sharma2336@gmail.com,9579063043,C015,New,18-05-2024,Email,Business,2502554,married
CUS002337,Ananya,Sharma,Male,35,ananya.sharma2337@gmail.com,9236094433,C184,Returning,17-01-2024,Phone,Engineer,1320129,married
CUS002338,Vikram,Singh,Male,42,vikram.singh2338@gmail.com,9358049617,C155,New,21-09-2024,Email,Teacher,2102239,Single
CUS002339,Ananya,Iyer,FEMALE,62,ananya.iyer2339@gmail.com,9817718582,C170,New,06-07-2024,Email,Doctor,1687395,married
CUS002340,Sneha,Singh,FEMALE,30,sneha.singh2340@gmail.com,9692418834,C161,Returning,13-01-2024,Phone,,760301,Single
CUS002341,Ananya,Iyer,male,24,ananya.iyer2341@gmail.com,9996365768,C135,Returning,27-08-2024,Phone,Teacher,2621619,Single
CUS002342,Sneha,Patel,Male,58,sneha.patel2342@gmail.com,9721654906,C023,New,24-01-2024,Phone,Doctor,2991713,married
CUS002343,Aarav,Patel,MALE,64,aarav.patel2343@gmail.com,98 63955160,C040,New,18-06-2024,Phone,Doctor,2112870,married
CUS002344,Priya,Sharma,FEMALE,63,priya.sharma2344@gmail.com,9580576636,C143,New,26-05-2024,Phone,Teacher,2908010,Single
CUS002345,Priya,Sharma,male,40,priya.sharma2345@gmail.com,9772661738,C204,New,28-11-2024,Phone,Engineer,2782272,Married
CUS002346,Sneha,Nair,FEMALE,44,sneha.nair2346@gmail.com,9570215574,C093,Returning,15-12-2024,Phone,Business,381076,married
CUS002347,Aarav,Singh,FEMALE,31,aarav.singh2347@gmail.com,9309242937,C237,premium,25-07-2024,WhatsApp,Doctor,2371632,married
CUS002348,Ananya,Sharma,MALE,64,ananya.sharma2348@gmail.com,9417900872,C246,New,08-01-2024,WhatsApp,Engineer,2812138,Married
CUS002349,Priya,Iyer,MALE,41,priya.iyer2349@gmail.com,9854991550,C172,New,01-12-2024,WhatsApp,Doctor,1373481,Single
CUS002350,Sneha,Iyer,MALE,62,sneha.iyer2350@gmail.com,9700011445,C063,premium,12-09-2024,Email,Doctor,2167013,married
CUS002351,Ananya,Reddy,Male,51,ananya.reddy2351@gmail.com,9588045429,C156,Premium,21-05-2024,Email,Doctor,2349875,Married
CUS002352,Ananya,Patel,MALE,51,ananya.patel2352@gmail.com,9860740444,C167,New,17-05-2024,WhatsApp,Teacher,2073125,Single
CUS002353,Ananya,Singh,MALE,40,ananya.singh2353@gmail.com,9136729720,C188,Premium,08-06-2024,Email,Teacher,469275,Married
CUS002354,Sneha,Patel,MALE,39,sneha.patel2354@gmail.com,9111480119,C100,Premium,08-02-2024,WhatsApp,Doctor,2247126,Married
CUS002355,Sneha,Patel,MALE,58,sneha.patel2355@gmail.com,9988919304,C091,New,19-11-2024,Email,Business,2720515,Married
CUS002356,Priya,Sharma,FEMALE,44,priya.sharma2356@gmail.com,9781057375,C026,premium,13-12-2024,Phone,Business,635015,Single
CUS002357,Priya,Reddy,Male,31,priya.reddy2357@gmail.com,9235226959,C079,Premium,23-01-2024,Email,Teacher,1132497,Single
CUS002358,Rahul,Reddy,FEMALE,50,rahul.reddy2358@gmail.com,9794451496,C223,Premium,28-04-2024,WhatsApp,Doctor,2772578,Married
CUS002359,Ananya,Singh,male,44,ananya.singh2359@gmail.com,9291836077,C043,premium,01-01-2024,Email,Doctor,1657635,Married
CUS002360,Rahul,Patel,FEMALE,37,,9440271032,C072,Returning,10-05-2024,Email,Engineer,2284477,married
CUS002361,Rahul,Singh,FEMALE,33,rahul.singh2361@gmail.com,9151307348,C217,premium,05-12-2024,Phone,Teacher,601849,married
CUS002362,Vikram,Reddy,male,41,vikram.reddy2362@gmail.com,9232102621,C198,Premium,13-07-2024,Phone,Teacher,2398927,Single
CUS002363,Ananya,Singh,male,38,ananya.singh2363@gmail.com,9955488517,C004,Returning,13-04-2024,WhatsApp,Business,2812212,married
CUS002364,Sneha,Nair,male,61,sneha.nair2364@gmail.com,9938396632,C002,premium,19-09-2024,Phone,Business,451941,Single
CUS002365,Aarav,Patel,FEMALE,43,aarav.patel2365@gmail.com,,C053,premium,14-12-2024,Email,Doctor,654664,married
CUS002366,Sneha,Sharma,FEMALE,41,sneha.sharma2366@gmail.com,9987713041,C239,Returning,01-03-2024,WhatsApp,Doctor,2889541,married
CUS002367,Priya,Iyer,FEMALE,32,priya.iyer2367@gmail.com,9935836024,C116,Premium,09-04-2024,Phone,Doctor,2368337,Married
CUS002368,Sneha,Patel,MALE,27,sneha.patel2368@gmail.com,9636774556,C056,Premium,09-09-2024,Phone,Business,1869886,Single
CUS002369,Aarav,Nair,Male,62,aarav.nair2369@gmail.com,9410185104,C144,Premium,10-04-2024,WhatsApp,Engineer,2418879,married
CUS002370,Priya,Nair,Female,30,priya.nair2370@gmail.com,9812918458,C192,Returning,24-12-2024,Phone,Business,2801359,married
CUS002371,Sneha,Iyer,male,65,sneha.iyer2371@gmail.com,9205696864,C184,Returning,02-10-2024,Email,Business,1053678,married
CUS002372,Sneha,Singh,MALE,46,sneha.singh2372@gmail.com,9719016988,C059,New,28-02-2024,Email,Doctor,1533999,Married
CUS002373,Priya,Nair,FEMALE,31,priya.nair2373@gmail.com,9370244188,C045,Returning,10-04-2024,WhatsApp,Engineer,872004,Married
CUS002374,Priya,Reddy,Female,32,priya.reddy2374@gmail.com,9868208766,C159,New,20-02-2024,Phone,Engineer,1012480,Married
CUS002375,Aarav,Iyer,FEMALE,61,aarav.iyer2375@gmail.com,9667780713,C240,Returning,11-09-2024,Email,Engineer,907741,Single
CUS002376,Vikram,Nair,Male,63,vikram.nair2376@gmail.com,98 74562977,C187,Returning,23-06-2024,Email,Doctor,933257,Married
CUS002377,Sneha,Nair,male,41,sneha.nair2377@gmail.com,9857064295,C168,premium,14-01-2024,Email,Engineer,2933314,Married
CUS002378,Priya,Reddy,Female,51,priya.reddy2378@gmail.com,9862317316,C068,New,10-05-2024,WhatsApp,Doctor,871580,married
CUS002379,Priya,Patel,Female,64,priya.patel2379@gmail.com,9836431551,C005,Returning,19-04-2024,Email,Doctor,786321,married
CUS002380, Rahul,Patel,Male,32,rahul.patel2380@gmail.com,9180060014,C092,premium,19-10-2024,WhatsApp,Engineer,1537381,Married
CUS002381,Ananya,Reddy,MALE,59,ananya.reddy2381@gmail.com,9196240024,C145,Returning,12-11-2024,WhatsApp,Teacher,2684807,married
CUS002382,Vikram,Sharma,MALE,25,vikram.sharma2382@gmail.com,9617391511,C179,Returning,21-09-2024,WhatsApp,Teacher,1126104,married
CUS002383,Vikram,Sharma,Male,35,vikram.sharma2383@gmail.com,9453063174,C190,Premium,12-03-2024,WhatsApp,Teacher,972133,married
CUS002384,Ananya,Iyer,male,39,ananya.iyer2384@gmail.com,9301725009,C107,New,07-01-2024,Phone,Engineer,2211555,Married
CUS002385,Aarav,Patel,FEMALE,61,aarav.patel2385@gmail.com,9541262323,C204,premium,15-05-2024,Phone,Engineer,1948017,Single
CUS002386,Priya,Nair,male,60,priya.nair2386@gmail.com,9194902547,C026,Premium,14-07-2024,Phone,Teacher,1722027,married
CUS002387,Sneha,Iyer,FEMALE,60,sneha.iyer2387@gmail.com,9318726635,C159,premium,21-01-2024,Phone,Doctor,2867176,Married
CUS002388,Priya,Sharma,MALE,25,priya.sharma2388@gmail.com,9889002130,C125,New,26-03-2024,Phone,Doctor,1344095,Single
CUS002389,Rahul,Patel,FEMALE,37,rahul.patel2389@gmail.com,9135553742,C028,Premium,19-02-2024,WhatsApp,Engineer,304383,Single
CUS002390,Aarav,Iyer,FEMALE,24,aarav.iyer2390@gmail.com,9887825400,C118,Returning,11-07-2024,Email,Teacher,1393420,Single
CUS002391,Vikram,Singh,FEMALE,64,vikram.singh2391@gmail.com,9903681293,C146,Returning,12-11-2024,Phone,Doctor,2800557,Single
CUS002392,Ananya,Iyer,male,41,ananya.iyer2392@gmail.com,9301261614,C065,New,24-07-2024,Email,Engineer,597045,married
CUS002393,Priya,Nair,male,44,priya.nair2393@gmail.com,9262899439,C122,premium,13-06-2024,Email,Teacher,307284,Single
CUS002394,Rahul,Patel,MALE,58,rahul.patel2394@gmail.com,9596997152,C173,New,05-07-2024,Phone,Engineer,1674174,married
CUS002395,Ananya,Patel,Male,62,ananya.patel2395@gmail.com,9446785262,C239,Returning,09-04-2024,Email,Business,2748926,Married
CUS002396,Vikram,Iyer,male,43,vikram.iyer2396@gmail.com,9982178478,C190,premium,08-10-2024,Phone,Teacher,583851,married
CUS002397,Priya,Patel,male,40,priya.patel2397@gmail.com,9520242507,C216,Premium,16-02-2024,Phone,Teacher,1466950,married
CUS002398,Priya,Reddy,male,51,priya.reddy2398@gmail.com,9904430187,C229,Returning,09-10-2024,Phone,Business,2145819,Married
CUS002399,Priya,Nair,male,64,priya.nair2399@gmail.com,9547002389,C164,premium,27-03-2024,WhatsApp,Engineer,1871843,married
CUS002400,Sneha,Singh,Female,60,,9191556387,C152,premium,04-08-2024,WhatsApp,,2415274,Single
CUS002401,Priya,Singh,FEMALE,57,priya.singh2401@gmail.com,9936509500,C035,Premium,25-01-2024,WhatsApp,Teacher,2688287,married
CUS002402,Vikram,Patel,Female,33,vikram.patel2402@gmail.com,9209463870,C082,New,15-11-2024,Email,Teacher,2195345,Married
CUS002403,Vikram,Nair,MALE,46,vikram.nair2403@gmail.com,9500577742,C204,New,21-11-2024,WhatsApp,Business,2423022,Single
CUS002404,Priya,Patel,FEMALE,56,priya.patel2404@gmail.com,9344721793,C160,New,26-11-2024,Phone,Business,2368607,Single
CUS002405,Rahul,Sharma,FEMALE,48,rahul.sharma2405@gmail.com,9930794165,C235,Premium,21-03-2024,WhatsApp,Teacher,2184259,married
CUS002406,Aarav,Reddy,male,49,aarav.reddy2406@gmail.com,9298832068,C220,New,13-10-2024,Phone,Doctor,407658,Married
CUS002407,Vikram,Singh,Female,41,vikram.singh2407@gmail.com,9895921811,C188,premium,26-04-2024,Phone,Business,1595873,Single
CUS002408,Vikram,Iyer,MALE,52,vikram.iyer2408@gmail.com,9633966711,C202,Returning,06-09-2024,Phone,Business,2656699,married
CUS002409,Aarav,Reddy,Female,38,aarav.reddy2409@gmail.com,98 27604896,C142,Premium,08-11-2024,WhatsApp,Doctor,2561440,Single
CUS002410,Vikram,Patel,Male,28,vikram.patel2410@gmail.com,9301724147,C227,New,23-05-2024,WhatsApp,Business,2765073,Married
CUS002411,Rahul,Sharma,male,50,rahul.sharma2411@gmail.com,9719865176,C157,Returning,27-04-2024,WhatsApp,Engineer,412567,married
CUS002412,Priya,Patel,FEMALE,52,priya.patel2412@gmail.com,9478461769,C204,Premium,15-10-2024,Email,Engineer,1202400,Single
CUS002413,Rahul,Reddy,MALE,63,rahul.reddy2413@gmail.com,9649789754,C023,New,13-05-2024,Email,Teacher,1803581,Married
CUS002414,Ananya,Singh,FEMALE,57,ananya.singh2414@gmail.com,9672108763,C045,Premium,09-07-2024,Email,Doctor,819802,Single
CUS002415,Vikram,Nair,Male,41,vikram.nair2415@gmail.com,9915655351,C066,Returning,20-01-2024,Email,Doctor,2479103,Single
CUS002416,Aarav,Reddy,Male,49,aarav.reddy2416@gmail.com,9444646407,C100,New,21-03-2024,WhatsApp,Business,780642,Single
CUS002417,Sneha,Reddy,FEMALE,31,sneha.reddy2417@gmail.com,9557191847,C215,Premium,25-11-2024,Email,Teacher,1656042,Single
CUS002418,Sneha,Singh,Female,52,sneha.singh2418@gmail.com,9621771345,C038,premium,03-03-2024,Email,Business,1297676,Single
CUS002419,Ananya,Reddy,Female,56,ananya.reddy2419@gmail.com,9110533598,C045,Premium,12-01-2024,Phone,Doctor,2313296,married
CUS002420,Ananya,Nair,MALE,26,ananya.nair2420@gmail.com,,C132,Returning,18-03-2024,Email,Doctor,2410218,Married
CUS002421,Priya,Iyer,Male,46,priya.iyer2421@gmail.com,9938032990,C017,Returning,12-10-2024,WhatsApp,Doctor,1690917,Single
CUS002422,Priya,Reddy,Male,39,priya.reddy2422@gmail.com,9316350804,C099,New,11-06-2024,Phone,Teacher,446987,married
CUS002423,Rahul,Sharma,MALE,49,rahul.sharma2423@gmail.com,9361274615,C171,Premium,17-12-2024,WhatsApp,Doctor,1508647,married
CUS002424,Aarav,Sharma,FEMALE,37,aarav.sharma2424@gmail.com,9712629807,C244,Premium,26-04-2024,Phone,Doctor,2485464,married
CUS002425,Sneha,Singh,Male,42,sneha.singh2425@gmail.com,9835831493,C061,Premium,04-12-2024,WhatsApp,Teacher,1241510,married
CUS002426,Vikram,Singh,MALE,51,vikram.singh2426@gmail.com,9248164889,C042,Returning,17-10-2024,WhatsApp,Engineer,2197737,Married
CUS002427,Vikram,Sharma,FEMALE,24,vikram.sharma2427@gmail.com,9197103322,C082,New,08-10-2024,Email,Business,657789,Married
CUS002428,Ananya,Iyer,male,39,ananya.iyer2428@gmail.com,9895896789,C097,Premium,22-01-2024,WhatsApp,Business,1787807,Married
CUS002429,Priya,Iyer,male,26,priya.iyer2429@gmail.com,9364040200,C200,Premium,22-02-2024,WhatsApp,Teacher,630414,Married
CUS002430,Ananya,Patel,MALE,62,ananya.patel2430@gmail.com,9712387384,C196,Premium,18-10-2024,Phone,Teacher,1521201,Single
CUS002431,Vikram,Patel,FEMALE,24,vikram.patel2431@gmail.com,9903634329,C069,Returning,19-06-2024,WhatsApp,Engineer,1666090,Married
CUS002432,Ananya,Singh,male,59,ananya.singh2432@gmail.com,9132519257,C144,Returning,01-10-2024,Email,Engineer,1516104,Single
CUS002433,Sneha,Reddy,male,35,sneha.reddy2433@gmail.com,9288101594,C029,New,19-05-2024,Phone,Business,886269,Single
CUS002434,Ananya,Singh,male,57,ananya.singh2434@gmail.com,9661188070,C249,Returning,16-05-2024,Email,Engineer,431664,Married
CUS002435,Vikram,Sharma,Female,28,vikram.sharma2435@gmail.com,9717840175,C057,Premium,10-11-2024,WhatsApp,Business,1753826,married
CUS002436,Aarav,Singh,MALE,42,aarav.singh2436@gmail.com,9781056088,C245,premium,19-05-2024,Phone,Engineer,1731655,married
CUS002437,Vikram,Sharma,FEMALE,62,vikram.sharma2437@gmail.com,9955481621,C025,premium,23-02-2024,Phone,Engineer,1635077,Married
CUS002438,Sneha,Nair,FEMALE,60,sneha.nair2438@gmail.com,9254584007,C167,Returning,16-03-2024,Phone,Teacher,572573,Single
CUS002439,Aarav,Singh,Male,41,aarav.singh2439@gmail.com,9223669583,C056,Returning,16-01-2024,WhatsApp,Engineer,1450567,Single
CUS002440,Ananya,Sharma,Male,46,,9548643584,C149,New,21-07-2024,Phone,Doctor,2389543,Married
CUS002441,Rahul,Iyer,male,46,rahul.iyer2441@gmail.com,9972001249,C193,Premium,04-07-2024,Email,Business,2297873,Married
CUS002442,Priya,Patel,Female,54,priya.patel2442@gmail.com,98 37084711,C205,New,27-03-2024,Email,Engineer,1937634,Single
CUS002443,Sneha,Nair,MALE,58,sneha.nair2443@gmail.com,9631982025,C198,Premium,12-12-2024,WhatsApp,Engineer,2663214,Married
CUS002444,Sneha,Singh,Female,43,sneha.singh2444@gmail.com,9509448041,C179,Returning,01-04-2024,Phone,Teacher,2680312,married
CUS002445,Priya,Patel,MALE,55,priya.patel2445@gmail.com,9127558170,C008,New,28-07-2024,Phone,Engineer,2876478,Single
CUS002446,Vikram,Sharma,Male,48,vikram.sharma2446@gmail.com,9819618082,C131,Premium,26-09-2024,Email,Engineer,574549,married
CUS002447,Aarav,Patel,Male,58,aarav.patel2447@gmail.com,9800795362,C101,Returning,27-09-2024,WhatsApp,Business,786831,Married
CUS002448,Aarav,Iyer,Male,42,aarav.iyer2448@gmail.com,9372987400,C119,New,27-04-2024,Email,Business,1300969,Married
CUS002449,Ananya,Iyer,Male,33,ananya.iyer2449@gmail.com,9747442712,C122,premium,06-04-2024,WhatsApp,Business,1650683,married
CUS002450, Vikram,Reddy,MALE,41,vikram.reddy2450@gmail.com,9871225971,C092,premium,06-03-2024,Phone,Teacher,2194437,married
CUS002451,Rahul,Nair,Male,45,rahul.nair2451@gmail.com,9362634768,C225,New,17-01-2024,Phone,Engineer,1438392,Single
CUS002452,Sneha,Reddy,Female,42,sneha.reddy2452@gmail.com,9374119708,C230,New,23-08-2024,Phone,Engineer,2452730,Married
CUS002453,Vikram,Nair,FEMALE,37,vikram.nair2453@gmail.com,9721890728,C123,Returning,22-05-2024,Email,Teacher,696618,Married
CUS002454,Sneha,Nair,male,32,sneha.nair2454@gmail.com,9195489543,C005,Returning,01-03-2024,Phone,Business,1463850,Married
CUS002455,Rahul,Patel,Male,56,rahul.patel2455@gmail.com,9897944413,C066,premium,26-04-2024,Email,Business,2081743,Married
CUS002456,Aarav,Reddy,FEMALE,33,aarav.reddy2456@gmail.com,9383176390,C194,Premium,10-05-2024,Phone,Doctor,687726,Single
CUS002457,Aarav,Singh,male,37,aarav.singh2457@gmail.com,9144971108,C027,Returning,11-10-2024,WhatsApp,Engineer,2946620,Married
CUS002458,Aarav,Patel,Female,33,aarav.patel2458@gmail.com,9880645862,C174,New,02-07-2024,Email,Engineer,587861,married
CUS002459,Priya,Sharma,Male,23,priya.sharma2459@gmail.com,9982121954,C020,New,18-01-2024,WhatsApp,Business,2479765,married
CUS002460,Priya,Singh,FEMALE,63,priya.singh2460@gmail.com,9928307781,C236,New,13-11-2024,WhatsApp,,1389907,married
CUS002461,Priya,Sharma,male,45,priya.sharma2461@gmail.com,9593995117,C134,New,28-06-2024,Phone,Doctor,1890887,Single
CUS002462,Aarav,Singh,FEMALE,62,aarav.singh2462@gmail.com,9702435035,C024,New,27-03-2024,Email,Teacher,2273158,Married
CUS002463,Sneha,Singh,Male,22,sneha.singh2463@gmail.com,9800552589,C040,New,26-03-2024,Email,Business,1134425,Married
CUS002464,Ananya,Singh,male,44,ananya.singh2464@gmail.com,9290403720,C079,Premium,14-06-2024,WhatsApp,Business,555602,Single
CUS002465,Aarav,Iyer,Female,62,aarav.iyer2465@gmail.com,9835232472,C175,Returning,21-08-2024,Phone,Engineer,2096019,Married
CUS002466,Sneha,Iyer,FEMALE,29,sneha.iyer2466@gmail.com,9163300220,C034,Returning,14-05-2024,Email,Business,1082111,Married
CUS002467,Aarav,Sharma,male,52,aarav.sharma2467@gmail.com,9114568353,C214,New,24-10-2024,WhatsApp,Engineer,932217,Single
CUS002468,Ananya,Nair,male,50,ananya.nair2468@gmail.com,9771622002,C061,Returning,03-09-2024,WhatsApp,Business,1639593,Single
CUS002469,Aarav,Sharma,Female,27,aarav.sharma2469@gmail.com,9184533835,C244,premium,27-08-2024,WhatsApp,Engineer,679368,Single
CUS002470,Rahul,Sharma,Male,46,rahul.sharma2470@gmail.com,9574047909,C109,premium,07-11-2024,Email,Business,1984878,married
CUS002471,Ananya,Nair,FEMALE,62,ananya.nair2471@gmail.com,9463994321,C079,New,21-07-2024,WhatsApp,Teacher,2917442,Single
CUS002472,Aarav,Iyer,male,42,aarav.iyer2472@gmail.com,9450635029,C083,Returning,22-11-2024,WhatsApp,Business,416860,Married
CUS002473,Priya,Reddy,MALE,40,priya.reddy2473@gmail.com,9287191540,C243,Premium,27-06-2024,Email,Business,1617271,Married
CUS002474,Aarav,Iyer,Female,31,aarav.iyer2474@gmail.com,9800956913,C129,premium,12-08-2024,Email,Teacher,1033031,married
CUS002475,Aarav,Patel,MALE,33,aarav.patel2475@gmail.com,,C133,Returning,07-02-2024,Email,Business,1387341,married
CUS002476,Aarav,Iyer,male,63,aarav.iyer2476@gmail.com,9672185724,C075,New,08-12-2024,Phone,Teacher,1981296,married
CUS002477,Rahul,Nair,FEMALE,52,rahul.nair2477@gmail.com,9907740652,C207,Returning,15-02-2024,Email,Business,1370052,married
CUS002478,Rahul,Patel,Male,40,rahul.patel2478@gmail.com,9979474478,C204,premium,07-03-2024,Email,Teacher,499363,married
CUS002479,Aarav,Reddy,MALE,31,aarav.reddy2479@gmail.com,9292705529,C210,Premium,10-06-2024,Phone,Teacher,2863637,Married
CUS002480,Priya,Patel,Male,28,,9126923148,C076,Returning,12-08-2024,Phone,Teacher,790781,married
CUS002481,Vikram,Nair,FEMALE,51,vikram.nair2481@gmail.com,9270565242,C101,New,15-12-2024,WhatsApp,Engineer,2428401,Married
CUS002482,Rahul,Reddy,Male,59,rahul.reddy2482@gmail.com,9915686836,C137,New,06-09-2024,Phone,Doctor,2906678,married
CUS002483,Aarav,Reddy,Male,31,aarav.reddy2483@gmail.com,9327319059,C164,New,04-09-2024,Phone,Business,787181,married
CUS002484,Sneha,Sharma,Female,23,sneha.sharma2484@gmail.com,9112251519,C125,Returning,19-12-2024,Phone,Doctor,2427249,Married
CUS002485,Ananya,Reddy,Male,63,ananya.reddy2485@gmail.com,9728559688,C036,Premium,14-06-2024,WhatsApp,Engineer,2000182,married
CUS002486,Sneha,Sharma,FEMALE,49,sneha.sharma2486@gmail.com,9634892437,C051,New,28-06-2024,Email,Teacher,1473477,married
CUS002487,Priya,Patel,male,52,priya.patel2487@gmail.com,9703831035,C006,New,27-09-2024,WhatsApp,Engineer,2871578,Single
CUS002488,Rahul,Iyer,Male,54,rahul.iyer2488@gmail.com,9905737813,C086,premium,18-07-2024,WhatsApp,Business,661148,Married
CUS002489,Priya,Nair,Male,29,priya.nair2489@gmail.com,9474345402,C210,Returning,21-09-2024,Phone,Teacher,1795059,married
CUS002490,Aarav,Patel,Male,27,aarav.patel2490@gmail.com,9624979523,C210,New,24-11-2024,Phone,Teacher,1659876,Single
CUS002491,Priya,Singh,FEMALE,43,priya.singh2491@gmail.com,9661470412,C008,Returning,02-12-2024,Phone,Engineer,849143,Single
CUS002492,Aarav,Reddy,Male,22,aarav.reddy2492@gmail.com,9141538948,C142,Premium,22-05-2024,WhatsApp,Doctor,2211379,married
CUS002493,Priya,Nair,MALE,62,priya.nair2493@gmail.com,9158555288,C054,premium,08-12-2024,WhatsApp,Business,1304047,Married
CUS002494,Sneha,Sharma,FEMALE,35,sneha.sharma2494@gmail.com,9612420041,C196,Returning,01-09-2024,WhatsApp,Engineer,1273658,married
CUS002495,Vikram,Nair,FEMALE,61,vikram.nair2495@gmail.com,9312625829,C025,New,26-07-2024,WhatsApp,Business,1524640,Married
CUS002496,Priya,Singh,male,30,priya.singh2496@gmail.com,9757806557,C203,premium,26-01-2024,Email,Teacher,1284666,Married
CUS002497,Ananya,Iyer,MALE,44,ananya.iyer2497@gmail.com,9153032971,C074,Returning,02-05-2024,Phone,Doctor,1010362,Married
CUS002498,Priya,Sharma,male,24,priya.sharma2498@gmail.com,9836167688,C224,premium,25-05-2024,Email,Doctor,865025,Single
CUS002499,Priya,Patel,MALE,58,priya.patel2499@gmail.com,9178048948,C122,Premium,23-07-2024,WhatsApp,Business,2983187,Single
CUS002500,Priya,Iyer,Male,44,priya.iyer2500@gmail.com,9449861979,C053,Returning,08-02-2024,Phone,Teacher,1745912,Married
CUS002501,Vikram,Singh,MALE,63,vikram.singh2501@gmail.com,9949650116,C119,New,25-12-2024,WhatsApp,Business,1614824,married
CUS002502,Rahul,Sharma,MALE,22,rahul.sharma2502@gmail.com,9474433798,C195,Premium,10-04-2024,Email,Doctor,2656673,married
CUS002503,Vikram,Nair,male,48,vikram.nair2503@gmail.com,9901649880,C173,Premium,12-04-2024,Phone,Doctor,2946333,Single
CUS002504,Sneha,Iyer,MALE,53,sneha.iyer2504@gmail.com,9378335716,C001,premium,23-12-2024,WhatsApp,Engineer,2757992,married
CUS002505,Priya,Sharma,FEMALE,35,priya.sharma2505@gmail.com,9514820439,C181,Returning,05-09-2024,WhatsApp,Business,955452,Single
CUS002506,Sneha,Iyer,MALE,35,sneha.iyer2506@gmail.com,9550772429,C030,Premium,11-04-2024,WhatsApp,Doctor,2172054,Single
CUS002507,Priya,Nair,Female,45,priya.nair2507@gmail.com,9745141920,C155,Returning,11-06-2024,WhatsApp,Engineer,2762715,Single
CUS002508,Ananya,Singh,Female,42,ananya.singh2508@gmail.com,98 92545338,C096,premium,01-11-2024,WhatsApp,Doctor,2608765,Single
CUS002509,Aarav,Sharma,Male,29,aarav.sharma2509@gmail.com,9108384580,C174,Premium,02-09-2024,Phone,Business,1625318,married
CUS002510,Rahul,Singh,Female,63,rahul.singh2510@gmail.com,9267706353,C113,Returning,20-11-2024,WhatsApp,Doctor,1576337,Married
CUS002511,Aarav,Reddy,MALE,31,aarav.reddy2511@gmail.com,9529097411,C247,Returning,04-09-2024,WhatsApp,Teacher,632796,Married
CUS002512,Sneha,Iyer,FEMALE,32,sneha.iyer2512@gmail.com,9537726312,C180,premium,15-08-2024,Phone,Engineer,1762182,married
CUS002513,Ananya,Singh,Male,65,ananya.singh2513@gmail.com,9146326103,C145,Premium,15-09-2024,WhatsApp,Doctor,1483636,Single
CUS002514,Ananya,Sharma,Male,44,ananya.sharma2514@gmail.com,9357720732,C206,premium,16-06-2024,WhatsApp,Engineer,700392,Single
CUS002515,Rahul,Sharma,FEMALE,52,rahul.sharma2515@gmail.com,9224945330,C141,Premium,02-01-2024,Email,Engineer,1360970,married
CUS002516,Ananya,Singh,male,60,ananya.singh2516@gmail.com,9868790257,C101,Returning,15-07-2024,Email,Doctor,2154942,Married
CUS002517,Rahul,Iyer,MALE,59,rahul.iyer2517@gmail.com,9360282156,C161,Premium,01-10-2024,Phone,Engineer,1664416,married
CUS002518,Vikram,Patel,FEMALE,48,vikram.patel2518@gmail.com,9160841934,C229,premium,15-01-2024,Email,Engineer,2874908,Single
CUS002519,Vikram,Singh,Female,64,vikram.singh2519@gmail.com,9179390586,C101,premium,12-06-2024,Email,Doctor,1597516,Single
CUS002520, Vikram,Iyer,male,62,,9999222472,C038,Premium,15-09-2024,Phone,,1244789,Married
CUS002521,Priya,Nair,Male,37,priya.nair2521@gmail.com,9614107656,C156,Premium,12-11-2024,Email,Engineer,556431,Single
CUS002522,Sneha,Reddy,Female,44,sneha.reddy2522@gmail.com,9789290620,C108,Returning,24-02-2024,Phone,Doctor,902469,Single
CUS002523,Priya,Reddy,male,38,priya.reddy2523@gmail.com,9451053622,C126,New,19-02-2024,WhatsApp,Teacher,1289751,married
CUS002524,Rahul,Patel,Female,53,rahul.patel2524@gmail.com,9283381537,C208,Premium,19-03-2024,Email,Doctor,2090957,Married
CUS002525,Rahul,Singh,Male,34,rahul.singh2525@gmail.com,9547746071,C034,premium,15-09-2024,Phone,Business,2103837,Married
CUS002526,Aarav,Sharma,Male,43,aarav.sharma2526@gmail.com,9653427877,C156,Premium,05-11-2024,Email,Teacher,2501945,Married
CUS002527,Aarav,Iyer,Female,56,aarav.iyer2527@gmail.com,9250254037,C125,New,01-02-2024,WhatsApp,Teacher,2499651,married
CUS002528,Sneha,Patel,Female,54,sneha.patel2528@gmail.com,9867288706,C149,New,17-08-2024,WhatsApp,Doctor,2053702,Married
CUS002529,Rahul,Sharma,male,53,rahul.sharma2529@gmail.com,9746080905,C041,premium,27-07-2024,Email,Business,2398672,Single
CUS002530,Priya,Sharma,Female,35,priya.sharma2530@gmail.com,,C132,New,06-08-2024,Email,Doctor,588605,Single
CUS002531,Vikram,Nair,MALE,56,vikram.nair2531@gmail.com,9360068492,C209,premium,13-10-2024,Email,Teacher,1060725,married
CUS002532,Priya,Reddy,Male,51,priya.reddy2532@gmail.com,9185491958,C114,premium,19-12-2024,Phone,Engineer,1293617,married
CUS002533,Aarav,Sharma,MALE,30,aarav.sharma2533@gmail.com,9753025879,C200,premium,13-06-2024,Phone,Teacher,1794559,married
CUS002534,Sneha,Reddy,Male,38,sneha.reddy2534@gmail.com,9936622280,C230,premium,23-02-2024,Phone,Doctor,2859478,Married
CUS002535,Ananya,Sharma,Female,41,ananya.sharma2535@gmail.com,9486988252,C250,Premium,05-01-2024,Phone,Business,2998121,Single
CUS002536,Sneha,Singh,male,41,sneha.singh2536@gmail.com,9881705591,C206,Returning,19-08-2024,Phone,Teacher,2619636,married
CUS002537,Vikram,Nair,Female,50,vikram.nair2537@gmail.com,9794100677,C135,premium,22-09-2024,Phone,Teacher,2710454,married
CUS002538,Ananya,Iyer,Male,23,ananya.iyer2538@gmail.com,9770144228,C055,premium,22-02-2024,Email,Teacher,1279053,married
CUS002539,Vikram,Nair,male,23,vikram.nair2539@gmail.com,9125272799,C174,Premium,17-04-2024,Email,Engineer,2574323,Married
CUS002540,Vikram,Iyer,male,29,vikram.iyer2540@gmail.com,9844227914,C004,New,15-04-2024,Phone,Doctor,2992494,Single
CUS002541,Sneha,Singh,MALE,43,sneha.singh2541@gmail.com,98 10586974,C180,premium,20-02-2024,Email,Doctor,2364934,married
CUS002542,Rahul,Singh,male,44,rahul.singh2542@gmail.com,9364172385,C163,premium,26-02-2024,WhatsApp,Engineer,770154,Single
CUS002543,Sneha,Reddy,MALE,49,sneha.reddy2543@gmail.com,9653905757,C032,premium,14-07-2024,WhatsApp,Doctor,1935029,Single
CUS002544,Vikram,Reddy,male,56,vikram.reddy2544@gmail.com,9241430298,C197,New,18-05-2024,Email,Business,1554025,Single
CUS002545,Vikram,Sharma,Female,53,vikram.sharma2545@gmail.com,9785791592,C010,Returning,27-10-2024,Email,Teacher,1146569,Single
CUS002546,Ananya,Patel,FEMALE,22,ananya.patel2546@gmail.com,9271116627,C205,premium,09-04-2024,WhatsApp,Engineer,1900882,Single
CUS002547,Rahul,Singh,MALE,61,rahul.singh2547@gmail.com,9412602407,C132,Returning,19-10-2024,Email,Business,457717,married
CUS002548,Ananya,Reddy,FEMALE,35,ananya.reddy2548@gmail.com,9452285456,C131,Returning,23-02-2024,Email,Doctor,2019545,married
CUS002549,Rahul,Iyer,Male,28,rahul.iyer2549@gmail.com,9827088814,C229,premium,09-08-2024,Phone,Doctor,448071,Single
CUS002550,Ananya,Patel,Male,46,ananya.patel2550@gmail.com,9694376931,C117,Premium,25-05-2024,WhatsApp,Doctor,2742310,Single
CUS002551,Rahul,Sharma,Male,40,rahul.sharma2551@gmail.com,9987687800,C208,premium,09-06-2024,Email,Teacher,1237238,Married
CUS002552,Aarav,Nair,FEMALE,25,aarav.nair2552@gmail.com,9466787731,C212,premium,18-04-2024,WhatsApp,Doctor,2622850,married
CUS002553,Priya,Nair,MALE,40,priya.nair2553@gmail.com,9833665156,C025,Premium,26-06-2024,Email,Engineer,2695274,married
CUS002554,Ananya,Nair,MALE,31,ananya.nair2554@gmail.com,9983437302,C102,premium,27-05-2024,Phone,Engineer,663612,Single
CUS002555,Sneha,Nair,FEMALE,33,sneha.nair2555@gmail.com,9155625138,C167,New,26-12-2024,Email,Business,1338951,Married
CUS002556,Rahul,Reddy,Male,32,rahul.reddy2556@gmail.com,9505254580,C092,New,27-05-2024,Email,Business,1067045,Single
CUS002557,Vikram,Sharma,FEMALE,56,vikram.sharma2557@gmail.com,9590008992,C092,premium,04-06-2024,Email,Doctor,1831954,Married
CUS002558,Aarav,Reddy,Female,59,aarav.reddy2558@gmail.com,9916404873,C079,Premium,17-05-2024,Phone,Doctor,1949799,Single
CUS002559,Priya,Sharma,MALE,52,priya.sharma2559@gmail.com,9337503625,C147,premium,28-02-2024,WhatsApp,Doctor,1588297,married
CUS002560,Vikram,Singh,FEMALE,36,,9626417642,C113,premium,16-12-2024,Email,Teacher,1853574,married
CUS002561,Rahul,Nair,male,39,rahul.nair2561@gmail.com,9650028638,C207,Premium,28-02-2024,WhatsApp,Business,370202,married
CUS002562,Rahul,Reddy,MALE,64,rahul.reddy2562@gmail.com,9398625917,C190,premium,20-11-2024,Phone,Doctor,1511256,Married
CUS002563,Ananya,Singh,Male,39,ananya.singh2563@gmail.com,9488219068,C210,Premium,28-08-2024,Email,Engineer,1584381,Single
CUS002564,Sneha,Iyer,FEMALE,57,sneha.iyer2564@gmail.com,9989751293,C047,New,15-03-2024,Email,Business,1940735,Single
CUS002565,Ananya,Patel,Female,26,ananya.patel2565@gmail.com,9572261586,C066,New,22-03-2024,Email,Engineer,2406677,Single
CUS002566,Rahul,Patel,MALE,41,rahul.patel2566@gmail.com,9173766240,C106,Premium,26-11-2024,Email,Business,2327863,Single
CUS002567,Rahul,Nair,Male,55,rahul.nair2567@gmail.com,9483215520,C012,Premium,03-09-2024,WhatsApp,Business,2766104,Married
CUS002568,Sneha,Singh,male,24,sneha.singh2568@gmail.com,9529975119,C187,Premium,16-05-2024,WhatsApp,Doctor,1183077,Married
CUS002569,Priya,Singh,male,42,priya.singh2569@gmail.com,9233789527,C088,New,06-01-2024,Phone,Doctor,2250571,married
CUS002570,Rahul,Iyer,Female,23,rahul.iyer2570@gmail.com,9735426902,C051,New,18-10-2024,Email,Engineer,1997625,Married
CUS002571,Aarav,Nair,Male,27,aarav.nair2571@gmail.com,9850194558,C025,Premium,22-10-2024,Email,Business,1061327,Married
CUS002572,Rahul,Patel,Female,39,rahul.patel2572@gmail.com,9884794757,C190,Returning,17-04-2024,WhatsApp,Business,444147,Married
CUS002573,Rahul,Nair,male,45,rahul.nair2573@gmail.com,9678895349,C094,Premium,21-08-2024,Email,Engineer,2654175,Married
CUS002574,Priya,Patel,male,22,priya.patel2574@gmail.com,98 55631239,C079,Returning,19-05-2024,Email,Engineer,2956065,Single
CUS002575,Rahul,Sharma,MALE,54,rahul.sharma2575@gmail.com,9863905946,C018,Premium,09-10-2024,Phone,Business,697383,Single
CUS002576,Vikram,Patel,Male,26,vikram.patel2576@gmail.com,9485490558,C210,Returning,08-08-2024,Email,Doctor,2694012,Single
CUS002577,Sneha,Nair,Male,60,sneha.nair2577@gmail.com,9273651191,C173,Returning,02-08-2024,Phone,Teacher,1724725,Married
CUS002578,Ananya,Reddy,Female,44,ananya.reddy2578@gmail.com,9333672531,C196,New,03-09-2024,Email,Business,1768871,Married
CUS002579,Ananya,Nair,FEMALE,34,ananya.nair2579@gmail.com,9247703926,C002,Returning,19-03-2024,WhatsApp,Engineer,1398422,Single
CUS002580,Aarav,Sharma,Male,55,aarav.sharma2580@gmail.com,9233178701,C174,Premium,12-09-2024,Email,,1229294,Single
CUS002581,Ananya,Reddy,Female,53,ananya.reddy2581@gmail.com,9716996743,C212,New,27-09-2024,Phone,Business,1688035,Single
CUS002582,Vikram,Iyer,Female,45,vikram.iyer2582@gmail.com,9412074752,C193,Premium,17-12-2024,Email,Engineer,2965018,Single
CUS002583,Vikram,Nair,male,48,vikram.nair2583@gmail.com,9797409883,C077,Premium,12-02-2024,Email,Teacher,1078074,Single
CUS002584,Rahul,Sharma,MALE,46,rahul.sharma2584@gmail.com,9899110677,C152,Returning,19-09-2024,Email,Teacher,909193,Single
CUS002585,Priya,Sharma,Female,62,priya.sharma2585@gmail.com,,C175,New,12-01-2024,Email,Business,2490725,Married
CUS002586,Aarav,Reddy,Female,59,aarav.reddy2586@gmail.com,9436075430,C070,Premium,13-10-2024,Phone,Doctor,2563700,Single
CUS002587,Rahul,Singh,MALE,39,rahul.singh2587@gmail.com,9755829791,C104,New,03-07-2024,Phone,Doctor,1012317,married
CUS002588,Rahul,Reddy,Female,25,rahul.reddy2588@gmail.com,9738183073,C091,Returning,06-05-2024,Phone,Doctor,1125726,Married
CUS002589,Vikram,Iyer,Male,55,vikram.iyer2589@gmail.com,9565998338,C104,Returning,28-06-2024,WhatsApp,Engineer,1187119,Married
CUS002590, Priya,Sharma,male,57,priya.sharma2590@gmail.com,9731897001,C249,Premium,10-05-2024,Phone,Doctor,2701674,Married
CUS002591,Priya,Patel,MALE,43,priya.patel2591@gmail.com,9436354743,C040,Premium,05-04-2024,Phone,Teacher,2296116,Single
CUS002592,Vikram,Reddy,male,38,vikram.reddy2592@gmail.com,9359553158,C100,New,12-12-2024,WhatsApp,Engineer,981588,Single
CUS002593,Vikram,Nair,Male,24,vikram.nair2593@gmail.com,9680396405,C143,Premium,02-02-2024,Phone,Teacher,2633224,Married
CUS002594,Rahul,Iyer,Male,56,rahul.iyer2594@gmail.com,9395092970,C030,New,24-03-2024,Phone,Doctor,2561895,Married
CUS002595,Priya,Singh,male,23,priya.singh2595@gmail.com,9322302504,C004,Returning,06-04-2024,WhatsApp,Teacher,1068285,Married
CUS002596,Ananya,Nair,MALE,54,ananya.nair2596@gmail.com,9427265537,C030,Returning,11-03-2024,WhatsApp,Business,779552,married
CUS002597,Vikram,Sharma,FEMALE,61,vikram.sharma2597@gmail.com,9224374356,C137,New,27-08-2024,Email,Engineer,2808724,married
CUS002598,Sneha,Reddy,FEMALE,45,sneha.reddy2598@gmail.com,9545937407,C102,Returning,16-08-2024,WhatsApp,Business,2246547,Married
CUS002599,Aarav,Singh,male,27,aarav.singh2599@gmail.com,9843720595,C119,Premium,26-03-2024,Email,Business,1547367,Single
CUS002600,Ananya,Sharma,FEMALE,31,,9992653090,C030,Premium,20-09-2024,Phone,Business,1414307,Single
CUS002601,Vikram,Iyer,Female,48,vikram.iyer2601@gmail.com,9206764303,C248,Returning,27-08-2024,Phone,Business,819226,married
CUS002602,Sneha,Sharma,Male,24,sneha.sharma2602@gmail.com,9529056674,C068,New,05-02-2024,Email,Doctor,1218427,Single
CUS002603,Rahul,Reddy,MALE,22,rahul.reddy2603@gmail.com,9950021390,C237,premium,13-12-2024,Email,Engineer,2911577,married
CUS002604,Priya,Reddy,FEMALE,35,priya.reddy2604@gmail.com,9351251480,C113,Returning,06-01-2024,Phone,Teacher,318160,Married
CUS002605,Rahul,Singh,male,24,rahul.singh2605@gmail.com,9260846686,C232,premium,10-06-2024,Phone,Doctor,2453219,Married
CUS002606,Aarav,Reddy,FEMALE,38,aarav.reddy2606@gmail.com,9947094087,C107,Returning,28-02-2024,Email,Business,1886920,married
CUS002607,Priya,Iyer,Female,45,priya.iyer2607@gmail.com,98 84150061,C172,New,21-12-2024,WhatsApp,Doctor,2746822,married
CUS002608,Vikram,Patel,male,60,vikram.patel2608@gmail.com,9368095570,C219,New,08-01-2024,Email,Doctor,1669818,Married
CUS002609,Rahul,Singh,male,39,rahul.singh2609@gmail.com,9562183928,C216,Returning,08-11-2024,WhatsApp,Teacher,715767,Married
CUS002610,Ananya,Nair,male,56,ananya.nair2610@gmail.com,9436650447,C087,New,19-03-2024,Email,Teacher,1884653,Married
CUS002611,Sneha,Reddy,FEMALE,53,sneha.reddy2611@gmail.com,9520863555,C020,New,17-10-2024,Phone,Doctor,663881,Married
CUS002612,Rahul,Patel,MALE,43,rahul.patel2612@gmail.com,9885292664,C201,premium,26-08-2024,WhatsApp,Doctor,1474517,married
CUS002613,Sneha,Iyer,MALE,32,sneha.iyer2613@gmail.com,9369251531,C092,New,07-12-2024,Email,Engineer,994796,married
CUS002614,Priya,Reddy,Male,51,priya.reddy2614@gmail.com,9401062262,C163,Premium,01-09-2024,WhatsApp,Doctor,2835280,married
CUS002615,Aarav,Iyer,male,46,aarav.iyer2615@gmail.com,9544620064,C246,Premium,01-04-2024,WhatsApp,Engineer,1746769,Single
CUS002616,Rahul,Nair,male,30,rahul.nair2616@gmail.com,9843851630,C016,premium,22-05-2024,WhatsApp,Doctor,2859640,Single
CUS002617,Sneha,Sharma,MALE,61,sneha.sharma2617@gmail.com,9187608929,C127,Returning,13-01-2024,Phone,Business,858499,married
CUS002618,Aarav,Patel,Male,54,aarav.patel2618@gmail.com,9165962768,C097,Returning,14-12-2024,Email,Business,2301527,Single
CUS002619,Vikram,Sharma,FEMALE,61,vikram.sharma2619@gmail.com,9635317486,C005,premium,15-05-2024,WhatsApp,Engineer,1452232,Married
CUS002620,Aarav,Iyer,MALE,25,aarav.iyer2620@gmail.com,9585608801,C018,Returning,10-03-2024,WhatsApp,Teacher,892636,Single
CUS002621,Aarav,Singh,Male,57,aarav.singh2621@gmail.com,9555067471,C005,Returning,20-10-2024,Email,Teacher,2403859,married
CUS002622,Aarav,Nair,Male,40,aarav.nair2622@gmail.com,9571338475,C108,Returning,01-10-2024,Email,Business,1578769,Married
CUS002623,Vikram,Patel,Male,34,vikram.patel2623@gmail.com,9472731870,C103,Premium,08-11-2024,Email,Engineer,520039,Married
CUS002624,Sneha,Iyer,MALE,53,sneha.iyer2624@gmail.com,9242751164,C144,Premium,11-12-2024,WhatsApp,Engineer,1261532,Single
CUS002625,Ananya,Patel,Female,65,ananya.patel2625@gmail.com,9534974303,C201,New,25-06-2024,WhatsApp,Teacher,1176493,Married
CUS002626,Vikram,Sharma,Female,29,vikram.sharma2626@gmail.com,9284372743,C060,Returning,09-11-2024,Email,Teacher,2949714,Single
CUS002627,Rahul,Reddy,FEMALE,51,rahul.reddy2627@gmail.com,9484329958,C037,Premium,25-02-2024,Phone,Doctor,735460,Married
CUS002628,Rahul,Reddy,male,58,rahul.reddy2628@gmail.com,9600097472,C060,premium,26-04-2024,WhatsApp,Teacher,691564,married
CUS002629,Sneha,Patel,male,33,sneha.patel2629@gmail.com,9103935833,C179,Returning,04-04-2024,Email,Engineer,2006763,married
CUS002630,Ananya,Reddy,Female,33,ananya.reddy2630@gmail.com,9661909124,C173,Premium,19-02-2024,Phone,Doctor,1908648,Single
CUS002631,Ananya,Patel,Male,40,ananya.patel2631@gmail.com,9110725614,C174,Returning,28-12-2024,Email,Teacher,318362,Married
CUS002632,Aarav,Sharma,FEMALE,24,aarav.sharma2632@gmail.com,9425706133,C208,premium,17-07-2024,WhatsApp,Teacher,438193,Single
CUS002633,Priya,Reddy,male,49,priya.reddy2633@gmail.com,9616361897,C155,premium,04-04-2024,WhatsApp,Teacher,1926452,Single
CUS002634,Rahul,Reddy,male,58,rahul.reddy2634@gmail.com,9899095060,C086,premium,02-09-2024,WhatsApp,Engineer,1276582,married
CUS002635,Sneha,Nair,FEMALE,47,sneha.nair2635@gmail.com,9898410104,C045,Returning,23-12-2024,Email,Doctor,1446462,Single
CUS002636,Priya,Singh,FEMALE,25,priya.singh2636@gmail.com,9517651646,C215,premium,27-06-2024,WhatsApp,Business,1957629,married
CUS002637,Priya,Reddy,male,26,priya.reddy2637@gmail.com,9997839338,C223,premium,15-11-2024,Email,Business,1804889,Married
CUS002638,Sneha,Patel,male,62,sneha.patel2638@gmail.com,9228676202,C164,New,09-01-2024,Phone,Teacher,1058889,Married
CUS002639,Vikram,Patel,Male,23,vikram.patel2639@gmail.com,9821047025,C188,Returning,03-10-2024,Phone,Teacher,1491739,married
CUS002640,Vikram,Singh,male,53,,,C178,premium,08-04-2024,WhatsApp,,879948,married
CUS002641,Priya,Nair,Female,44,priya.nair2641@gmail.com,9247043867,C045,Returning,27-06-2024,WhatsApp,Teacher,552218,married
CUS002642,Ananya,Nair,Female,50,ananya.nair2642@gmail.com,9892705301,C090,Premium,23-12-2024,WhatsApp,Engineer,1818133,married
CUS002643,Vikram,Patel,male,22,vikram.patel2643@gmail.com,9200431004,C217,Returning,16-03-2024,Email,Business,910593,married
CUS002644,Ananya,Patel,Female,23,ananya.patel2644@gmail.com,9759663542,C122,Premium,26-09-2024,Email,Teacher,420234,Married
CUS002645,Priya,Patel,male,49,priya.patel2645@gmail.com,9444913019,C089,Returning,13-02-2024,Phone,Engineer,2644627,Single
CUS002646,Ananya,Patel,MALE,49,ananya.patel2646@gmail.com,9948807761,C078,Returning,16-08-2024,WhatsApp,Engineer,497835,Single
CUS002647,Ananya,Sharma,Male,61,ananya.sharma2647@gmail.com,9704837396,C219,New,15-03-2024,Phone,Business,338436,Married
CUS002648,Ananya,Sharma,MALE,22,ananya.sharma2648@gmail.com,9385577513,C231,Premium,23-05-2024,WhatsApp,Teacher,447931,Married
CUS002649,Ananya,Iyer,male,34,ananya.iyer2649@gmail.com,9873062359,C046,New,18-02-2024,WhatsApp,Doctor,1508974,Single
CUS002650,Sneha,Nair,male,44,sneha.nair2650@gmail.com,9491625273,C144,Returning,18-04-2024,Phone,Engineer,2112125,Single
CUS002651,Sneha,Nair,FEMALE,39,sneha.nair2651@gmail.com,9856599988,C207,Returning,18-07-2024,Email,Business,1352127,Single
CUS002652,Ananya,Nair,MALE,52,ananya.nair2652@gmail.com,9733163348,C206,premium,14-04-2024,Email,Teacher,623838,married
CUS002653,Aarav,Nair,FEMALE,28,aarav.nair2653@gmail.com,9712234277,C026,Premium,09-11-2024,WhatsApp,Business,2134585,Married
CUS002654,Vikram,Nair,FEMALE,42,vikram.nair2654@gmail.com,9626915525,C091,Premium,22-01-2024,Phone,Doctor,1211378,Married
CUS002655,Sneha,Singh,Male,25,sneha.singh2655@gmail.com,9868280838,C002,premium,10-07-2024,Email,Engineer,2007830,Married
CUS002656,Vikram,Iyer,FEMALE,53,vikram.iyer2656@gmail.com,9356913899,C106,New,23-05-2024,WhatsApp,Teacher,1004352,Single
CUS002657,Priya,Sharma,male,52,priya.sharma2657@gmail.com,9184487707,C177,Premium,10-10-2024,Email,Doctor,984466,married
CUS002658,Rahul,Sharma,Female,22,rahul.sharma2658@gmail.com,9491157197,C088,New,16-09-2024,Email,Teacher,1718177,married
CUS002659,Rahul,Nair,Female,62,rahul.nair2659@gmail.com,9191668031,C237,premium,20-06-2024,Email,Engineer,558652,Married
CUS002660, Priya,Singh,FEMALE,36,priya.singh2660@gmail.com,9313635660,C166,Returning,23-06-2024,WhatsApp,Engineer,1133860,Married
CUS002661,Sneha,Reddy,male,41,sneha.reddy2661@gmail.com,9772396991,C129,Premium,13-12-2024,Email,Business,2113137,Single
CUS002662,Priya,Singh,FEMALE,50,priya.singh2662@gmail.com,9667078304,C097,New,06-10-2024,WhatsApp,Engineer,1353052,Single
CUS002663,Ananya,Nair,MALE,60,ananya.nair2663@gmail.com,9854625872,C039,Premium,22-11-2024,WhatsApp,Teacher,714300,Single
CUS002664,Priya,Singh,Female,34,priya.singh2664@gmail.com,9712121958,C001,premium,16-11-2024,WhatsApp,Business,2161676,Married
CUS002665,Vikram,Singh,FEMALE,53,vikram.singh2665@gmail.com,9529705666,C241,premium,06-02-2024,Phone,Business,1940680,Married
CUS002666,Rahul,Patel,male,22,rahul.patel2666@gmail.com,9801384245,C043,New,26-09-2024,Email,Teacher,1104332,Single
CUS002667,Vikram,Sharma,FEMALE,53,vikram.sharma2667@gmail.com,9690933279,C066,Returning,23-03-2024,Email,Teacher,1301353,Single
CUS002668,Vikram,Patel,FEMALE,43,vikram.patel2668@gmail.com,9343774833,C124,premium,09-12-2024,Phone,Business,1116108,Single
CUS002669,Ananya,Singh,FEMALE,59,ananya.singh2669@gmail.com,9596382348,C233,New,01-10-2024,Email,Business,843975,Single
CUS002670,Priya,Sharma,Male,25,priya.sharma2670@gmail.com,9434384802,C046,New,13-11-2024,Phone,Engineer,2371612,Married
CUS002671,Rahul,Sharma,Male,34,rahul.sharma2671@gmail.com,9963051760,C027,premium,10-12-2024,Phone,Engineer,1783952,married
CUS002672,Ananya,Singh,Male,61,ananya.singh2672@gmail.com,9450227666,C008,New,11-10-2024,Phone,Teacher,2190424,married
CUS002673,Aarav,Patel,male,50,aarav.patel2673@gmail.com,98 65495043,C035,Premium,25-05-2024,Phone,Engineer,2614097,Married
CUS002674,Aarav,Singh,Male,54,aarav.singh2674@gmail.com,9983524341,C011,New,06-01-2024,Phone,Business,1236559,Single
CUS002675,Sneha,Singh,Female,57,sneha.singh2675@gmail.com,9565599095,C250,Returning,14-07-2024,Phone,Business,2406605,married
CUS002676,Aarav,Nair,MALE,53,aarav.nair2676@gmail.com,9430961959,C146,New,03-04-2024,Email,Engineer,2395294,Married
CUS002677,Vikram,Sharma,FEMALE,48,vikram.sharma2677@gmail.com,9166188003,C095,New,25-01-2024,Email,Business,1796913,Married
CUS002678,Priya,Reddy,FEMALE,26,priya.reddy2678@gmail.com,9791639693,C236,Premium,08-04-2024,Phone,Business,2974488,married
CUS002679,Ananya,Reddy,Male,62,ananya.reddy2679@gmail.com,9206185298,C106,New,10-01-2024,WhatsApp,Business,1696578,Single
CUS002680,Priya,Singh,Female,65,,9128685842,C124,New,27-02-2024,Email,Doctor,2916482,Single
CUS002681,Vikram,Iyer,MALE,54,vikram.iyer2681@gmail.com,9334761901,C219,Returning,25-10-2024,Email,Engineer,689725,Single
CUS002682,Aarav,Reddy,MALE,55,aarav.reddy2682@gmail.com,9798159806,C190,premium,06-07-2024,Phone,Teacher,1469334,married
CUS002683,Rahul,Patel,MALE,56,rahul.patel2683@gmail.com,9137192982,C216,Premium,04-05-2024,Email,Engineer,908121,Single
CUS002684,Aarav,Iyer,Female,23,aarav.iyer2684@gmail.com,9322629387,C070,New,21-11-2024,Email,Engineer,1928555,Married
CUS002685,Aarav,Reddy,male,27,aarav.reddy2685@gmail.com,9491166142,C059,New,19-07-2024,WhatsApp,Doctor,648473,Single
CUS002686,Vikram,Nair,male,59,vikram.nair2686@gmail.com,9573914960,C163,Returning,11-12-2024,Email,Teacher,678298,Married
CUS002687,Vikram,Iyer,MALE,27,vikram.iyer2687@gmail.com,9519316983,C241,Premium,11-04-2024,WhatsApp,Business,1181763,Married
CUS002688,Ananya,Iyer,FEMALE,22,ananya.iyer2688@gmail.com,9812354428,C066,premium,03-05-2024,Phone,Doctor,1281593,Single
CUS002689,Sneha,Iyer,Female,40,sneha.iyer2689@gmail.com,9316013878,C118,Premium,09-05-2024,WhatsApp,Engineer,2920115,married
CUS002690,Ananya,Nair,FEMALE,56,ananya.nair2690@gmail.com,9292961323,C198,Premium,14-08-2024,WhatsApp,Business,2527487,Married
CUS002691,Aarav,Nair,Male,24,aarav.nair2691@gmail.com,9883959762,C054,New,15-08-2024,Phone,Doctor,790797,Married
CUS002692,Priya,Singh,male,49,priya.singh2692@gmail.com,9613794655,C102,New,02-08-2024,WhatsApp,Engineer,2560795,married
CUS002693,Aarav,Singh,Female,51,aarav.singh2693@gmail.com,9577063311,C161,Returning,21-07-2024,Phone,Doctor,2584044,married
CUS002694,Vikram,Reddy,FEMALE,34,vikram.reddy2694@gmail.com,9209524696,C230,New,07-01-2024,Phone,Doctor,2621726,Married
CUS002695,Sneha,Iyer,Male,57,sneha.iyer2695@gmail.com,,C062,New,21-03-2024,Phone,Engineer,2922626,Married
CUS002696,Priya,Reddy,Female,60,priya.reddy2696@gmail.com,9860834461,C213,Returning,13-02-2024,Phone,Doctor,1242710,Single
CUS002697,Vikram,Singh,male,64,vikram.singh2697@gmail.com,9626285356,C173,New,05-10-2024,WhatsApp,Business,1263753,Single
CUS002698,Sneha,Nair,FEMALE,48,sneha.nair2698@gmail.com,9961664088,C057,premium,18-07-2024,Email,Engineer,875762,married
CUS002699,Priya,Iyer,Male,41,priya.iyer2699@gmail.com,9980490214,C060,premium,11-04-2024,WhatsApp,Engineer,975515,Married
CUS002700,Ananya,Singh,male,49,ananya.singh2700@gmail.com,9204574700,C134,Returning,10-10-2024,Email,,1889895,Single
CUS002701,Sneha,Iyer,male,45,sneha.iyer2701@gmail.com,9216964105,C248,Returning,09-10-2024,WhatsApp,Engineer,1221492,Single
CUS002702,Sneha,Patel,FEMALE,40,sneha.patel2702@gmail.com,9207287202,C047,premium,06-05-2024,WhatsApp,Doctor,2061358,married
CUS002703,Rahul,Singh,FEMALE,39,rahul.singh2703@gmail.com,9615976188,C075,premium,01-12-2024,Email,Doctor,2926125,Married
CUS002704,Priya,Sharma,Female,60,priya.sharma2704@gmail.com,9319082584,C052,New,24-07-2024,Email,Doctor,2333275,Single
CUS002705,Vikram,Iyer,FEMALE,51,vikram.iyer2705@gmail.com,9245750439,C193,premium,03-02-2024,Email,Doctor,1528995,Married
CUS002706,Sneha,Reddy,Male,50,sneha.reddy2706@gmail.com,98 64177760,C180,Premium,22-10-2024,WhatsApp,Doctor,1821035,Single
CUS002707,Priya,Singh,male,51,priya.singh2707@gmail.com,9456337720,C081,Premium,08-10-2024,Phone,Doctor,925331,married
CUS002708,Aarav,Singh,male,55,aarav.singh2708@gmail.com,9660891790,C160,New,14-07-2024,WhatsApp,Business,2546264,Single
CUS002709,Sneha,Sharma,FEMALE,30,sneha.sharma2709@gmail.com,9858656369,C015,Returning,13-09-2024,Email,Engineer,1619507,married
CUS002710,Rahul,Nair,male,41,rahul.nair2710@gmail.com,9413057863,C163,Returning,28-07-2024,WhatsApp,Business,420031,married
CUS002711,Vikram,Singh,Female,26,vikram.singh2711@gmail.com,9264098092,C024,Returning,28-11-2024,Phone,Engineer,1295506,Single
CUS002712,Ananya,Singh,MALE,29,ananya.singh2712@gmail.com,9120537993,C078,New,23-12-2024,Email,Doctor,1029749,married
CUS002713,Ananya,Reddy,MALE,65,ananya.reddy2713@gmail.com,9178915854,C139,New,23-07-2024,WhatsApp,Teacher,2929597,Married
CUS002714,Aarav,Patel,Male,41,aarav.patel2714@gmail.com,9497074475,C036,premium,28-09-2024,Phone,Doctor,721990,Married
CUS002715,Vikram,Sharma,male,25,vikram.sharma2715@gmail.com,9141564080,C136,premium,12-10-2024,Email,Teacher,786759,Married
CUS002716,Priya,Singh,Female,59,priya.singh2716@gmail.com,9769122763,C217,Premium,09-12-2024,Email,Teacher,708729,married
CUS002717,Ananya,Patel,Female,57,ananya.patel2717@gmail.com,9396651608,C090,New,19-04-2024,Email,Engineer,2172625,married
CUS002718,Ananya,Singh,Female,60,ananya.singh2718@gmail.com,9767081945,C211,New,22-02-2024,Phone,Teacher,1500370,Married
CUS002719,Aarav,Sharma,MALE,60,aarav.sharma2719@gmail.com,9673574216,C149,Returning,18-02-2024,Phone,Engineer,976521,Married
CUS002720,Aarav,Singh,Male,32,,9385396239,C150,premium,05-06-2024,Email,Doctor,911203,Married
CUS002721,Rahul,Singh,male,57,rahul.singh2721@gmail.com,9834787036,C088,premium,21-07-2024,Phone,Doctor,2322805,married
CUS002722,Rahul,Iyer,male,29,rahul.iyer2722@gmail.com,9259991679,C122,premium,11-01-2024,Email,Business,2059345,Single
CUS002723,Priya,Reddy,FEMALE,30,priya.reddy2723@gmail.com,9400168261,C043,premium,25-10-2024,WhatsApp,Teacher,416754,Married
CUS002724,Ananya,Nair,male,65,ananya.nair2724@gmail.com,9197351578,C239,New,18-12-2024,Phone,Business,780933,married
CUS002725,Ananya,Singh,MALE,30,ananya.singh2725@gmail.com,9442905389,C168,New,08-12-2024,WhatsApp,Engineer,2785009,Single
CUS002726,Sneha,Reddy,male,42,sneha.reddy2726@gmail.com,9713638158,C147,premium,18-03-2024,Phone,Business,411789,Married
CUS002727,Aarav,Nair,Female,45,aarav.nair2727@gmail.com,9430222767,C098,Returning,15-04-2024,WhatsApp,Doctor,2995024,married
CUS002728,Priya,Reddy,male,50,priya.reddy2728@gmail.com,9224371209,C101,Returning,13-08-2024,Email,Business,902713,Married
CUS002729,Priya,Singh,MALE,25,priya.singh2729@gmail.com,9795985953,C209,New,18-01-2024,Phone,Business,1403055,Married
CUS002730, Sneha,Nair,MALE,62,sneha.nair2730@gmail.com,9927423891,C062,Returning,05-06-2024,WhatsApp,Business,975242,married
CUS002731,Ananya,Sharma,MALE,22,ananya.sharma2731@gmail.com,9703816626,C019,premium,20-08-2024,Email,Teacher,871754,Married
CUS002732,Rahul,Patel,male,30,rahul.patel2732@gmail.com,9862277858,C233,Returning,08-06-2024,Phone,Business,1001554,Married
CUS002733,Vikram,Iyer,MALE,46,vikram.iyer2733@gmail.com,9385643239,C098,Premium,09-01-2024,Email,Engineer,1220305,married
CUS002734,Priya,Patel,FEMALE,32,priya.patel2734@gmail.com,9605788579,C092,Premium,17-10-2024,WhatsApp,Teacher,1667255,married
CUS002735,Vikram,Iyer,FEMALE,33,vikram.iyer2735@gmail.com,9926798090,C005,Returning,12-04-2024,WhatsApp,Doctor,2556119,Single
CUS002736,Ananya,Sharma,FEMALE,23,ananya.sharma2736@gmail.com,9690196630,C141,premium,27-11-2024,Email,Doctor,670565,Married
CUS002737,Vikram,Sharma,FEMALE,50,vikram.sharma2737@gmail.com,9357944716,C053,premium,16-12-2024,Email,Teacher,2562249,Married
CUS002738,Rahul,Nair,Male,43,rahul.nair2738@gmail.com,9971894692,C185,premium,14-10-2024,WhatsApp,Business,1266516,Married
CUS002739,Ananya,Reddy,MALE,46,ananya.reddy2739@gmail.com,98 81444542,C032,New,11-01-2024,WhatsApp,Engineer,995359,married
CUS002740,Priya,Nair,Female,59,priya.nair2740@gmail.com,9436383104,C100,Returning,05-11-2024,WhatsApp,Doctor,1052676,married
CUS002741,Ananya,Reddy,Female,48,ananya.reddy2741@gmail.com,9160141348,C116,premium,24-01-2024,Phone,Teacher,2540598,Married
CUS002742,Vikram,Nair,male,29,vikram.nair2742@gmail.com,9473234582,C175,Returning,27-03-2024,WhatsApp,Business,1163584,Married
CUS002743,Aarav,Iyer,Female,64,aarav.iyer2743@gmail.com,9173491388,C058,Returning,11-07-2024,WhatsApp,Doctor,1726885,Married
CUS002744,Vikram,Nair,male,53,vikram.nair2744@gmail.com,9849702492,C191,Returning,06-10-2024,Email,Business,2459068,Married
CUS002745,Vikram,Sharma,Female,31,vikram.sharma2745@gmail.com,9912492667,C082,Returning,07-05-2024,Email,Doctor,1631520,Single
CUS002746,Aarav,Sharma,Female,33,aarav.sharma2746@gmail.com,9245280699,C234,New,01-03-2024,Phone,Doctor,2698939,married
CUS002747,Vikram,Patel,Male,31,vikram.patel2747@gmail.com,9110149733,C065,New,18-01-2024,WhatsApp,Teacher,2828636,married
CUS002748,Aarav,Patel,Female,47,aarav.patel2748@gmail.com,9181580397,C148,Returning,17-04-2024,WhatsApp,Business,2852060,Married
CUS002749,Priya,Iyer,Female,40,priya.iyer2749@gmail.com,9930846245,C166,Returning,26-09-2024,Phone,Business,917241,married
CUS002750,Ananya,Iyer,FEMALE,41,ananya.iyer2750@gmail.com,,C189,Premium,08-04-2024,Email,Doctor,1626484,Married
CUS002751,Sneha,Sharma,Male,30,sneha.sharma2751@gmail.com,9866498862,C026,Returning,03-12-2024,Email,Doctor,1507028,married
CUS002752,Rahul,Patel,male,47,rahul.patel2752@gmail.com,9747219406,C191,Premium,23-06-2024,Email,Doctor,1956342,Married
CUS002753,Priya,Patel,male,35,priya.patel2753@gmail.com,9516272534,C195,Premium,10-06-2024,Email,Teacher,1258902,Single
CUS002754,Rahul,Reddy,male,55,rahul.reddy2754@gmail.com,9635683292,C013,New,27-02-2024,Phone,Doctor,1501132,Single
CUS002755,Rahul,Iyer,MALE,53,rahul.iyer2755@gmail.com,9578241136,C027,New,10-10-2024,Email,Business,1573335,married
CUS002756,Rahul,Iyer,MALE,42,rahul.iyer2756@gmail.com,9562633157,C108,New,22-08-2024,Phone,Doctor,2707559,married
CUS002757,Vikram,Singh,Female,39,vikram.singh2757@gmail.com,9354510310,C022,premium,18-10-2024,WhatsApp,Doctor,2929448,Married
CUS002758,Priya,Nair,male,58,priya.nair2758@gmail.com,9177403109,C066,New,23-04-2024,Phone,Business,2798043,Married
CUS002759,Sneha,Singh,FEMALE,45,sneha.singh2759@gmail.com,9309308412,C044,Premium,27-02-2024,WhatsApp,Business,2541851,Single
CUS002760,Aarav,Iyer,male,60,,9334425017,C233,premium,09-10-2024,Email,,2276222,married
CUS002761,Vikram,Iyer,Female,27,vikram.iyer2761@gmail.com,9169177760,C018,Premium,12-04-2024,Phone,Engineer,564938,Single
CUS002762,Aarav,Singh,MALE,30,aarav.singh2762@gmail.com,9840282765,C087,Returning,19-03-2024,WhatsApp,Engineer,590333,Married
CUS002763,Priya,Iyer,Male,59,priya.iyer2763@gmail.com,9955118231,C050,New,10-04-2024,WhatsApp,Doctor,2672685,Single
CUS002764,Aarav,Nair,male,35,aarav.nair2764@gmail.com,9709176491,C064,New,14-01-2024,Email,Engineer,1116731,married
CUS002765,Aarav,Sharma,Female,39,aarav.sharma2765@gmail.com,9675298122,C139,premium,26-04-2024,Email,Business,1960902,Married
CUS002766,Rahul,Patel,FEMALE,27,rahul.patel2766@gmail.com,9762872402,C176,New,09-10-2024,WhatsApp,Business,1648212,Single
CUS002767,Rahul,Nair,Male,41,rahul.nair2767@gmail.com,9174905124,C052,New,22-11-2024,WhatsApp,Business,1616308,married
CUS002768,Vikram,Patel,Female,42,vikram.patel2768@gmail.com,9505941324,C211,Returning,17-09-2024,Email,Engineer,383562,Single
CUS002769,Sneha,Iyer,male,60,sneha.iyer2769@gmail.com,9979198008,C172,New,06-06-2024,Email,Doctor,1311525,married
CUS002770,Rahul,Iyer,MALE,61,rahul.iyer2770@gmail.com,9785563516,C068,New,11-10-2024,Phone,Doctor,422761,Married
CUS002771,Rahul,Reddy,Male,48,rahul.reddy2771@gmail.com,9407281024,C038,Returning,06-05-2024,Phone,Doctor,1721358,married
CUS002772,Sneha,Iyer,FEMALE,43,sneha.iyer2772@gmail.com,98 98239137,C084,premium,21-11-2024,Phone,Engineer,1535004,Single
CUS002773,Priya,Sharma,male,33,priya.sharma2773@gmail.com,9589208304,C161,premium,03-01-2024,WhatsApp,Engineer,2188250,Married
CUS002774,Rahul,Nair,FEMALE,52,rahul.nair2774@gmail.com,9420131650,C068,Premium,13-12-2024,Phone,Teacher,1321145,Single
CUS002775,Aarav,Singh,male,25,aarav.singh2775@gmail.com,9537947364,C112,premium,27-09-2024,WhatsApp,Engineer,520810,Married
CUS002776,Priya,Singh,male,37,priya.singh2776@gmail.com,9234796895,C115,premium,19-10-2024,WhatsApp,Doctor,378898,Married
CUS002777,Aarav,Nair,MALE,28,aarav.nair2777@gmail.com,9858538018,C072,Premium,16-01-2024,Phone,Doctor,1009900,Married
CUS002778,Vikram,Singh,male,65,vikram.singh2778@gmail.com,9503882850,C157,Premium,08-07-2024,WhatsApp,Business,1823450,Single
CUS002779,Aarav,Nair,Male,51,aarav.nair2779@gmail.com,9985375506,C125,Returning,20-12-2024,Email,Doctor,525775,Married
CUS002780,Sneha,Reddy,Male,53,sneha.reddy2780@gmail.com,9326266927,C145,Premium,25-03-2024,WhatsApp,Business,1464579,married
CUS002781,Aarav,Nair,Female,22,aarav.nair2781@gmail.com,9441430360,C242,Returning,09-09-2024,Email,Engineer,305640,Single
CUS002782,Vikram,Reddy,Male,62,vikram.reddy2782@gmail.com,9651589857,C139,premium,07-01-2024,Phone,Business,2503851,Married
CUS002783,Vikram,Sharma,FEMALE,40,vikram.sharma2783@gmail.com,9970953271,C150,Returning,17-05-2024,Email,Doctor,2742565,married
CUS002784,Vikram,Nair,MALE,30,vikram.nair2784@gmail.com,9307657923,C173,Returning,28-12-2024,Email,Business,2518432,Single
CUS002785,Ananya,Sharma,male,38,ananya.sharma2785@gmail.com,9725074358,C120,premium,21-04-2024,Email,Business,1294961,married
CUS002786,Sneha,Nair,FEMALE,54,sneha.nair2786@gmail.com,9319198318,C127,New,19-07-2024,Phone,Engineer,508299,Married
CUS002787,Vikram,Sharma,Male,42,vikram.sharma2787@gmail.com,9932932899,C103,Returning,25-10-2024,Email,Business,1032526,Married
CUS002788,Ananya,Iyer,Male,30,ananya.iyer2788@gmail.com,9425387006,C236,Premium,24-11-2024,WhatsApp,Engineer,2440463,Single
CUS002789,Priya,Nair,FEMALE,63,priya.nair2789@gmail.com,9157596357,C159,New,14-09-2024,WhatsApp,Business,900689,married
CUS002790,Sneha,Iyer,Female,59,sneha.iyer2790@gmail.com,9932563951,C141,New,24-08-2024,WhatsApp,Teacher,1145552,married
CUS002791,Vikram,Iyer,Female,63,vikram.iyer2791@gmail.com,9155006012,C017,New,04-09-2024,Email,Doctor,527958,Married
CUS002792,Sneha,Nair,Female,31,sneha.nair2792@gmail.com,9428383286,C126,premium,04-07-2024,Phone,Teacher,2351882,Single
CUS002793,Rahul,Nair,Male,41,rahul.nair2793@gmail.com,9269721088,C037,Premium,08-11-2024,WhatsApp,Engineer,2853545,Married
CUS002794,Priya,Nair,FEMALE,58,priya.nair2794@gmail.com,9191447547,C070,premium,06-06-2024,Phone,Doctor,2536496,Married
CUS002795,Ananya,Sharma,Male,33,ananya.sharma2795@gmail.com,9944487068,C147,Premium,05-01-2024,WhatsApp,Doctor,2992964,Married
CUS002796,Aarav,Iyer,male,52,aarav.iyer2796@gmail.com,9188344184,C188,New,05-09-2024,Phone,Doctor,2430296,Single
CUS002797,Rahul,Sharma,Female,34,rahul.sharma2797@gmail.com,9638910855,C061,Returning,10-12-2024,Email,Doctor,869439,Married
CUS002798,Vikram,Reddy,male,37,vikram.reddy2798@gmail.com,9436559840,C173,Returning,07-06-2024,WhatsApp,Doctor,1561437,Married
CUS002799,Aarav,Iyer,Female,32,aarav.iyer2799@gmail.com,9401986546,C190,premium,26-01-2024,Email,Engineer,2135710,Married
CUS002800, Priya,Iyer,FEMALE,51,,9198148386,C136,New,15-12-2024,Phone,Doctor,869933,Married
CUS002801,Aarav,Iyer,male,30,aarav.iyer2801@gmail.com,9590166263,C125,Premium,07-11-2024,Email,Teacher,1263266,Married
CUS002802,Priya,Reddy,Male,61,priya.reddy2802@gmail.com,9663607013,C216,premium,02-07-2024,WhatsApp,Business,1187064,Single
CUS002803,Priya,Iyer,MALE,43,priya.iyer2803@gmail.com,9112608177,C155,Returning,04-08-2024,WhatsApp,Business,2212071,married
CUS002804,Rahul,Sharma,FEMALE,39,rahul.sharma2804@gmail.com,9365688090,C142,Returning,14-03-2024,Phone,Engineer,2494698,Single
CUS002805,Priya,Reddy,MALE,62,priya.reddy2805@gmail.com,,C025,premium,05-06-2024,Email,Business,1948020,Married
CUS002806,Sneha,Singh,Male,57,sneha.singh2806@gmail.com,9300678193,C120,premium,08-04-2024,WhatsApp,Business,585684,married
CUS002807,Aarav,Iyer,male,26,aarav.iyer2807@gmail.com,9364151458,C116,New,20-10-2024,Phone,Teacher,413231,Single
CUS002808,Vikram,Patel,FEMALE,63,vikram.patel2808@gmail.com,9878750518,C159,premium,12-01-2024,WhatsApp,Teacher,2640871,Single
CUS002809,Aarav,Nair,Female,63,aarav.nair2809@gmail.com,9332842334,C044,Returning,01-01-2024,WhatsApp,Business,1895608,Single
CUS002810,Ananya,Sharma,Male,33,ananya.sharma2810@gmail.com,9715549128,C123,premium,25-05-2024,WhatsApp,Business,2276142,married
CUS002811,Rahul,Patel,FEMALE,55,rahul.patel2811@gmail.com,9935297822,C193,Premium,17-09-2024,Phone,Doctor,2851217,Married
CUS002812,Rahul,Iyer,MALE,36,rahul.iyer2812@gmail.com,9535707348,C089,Premium,22-01-2024,Email,Teacher,2346893,Single
CUS002813,Sneha,Patel,Male,44,sneha.patel2813@gmail.com,9402441491,C043,Premium,08-02-2024,Phone,Engineer,1635643,Single
CUS002814,Vikram,Sharma,Male,22,vikram.sharma2814@gmail.com,9688966346,C218,premium,24-11-2024,Email,Business,2651398,married
CUS002815,Priya,Nair,MALE,61,priya.nair2815@gmail.com,9101551543,C244,Premium,17-09-2024,Phone,Business,1761358,Married
CUS002816,Aarav,Iyer,FEMALE,63,aarav.iyer2816@gmail.com,9285173640,C234,Premium,06-04-2024,WhatsApp,Doctor,2724087,Married
CUS002817,Rahul,Reddy,Female,22,rahul.reddy2817@gmail.com,9961178239,C222,Premium,13-07-2024,Phone,Doctor,431753,Married
CUS002818,Priya,Iyer,male,55,priya.iyer2818@gmail.com,9895423820,C158,premium,12-09-2024,WhatsApp,Engineer,2355676,Married
CUS002819,Ananya,Nair,FEMALE,55,ananya.nair2819@gmail.com,9786448079,C117,Premium,14-07-2024,Email,Engineer,1792310,married
CUS002820,Sneha,Nair,MALE,55,sneha.nair2820@gmail.com,9408580326,C008,New,14-06-2024,WhatsApp,,2175406,Single
CUS002821,Sneha,Patel,MALE,22,sneha.patel2821@gmail.com,9675518730,C137,New,04-09-2024,Email,Teacher,2932235,married
CUS002822,Ananya,Reddy,male,27,ananya.reddy2822@gmail.com,9938631423,C047,New,25-03-2024,Phone,Teacher,1482021,Single
CUS002823,Vikram,Iyer,MALE,61,vikram.iyer2823@gmail.com,9843305718,C062,Returning,23-01-2024,Phone,Business,2954694,married
CUS002824,Aarav,Reddy,Male,40,aarav.reddy2824@gmail.com,9909486486,C063,Premium,14-01-2024,Phone,Doctor,2741468,married
CUS002825,Rahul,Patel,MALE,57,rahul.patel2825@gmail.com,9676145573,C026,premium,28-12-2024,Phone,Business,1963204,Single
CUS002826,Priya,Patel,MALE,44,priya.patel2826@gmail.com,9380132272,C024,premium,14-03-2024,WhatsApp,Doctor,2201341,married
CUS002827,Ananya,Iyer,FEMALE,34,ananya.iyer2827@gmail.com,9116784744,C085,Premium,05-12-2024,Phone,Business,1749933,Single
CUS002828,Aarav,Singh,Male,55,aarav.singh2828@gmail.com,9590920848,C199,New,25-09-2024,WhatsApp,Business,2477727,Married
CUS002829,Rahul,Nair,male,27,rahul.nair2829@gmail.com,9526886365,C107,New,14-02-2024,Phone,Teacher,741403,Single
CUS002830,Aarav,Reddy,male,26,aarav.reddy2830@gmail.com,9255766635,C089,Returning,25-06-2024,Phone,Business,740585,Married
CUS002831,Sneha,Sharma,MALE,23,sneha.sharma2831@gmail.com,9813323950,C183,Returning,22-12-2024,WhatsApp,Doctor,1885048,Married
CUS002832,Vikram,Nair,MALE,55,vikram.nair2832@gmail.com,9603866979,C224,premium,18-02-2024,Email,Engineer,310500,married
CUS002833,Priya,Iyer,Female,57,priya.iyer2833@gmail.com,9114265824,C104,premium,14-02-2024,Phone,Teacher,1051429,Single
CUS002834,Priya,Iyer,male,43,priya.iyer2834@gmail.com,9122473483,C136,Returning,12-05-2024,Phone,Teacher,992085,Single
CUS002835,Priya,Patel,FEMALE,35,priya.patel2835@gmail.com,9605245756,C003,premium,18-10-2024,Phone,Engineer,1895462,Married
CUS002836,Aarav,Patel,Male,23,aarav.patel2836@gmail.com,9604682266,C208,premium,05-07-2024,Email,Business,1590607,Married
CUS002837,Priya,Sharma,Male,65,priya.sharma2837@gmail.com,9423410136,C167,Premium,28-12-2024,Phone,Business,562482,Married
CUS002838,Priya,Sharma,male,57,priya.sharma2838@gmail.com,98 57730404,C011,Returning,25-06-2024,WhatsApp,Business,2757678,Single
CUS002839,Aarav,Reddy,male,59,aarav.reddy2839@gmail.com,9125978161,C069,New,14-11-2024,Phone,Doctor,1081952,Married
CUS002840,Sneha,Sharma,FEMALE,38,,9778671390,C237,premium,19-03-2024,Email,Teacher,2193577,Married
CUS002841,Ananya,Singh,MALE,38,ananya.singh2841@gmail.com,9132375018,C223,Returning,20-05-2024,Email,Engineer,1240376,married
CUS002842,Vikram,Singh,male,32,vikram.singh2842@gmail.com,9113870752,C029,premium,22-04-2024,Email,Teacher,310071,Single
CUS002843,Sneha,Patel,MALE,56,sneha.patel2843@gmail.com,9848245405,C183,premium,13-07-2024,WhatsApp,Teacher,1515262,Single
CUS002844,Priya,Singh,male,45,priya.singh2844@gmail.com,9783512960,C034,premium,17-03-2024,Phone,Teacher,911333,Married
CUS002845,Sneha,Nair,MALE,36,sneha.nair2845@gmail.com,9759306562,C180,Premium,14-05-2024,Phone,Doctor,983108,married
CUS002846,Priya,Patel,Male,56,priya.patel2846@gmail.com,9255075834,C029,Returning,07-06-2024,Phone,Engineer,350229,married
CUS002847,Ananya,Reddy,FEMALE,62,ananya.reddy2847@gmail.com,9170693295,C181,premium,13-01-2024,Phone,Teacher,995183,married
CUS002848,Aarav,Reddy,Female,54,aarav.reddy2848@gmail.com,9442427387,C168,premium,25-11-2024,Email,Engineer,2149448,Married
CUS002849,Priya,Patel,FEMALE,53,priya.patel2849@gmail.com,9365637943,C055,New,03-05-2024,Email,Doctor,2126018,Single
CUS002850,Priya,Iyer,FEMALE,28,priya.iyer2850@gmail.com,9121594583,C069,Premium,14-04-2024,Email,Engineer,2739266,Married
CUS002851,Rahul,Singh,Male,40,rahul.singh2851@gmail.com,9362546512,C219,Returning,07-07-2024,Email,Doctor,1881103,Single
CUS002852,Vikram,Singh,MALE,63,vikram.singh2852@gmail.com,9871587285,C112,New,06-09-2024,WhatsApp,Business,800057,Single
CUS002853,Priya,Patel,FEMALE,33,priya.patel2853@gmail.com,9632034612,C054,New,14-08-2024,Email,Engineer,2802362,married
CUS002854,Sneha,Sharma,Male,22,sneha.sharma2854@gmail.com,9539857997,C042,Returning,05-02-2024,WhatsApp,Teacher,735095,Single
CUS002855,Aarav,Patel,Female,46,aarav.patel2855@gmail.com,9748979278,C245,premium,19-12-2024,Phone,Teacher,772887,Married
CUS002856,Aarav,Iyer,Male,49,aarav.iyer2856@gmail.com,9479184431,C166,premium,28-12-2024,Email,Doctor,1743268,Single
CUS002857,Aarav,Singh,male,32,aarav.singh2857@gmail.com,9400011327,C187,New,17-12-2024,Email,Doctor,2127132,Single
CUS002858,Vikram,Nair,Female,60,vikram.nair2858@gmail.com,9779371345,C128,New,22-04-2024,WhatsApp,Doctor,780535,married
CUS002859,Aarav,Iyer,male,36,aarav.iyer2859@gmail.com,9300653715,C041,premium,03-07-2024,Email,Teacher,576249,Single
CUS002860,Ananya,Nair,Male,65,ananya.nair2860@gmail.com,,C224,premium,24-02-2024,WhatsApp,Teacher,1489346,Single
CUS002861,Priya,Patel,MALE,37,priya.patel2861@gmail.com,9813311892,C245,Returning,28-12-2024,WhatsApp,Business,825804,Married
CUS002862,Rahul,Reddy,FEMALE,23,rahul.reddy2862@gmail.com,9310500917,C102,premium,18-05-2024,Email,Business,1466680,Single
CUS002863,Rahul,Iyer,FEMALE,49,rahul.iyer2863@gmail.com,9886204962,C215,premium,01-03-2024,WhatsApp,Engineer,2428649,married
CUS002864,Sneha,Sharma,FEMALE,51,sneha.sharma2864@gmail.com,9542959514,C126,Premium,13-10-2024,WhatsApp,Doctor,2521135,Single
CUS002865,Rahul,Nair,Male,60,rahul.nair2865@gmail.com,9292665528,C153,Returning,01-08-2024,Email,Teacher,395520,Single
CUS002866,Sneha,Iyer,MALE,42,sneha.iyer2866@gmail.com,9929562364,C178,New,14-06-2024,Phone,Doctor,720981,Single
CUS002867,Priya,Patel,Male,38,priya.patel2867@gmail.com,9170834588,C027,New,23-02-2024,WhatsApp,Teacher,1465353,married
CUS002868,Aarav,Nair,Male,25,aarav.nair2868@gmail.com,9256706296,C162,Premium,17-02-2024,Phone,Teacher,584691,Single
CUS002869,Aarav,Singh,male,47,aarav.singh2869@gmail.com,9818608141,C063,New,23-02-2024,WhatsApp,Engineer,2971208,Married
CUS002870, Vikram,Patel,MALE,34,vikram.patel2870@gmail.com,9643253590,C138,New,23-05-2024,Phone,Business,1850132,Single
CUS002871,Priya,Singh,MALE,63,priya.singh2871@gmail.com,98 89442400,C091,Returning,05-04-2024,Email,Business,1595974,married
CUS002872,Ananya,Reddy,FEMALE,32,ananya.reddy2872@gmail.com,9580132255,C092,premium,09-11-2024,Phone,Doctor,637299,married
CUS002873,Aarav,Iyer,Female,59,aarav.iyer2873@gmail.com,9489065792,C046,premium,02-10-2024,WhatsApp,Teacher,1872789,Married
CUS002874,Rahul,Singh,MALE,40,rahul.singh2874@gmail.com,9161175316,C190,premium,13-06-2024,WhatsApp,Business,984853,Married
CUS002875,Vikram,Sharma,FEMALE,32,vikram.sharma2875@gmail.com,9107014311,C247,Premium,07-01-2024,Phone,Engineer,1680460,Married
CUS002876,Ananya,Reddy,male,56,ananya.reddy2876@gmail.com,9334361532,C198,Premium,28-07-2024,Email,Engineer,748880,married
CUS002877,Vikram,Reddy,Male,53,vikram.reddy2877@gmail.com,9281495498,C035,New,10-05-2024,Phone,Engineer,1095749,Married
CUS002878,Sneha,Reddy,FEMALE,36,sneha.reddy2878@gmail.com,9188571807,C173,New,06-01-2024,Phone,Engineer,829661,Single
CUS002879,Rahul,Iyer,Male,24,rahul.iyer2879@gmail.com,9647267317,C006,Premium,05-01-2024,WhatsApp,Teacher,1267771,Married
CUS002880,Ananya,Nair,FEMALE,41,,9270781376,C136,Premium,17-01-2024,WhatsApp,,2221081,Married
CUS002881,Rahul,Iyer,MALE,36,rahul.iyer2881@gmail.com,9155172883,C052,Returning,11-08-2024,Email,Teacher,948812,married
CUS002882,Rahul,Reddy,Female,58,rahul.reddy2882@gmail.com,9819926559,C011,Returning,26-07-2024,Email,Doctor,1023714,Married
CUS002883,Vikram,Iyer,Male,31,vikram.iyer2883@gmail.com,9559266716,C116,premium,05-10-2024,WhatsApp,Doctor,2284561,Married
CUS002884,Aarav,Nair,Female,49,aarav.nair2884@gmail.com,9301834737,C067,New,06-10-2024,Email,Engineer,1654474,married
CUS002885,Ananya,Nair,MALE,30,ananya.nair2885@gmail.com,9968343266,C240,premium,13-02-2024,Phone,Teacher,2251421,Married
CUS002886,Priya,Patel,Female,42,priya.patel2886@gmail.com,9482658870,C011,premium,11-09-2024,Email,Teacher,1026050,married
CUS002887,Sneha,Reddy,MALE,39,sneha.reddy2887@gmail.com,9275609053,C152,premium,26-02-2024,Email,Engineer,877557,married
CUS002888,Vikram,Sharma,MALE,44,vikram.sharma2888@gmail.com,9386998965,C096,New,10-08-2024,Phone,Doctor,2345746,Married
CUS002889,Rahul,Patel,FEMALE,51,rahul.patel2889@gmail.com,9804012982,C042,Premium,21-04-2024,Email,Teacher,893347,Single
CUS002890,Vikram,Nair,male,37,vikram.nair2890@gmail.com,9180883102,C193,New,07-06-2024,WhatsApp,Business,2811976,Married
CUS002891,Rahul,Singh,FEMALE,32,rahul.singh2891@gmail.com,9759335283,C201,premium,23-11-2024,Phone,Business,1959647,Married
CUS002892,Vikram,Singh,Female,60,vikram.singh2892@gmail.com,9384973351,C211,premium,07-12-2024,Phone,Teacher,890406,Single
CUS002893,Aarav,Reddy,Male,42,aarav.reddy2893@gmail.com,9308594319,C207,Premium,02-11-2024,Email,Doctor,2769363,Single
CUS002894,Aarav,Singh,Male,58,aarav.singh2894@gmail.com,9121812583,C085,Returning,25-11-2024,Phone,Engineer,2730264,Single
CUS002895,Rahul,Reddy,MALE,23,rahul.reddy2895@gmail.com,9330249651,C052,premium,22-06-2024,Phone,Doctor,2309692,Single
CUS002896,Priya,Reddy,male,23,priya.reddy2896@gmail.com,9194053472,C116,New,16-02-2024,Email,Doctor,2524820,Single
CUS002897,Aarav,Reddy,FEMALE,27,aarav.reddy2897@gmail.com,9712778556,C024,premium,25-07-2024,WhatsApp,Doctor,1247177,married
CUS002898,Ananya,Reddy,Male,29,ananya.reddy2898@gmail.com,9929286024,C091,New,22-12-2024,Phone,Doctor,2933599,married
CUS002899,Aarav,Singh,Male,33,aarav.singh2899@gmail.com,9604953271,C216,premium,08-02-2024,Email,Teacher,2591927,Married
CUS002900,Vikram,Patel,MALE,25,vikram.patel2900@gmail.com,9118119492,C069,Returning,15-03-2024,Email,Business,428284,Single
CUS002901,Priya,Patel,MALE,24,priya.patel2901@gmail.com,9731768477,C108,Returning,02-12-2024,Email,Teacher,2309243,Single
CUS002902,Aarav,Nair,MALE,46,aarav.nair2902@gmail.com,9961242464,C182,premium,14-09-2024,Phone,Engineer,356828,married
CUS002903,Ananya,Patel,Female,53,ananya.patel2903@gmail.com,9359762824,C207,premium,08-08-2024,WhatsApp,Business,1739517,Married
CUS002904,Aarav,Nair,Female,29,aarav.nair2904@gmail.com,98 53579791,C160,New,08-03-2024,Email,Engineer,577708,married
CUS002905,Ananya,Singh,FEMALE,58,ananya.singh2905@gmail.com,9190807456,C021,New,04-02-2024,Phone,Engineer,2635103,married
CUS002906,Sneha,Iyer,male,24,sneha.iyer2906@gmail.com,9304871557,C121,Returning,13-02-2024,Phone,Business,2096397,Married
CUS002907,Rahul,Patel,Female,27,rahul.patel2907@gmail.com,9222582608,C230,premium,28-04-2024,WhatsApp,Doctor,357225,Married
CUS002908,Sneha,Patel,male,27,sneha.patel2908@gmail.com,9881050592,C063,Premium,02-11-2024,WhatsApp,Teacher,2095482,married
CUS002909,Rahul,Singh,FEMALE,37,rahul.singh2909@gmail.com,9270028745,C075,Returning,17-12-2024,WhatsApp,Engineer,854721,Single
CUS002910,Sneha,Patel,FEMALE,61,sneha.patel2910@gmail.com,9442617729,C193,premium,07-05-2024,Phone,Teacher,757211,Married
CUS002911,Vikram,Reddy,Male,52,vikram.reddy2911@gmail.com,9632859793,C188,Premium,26-07-2024,Phone,Engineer,1895265,married
CUS002912,Ananya,Patel,Male,27,ananya.patel2912@gmail.com,9527931776,C057,premium,04-05-2024,WhatsApp,Doctor,1800542,Married
CUS002913,Vikram,Singh,male,42,vikram.singh2913@gmail.com,9752477958,C153,premium,20-07-2024,WhatsApp,Doctor,1800674,Married
CUS002914,Aarav,Reddy,male,39,aarav.reddy2914@gmail.com,9546051833,C237,Premium,24-09-2024,Email,Teacher,439140,married
CUS002915,Vikram,Iyer,Female,49,vikram.iyer2915@gmail.com,,C054,New,22-10-2024,WhatsApp,Doctor,1504336,married
CUS002916,Vikram,Nair,MALE,65,vikram.nair2916@gmail.com,9802554056,C101,Returning,22-05-2024,Phone,Doctor,2387900,married
CUS002917,Vikram,Reddy,FEMALE,49,vikram.reddy2917@gmail.com,9116633882,C173,New,11-12-2024,Phone,Business,2335458,Single
CUS002918,Vikram,Reddy,male,34,vikram.reddy2918@gmail.com,9234303181,C108,premium,11-10-2024,Email,Business,2380307,Single
CUS002919,Sneha,Sharma,MALE,27,sneha.sharma2919@gmail.com,9808723978,C077,Returning,23-09-2024,WhatsApp,Business,2218379,Single
CUS002920,Vikram,Patel,Female,60,,9397925978,C076,Returning,04-01-2024,WhatsApp,Doctor,816636,Married
CUS002921,Rahul,Reddy,Female,42,rahul.reddy2921@gmail.com,9891897045,C178,premium,15-05-2024,Email,Teacher,1625431,married
CUS002922,Aarav,Singh,Female,60,aarav.singh2922@gmail.com,9258262241,C019,premium,26-11-2024,WhatsApp,Business,2192812,Single
CUS002923,Sneha,Sharma,MALE,43,sneha.sharma2923@gmail.com,9370945943,C232,Returning,13-09-2024,Email,Engineer,1039797,Single
CUS002924,Priya,Singh,Female,40,priya.singh2924@gmail.com,9191738104,C250,Premium,23-06-2024,Phone,Business,1996157,married
CUS002925,Aarav,Patel,Male,45,aarav.patel2925@gmail.com,9363574073,C070,premium,11-09-2024,Email,Doctor,2688617,Single
CUS002926,Sneha,Iyer,male,60,sneha.iyer2926@gmail.com,9860636856,C238,New,19-09-2024,Email,Teacher,352079,Married
CUS002927,Ananya,Singh,FEMALE,53,ananya.singh2927@gmail.com,9465911655,C177,Premium,25-01-2024,WhatsApp,Teacher,1653583,Single
CUS002928,Rahul,Reddy,MALE,37,rahul.reddy2928@gmail.com,9877082362,C095,Premium,04-01-2024,Email,Business,2699323,Single
CUS002929,Aarav,Patel,male,53,aarav.patel2929@gmail.com,9157847530,C064,Returning,25-09-2024,Phone,Teacher,2158542,married
CUS002930,Ananya,Sharma,FEMALE,49,ananya.sharma2930@gmail.com,9199585233,C044,Premium,18-08-2024,Email,Doctor,1383678,Single
CUS002931,Ananya,Reddy,male,59,ananya.reddy2931@gmail.com,9230627772,C118,New,07-12-2024,Email,Teacher,1103011,married
CUS002932,Vikram,Reddy,Female,24,vikram.reddy2932@gmail.com,9907323195,C061,Returning,13-09-2024,WhatsApp,Teacher,2554511,Married
CUS002933,Ananya,Singh,Female,25,ananya.singh2933@gmail.com,9469078384,C047,New,11-06-2024,WhatsApp,Business,1439717,Married
CUS002934,Rahul,Nair,Male,55,rahul.nair2934@gmail.com,9395527435,C102,Premium,22-03-2024,Email,Teacher,2538722,Single
CUS002935,Priya,Patel,Female,50,priya.patel2935@gmail.com,9293531044,C118,Premium,14-12-2024,Email,Engineer,883572,married
CUS002936,Vikram,Singh,male,41,vikram.singh2936@gmail.com,9868142856,C005,Premium,09-12-2024,WhatsApp,Doctor,398910,Single
CUS002937,Ananya,Reddy,FEMALE,26,ananya.reddy2937@gmail.com,98 81600547,C215,premium,17-03-2024,Email,Engineer,481364,married
CUS002938,Ananya,Nair,Female,58,ananya.nair2938@gmail.com,9217506722,C168,New,25-09-2024,WhatsApp,Teacher,1482637,Single
CUS002939,Priya,Sharma,Male,63,priya.sharma2939@gmail.com,9616979714,C023,Premium,09-03-2024,Phone,Business,370837,Single
CUS002940, Priya,Patel,Female,22,priya.patel2940@gmail.com,9834850023,C177,Premium,20-03-2024,Phone,,2005981,Married
CUS002941,Priya,Iyer,MALE,25,priya.iyer2941@gmail.com,9528824054,C247,New,07-10-2024,Email,Business,836003,married
CUS002942,Aarav,Reddy,Female,60,aarav.reddy2942@gmail.com,9604187028,C171,premium,24-08-2024,WhatsApp,Doctor,2019747,Single
CUS002943,Vikram,Sharma,FEMALE,55,vikram.sharma2943@gmail.com,9836053439,C142,Premium,06-03-2024,Email,Business,1724555,Married
CUS002944,Aarav,Sharma,male,22,aarav.sharma2944@gmail.com,9290979781,C150,premium,08-07-2024,Email,Business,1648061,Single
CUS002945,Vikram,Nair,MALE,63,vikram.nair2945@gmail.com,9680398052,C218,premium,19-07-2024,Phone,Doctor,2114440,married
CUS002946,Ananya,Singh,MALE,46,ananya.singh2946@gmail.com,9515476031,C089,Premium,22-12-2024,Email,Doctor,2339884,Single
CUS002947,Vikram,Singh,male,54,vikram.singh2947@gmail.com,9445078637,C250,premium,20-04-2024,WhatsApp,Business,950915,Married
CUS002948,Ananya,Sharma,male,61,ananya.sharma2948@gmail.com,9973575396,C200,Premium,26-07-2024,Email,Doctor,2179637,Single
CUS002949,Sneha,Reddy,FEMALE,28,sneha.reddy2949@gmail.com,9294392153,C032,Premium,19-05-2024,Email,Teacher,1108584,Single
CUS002950,Priya,Reddy,MALE,23,priya.reddy2950@gmail.com,9805448181,C204,Returning,06-06-2024,Phone,Teacher,840606,Married
CUS002951,Priya,Nair,Male,37,priya.nair2951@gmail.com,9122109713,C003,Returning,19-07-2024,Email,Engineer,569040,Married
CUS002952,Vikram,Sharma,Female,33,vikram.sharma2952@gmail.com,9371149102,C005,premium,27-03-2024,Phone,Doctor,1833717,Single
CUS002953,Sneha,Iyer,Male,43,sneha.iyer2953@gmail.com,9127528621,C173,New,24-11-2024,WhatsApp,Teacher,2492267,Married
CUS002954,Ananya,Reddy,MALE,51,ananya.reddy2954@gmail.com,9320273437,C118,premium,25-02-2024,WhatsApp,Engineer,301311,married
CUS002955,Sneha,Nair,FEMALE,62,sneha.nair2955@gmail.com,9726983643,C191,Returning,21-02-2024,Email,Doctor,1969846,Married
CUS002956,Ananya,Reddy,FEMALE,32,ananya.reddy2956@gmail.com,9721929581,C074,premium,13-07-2024,WhatsApp,Business,1059888,Single
CUS002957,Aarav,Singh,FEMALE,47,aarav.singh2957@gmail.com,9245800815,C130,Returning,26-02-2024,WhatsApp,Business,1600477,married
CUS002958,Sneha,Patel,male,34,sneha.patel2958@gmail.com,9998956798,C065,premium,17-07-2024,WhatsApp,Business,347078,married
CUS002959,Rahul,Sharma,Male,64,rahul.sharma2959@gmail.com,9733178167,C195,Returning,07-04-2024,Email,Engineer,1685590,married
CUS002960,Priya,Iyer,Female,45,,9426760769,C183,New,11-06-2024,Email,Engineer,1153721,married
CUS002961,Priya,Nair,Female,38,priya.nair2961@gmail.com,9474353856,C065,premium,21-09-2024,Email,Teacher,2125981,Married
CUS002962,Vikram,Singh,male,61,vikram.singh2962@gmail.com,9845567040,C247,Returning,08-02-2024,Email,Doctor,963736,Married
CUS002963,Ananya,Iyer,Male,32,ananya.iyer2963@gmail.com,9975418584,C059,Premium,04-02-2024,WhatsApp,Doctor,768812,Single
CUS002964,Aarav,Patel,MALE,57,aarav.patel2964@gmail.com,9864781124,C164,premium,14-05-2024,Phone,Teacher,2727985,Single
CUS002965,Ananya,Sharma,Female,61,ananya.sharma2965@gmail.com,9820093567,C245,Premium,28-03-2024,Email,Business,348780,Single
CUS002966,Sneha,Patel,Male,43,sneha.patel2966@gmail.com,9426427610,C132,New,02-12-2024,Phone,Teacher,2599963,married
CUS002967,Ananya,Iyer,FEMALE,37,ananya.iyer2967@gmail.com,9695023117,C197,Returning,07-09-2024,Phone,Doctor,869728,married
CUS002968,Vikram,Nair,MALE,41,vikram.nair2968@gmail.com,9121438578,C207,Premium,25-09-2024,Phone,Doctor,934688,Married
CUS002969,Vikram,Reddy,Male,51,vikram.reddy2969@gmail.com,9662098420,C089,Returning,07-04-2024,Email,Business,1174840,married
CUS002970,Vikram,Singh,male,63,vikram.singh2970@gmail.com,,C139,New,05-12-2024,WhatsApp,Business,2354381,Married
CUS002971,Aarav,Reddy,FEMALE,56,aarav.reddy2971@gmail.com,9239122037,C150,Premium,18-03-2024,Email,Doctor,1093993,Married
CUS002972,Vikram,Singh,male,65,vikram.singh2972@gmail.com,9805516952,C171,New,13-02-2024,WhatsApp,Doctor,2858262,Single
CUS002973,Rahul,Sharma,Male,30,rahul.sharma2973@gmail.com,9238053991,C086,Premium,22-02-2024,Phone,Business,1753075,Single
CUS002974,Ananya,Iyer,male,63,ananya.iyer2974@gmail.com,9242398496,C198,New,02-09-2024,WhatsApp,Engineer,499901,Single
CUS002975,Priya,Singh,Female,55,priya.singh2975@gmail.com,9681047951,C083,Returning,18-08-2024,Phone,Engineer,2914381,Married
CUS002976,Priya,Patel,Female,49,priya.patel2976@gmail.com,9832462511,C080,Premium,19-01-2024,Phone,Doctor,1689942,Single
CUS002977,Priya,Iyer,Male,23,priya.iyer2977@gmail.com,9391840824,C104,Returning,17-03-2024,Phone,Business,2340824,Married
CUS002978,Aarav,Reddy,Female,27,aarav.reddy2978@gmail.com,9389782373,C001,New,07-10-2024,Phone,Doctor,2743183,Married
CUS002979,Ananya,Singh,Female,60,ananya.singh2979@gmail.com,9576624885,C140,New,08-01-2024,Email,Business,1910755,Single
CUS002980,Aarav,Patel,MALE,47,aarav.patel2980@gmail.com,9514011198,C139,Returning,19-03-2024,Email,Engineer,2632854,Single
CUS002981,Aarav,Singh,Male,50,aarav.singh2981@gmail.com,9304271744,C070,Premium,05-05-2024,WhatsApp,Business,2342506,Married
CUS002982,Aarav,Sharma,Male,43,aarav.sharma2982@gmail.com,9166161141,C025,New,16-03-2024,Email,Doctor,1674444,Single
CUS002983,Rahul,Singh,Male,31,rahul.singh2983@gmail.com,9150214206,C175,premium,22-11-2024,Email,Business,2561074,Single
CUS002984,Sneha,Patel,male,25,sneha.patel2984@gmail.com,9710929327,C145,premium,07-08-2024,WhatsApp,Engineer,981137,Married
CUS002985,Ananya,Singh,Male,57,ananya.singh2985@gmail.com,9239667487,C168,Premium,13-09-2024,Phone,Teacher,2659281,Single
CUS002986,Rahul,Nair,FEMALE,56,rahul.nair2986@gmail.com,9194622979,C158,New,11-10-2024,Email,Doctor,2969635,Married
CUS002987,Priya,Singh,MALE,65,priya.singh2987@gmail.com,9185034915,C213,Premium,13-02-2024,Phone,Business,2633454,married
CUS002988,Aarav,Nair,FEMALE,42,aarav.nair2988@gmail.com,9570598026,C076,Returning,03-12-2024,Phone,Doctor,1922184,Single
CUS002989,Vikram,Nair,Female,62,vikram.nair2989@gmail.com,9698901614,C239,premium,02-08-2024,Email,Teacher,2614366,Single
CUS002990,Vikram,Singh,male,29,vikram.singh2990@gmail.com,9438836338,C158,New,06-11-2024,Email,Engineer,1612872,Single
CUS002991,Sneha,Iyer,MALE,62,sneha.iyer2991@gmail.com,9638978547,C051,New,14-10-2024,Phone,Engineer,2771486,married
CUS002992,Priya,Singh,male,61,priya.singh2992@gmail.com,9373158444,C132,Premium,09-10-2024,Email,Business,562985,Single
CUS002993,Aarav,Singh,MALE,38,aarav.singh2993@gmail.com,9493208522,C119,premium,24-09-2024,Phone,Engineer,787450,married
CUS002994,Ananya,Nair,Male,45,ananya.nair2994@gmail.com,9126010181,C212,New,10-02-2024,Email,Doctor,2345678,married
CUS002995,Sneha,Sharma,MALE,45,sneha.sharma2995@gmail.com,9858414842,C179,Returning,14-10-2024,Email,Doctor,1678691,married
CUS002996,Sneha,Sharma,MALE,56,sneha.sharma2996@gmail.com,9878945326,C045,premium,05-10-2024,Email,Teacher,2281081,Single
CUS002997,Aarav,Sharma,MALE,22,aarav.sharma2997@gmail.com,9449892991,C036,New,04-07-2024,Email,Teacher,914433,Married
CUS002998,Vikram,Nair,Female,56,vikram.nair2998@gmail.com,9876582085,C156,Premium,03-02-2024,Email,Engineer,1882730,Single
CUS002999,Aarav,Iyer,Male,35,aarav.iyer2999@gmail.com,9247794761,C238,Premium,25-11-2024,Phone,Business,2557807,Married
CUS003000,Ananya,Iyer,FEMALE,28,,9805273418,C222,premium,07-04-2024,Email,,2633191,Married
CUS003001,Ananya,Sharma,FEMALE,50,ananya.sharma3001@gmail.com,9444562922,C015,Returning,21-07-2024,WhatsApp,Teacher,1814552,Married
CUS003002,Sneha,Patel,Male,63,sneha.patel3002@gmail.com,9228542954,C047,Returning,01-06-2024,Email,Engineer,2760907,married
CUS003003,Vikram,Iyer,FEMALE,34,vikram.iyer3003@gmail.com,98 89380328,C236,premium,22-04-2024,Email,Engineer,1358651,Married
CUS003004,Aarav,Singh,FEMALE,56,aarav.singh3004@gmail.com,9199086914,C041,premium,25-03-2024,Phone,Doctor,774375,Single
CUS003005,Aarav,Nair,MALE,63,aarav.nair3005@gmail.com,9407265442,C222,Premium,02-08-2024,Phone,Doctor,784074,Single
CUS003006,Rahul,Iyer,FEMALE,58,rahul.iyer3006@gmail.com,9233027901,C075,New,16-01-2024,Phone,Engineer,2418338,Single
CUS003007,Ananya,Sharma,male,34,ananya.sharma3007@gmail.com,9247160767,C014,New,17-02-2024,WhatsApp,Teacher,695433,Married
CUS003008,Priya,Singh,MALE,24,priya.singh3008@gmail.com,9895738354,C156,Premium,05-05-2024,Email,Business,2643738,married
CUS003009,Sneha,Nair,FEMALE,52,sneha.nair3009@gmail.com,9654514598,C226,New,14-10-2024,Phone,Business,1885475,Single
CUS003010, Ananya,Patel,male,53,ananya.patel3010@gmail.com,9690539199,C024,Premium,20-10-2024,Phone,Doctor,1281623,married
CUS003011,Priya,Sharma,MALE,40,priya.sharma3011@gmail.com,9896383013,C237,Returning,25-11-2024,Phone,Teacher,1200314,married
CUS003012,Ananya,Sharma,male,22,ananya.sharma3012@gmail.com,9583567815,C118,Premium,01-02-2024,WhatsApp,Business,1041828,Single
CUS003013,Ananya,Singh,Male,53,ananya.singh3013@gmail.com,9508309602,C029,Premium,17-10-2024,Email,Engineer,1044605,married
CUS003014,Sneha,Iyer,Female,24,sneha.iyer3014@gmail.com,9589088980,C226,premium,13-09-2024,Phone,Doctor,1383058,Married
CUS003015,Sneha,Iyer,male,46,sneha.iyer3015@gmail.com,9180665541,C015,premium,27-07-2024,Phone,Doctor,439594,Married
CUS003016,Rahul,Sharma,MALE,26,rahul.sharma3016@gmail.com,9373323899,C136,premium,19-06-2024,WhatsApp,Engineer,403501,Married
CUS003017,Vikram,Singh,male,46,vikram.singh3017@gmail.com,9660262838,C182,New,25-09-2024,Phone,Engineer,652869,married
CUS003018,Aarav,Singh,male,28,aarav.singh3018@gmail.com,9470782730,C086,New,06-07-2024,Email,Teacher,1000900,Married
CUS003019,Vikram,Reddy,male,40,vikram.reddy3019@gmail.com,9678254964,C114,Premium,27-05-2024,Phone,Business,1748071,married
CUS003020,Priya,Sharma,Male,60,priya.sharma3020@gmail.com,9282402536,C008,Returning,10-11-2024,WhatsApp,Engineer,2848554,married
CUS003021,Aarav,Patel,Male,29,aarav.patel3021@gmail.com,9798417648,C125,Premium,19-05-2024,Phone,Engineer,674151,married
CUS003022,Rahul,Nair,male,28,rahul.nair3022@gmail.com,9438390277,C218,New,09-03-2024,WhatsApp,Business,841703,Single
CUS003023,Priya,Patel,MALE,42,priya.patel3023@gmail.com,9751037560,C208,Returning,25-07-2024,WhatsApp,Business,2381240,Single
CUS003024,Priya,Sharma,MALE,59,priya.sharma3024@gmail.com,9920978177,C045,New,01-05-2024,Email,Business,2866155,Married
CUS003025,Ananya,Iyer,FEMALE,46,ananya.iyer3025@gmail.com,,C010,New,10-09-2024,WhatsApp,Engineer,542103,married
CUS003026,Ananya,Sharma,FEMALE,56,ananya.sharma3026@gmail.com,9756792488,C027,Premium,02-09-2024,Phone,Teacher,2886407,Married
CUS003027,Priya,Iyer,FEMALE,22,priya.iyer3027@gmail.com,9313989513,C048,New,05-03-2024,Phone,Engineer,943189,married
CUS003028,Sneha,Nair,Male,55,sneha.nair3028@gmail.com,9100225385,C052,Returning,09-07-2024,WhatsApp,Teacher,2501252,Married
CUS003029,Rahul,Iyer,FEMALE,36,rahul.iyer3029@gmail.com,9227261225,C185,premium,20-08-2024,WhatsApp,Teacher,1406326,married
CUS003030,Vikram,Reddy,Male,60,vikram.reddy3030@gmail.com,9311247848,C206,Returning,13-03-2024,WhatsApp,Teacher,2815800,married
CUS003031,Sneha,Sharma,Male,23,sneha.sharma3031@gmail.com,9409917647,C211,Returning,19-07-2024,Phone,Engineer,1715905,Married
CUS003032,Rahul,Reddy,male,32,rahul.reddy3032@gmail.com,9917904345,C012,Premium,12-03-2024,Email,Teacher,1450804,married
CUS003033,Rahul,Singh,MALE,40,rahul.singh3033@gmail.com,9735330464,C106,Returning,02-06-2024,Phone,Doctor,789975,married
CUS003034,Rahul,Iyer,FEMALE,23,rahul.iyer3034@gmail.com,9649026442,C008,premium,03-08-2024,Phone,Business,2598700,Married
CUS003035,Rahul,Reddy,Male,45,rahul.reddy3035@gmail.com,9842838889,C076,Returning,20-02-2024,Email,Engineer,1106881,Single
CUS003036,Aarav,Singh,MALE,40,aarav.singh3036@gmail.com,98 73197490,C084,Returning,10-01-2024,WhatsApp,Business,2727290,Single
CUS003037,Ananya,Iyer,Female,64,ananya.iyer3037@gmail.com,9142031792,C149,New,09-06-2024,WhatsApp,Doctor,1197024,Married
CUS003038,Priya,Singh,MALE,36,priya.singh3038@gmail.com,9278012411,C008,Returning,17-03-2024,WhatsApp,Doctor,450640,married
CUS003039,Rahul,Patel,FEMALE,39,rahul.patel3039@gmail.com,9920295290,C188,Premium,15-12-2024,Phone,Engineer,1456291,Married
CUS003040,Priya,Iyer,Female,40,,9641876070,C128,New,20-09-2024,Email,Business,1311476,married
CUS003041,Rahul,Reddy,MALE,46,rahul.reddy3041@gmail.com,9279667651,C186,premium,23-05-2024,Email,Engineer,2746365,Married
CUS003042,Priya,Patel,Female,26,priya.patel3042@gmail.com,9125566554,C058,New,27-06-2024,Phone,Teacher,1850362,Married
CUS003043,Vikram,Nair,male,32,vikram.nair3043@gmail.com,9808728683,C240,Premium,21-02-2024,Phone,Engineer,1692940,Single
CUS003044,Aarav,Reddy,male,29,aarav.reddy3044@gmail.com,9365407222,C089,premium,09-10-2024,Email,Engineer,2735209,Married
CUS003045,Sneha,Patel,Male,23,sneha.patel3045@gmail.com,9143215732,C210,premium,28-08-2024,Phone,Business,1834067,Married
CUS003046,Priya,Patel,MALE,63,priya.patel3046@gmail.com,9462816038,C193,Returning,01-02-2024,WhatsApp,Teacher,1808709,Single
CUS003047,Aarav,Iyer,Male,24,aarav.iyer3047@gmail.com,9399124049,C122,New,07-04-2024,WhatsApp,Business,1650949,married
CUS003048,Rahul,Patel,FEMALE,50,rahul.patel3048@gmail.com,9712686644,C069,New,26-06-2024,Phone,Engineer,823124,Married
CUS003049,Aarav,Patel,Female,36,aarav.patel3049@gmail.com,9941531251,C091,New,28-10-2024,Phone,Doctor,1503483,Married
CUS003050,Aarav,Iyer,Female,65,aarav.iyer3050@gmail.com,9600675864,C180,New,14-10-2024,Phone,Business,1890198,Married
CUS003051,Priya,Sharma,Female,37,priya.sharma3051@gmail.com,9594919981,C057,Returning,22-12-2024,Phone,Business,851966,Single
CUS003052,Vikram,Patel,Male,35,vikram.patel3052@gmail.com,9259224289,C130,New,13-07-2024,Phone,Doctor,1876839,married
CUS003053,Vikram,Sharma,MALE,49,vikram.sharma3053@gmail.com,9689737128,C205,Returning,04-08-2024,Phone,Doctor,2687048,Single
CUS003054,Priya,Reddy,FEMALE,39,priya.reddy3054@gmail.com,9546971355,C191,New,04-08-2024,WhatsApp,Teacher,2713202,Single
CUS003055,Sneha,Nair,FEMALE,31,sneha.nair3055@gmail.com,9709168401,C163,premium,10-08-2024,Email,Business,601094,Married
CUS003056,Aarav,Reddy,FEMALE,46,aarav.reddy3056@gmail.com,9780478599,C065,New,17-10-2024,WhatsApp,Teacher,842936,Married
CUS003057,Ananya,Nair,FEMALE,47,ananya.nair3057@gmail.com,9672759762,C243,New,25-09-2024,Email,Doctor,817436,Married
CUS003058,Priya,Nair,FEMALE,57,priya.nair3058@gmail.com,9984757679,C063,Premium,14-08-2024,WhatsApp,Business,1596063,married
CUS003059,Aarav,Sharma,Male,65,aarav.sharma3059@gmail.com,9197472307,C182,premium,20-05-2024,Email,Engineer,1158014,Single
CUS003060,Rahul,Sharma,Female,60,rahul.sharma3060@gmail.com,9525946273,C199,Returning,27-06-2024,Email,,1920444,Married
CUS003061,Sneha,Nair,Male,24,sneha.nair3061@gmail.com,9855224483,C167,Premium,09-11-2024,Email,Engineer,2007740,married
CUS003062,Aarav,Reddy,FEMALE,23,aarav.reddy3062@gmail.com,9263092656,C217,premium,25-01-2024,Phone,Teacher,968490,Married
CUS003063,Aarav,Singh,male,64,aarav.singh3063@gmail.com,9479161207,C143,Premium,24-10-2024,WhatsApp,Engineer,2388930,Married
CUS003064,Priya,Nair,FEMALE,63,priya.nair3064@gmail.com,9738607769,C200,Premium,01-02-2024,Phone,Engineer,1166382,Single
CUS003065,Sneha,Nair,Male,52,sneha.nair3065@gmail.com,9452546635,C184,Returning,05-03-2024,WhatsApp,Teacher,1755663,Single
CUS003066,Vikram,Nair,Female,43,vikram.nair3066@gmail.com,9517006596,C128,Returning,16-08-2024,Email,Engineer,2772003,married
CUS003067,Priya,Nair,Female,32,priya.nair3067@gmail.com,9755000794,C027,Returning,15-10-2024,Phone,Doctor,1652613,Married
CUS003068,Ananya,Patel,Male,56,ananya.patel3068@gmail.com,9650478729,C121,Premium,03-09-2024,Email,Doctor,2178811,married
CUS003069,Sneha,Reddy,FEMALE,60,sneha.reddy3069@gmail.com,98 68754360,C081,Returning,12-08-2024,WhatsApp,Doctor,791314,Single
CUS003070,Rahul,Patel,FEMALE,30,rahul.patel3070@gmail.com,9166453913,C146,premium,12-01-2024,Phone,Teacher,2348939,married
CUS003071,Priya,Sharma,male,38,priya.sharma3071@gmail.com,9686555994,C003,Returning,05-03-2024,WhatsApp,Teacher,2175908,Single
CUS003072,Priya,Singh,Male,62,priya.singh3072@gmail.com,9207920307,C133,Returning,14-05-2024,WhatsApp,Doctor,1109937,Single
CUS003073,Priya,Sharma,male,55,priya.sharma3073@gmail.com,9700350940,C196,Premium,06-06-2024,Email,Teacher,1631418,Married
CUS003074,Vikram,Patel,Male,26,vikram.patel3074@gmail.com,9109292433,C075,New,08-04-2024,Phone,Engineer,2354688,married
CUS003075,Vikram,Nair,MALE,22,vikram.nair3075@gmail.com,9153920085,C222,Returning,07-10-2024,Phone,Engineer,2804317,Single
CUS003076,Priya,Singh,Female,23,priya.singh3076@gmail.com,9683267394,C048,New,01-10-2024,WhatsApp,Doctor,2445993,Married
CUS003077,Sneha,Patel,Male,56,sneha.patel3077@gmail.com,9564316772,C073,premium,06-08-2024,Phone,Teacher,2642567,Single
CUS003078,Vikram,Nair,FEMALE,43,vikram.nair3078@gmail.com,9606541765,C223,Premium,01-02-2024,Phone,Engineer,1759134,Married
CUS003079,Priya,Iyer,male,62,priya.iyer3079@gmail.com,9172564326,C178,New,28-07-2024,Phone,Teacher,2324993,Married
CUS003080, Priya,Singh,MALE,62,,,C249,Premium,13-04-2024,Phone,Teacher,2380183,Married
CUS003081,Sneha,Iyer,FEMALE,65,sneha.iyer3081@gmail.com,9582495481,C236,New,16-03-2024,WhatsApp,Doctor,1029876,Single
CUS003082,Sneha,Singh,MALE,38,sneha.singh3082@gmail.com,9290814180,C020,Premium,11-04-2024,Email,Teacher,2811683,Single
CUS003083,Rahul,Iyer,male,30,rahul.iyer3083@gmail.com,9414331769,C188,New,27-05-2024,Email,Engineer,776534,Single
CUS003084,Priya,Reddy,MALE,59,priya.reddy3084@gmail.com,9880599739,C053,Premium,11-12-2024,WhatsApp,Doctor,1723976,Single
CUS003085,Ananya,Iyer,MALE,55,ananya.iyer3085@gmail.com,9423845440,C020,New,21-01-2024,WhatsApp,Engineer,2686556,Married
CUS003086,Rahul,Singh,MALE,36,rahul.singh3086@gmail.com,9518049422,C131,premium,03-09-2024,WhatsApp,Engineer,2071090,Married
CUS003087,Rahul,Iyer,FEMALE,57,rahul.iyer3087@gmail.com,9700517364,C054,Returning,02-11-2024,Phone,Doctor,505546,Married
CUS003088,Ananya,Sharma,male,26,ananya.sharma3088@gmail.com,9617535592,C199,Premium,18-06-2024,WhatsApp,Teacher,1992190,Single
CUS003089,Ananya,Reddy,FEMALE,59,ananya.reddy3089@gmail.com,9143906519,C197,Premium,09-05-2024,WhatsApp,Teacher,1920992,Married
CUS003090,Vikram,Singh,Female,46,vikram.singh3090@gmail.com,9663739805,C171,premium,27-05-2024,WhatsApp,Business,1334488,Single
CUS003091,Sneha,Patel,Female,47,sneha.patel3091@gmail.com,9504355414,C066,Premium,17-09-2024,Email,Doctor,1209108,married
CUS003092,Rahul,Sharma,FEMALE,23,rahul.sharma3092@gmail.com,9347212997,C179,premium,15-07-2024,Email,Business,379151,Single
CUS003093,Aarav,Nair,Male,29,aarav.nair3093@gmail.com,9189006004,C068,Premium,22-10-2024,WhatsApp,Teacher,2713862,Single
CUS003094,Priya,Patel,male,61,priya.patel3094@gmail.com,9161644348,C241,New,07-06-2024,Email,Engineer,2984142,Single
CUS003095,Priya,Nair,Male,64,priya.nair3095@gmail.com,9244274812,C227,Returning,20-02-2024,Phone,Teacher,1223307,Single
CUS003096,Rahul,Patel,male,49,rahul.patel3096@gmail.com,9768687005,C153,premium,28-07-2024,WhatsApp,Doctor,2472186,married
CUS003097,Ananya,Sharma,Female,23,ananya.sharma3097@gmail.com,9484023821,C158,Premium,23-10-2024,WhatsApp,Engineer,934455,Married
CUS003098,Aarav,Sharma,Female,26,aarav.sharma3098@gmail.com,9401725592,C223,Returning,26-07-2024,Email,Business,2957806,married
CUS003099,Aarav,Singh,Female,58,aarav.singh3099@gmail.com,9266601734,C243,New,24-11-2024,Email,Teacher,361785,Married
CUS003100,Rahul,Iyer,Female,63,rahul.iyer3100@gmail.com,9655000354,C058,premium,27-05-2024,WhatsApp,Business,2263340,married
CUS003101,Ananya,Reddy,FEMALE,32,ananya.reddy3101@gmail.com,9330128816,C192,New,10-09-2024,Email,Doctor,982938,Single
CUS003102,Sneha,Iyer,Female,47,sneha.iyer3102@gmail.com,98 30738636,C127,Returning,26-09-2024,Phone,Business,372990,Married
CUS003103,Sneha,Patel,Female,52,sneha.patel3103@gmail.com,9440105319,C097,New,02-07-2024,Phone,Engineer,795492,Married
CUS003104,Rahul,Reddy,Male,31,rahul.reddy3104@gmail.com,9946595860,C206,Returning,28-01-2024,Phone,Doctor,2063650,Single
CUS003105,Priya,Sharma,MALE,48,priya.sharma3105@gmail.com,9611537302,C035,New,03-11-2024,WhatsApp,Teacher,1590491,married
CUS003106,Sneha,Sharma,MALE,38,sneha.sharma3106@gmail.com,9436983327,C176,premium,27-05-2024,WhatsApp,Business,1256540,Married
CUS003107,Rahul,Sharma,MALE,24,rahul.sharma3107@gmail.com,9391057680,C087,premium,01-01-2024,Phone,Teacher,402615,married
CUS003108,Rahul,Iyer,FEMALE,36,rahul.iyer3108@gmail.com,9482955787,C222,Premium,03-09-2024,WhatsApp,Business,2711243,Single
CUS003109,Priya,Sharma,FEMALE,43,priya.sharma3109@gmail.com,9103237700,C058,Premium,12-07-2024,Email,Teacher,2886578,Married
CUS003110,Priya,Iyer,Male,59,priya.iyer3110@gmail.com,9647386006,C016,Premium,06-09-2024,Email,Teacher,2797802,Married
CUS003111,Vikram,Patel,MALE,63,vikram.patel3111@gmail.com,9387913077,C005,Premium,11-05-2024,Phone,Teacher,1859101,Single
CUS003112,Vikram,Singh,MALE,27,vikram.singh3112@gmail.com,9685435737,C217,premium,03-04-2024,Email,Engineer,621118,Married
CUS003113,Rahul,Singh,Male,33,rahul.singh3113@gmail.com,9779901305,C156,Returning,03-02-2024,WhatsApp,Engineer,2497254,Single
CUS003114,Priya,Singh,male,48,priya.singh3114@gmail.com,9616326712,C040,Premium,20-11-2024,Email,Business,1076858,Single
CUS003115,Vikram,Singh,male,48,vikram.singh3115@gmail.com,9433273912,C240,New,06-09-2024,Phone,Engineer,1740427,married
CUS003116,Priya,Singh,Male,24,priya.singh3116@gmail.com,9262457797,C214,premium,18-03-2024,Phone,Business,1436530,married
CUS003117,Vikram,Iyer,MALE,65,vikram.iyer3117@gmail.com,9481027384,C105,Premium,19-10-2024,Phone,Teacher,1287010,Single
CUS003118,Sneha,Nair,MALE,36,sneha.nair3118@gmail.com,9738586972,C192,New,18-07-2024,Phone,Engineer,1987767,married
CUS003119,Rahul,Patel,male,61,rahul.patel3119@gmail.com,9969193496,C072,premium,07-12-2024,Phone,Teacher,2310291,married
CUS003120,Vikram,Sharma,FEMALE,24,,9137102437,C155,Premium,19-08-2024,Phone,,1097197,Married
CUS003121,Ananya,Reddy,MALE,22,ananya.reddy3121@gmail.com,9658754195,C167,Premium,28-10-2024,Email,Business,935674,Single
CUS003122,Sneha,Nair,Male,55,sneha.nair3122@gmail.com,9808199885,C126,New,21-04-2024,Email,Teacher,2114409,Single
CUS003123,Ananya,Nair,Female,50,ananya.nair3123@gmail.com,9999070484,C122,premium,12-02-2024,Email,Teacher,2582877,Married
CUS003124,Aarav,Patel,Female,45,aarav.patel3124@gmail.com,9841414849,C113,Premium,12-03-2024,Phone,Engineer,2087299,married
CUS003125,Ananya,Sharma,Female,31,ananya.sharma3125@gmail.com,9379870015,C198,Returning,22-07-2024,WhatsApp,Engineer,1266805,married
CUS003126,Priya,Singh,Male,27,priya.singh3126@gmail.com,9685379952,C220,Premium,16-07-2024,Email,Business,2871952,Single
CUS003127,Aarav,Reddy,MALE,46,aarav.reddy3127@gmail.com,9936951002,C205,Premium,27-04-2024,WhatsApp,Doctor,477206,Single
CUS003128,Priya,Nair,FEMALE,42,priya.nair3128@gmail.com,9144748679,C080,premium,01-09-2024,Phone,Engineer,1352459,Single
CUS003129,Vikram,Iyer,Female,52,vikram.iyer3129@gmail.com,9561207950,C021,Returning,09-09-2024,Phone,Business,2483082,married
CUS003130,Priya,Sharma,FEMALE,31,priya.sharma3130@gmail.com,9239843418,C187,Premium,19-02-2024,Email,Doctor,1352649,Single
CUS003131,Sneha,Patel,male,60,sneha.patel3131@gmail.com,9445333816,C104,Returning,04-11-2024,WhatsApp,Business,814782,Single
CUS003132,Ananya,Reddy,MALE,25,ananya.reddy3132@gmail.com,9670052224,C190,Returning,28-07-2024,WhatsApp,Business,2053304,married
CUS003133,Rahul,Sharma,Male,58,rahul.sharma3133@gmail.com,9776828179,C127,New,08-02-2024,WhatsApp,Teacher,2537783,Married
CUS003134,Rahul,Reddy,MALE,39,rahul.reddy3134@gmail.com,9213813601,C137,Premium,07-01-2024,Email,Doctor,959676,married
CUS003135,Vikram,Patel,male,30,vikram.patel3135@gmail.com,,C189,Premium,03-06-2024,Phone,Doctor,311315,Single
CUS003136,Sneha,Patel,male,46,sneha.patel3136@gmail.com,9444353708,C089,Premium,28-08-2024,WhatsApp,Engineer,653234,married
CUS003137,Rahul,Reddy,FEMALE,55,rahul.reddy3137@gmail.com,9979603591,C027,Premium,16-03-2024,WhatsApp,Engineer,1055121,Married
CUS003138,Priya,Nair,Male,25,priya.nair3138@gmail.com,9483095474,C146,New,11-01-2024,WhatsApp,Doctor,350252,married
CUS003139,Ananya,Reddy,male,39,ananya.reddy3139@gmail.com,9430817511,C132,New,15-09-2024,Email,Business,735790,married
CUS003140,Aarav,Reddy,FEMALE,59,aarav.reddy3140@gmail.com,9299070419,C097,premium,02-04-2024,WhatsApp,Business,464874,Single
CUS003141,Rahul,Nair,Male,28,rahul.nair3141@gmail.com,9378483661,C208,New,05-04-2024,WhatsApp,Business,2270106,Married
CUS003142,Sneha,Sharma,Male,61,sneha.sharma3142@gmail.com,9132066937,C145,Premium,26-07-2024,Phone,Engineer,2343215,Married
CUS003143,Rahul,Iyer,Male,42,rahul.iyer3143@gmail.com,9500028744,C020,Premium,09-06-2024,Email,Engineer,1062392,Married
CUS003144,Priya,Nair,FEMALE,54,priya.nair3144@gmail.com,9393400016,C195,premium,16-12-2024,Email,Teacher,470326,Married
CUS003145,Aarav,Sharma,MALE,24,aarav.sharma3145@gmail.com,9728273042,C010,premium,17-07-2024,WhatsApp,Engineer,2618448,Married
CUS003146,Sneha,Nair,FEMALE,39,sneha.nair3146@gmail.com,9807009826,C200,New,17-09-2024,Phone,Engineer,2054033,Single
CUS003147,Aarav,Reddy,Male,24,aarav.reddy3147@gmail.com,9365059268,C051,premium,26-06-2024,Phone,Doctor,1155213,Single
CUS003148,Aarav,Sharma,MALE,50,aarav.sharma3148@gmail.com,9356697743,C112,New,12-06-2024,WhatsApp,Teacher,1628221,Married
CUS003149,Sneha,Nair,Male,23,sneha.nair3149@gmail.com,9832211872,C206,New,12-12-2024,WhatsApp,Business,2030164,Married
CUS003150, Sneha,Iyer,male,42,sneha.iyer3150@gmail.com,9783591074,C111,New,09-10-2024,WhatsApp,Business,1765885,Single
CUS003151,Vikram,Reddy,MALE,52,vikram.reddy3151@gmail.com,9299088216,C072,Returning,21-02-2024,Email,Teacher,1348049,Married
CUS003152,Vikram,Sharma,male,55,vikram.sharma3152@gmail.com,9817993297,C087,premium,20-07-2024,Email,Engineer,2918077,married
CUS003153,Ananya,Sharma,FEMALE,38,ananya.sharma3153@gmail.com,9964537167,C136,Premium,06-07-2024,WhatsApp,Engineer,1211934,married
CUS003154,Vikram,Iyer,male,44,vikram.iyer3154@gmail.com,9661776669,C242,Premium,02-02-2024,Email,Doctor,505670,Single
CUS003155,Sneha,Reddy,FEMALE,51,sneha.reddy3155@gmail.com,9529688079,C079,premium,13-06-2024,Phone,Doctor,1629829,married
CUS003156,Rahul,Patel,MALE,48,rahul.patel3156@gmail.com,9981774911,C030,New,27-11-2024,WhatsApp,Engineer,982407,Single
CUS003157,Ananya,Singh,male,33,ananya.singh3157@gmail.com,9867805934,C214,Returning,10-03-2024,WhatsApp,Business,1326478,Married
CUS003158,Rahul,Reddy,FEMALE,34,rahul.reddy3158@gmail.com,9348698225,C063,New,10-05-2024,WhatsApp,Doctor,519505,Single
CUS003159,Rahul,Patel,male,43,rahul.patel3159@gmail.com,9500812900,C207,Premium,14-01-2024,Phone,Engineer,783057,Single
CUS003160,Vikram,Reddy,FEMALE,26,,9909277285,C107,Premium,10-09-2024,Email,Engineer,2955484,Married
CUS003161,Priya,Singh,Female,47,priya.singh3161@gmail.com,9529720591,C235,Returning,21-02-2024,Phone,Doctor,2253455,Married
CUS003162,Priya,Reddy,Male,31,priya.reddy3162@gmail.com,9120272074,C142,New,10-08-2024,Phone,Doctor,1165427,Married
CUS003163,Rahul,Patel,male,37,rahul.patel3163@gmail.com,9554996353,C242,premium,21-11-2024,Phone,Business,1453951,Single
CUS003164,Aarav,Sharma,MALE,27,aarav.sharma3164@gmail.com,9223451302,C105,New,19-11-2024,Phone,Teacher,592620,married
CUS003165,Sneha,Singh,FEMALE,45,sneha.singh3165@gmail.com,9889764674,C059,premium,09-01-2024,Email,Teacher,2515905,married
CUS003166,Aarav,Patel,male,37,aarav.patel3166@gmail.com,9178010814,C086,premium,08-10-2024,Phone,Engineer,2469505,Single
CUS003167,Ananya,Sharma,male,24,ananya.sharma3167@gmail.com,9607154682,C138,Premium,03-09-2024,WhatsApp,Business,1331242,Married
CUS003168,Aarav,Iyer,male,53,aarav.iyer3168@gmail.com,98 22040026,C215,New,24-06-2024,Phone,Doctor,2695144,Single
CUS003169,Priya,Sharma,MALE,35,priya.sharma3169@gmail.com,9891495420,C067,New,15-08-2024,Email,Doctor,2552817,married
CUS003170,Aarav,Nair,male,37,aarav.nair3170@gmail.com,9669343692,C043,Returning,22-04-2024,Email,Engineer,2062484,Married
CUS003171,Priya,Reddy,Female,28,priya.reddy3171@gmail.com,9999297216,C231,Returning,21-09-2024,Email,Teacher,897960,Single
CUS003172,Ananya,Nair,MALE,41,ananya.nair3172@gmail.com,9502204260,C016,Premium,22-08-2024,Phone,Doctor,2116330,Married
CUS003173,Vikram,Reddy,Male,23,vikram.reddy3173@gmail.com,9372944810,C230,Returning,25-05-2024,Phone,Doctor,1723663,Married
CUS003174,Vikram,Nair,FEMALE,40,vikram.nair3174@gmail.com,9298578076,C161,New,15-12-2024,Email,Business,1148912,Single
CUS003175,Vikram,Nair,Male,37,vikram.nair3175@gmail.com,9765687607,C022,New,17-07-2024,Email,Business,2730937,Single
CUS003176,Priya,Nair,Male,55,priya.nair3176@gmail.com,9808182568,C130,New,28-06-2024,Email,Business,964688,Single
CUS003177,Aarav,Patel,Female,30,aarav.patel3177@gmail.com,9304483112,C106,premium,01-01-2024,Phone,Doctor,949390,Single
CUS003178,Rahul,Sharma,MALE,45,rahul.sharma3178@gmail.com,9284487434,C057,Returning,01-03-2024,WhatsApp,Engineer,1158001,married
CUS003179,Ananya,Patel,Female,34,ananya.patel3179@gmail.com,9401612623,C237,Premium,05-04-2024,WhatsApp,Teacher,1589766,married
CUS003180,Sneha,Patel,FEMALE,61,sneha.patel3180@gmail.com,9533369182,C200,Premium,18-08-2024,Email,,2925346,Married
CUS003181,Aarav,Patel,FEMALE,58,aarav.patel3181@gmail.com,9285146031,C047,Premium,28-08-2024,WhatsApp,Doctor,976280,Single
CUS003182,Ananya,Singh,Female,50,ananya.singh3182@gmail.com,9938495349,C173,premium,23-06-2024,Email,Teacher,473673,Married
CUS003183,Aarav,Sharma,Male,22,aarav.sharma3183@gmail.com,9569827428,C154,Returning,25-07-2024,Phone,Business,1752938,Single
CUS003184,Ananya,Sharma,Male,52,ananya.sharma3184@gmail.com,9169933125,C210,New,06-06-2024,Phone,Engineer,2300132,Single
CUS003185,Priya,Singh,Female,37,priya.singh3185@gmail.com,9458491422,C012,premium,13-02-2024,Email,Doctor,871294,Single
CUS003186,Sneha,Reddy,male,65,sneha.reddy3186@gmail.com,9452706663,C108,Premium,01-04-2024,WhatsApp,Doctor,1087646,Married
CUS003187,Priya,Sharma,male,54,priya.sharma3187@gmail.com,9198675339,C022,Returning,10-09-2024,Phone,Doctor,1605924,Single
CUS003188,Rahul,Nair,Male,40,rahul.nair3188@gmail.com,9800417072,C038,premium,01-01-2024,Email,Teacher,719286,Married
CUS003189,Rahul,Patel,FEMALE,60,rahul.patel3189@gmail.com,9951017650,C006,premium,20-04-2024,Email,Teacher,365180,Married
CUS003190,Rahul,Iyer,Female,46,rahul.iyer3190@gmail.com,,C111,Returning,06-05-2024,Phone,Teacher,560101,Single
CUS003191,Rahul,Iyer,MALE,23,rahul.iyer3191@gmail.com,9232701268,C020,Returning,16-01-2024,Phone,Engineer,1681312,Single
CUS003192,Vikram,Singh,MALE,30,vikram.singh3192@gmail.com,9648024503,C112,premium,15-02-2024,Email,Engineer,763860,Single
CUS003193,Vikram,Singh,male,25,vikram.singh3193@gmail.com,9116380287,C160,Returning,06-07-2024,Phone,Engineer,1329349,Single
CUS003194,Ananya,Singh,Female,36,ananya.singh3194@gmail.com,9632062222,C058,Premium,22-07-2024,WhatsApp,Engineer,2265757,married
CUS003195,Ananya,Sharma,male,45,ananya.sharma3195@gmail.com,9678288198,C204,premium,26-02-2024,Email,Business,1514423,married
CUS003196,Sneha,Nair,FEMALE,55,sneha.nair3196@gmail.com,9313920513,C203,New,28-02-2024,Phone,Teacher,709825,married
CUS003197,Aarav,Nair,Male,62,aarav.nair3197@gmail.com,9268742863,C102,Premium,25-12-2024,Phone,Business,2506893,Single
CUS003198,Priya,Sharma,Female,32,priya.sharma3198@gmail.com,9983857602,C021,premium,11-11-2024,Phone,Doctor,2572526,Married
CUS003199,Rahul,Reddy,Female,34,rahul.reddy3199@gmail.com,9938059725,C091,Returning,07-02-2024,Email,Business,2941343,Single
CUS003200,Sneha,Singh,Female,45,,9471834602,C142,New,14-10-2024,WhatsApp,Teacher,1203144,married
CUS003201,Sneha,Sharma,FEMALE,52,sneha.sharma3201@gmail.com,98 15647503,C078,New,08-11-2024,WhatsApp,Business,2750540,Married
CUS003202,Sneha,Singh,MALE,43,sneha.singh3202@gmail.com,9647254832,C154,New,08-12-2024,Phone,Business,1267751,Married
CUS003203,Sneha,Nair,male,39,sneha.nair3203@gmail.com,9283105484,C103,Returning,06-03-2024,Phone,Teacher,2255644,Married
CUS003204,Rahul,Patel,MALE,57,rahul.patel3204@gmail.com,9185098367,C123,Returning,23-10-2024,WhatsApp,Engineer,1764365,Single
CUS003205,Sneha,Reddy,Female,55,sneha.reddy3205@gmail.com,9781465524,C071,Premium,14-04-2024,WhatsApp,Engineer,2865097,Single
CUS003206,Sneha,Nair,Female,34,sneha.nair3206@gmail.com,9290928162,C123,Returning,13-04-2024,Email,Engineer,1204142,married
CUS003207,Priya,Sharma,Female,36,priya.sharma3207@gmail.com,9858923268,C086,Returning,19-03-2024,Phone,Engineer,2058962,Single
CUS003208,Aarav,Nair,Female,45,aarav.nair3208@gmail.com,9799964201,C107,Returning,08-04-2024,Email,Engineer,2013294,Single
CUS003209,Sneha,Sharma,Male,41,sneha.sharma3209@gmail.com,9499225064,C157,premium,13-02-2024,Phone,Teacher,2864633,married
CUS003210,Priya,Nair,Male,61,priya.nair3210@gmail.com,9504189087,C236,Premium,25-04-2024,Phone,Doctor,2441698,married
CUS003211,Vikram,Reddy,Female,23,vikram.reddy3211@gmail.com,9129788537,C194,premium,19-11-2024,Phone,Business,748186,Single
CUS003212,Vikram,Nair,male,39,vikram.nair3212@gmail.com,9132625696,C121,Returning,10-06-2024,Phone,Business,2473761,Single
CUS003213,Priya,Iyer,Male,39,priya.iyer3213@gmail.com,9249991213,C100,New,21-09-2024,Email,Teacher,2437006,married
CUS003214,Ananya,Iyer,male,25,ananya.iyer3214@gmail.com,9643367489,C005,Premium,17-05-2024,Email,Doctor,2370569,married
CUS003215,Ananya,Nair,FEMALE,51,ananya.nair3215@gmail.com,9457033106,C213,premium,07-03-2024,Phone,Doctor,2154646,married
CUS003216,Ananya,Singh,Female,45,ananya.singh3216@gmail.com,9543149310,C172,Returning,16-06-2024,WhatsApp,Engineer,863769,Single
CUS003217,Priya,Sharma,male,22,priya.sharma3217@gmail.com,9799573466,C050,Premium,09-04-2024,Email,Engineer,1297739,Single
CUS003218,Ananya,Iyer,MALE,65,ananya.iyer3218@gmail.com,9390198201,C008,New,12-02-2024,Phone,Doctor,2315304,Married
CUS003219,Vikram,Singh,MALE,43,vikram.singh3219@gmail.com,9189059288,C026,premium,18-02-2024,Email,Engineer,755291,Married
CUS003220, Ananya,Sharma,MALE,24,ananya.sharma3220@gmail.com,9407104340,C005,New,06-02-2024,WhatsApp,Engineer,1864998,Single
CUS003221,Aarav,Reddy,male,64,aarav.reddy3221@gmail.com,9354565289,C060,Premium,24-03-2024,WhatsApp,Engineer,700219,married
CUS003222,Ananya,Nair,Female,32,ananya.nair3222@gmail.com,9170684897,C001,Returning,13-02-2024,Email,Doctor,1005856,Married
CUS003223,Rahul,Sharma,Female,62,rahul.sharma3223@gmail.com,9947133444,C051,Returning,17-04-2024,WhatsApp,Engineer,2750913,married
CUS003224,Vikram,Patel,Male,57,vikram.patel3224@gmail.com,9873486570,C014,New,25-08-2024,Email,Engineer,2819861,Single
CUS003225,Vikram,Nair,FEMALE,48,vikram.nair3225@gmail.com,9121235185,C165,Returning,14-10-2024,WhatsApp,Business,1430231,married
CUS003226,Vikram,Iyer,Female,51,vikram.iyer3226@gmail.com,9164816192,C020,New,14-02-2024,Phone,Business,2994868,married
CUS003227,Aarav,Iyer,Male,36,aarav.iyer3227@gmail.com,9957744776,C027,Returning,13-05-2024,Email,Teacher,495554,Single
CUS003228,Aarav,Iyer,Male,64,aarav.iyer3228@gmail.com,9675661668,C159,Premium,25-07-2024,Phone,Doctor,780722,Married
CUS003229,Priya,Sharma,MALE,60,priya.sharma3229@gmail.com,9547172490,C200,Returning,02-05-2024,WhatsApp,Business,1389913,Single
CUS003230,Priya,Nair,FEMALE,36,priya.nair3230@gmail.com,9300823786,C007,Returning,28-08-2024,Phone,Business,1533418,Married
CUS003231,Rahul,Patel,MALE,47,rahul.patel3231@gmail.com,9594477870,C186,New,19-06-2024,Phone,Engineer,2499402,married
CUS003232,Ananya,Nair,male,61,ananya.nair3232@gmail.com,9708404028,C077,premium,23-02-2024,WhatsApp,Teacher,2601271,married
CUS003233,Rahul,Reddy,male,60,rahul.reddy3233@gmail.com,9484774455,C046,Premium,07-09-2024,Email,Teacher,1971797,Single
CUS003234,Priya,Iyer,MALE,22,priya.iyer3234@gmail.com,98 91376713,C087,premium,25-05-2024,Email,Business,2800206,Single
CUS003235,Rahul,Nair,Male,56,rahul.nair3235@gmail.com,9169654160,C056,Returning,09-11-2024,Email,Business,1404890,Single
CUS003236,Ananya,Singh,MALE,48,ananya.singh3236@gmail.com,9179904671,C157,Premium,27-07-2024,Phone,Doctor,2840804,Single
CUS003237,Aarav,Singh,MALE,28,aarav.singh3237@gmail.com,9537263506,C106,Premium,22-09-2024,Phone,Doctor,377203,Married
CUS003238,Rahul,Singh,MALE,63,rahul.singh3238@gmail.com,9955598659,C224,New,21-04-2024,WhatsApp,Teacher,991371,Single
CUS003239,Ananya,Nair,Female,29,ananya.nair3239@gmail.com,9437508797,C060,premium,05-08-2024,Phone,Teacher,2150941,Single
CUS003240,Aarav,Nair,MALE,26,,9603916072,C245,premium,05-07-2024,Phone,,522920,married
CUS003241,Rahul,Sharma,FEMALE,61,rahul.sharma3241@gmail.com,9465634901,C041,New,09-02-2024,Phone,Engineer,460306,married
CUS003242,Ananya,Iyer,male,56,ananya.iyer3242@gmail.com,9348101890,C181,Premium,25-03-2024,WhatsApp,Business,2729226,married
CUS003243,Priya,Patel,Male,24,priya.patel3243@gmail.com,9145120704,C075,Returning,28-01-2024,Phone,Teacher,2268574,Married
CUS003244,Ananya,Patel,male,54,ananya.patel3244@gmail.com,9646992542,C225,Returning,09-08-2024,Phone,Doctor,1883769,Single
CUS003245,Priya,Nair,male,61,priya.nair3245@gmail.com,,C015,Premium,02-06-2024,WhatsApp,Engineer,2150021,married
CUS003246,Rahul,Patel,male,36,rahul.patel3246@gmail.com,9306288188,C089,Premium,06-06-2024,WhatsApp,Teacher,419800,married
CUS003247,Priya,Patel,Female,46,priya.patel3247@gmail.com,9690677044,C182,New,04-01-2024,Email,Business,904011,Single
CUS003248,Sneha,Nair,FEMALE,23,sneha.nair3248@gmail.com,9817383879,C245,Returning,03-08-2024,WhatsApp,Business,927102,Married
CUS003249,Aarav,Reddy,FEMALE,55,aarav.reddy3249@gmail.com,9290793015,C077,Returning,28-08-2024,Email,Teacher,2299291,married
CUS003250,Sneha,Sharma,Female,27,sneha.sharma3250@gmail.com,9160223318,C178,premium,10-08-2024,Phone,Business,1783133,Single
CUS003251,Ananya,Nair,male,60,ananya.nair3251@gmail.com,9615589347,C141,premium,06-10-2024,Phone,Doctor,1113359,Married
CUS003252,Vikram,Nair,Female,46,vikram.nair3252@gmail.com,9255844908,C034,Returning,04-02-2024,Phone,Business,1698372,married
CUS003253,Priya,Reddy,MALE,64,priya.reddy3253@gmail.com,9551679093,C122,Premium,28-01-2024,Phone,Business,1075554,Married
CUS003254,Sneha,Nair,MALE,53,sneha.nair3254@gmail.com,9347928681,C052,Premium,16-09-2024,Email,Business,1382723,married
CUS003255,Vikram,Reddy,FEMALE,53,vikram.reddy3255@gmail.com,9867780130,C118,Returning,13-01-2024,WhatsApp,Doctor,2595104,Single
CUS003256,Aarav,Reddy,Male,26,aarav.reddy3256@gmail.com,9857249023,C156,Premium,17-05-2024,WhatsApp,Engineer,807155,Married
CUS003257,Sneha,Nair,MALE,23,sneha.nair3257@gmail.com,9327345418,C161,New,06-07-2024,WhatsApp,Teacher,1541085,married
CUS003258,Aarav,Singh,Male,62,aarav.singh3258@gmail.com,9557277106,C172,New,13-12-2024,Phone,Business,1166318,Married
CUS003259,Aarav,Sharma,FEMALE,62,aarav.sharma3259@gmail.com,9196811995,C218,New,23-03-2024,WhatsApp,Teacher,361062,Married
CUS003260,Vikram,Reddy,Female,41,vikram.reddy3260@gmail.com,9178934604,C228,premium,10-06-2024,WhatsApp,Teacher,731957,Single
CUS003261,Rahul,Patel,male,53,rahul.patel3261@gmail.com,9941089762,C010,Returning,11-12-2024,Email,Doctor,965739,Married
CUS003262,Vikram,Reddy,Male,43,vikram.reddy3262@gmail.com,9585000271,C173,Premium,01-03-2024,Email,Business,418702,Single
CUS003263,Aarav,Nair,Female,49,aarav.nair3263@gmail.com,9279819552,C179,Returning,02-10-2024,WhatsApp,Teacher,1583419,married
CUS003264,Vikram,Sharma,Male,35,vikram.sharma3264@gmail.com,9420232106,C078,Returning,23-02-2024,Phone,Doctor,645549,Married
CUS003265,Priya,Nair,MALE,61,priya.nair3265@gmail.com,9896504991,C185,Returning,16-12-2024,Email,Doctor,1054055,Single
CUS003266,Priya,Patel,MALE,46,priya.patel3266@gmail.com,9972764132,C241,premium,16-06-2024,Email,Teacher,2267221,Single
CUS003267,Vikram,Reddy,FEMALE,51,vikram.reddy3267@gmail.com,98 90258282,C066,Premium,11-03-2024,WhatsApp,Business,1312580,Married
CUS003268,Vikram,Nair,Female,32,vikram.nair3268@gmail.com,9985959048,C104,premium,11-04-2024,Phone,Doctor,1273091,Married
CUS003269,Aarav,Singh,FEMALE,40,aarav.singh3269@gmail.com,9415392554,C107,premium,05-05-2024,WhatsApp,Business,1322193,Married
CUS003270,Ananya,Sharma,Female,40,ananya.sharma3270@gmail.com,9886250051,C197,New,26-12-2024,Phone,Teacher,423193,married
CUS003271,Aarav,Sharma,FEMALE,57,aarav.sharma3271@gmail.com,9267016069,C031,New,24-12-2024,Email,Business,502627,Married
CUS003272,Aarav,Nair,Male,28,aarav.nair3272@gmail.com,9130395490,C070,premium,12-09-2024,WhatsApp,Engineer,493145,Married
CUS003273,Vikram,Nair,Male,25,vikram.nair3273@gmail.com,9557960853,C031,Premium,19-06-2024,WhatsApp,Doctor,371693,married
CUS003274,Ananya,Sharma,MALE,55,ananya.sharma3274@gmail.com,9107000360,C212,premium,20-04-2024,WhatsApp,Business,723758,Single
CUS003275,Sneha,Sharma,male,60,sneha.sharma3275@gmail.com,9278335293,C062,Returning,11-07-2024,Email,Business,668742,Single
CUS003276,Vikram,Singh,MALE,25,vikram.singh3276@gmail.com,9758982747,C186,Premium,08-01-2024,Phone,Business,1720425,Single
CUS003277,Priya,Iyer,FEMALE,53,priya.iyer3277@gmail.com,9181835189,C029,Returning,20-03-2024,Phone,Doctor,647986,Married
CUS003278,Vikram,Sharma,male,27,vikram.sharma3278@gmail.com,9231893553,C142,premium,09-12-2024,Email,Doctor,609823,Single
CUS003279,Vikram,Iyer,male,53,vikram.iyer3279@gmail.com,9203363240,C175,Returning,18-08-2024,WhatsApp,Doctor,1701228,Single
CUS003280,Sneha,Sharma,MALE,25,,9439987228,C046,Returning,04-10-2024,Phone,Engineer,2643883,Married
CUS003281,Rahul,Patel,FEMALE,65,rahul.patel3281@gmail.com,9514326124,C172,Premium,26-10-2024,Phone,Doctor,1123949,Single
CUS003282,Priya,Nair,FEMALE,52,priya.nair3282@gmail.com,9467635897,C085,New,05-08-2024,Phone,Doctor,2076897,Single
CUS003283,Vikram,Iyer,MALE,40,vikram.iyer3283@gmail.com,9168344301,C123,Returning,08-10-2024,Phone,Teacher,2168088,married
CUS003284,Vikram,Patel,male,61,vikram.patel3284@gmail.com,9542770335,C067,New,18-12-2024,Phone,Business,1254971,married
CUS003285,Aarav,Iyer,Female,56,aarav.iyer3285@gmail.com,9913385899,C121,New,06-12-2024,WhatsApp,Teacher,2658424,married
CUS003286,Priya,Reddy,Female,56,priya.reddy3286@gmail.com,9493478151,C090,Returning,13-11-2024,Email,Doctor,1528808,Married
CUS003287,Rahul,Patel,FEMALE,61,rahul.patel3287@gmail.com,9781961837,C148,Premium,03-05-2024,Phone,Business,918220,Single
CUS003288,Sneha,Iyer,Female,38,sneha.iyer3288@gmail.com,9510774289,C090,New,21-08-2024,Email,Teacher,1762836,Single
CUS003289,Ananya,Nair,FEMALE,49,ananya.nair3289@gmail.com,9504644850,C131,premium,25-02-2024,WhatsApp,Teacher,2037889,Single
CUS003290, Aarav,Singh,MALE,45,aarav.singh3290@gmail.com,9399314892,C225,Premium,06-08-2024,Phone,Teacher,2181363,married
CUS003291,Rahul,Patel,Female,54,rahul.patel3291@gmail.com,9926493565,C077,Premium,22-05-2024,Phone,Doctor,1834471,Married
CUS003292,Rahul,Reddy,Female,58,rahul.reddy3292@gmail.com,9767033262,C183,Returning,25-11-2024,WhatsApp,Doctor,1423637,Single
CUS003293,Ananya,Patel,male,32,ananya.patel3293@gmail.com,9257126219,C063,premium,26-11-2024,Email,Teacher,1733355,Married
CUS003294,Priya,Reddy,Male,63,priya.reddy3294@gmail.com,9525551570,C138,Returning,16-05-2024,Phone,Business,2841857,Married
CUS003295,Ananya,Patel,male,42,ananya.patel3295@gmail.com,9875718723,C145,Returning,20-11-2024,Email,Teacher,1386336,Single
CUS003296,Ananya,Sharma,male,34,ananya.sharma3296@gmail.com,9382449326,C092,Returning,02-09-2024,WhatsApp,Teacher,2777303,Married
CUS003297,Rahul,Singh,Female,31,rahul.singh3297@gmail.com,9989292010,C124,Premium,11-10-2024,WhatsApp,Doctor,1682249,Married
CUS003298,Vikram,Iyer,male,36,vikram.iyer3298@gmail.com,9169896829,C028,New,22-08-2024,Phone,Business,2524369,Married
CUS003299,Sneha,Nair,FEMALE,60,sneha.nair3299@gmail.com,9854457694,C087,Returning,12-06-2024,WhatsApp,Doctor,2499361,Married
CUS003300,Sneha,Patel,Male,40,sneha.patel3300@gmail.com,,C139,premium,20-12-2024,Phone,,855727,Single
CUS003301,Aarav,Sharma,Female,61,aarav.sharma3301@gmail.com,9296326769,C214,premium,06-09-2024,Email,Teacher,2745832,married
CUS003302,Rahul,Singh,MALE,26,rahul.singh3302@gmail.com,9164881141,C028,premium,02-01-2024,Phone,Teacher,318887,Married
CUS003303,Ananya,Singh,Male,44,ananya.singh3303@gmail.com,9477841387,C235,New,16-06-2024,WhatsApp,Business,1860602,Single
CUS003304,Aarav,Patel,MALE,33,aarav.patel3304@gmail.com,9983632721,C165,New,19-11-2024,WhatsApp,Doctor,2692681,married
CUS003305,Sneha,Sharma,male,53,sneha.sharma3305@gmail.com,9352155898,C079,Premium,25-02-2024,Phone,Doctor,2539014,Married
CUS003306,Aarav,Nair,FEMALE,62,aarav.nair3306@gmail.com,9872297701,C003,premium,13-07-2024,WhatsApp,Teacher,449076,Married
CUS003307,Sneha,Reddy,FEMALE,52,sneha.reddy3307@gmail.com,9563808214,C192,premium,19-12-2024,Email,Teacher,2038437,Married
CUS003308,Rahul,Nair,MALE,46,rahul.nair3308@gmail.com,9836198397,C127,New,17-05-2024,Email,Teacher,1050525,married
CUS003309,Ananya,Patel,Female,55,ananya.patel3309@gmail.com,9752454166,C213,Returning,01-09-2024,Phone,Doctor,1079393,married
CUS003310,Sneha,Sharma,male,42,sneha.sharma3310@gmail.com,9808938386,C115,Premium,14-10-2024,Phone,Teacher,1333249,Married
CUS003311,Ananya,Singh,FEMALE,56,ananya.singh3311@gmail.com,9718144678,C070,premium,04-10-2024,WhatsApp,Business,348582,married
CUS003312,Aarav,Patel,male,42,aarav.patel3312@gmail.com,9118091553,C225,Premium,09-01-2024,Email,Engineer,1320584,married
CUS003313,Vikram,Sharma,Male,34,vikram.sharma3313@gmail.com,9672839898,C180,New,20-12-2024,WhatsApp,Business,2067822,married
CUS003314,Aarav,Sharma,male,46,aarav.sharma3314@gmail.com,9521595451,C075,New,01-11-2024,Phone,Doctor,1399785,married
CUS003315,Sneha,Reddy,male,59,sneha.reddy3315@gmail.com,9878446034,C230,Premium,12-04-2024,Email,Engineer,1433295,married
CUS003316,Rahul,Patel,MALE,31,rahul.patel3316@gmail.com,9166397676,C041,Premium,18-08-2024,Email,Engineer,1096402,Single
CUS003317,Rahul,Nair,FEMALE,39,rahul.nair3317@gmail.com,9463768599,C197,premium,14-11-2024,Phone,Engineer,312523,Single
CUS003318,Aarav,Reddy,male,48,aarav.reddy3318@gmail.com,9543420967,C088,Premium,05-07-2024,Phone,Engineer,2143701,married
CUS003319,Vikram,Singh,male,41,vikram.singh3319@gmail.com,9508444407,C139,Premium,11-01-2024,Email,Doctor,1059965,Single
CUS003320,Aarav,Reddy,male,62,,9799333314,C085,Returning,05-04-2024,Email,Business,1607950,married
CUS003321,Vikram,Sharma,Female,55,vikram.sharma3321@gmail.com,9145562898,C069,Premium,23-02-2024,Email,Business,2870066,Single
CUS003322,Aarav,Patel,Male,54,aarav.patel3322@gmail.com,9139430575,C155,Premium,20-03-2024,Phone,Doctor,2546321,Married
CUS003323,Rahul,Patel,Female,61,rahul.patel3323@gmail.com,9137508941,C060,Returning,21-11-2024,WhatsApp,Business,1413158,Married
CUS003324,Vikram,Nair,FEMALE,27,vikram.nair3324@gmail.com,9760982888,C249,premium,22-03-2024,Email,Engineer,2727432,Single
CUS003325,Priya,Singh,MALE,62,priya.singh3325@gmail.com,9968034898,C142,premium,03-11-2024,Email,Engineer,2284298,married
CUS003326,Aarav,Sharma,male,48,aarav.sharma3326@gmail.com,9479349455,C107,Returning,16-08-2024,Email,Doctor,1678954,married
CUS003327,Vikram,Sharma,FEMALE,32,vikram.sharma3327@gmail.com,9981417862,C202,Premium,18-06-2024,WhatsApp,Teacher,2937595,Married
CUS003328,Rahul,Nair,male,51,rahul.nair3328@gmail.com,9862408308,C186,New,05-12-2024,Email,Doctor,2799197,Married
CUS003329,Rahul,Sharma,MALE,27,rahul.sharma3329@gmail.com,9210829024,C120,premium,15-11-2024,Email,Teacher,2214584,Single
CUS003330,Ananya,Reddy,Male,60,ananya.reddy3330@gmail.com,9950400639,C151,New,05-07-2024,WhatsApp,Teacher,1394388,married
CUS003331,Aarav,Sharma,FEMALE,53,aarav.sharma3331@gmail.com,9428530530,C165,premium,07-12-2024,WhatsApp,Doctor,2316324,married
CUS003332,Vikram,Iyer,male,33,vikram.iyer3332@gmail.com,9177023522,C188,premium,11-11-2024,Phone,Doctor,2244916,Single
CUS003333,Rahul,Reddy,Female,32,rahul.reddy3333@gmail.com,98 63092950,C176,Premium,24-06-2024,Email,Engineer,1031996,Married
CUS003334,Vikram,Nair,FEMALE,22,vikram.nair3334@gmail.com,9688529582,C054,Premium,13-04-2024,Email,Teacher,1727569,Single
CUS003335,Priya,Sharma,Male,57,priya.sharma3335@gmail.com,9140339592,C025,Returning,20-07-2024,Email,Teacher,1038238,Married
CUS003336,Ananya,Iyer,male,43,ananya.iyer3336@gmail.com,9952982225,C185,premium,27-01-2024,WhatsApp,Engineer,1959830,Single
CUS003337,Rahul,Nair,male,56,rahul.nair3337@gmail.com,9729482760,C084,premium,11-04-2024,Email,Engineer,1062385,married
CUS003338,Priya,Nair,male,27,priya.nair3338@gmail.com,9323514282,C032,Premium,13-03-2024,WhatsApp,Teacher,608705,Married
CUS003339,Priya,Patel,FEMALE,48,priya.patel3339@gmail.com,9888739852,C233,Returning,22-07-2024,Phone,Teacher,2689812,Married
CUS003340,Aarav,Sharma,FEMALE,38,aarav.sharma3340@gmail.com,9124259580,C126,premium,13-09-2024,Phone,Business,2606322,married
CUS003341,Priya,Iyer,Male,32,priya.iyer3341@gmail.com,9912935333,C242,New,16-02-2024,Phone,Doctor,1347222,married
CUS003342,Priya,Reddy,Female,61,priya.reddy3342@gmail.com,9156868300,C017,Premium,13-02-2024,WhatsApp,Doctor,1317642,Single
CUS003343,Aarav,Iyer,Male,64,aarav.iyer3343@gmail.com,9144497310,C001,premium,04-11-2024,Email,Business,1306549,Single
CUS003344,Aarav,Patel,Male,64,aarav.patel3344@gmail.com,9718610835,C059,Premium,25-02-2024,WhatsApp,Doctor,2140818,Married
CUS003345,Sneha,Sharma,Male,37,sneha.sharma3345@gmail.com,9534625988,C102,Premium,15-08-2024,Email,Teacher,2987982,Married
CUS003346,Aarav,Patel,Male,30,aarav.patel3346@gmail.com,9123919073,C223,Returning,17-05-2024,Phone,Engineer,813675,married
CUS003347,Sneha,Nair,MALE,31,sneha.nair3347@gmail.com,9898386502,C167,New,09-10-2024,Phone,Engineer,1636111,Married
CUS003348,Aarav,Reddy,FEMALE,63,aarav.reddy3348@gmail.com,9885619468,C129,Returning,19-02-2024,Email,Business,1751300,Married
CUS003349,Rahul,Patel,male,49,rahul.patel3349@gmail.com,9891674726,C026,premium,04-08-2024,WhatsApp,Teacher,2410920,married
CUS003350,Sneha,Reddy,MALE,44,sneha.reddy3350@gmail.com,9577546930,C245,New,16-02-2024,Email,Engineer,2109707,married
CUS003351,Aarav,Sharma,Male,35,aarav.sharma3351@gmail.com,9856526484,C096,Returning,03-09-2024,Phone,Teacher,394962,married
CUS003352,Aarav,Singh,MALE,24,aarav.singh3352@gmail.com,9780798995,C218,premium,14-06-2024,WhatsApp,Teacher,2878091,Married
CUS003353,Priya,Nair,FEMALE,28,priya.nair3353@gmail.com,9243048788,C018,premium,27-05-2024,WhatsApp,Engineer,353629,Married
CUS003354,Aarav,Patel,FEMALE,25,aarav.patel3354@gmail.com,9795847412,C010,New,20-08-2024,Email,Engineer,1698823,Married
CUS003355,Rahul,Iyer,male,60,rahul.iyer3355@gmail.com,,C037,premium,23-12-2024,Email,Doctor,611795,married
CUS003356,Rahul,Sharma,male,62,rahul.sharma3356@gmail.com,9722484697,C088,Returning,27-09-2024,WhatsApp,Business,873393,married
CUS003357,Rahul,Nair,Male,30,rahul.nair3357@gmail.com,9390922117,C077,premium,08-08-2024,Phone,Teacher,1632929,Married
CUS003358,Aarav,Nair,male,47,aarav.nair3358@gmail.com,9383677523,C058,New,20-01-2024,Phone,Teacher,835358,Single
CUS003359,Rahul,Patel,male,54,rahul.patel3359@gmail.com,9873800188,C065,New,06-10-2024,Phone,Teacher,522900,Single
CUS003360, Sneha,Reddy,Female,34,,9323171611,C077,New,02-02-2024,Email,,1738259,Single
CUS003361,Sneha,Sharma,FEMALE,47,sneha.sharma3361@gmail.com,9862818145,C083,New,10-09-2024,Email,Engineer,2738500,Single
CUS003362,Priya,Singh,Male,34,priya.singh3362@gmail.com,9205277301,C065,New,17-08-2024,Email,Engineer,542175,Married
CUS003363,Aarav,Singh,Male,37,aarav.singh3363@gmail.com,9608944206,C226,premium,16-12-2024,WhatsApp,Business,2804805,married
CUS003364,Priya,Iyer,Male,58,priya.iyer3364@gmail.com,9209819144,C230,Premium,01-05-2024,WhatsApp,Engineer,2908024,Married
CUS003365,Rahul,Patel,male,58,rahul.patel3365@gmail.com,9226291298,C209,Premium,03-11-2024,WhatsApp,Engineer,1325491,married
CUS003366,Vikram,Sharma,MALE,60,vikram.sharma3366@gmail.com,98 25628730,C093,New,22-04-2024,Email,Engineer,1078616,Married
CUS003367,Rahul,Patel,Female,47,rahul.patel3367@gmail.com,9863899302,C048,Premium,07-05-2024,Email,Teacher,1154809,Single
CUS003368,Sneha,Reddy,MALE,30,sneha.reddy3368@gmail.com,9969539727,C048,premium,26-03-2024,WhatsApp,Engineer,1118099,Single
CUS003369,Rahul,Patel,FEMALE,51,rahul.patel3369@gmail.com,9486288978,C244,premium,09-09-2024,Email,Engineer,1928583,Married
CUS003370,Ananya,Sharma,FEMALE,64,ananya.sharma3370@gmail.com,9882637759,C212,premium,19-10-2024,WhatsApp,Doctor,2120398,Married
CUS003371,Vikram,Sharma,FEMALE,26,vikram.sharma3371@gmail.com,9805346070,C018,Returning,02-01-2024,WhatsApp,Engineer,600953,Single
CUS003372,Vikram,Patel,Female,39,vikram.patel3372@gmail.com,9679286516,C143,Returning,21-12-2024,Phone,Doctor,370776,Single
CUS003373,Ananya,Nair,Female,64,ananya.nair3373@gmail.com,9150406426,C204,premium,27-10-2024,Email,Doctor,2779281,Single
CUS003374,Vikram,Sharma,FEMALE,22,vikram.sharma3374@gmail.com,9164666964,C213,Premium,06-11-2024,Email,Engineer,1672713,Single
CUS003375,Vikram,Patel,Male,59,vikram.patel3375@gmail.com,9698868415,C027,Premium,07-04-2024,Email,Doctor,737866,Married
CUS003376,Vikram,Patel,MALE,45,vikram.patel3376@gmail.com,9791803653,C098,premium,14-09-2024,WhatsApp,Business,563040,married
CUS003377,Vikram,Sharma,MALE,30,vikram.sharma3377@gmail.com,9600810572,C060,premium,07-09-2024,WhatsApp,Doctor,1009280,Single
CUS003378,Ananya,Reddy,Male,63,ananya.reddy3378@gmail.com,9927828709,C141,premium,11-12-2024,WhatsApp,Doctor,2209966,Married
CUS003379,Sneha,Nair,FEMALE,55,sneha.nair3379@gmail.com,9180582007,C044,Returning,02-02-2024,Email,Engineer,643566,married
CUS003380,Aarav,Nair,MALE,26,aarav.nair3380@gmail.com,9797039997,C043,Premium,10-08-2024,WhatsApp,Engineer,501264,married
CUS003381,Rahul,Patel,Male,55,rahul.patel3381@gmail.com,9498959870,C227,Premium,18-12-2024,Phone,Doctor,1592853,Single
CUS003382,Priya,Sharma,MALE,24,priya.sharma3382@gmail.com,9518792377,C176,Premium,06-06-2024,Email,Engineer,1109172,Married
CUS003383,Vikram,Nair,male,50,vikram.nair3383@gmail.com,9786467404,C037,premium,20-01-2024,WhatsApp,Teacher,743590,Single
CUS003384,Ananya,Nair,Female,47,ananya.nair3384@gmail.com,9209024469,C068,premium,08-11-2024,WhatsApp,Engineer,2773689,married
CUS003385,Priya,Reddy,male,54,priya.reddy3385@gmail.com,9867623355,C115,Returning,04-11-2024,Email,Business,1510380,married
CUS003386,Vikram,Iyer,FEMALE,46,vikram.iyer3386@gmail.com,9692763651,C185,Returning,11-10-2024,Email,Teacher,1378484,Single
CUS003387,Aarav,Singh,FEMALE,46,aarav.singh3387@gmail.com,9834483837,C182,New,14-04-2024,Phone,Doctor,1938283,married
CUS003388,Sneha,Sharma,MALE,25,sneha.sharma3388@gmail.com,9960041119,C029,New,21-02-2024,Email,Teacher,2807199,married
CUS003389,Vikram,Patel,Male,62,vikram.patel3389@gmail.com,9872874413,C249,Premium,24-11-2024,WhatsApp,Business,1057690,Married
CUS003390,Vikram,Nair,FEMALE,54,vikram.nair3390@gmail.com,9117009945,C111,Returning,02-01-2024,Email,Business,2117934,Married
CUS003391,Ananya,Patel,Male,60,ananya.patel3391@gmail.com,9251699931,C239,premium,25-09-2024,Phone,Business,2105182,married
CUS003392,Priya,Reddy,FEMALE,53,priya.reddy3392@gmail.com,9307916489,C152,Premium,18-08-2024,Email,Business,2397469,Single
CUS003393,Rahul,Singh,Female,22,rahul.singh3393@gmail.com,9575513831,C138,Premium,28-01-2024,Email,Business,781911,Married
CUS003394,Vikram,Reddy,male,44,vikram.reddy3394@gmail.com,9964197170,C104,New,26-07-2024,Email,Business,1097622,Married
CUS003395,Aarav,Patel,male,41,aarav.patel3395@gmail.com,9428806828,C155,premium,19-08-2024,Phone,Business,445557,Single
CUS003396,Rahul,Singh,male,38,rahul.singh3396@gmail.com,9231847223,C067,premium,22-02-2024,Phone,Teacher,1242351,Married
CUS003397,Vikram,Iyer,MALE,39,vikram.iyer3397@gmail.com,9622900028,C078,New,18-07-2024,Phone,Teacher,1701113,married
CUS003398,Ananya,Nair,Male,32,ananya.nair3398@gmail.com,9794358457,C226,Returning,26-09-2024,Email,Business,731973,Single
CUS003399,Priya,Iyer,FEMALE,26,priya.iyer3399@gmail.com,98 56677074,C077,Returning,01-10-2024,Phone,Business,2323381,married
CUS003400,Sneha,Iyer,FEMALE,57,,9757066847,C013,premium,03-08-2024,Phone,Engineer,911053,married
CUS003401,Priya,Sharma,MALE,31,priya.sharma3401@gmail.com,9433895946,C004,premium,28-01-2024,Email,Doctor,1644564,Married
CUS003402,Rahul,Iyer,male,48,rahul.iyer3402@gmail.com,9739866052,C056,Returning,11-09-2024,WhatsApp,Doctor,1442610,married
CUS003403,Rahul,Sharma,Male,49,rahul.sharma3403@gmail.com,9598232065,C094,premium,19-09-2024,Phone,Business,1784199,Single
CUS003404,Priya,Nair,MALE,39,priya.nair3404@gmail.com,9854585854,C052,Premium,17-01-2024,Phone,Engineer,819835,Married
CUS003405,Rahul,Singh,MALE,59,rahul.singh3405@gmail.com,9437012474,C122,Premium,14-05-2024,WhatsApp,Business,666643,Single
CUS003406,Vikram,Nair,Male,39,vikram.nair3406@gmail.com,9502741287,C104,Returning,12-06-2024,Phone,Engineer,2021962,married
CUS003407,Vikram,Nair,MALE,25,vikram.nair3407@gmail.com,9760639478,C092,premium,10-06-2024,WhatsApp,Business,1036508,Married
CUS003408,Ananya,Singh,FEMALE,51,ananya.singh3408@gmail.com,9434643950,C140,New,11-09-2024,Email,Teacher,637706,Single
CUS003409,Ananya,Iyer,Female,48,ananya.iyer3409@gmail.com,9386954327,C015,Premium,09-07-2024,Email,Doctor,1106618,Single
CUS003410,Vikram,Singh,Female,60,vikram.singh3410@gmail.com,,C208,Returning,25-05-2024,WhatsApp,Business,1083303,married
CUS003411,Vikram,Nair,Female,32,vikram.nair3411@gmail.com,9491685685,C116,premium,02-01-2024,Email,Doctor,689304,Married
CUS003412,Rahul,Sharma,FEMALE,64,rahul.sharma3412@gmail.com,9214474126,C090,Returning,13-10-2024,Email,Doctor,2544878,Married
CUS003413,Sneha,Iyer,male,26,sneha.iyer3413@gmail.com,9217126248,C236,Premium,21-04-2024,Phone,Business,865230,Married
CUS003414,Priya,Iyer,Female,32,priya.iyer3414@gmail.com,9601475556,C076,New,27-04-2024,Email,Engineer,2872158,Single
CUS003415,Aarav,Patel,MALE,54,aarav.patel3415@gmail.com,9847844305,C213,Returning,16-11-2024,Email,Teacher,1543669,married
CUS003416,Vikram,Reddy,Female,25,vikram.reddy3416@gmail.com,9457376893,C044,Premium,17-12-2024,WhatsApp,Engineer,2979031,Single
CUS003417,Aarav,Singh,FEMALE,42,aarav.singh3417@gmail.com,9231179890,C196,premium,01-08-2024,Email,Business,1809297,Single
CUS003418,Vikram,Singh,Male,22,vikram.singh3418@gmail.com,9234657824,C094,Premium,13-03-2024,Email,Doctor,1393337,married
CUS003419,Aarav,Patel,MALE,61,aarav.patel3419@gmail.com,9959244553,C053,premium,11-03-2024,Email,Business,665670,married
CUS003420,Ananya,Nair,MALE,45,ananya.nair3420@gmail.com,9540379228,C059,premium,23-05-2024,WhatsApp,,2360713,Single
CUS003421,Sneha,Nair,male,52,sneha.nair3421@gmail.com,9934584780,C009,Premium,27-07-2024,Phone,Engineer,935678,Married
CUS003422,Aarav,Reddy,MALE,26,aarav.reddy3422@gmail.com,9156004459,C145,New,27-01-2024,WhatsApp,Teacher,1224118,married
CUS003423,Vikram,Patel,Male,26,vikram.patel3423@gmail.com,9938041429,C119,New,11-04-2024,Email,Doctor,2093318,Single
CUS003424,Ananya,Patel,Male,60,ananya.patel3424@gmail.com,9690713829,C035,New,19-03-2024,WhatsApp,Business,2944774,married
CUS003425,Sneha,Singh,Male,52,sneha.singh3425@gmail.com,9735714512,C150,premium,09-08-2024,Phone,Doctor,2973461,married
CUS003426,Rahul,Nair,male,58,rahul.nair3426@gmail.com,9447446246,C143,Premium,12-12-2024,WhatsApp,Business,2743546,Single
CUS003427,Vikram,Singh,FEMALE,22,vikram.singh3427@gmail.com,9875874788,C196,Returning,10-06-2024,Email,Doctor,1360064,married
CUS003428,Ananya,Iyer,male,32,ananya.iyer3428@gmail.com,9422116832,C110,New,11-03-2024,Email,Engineer,2467124,Married
CUS003429,Sneha,Reddy,FEMALE,51,sneha.reddy3429@gmail.com,9708227439,C167,premium,20-03-2024,WhatsApp,Teacher,2498725,married
CUS003430, Priya,Nair,Male,65,priya.nair3430@gmail.com,9498324691,C197,New,22-12-2024,Email,Business,824486,Single
CUS003431,Ananya,Patel,Female,59,ananya.patel3431@gmail.com,9974453466,C023,Returning,21-11-2024,Phone,Business,2358418,Single
CUS003432,Sneha,Sharma,MALE,45,sneha.sharma3432@gmail.com,98 72526541,C148,New,03-03-2024,WhatsApp,Engineer,501675,married
CUS003433,Priya,Sharma,male,31,priya.sharma3433@gmail.com,9575108749,C147,New,03-04-2024,WhatsApp,Business,1907026,Married
CUS003434,Rahul,Singh,Male,36,rahul.singh3434@gmail.com,9533160860,C020,Returning,27-08-2024,Phone,Business,804055,Married
CUS003435,Ananya,Iyer,male,46,ananya.iyer3435@gmail.com,9992244243,C135,premium,23-05-2024,Phone,Engineer,1870184,married
CUS003436,Rahul,Reddy,Female,42,rahul.reddy3436@gmail.com,9951557170,C063,Premium,28-05-2024,Phone,Teacher,2894726,Married
CUS003437,Sneha,Reddy,Female,31,sneha.reddy3437@gmail.com,9597873901,C027,Premium,13-11-2024,WhatsApp,Engineer,2223095,married
CUS003438,Rahul,Singh,male,46,rahul.singh3438@gmail.com,9283307855,C068,Premium,08-10-2024,Phone,Business,2411424,Single
CUS003439,Aarav,Singh,male,38,aarav.singh3439@gmail.com,9341649429,C230,Premium,22-08-2024,Phone,Engineer,723563,Married
CUS003440,Vikram,Patel,MALE,22,,9396941528,C237,New,18-08-2024,WhatsApp,Doctor,1429822,married
CUS003441,Ananya,Reddy,Female,43,ananya.reddy3441@gmail.com,9614117045,C045,premium,20-08-2024,Email,Doctor,1352311,Single
CUS003442,Ananya,Sharma,Female,42,ananya.sharma3442@gmail.com,9416644276,C199,Premium,06-03-2024,Phone,Engineer,614310,Married
CUS003443,Vikram,Iyer,male,49,vikram.iyer3443@gmail.com,9108657010,C226,Premium,08-08-2024,Phone,Engineer,319472,married
CUS003444,Vikram,Reddy,MALE,47,vikram.reddy3444@gmail.com,9705894991,C042,Premium,15-10-2024,Phone,Business,2176410,Single
CUS003445,Rahul,Patel,Female,34,rahul.patel3445@gmail.com,9442679345,C234,New,14-09-2024,Email,Teacher,1903643,Single
CUS003446,Vikram,Iyer,Male,31,vikram.iyer3446@gmail.com,9200751798,C113,Returning,22-04-2024,WhatsApp,Business,1666836,Single
CUS003447,Rahul,Sharma,male,56,rahul.sharma3447@gmail.com,9180348249,C231,Returning,18-12-2024,WhatsApp,Business,966347,Single
CUS003448,Ananya,Reddy,Male,51,ananya.reddy3448@gmail.com,9847626596,C104,Returning,19-06-2024,Phone,Teacher,2449921,married
CUS003449,Priya,Reddy,FEMALE,54,priya.reddy3449@gmail.com,9949947081,C026,premium,16-11-2024,WhatsApp,Business,479026,Single
CUS003450,Vikram,Patel,FEMALE,52,vikram.patel3450@gmail.com,9693105066,C158,Premium,10-10-2024,Phone,Business,458017,Married
CUS003451,Ananya,Sharma,Male,32,ananya.sharma3451@gmail.com,9946918925,C009,New,19-05-2024,Phone,Engineer,2540356,Single
CUS003452,Rahul,Singh,FEMALE,48,rahul.singh3452@gmail.com,9368601645,C043,New,06-04-2024,Phone,Engineer,1323223,married
CUS003453,Priya,Patel,male,62,priya.patel3453@gmail.com,9765671695,C215,Premium,09-03-2024,Email,Teacher,473355,Single
CUS003454,Sneha,Patel,male,36,sneha.patel3454@gmail.com,9708835883,C045,Returning,01-09-2024,WhatsApp,Engineer,718775,Married
CUS003455,Vikram,Iyer,Male,48,vikram.iyer3455@gmail.com,9132623721,C090,Premium,08-08-2024,Phone,Teacher,2042645,Single
CUS003456,Vikram,Sharma,Female,40,vikram.sharma3456@gmail.com,9976430903,C078,Returning,23-12-2024,Phone,Doctor,715472,married
CUS003457,Aarav,Reddy,male,28,aarav.reddy3457@gmail.com,9678147145,C155,Premium,19-07-2024,WhatsApp,Doctor,1336001,Married
CUS003458,Sneha,Iyer,Female,40,sneha.iyer3458@gmail.com,9914853481,C109,premium,27-09-2024,WhatsApp,Business,1930531,married
CUS003459,Priya,Nair,MALE,56,priya.nair3459@gmail.com,9672411557,C221,premium,14-12-2024,WhatsApp,Doctor,2541775,Single
CUS003460,Vikram,Patel,Male,52,vikram.patel3460@gmail.com,9622390885,C037,premium,18-04-2024,Phone,Engineer,2834301,married
CUS003461,Sneha,Singh,MALE,52,sneha.singh3461@gmail.com,9546008858,C064,Premium,27-08-2024,WhatsApp,Engineer,966464,Married
CUS003462,Ananya,Patel,Female,33,ananya.patel3462@gmail.com,9946243532,C150,Returning,02-02-2024,Email,Engineer,2714684,married
CUS003463,Rahul,Iyer,male,24,rahul.iyer3463@gmail.com,9233009546,C024,New,25-03-2024,Email,Business,2805732,married
CUS003464,Sneha,Nair,Male,47,sneha.nair3464@gmail.com,9354949388,C116,New,13-12-2024,WhatsApp,Business,1505385,Married
CUS003465,Vikram,Nair,male,41,vikram.nair3465@gmail.com,,C125,New,27-10-2024,Email,Business,2308169,Married
CUS003466,Vikram,Iyer,MALE,42,vikram.iyer3466@gmail.com,9220759547,C165,premium,26-01-2024,Phone,Business,1441232,Single
CUS003467,Priya,Nair,Male,53,priya.nair3467@gmail.com,9126776665,C018,Premium,15-02-2024,Phone,Business,2424052,Married
CUS003468,Rahul,Patel,male,28,rahul.patel3468@gmail.com,9452870214,C077,premium,12-07-2024,WhatsApp,Business,2312047,Married
CUS003469,Sneha,Singh,Male,54,sneha.singh3469@gmail.com,9948980713,C093,premium,26-03-2024,Email,Business,1975708,married
CUS003470,Rahul,Patel,Male,64,rahul.patel3470@gmail.com,9561205271,C128,New,20-02-2024,WhatsApp,Doctor,1458073,married
CUS003471,Priya,Nair,Male,23,priya.nair3471@gmail.com,9750884961,C014,New,17-08-2024,Email,Engineer,1464106,Married
CUS003472,Rahul,Patel,FEMALE,40,rahul.patel3472@gmail.com,9560440796,C208,Premium,21-04-2024,WhatsApp,Engineer,2527987,Married
CUS003473,Sneha,Singh,Female,37,sneha.singh3473@gmail.com,9312155306,C195,Premium,01-12-2024,Phone,Engineer,1465828,Single
CUS003474,Priya,Iyer,Female,40,priya.iyer3474@gmail.com,9721446412,C150,Returning,13-10-2024,WhatsApp,Engineer,904851,married
CUS003475,Priya,Singh,Male,64,priya.singh3475@gmail.com,9738435165,C119,Premium,03-05-2024,WhatsApp,Business,2779726,Married
CUS003476,Priya,Singh,Female,38,priya.singh3476@gmail.com,9879069616,C016,premium,12-02-2024,WhatsApp,Business,2454498,married
CUS003477,Sneha,Singh,male,25,sneha.singh3477@gmail.com,9219711165,C205,premium,10-04-2024,Email,Business,1255676,Married
CUS003478,Sneha,Singh,MALE,41,sneha.singh3478@gmail.com,9232669558,C032,New,22-12-2024,Email,Business,780503,married
CUS003479,Sneha,Sharma,Male,52,sneha.sharma3479@gmail.com,9681380800,C220,premium,08-05-2024,Email,Doctor,1604916,Single
CUS003480,Sneha,Sharma,FEMALE,54,,9546285857,C109,New,11-10-2024,Phone,,2160980,Married
CUS003481,Priya,Singh,male,50,priya.singh3481@gmail.com,9609049347,C051,Premium,19-08-2024,Email,Teacher,2096593,Single
CUS003482,Rahul,Singh,Male,59,rahul.singh3482@gmail.com,9158385445,C123,New,20-08-2024,Email,Engineer,1961828,Married
CUS003483,Ananya,Iyer,Female,37,ananya.iyer3483@gmail.com,9243445073,C099,New,17-06-2024,Email,Teacher,2053413,Married
CUS003484,Vikram,Reddy,male,48,vikram.reddy3484@gmail.com,9629070784,C134,Premium,02-08-2024,Phone,Teacher,1664574,married
CUS003485,Aarav,Reddy,FEMALE,33,aarav.reddy3485@gmail.com,9892007201,C135,New,23-07-2024,Phone,Engineer,1767353,Married
CUS003486,Vikram,Nair,Female,33,vikram.nair3486@gmail.com,9875561050,C225,Premium,28-04-2024,Phone,Business,912171,married
CUS003487,Rahul,Sharma,MALE,50,rahul.sharma3487@gmail.com,9544226115,C077,New,08-12-2024,WhatsApp,Engineer,1723355,married
CUS003488,Aarav,Patel,male,63,aarav.patel3488@gmail.com,9709329379,C188,Returning,22-01-2024,Phone,Business,1862167,Married
CUS003489,Ananya,Reddy,FEMALE,45,ananya.reddy3489@gmail.com,9468186703,C107,premium,12-08-2024,Email,Business,2696469,Single
CUS003490,Ananya,Iyer,male,30,ananya.iyer3490@gmail.com,9819202452,C080,Returning,27-02-2024,Phone,Business,2464732,Single
CUS003491,Vikram,Reddy,male,26,vikram.reddy3491@gmail.com,9510761001,C169,premium,25-12-2024,Email,Doctor,2358165,Married
CUS003492,Sneha,Iyer,MALE,63,sneha.iyer3492@gmail.com,9601701510,C221,Premium,23-10-2024,Phone,Engineer,1117486,married
CUS003493,Rahul,Reddy,MALE,60,rahul.reddy3493@gmail.com,9558370172,C166,premium,28-02-2024,Phone,Doctor,1371063,married
CUS003494,Sneha,Patel,Male,60,sneha.patel3494@gmail.com,9959151996,C162,New,07-05-2024,Email,Doctor,2843748,married
CUS003495,Sneha,Nair,Male,63,sneha.nair3495@gmail.com,9983876568,C012,premium,25-06-2024,Phone,Teacher,348880,Married
CUS003496,Vikram,Sharma,male,47,vikram.sharma3496@gmail.com,9308784133,C127,Returning,27-06-2024,Email,Teacher,1394266,Single
CUS003497,Rahul,Iyer,MALE,32,rahul.iyer3497@gmail.com,9626359607,C183,Returning,05-05-2024,Email,Engineer,343247,Single
CUS003498,Rahul,Iyer,FEMALE,63,rahul.iyer3498@gmail.com,98 50516726,C180,New,06-08-2024,Email,Business,1930264,Single
CUS003499,Aarav,Nair,FEMALE,46,aarav.nair3499@gmail.com,9770706025,C217,Premium,20-08-2024,Email,Business,2370537,Single
CUS003500, Sneha,Singh,MALE,42,sneha.singh3500@gmail.com,9390729915,C185,premium,21-02-2024,Email,Teacher,573635,Married
CUS003501,Priya,Singh,MALE,51,priya.singh3501@gmail.com,9433635654,C197,Premium,13-12-2024,Email,Teacher,2697921,Single
CUS003502,Vikram,Sharma,FEMALE,34,vikram.sharma3502@gmail.com,9375597765,C174,Premium,21-01-2024,WhatsApp,Business,2088681,Married
CUS003503,Rahul,Patel,FEMALE,51,rahul.patel3503@gmail.com,9255617525,C025,Premium,17-01-2024,Email,Teacher,924575,Married
CUS003504,Aarav,Reddy,Male,43,aarav.reddy3504@gmail.com,9973314968,C154,premium,06-05-2024,WhatsApp,Business,469277,Single
CUS003505,Ananya,Reddy,male,39,ananya.reddy3505@gmail.com,9583371925,C216,Returning,15-11-2024,WhatsApp,Engineer,2033544,Single
CUS003506,Rahul,Singh,male,55,rahul.singh3506@gmail.com,9291690509,C132,premium,21-10-2024,WhatsApp,Teacher,701080,married
CUS003507,Aarav,Nair,male,49,aarav.nair3507@gmail.com,9570172425,C130,New,02-10-2024,WhatsApp,Business,1698266,Married
CUS003508,Priya,Sharma,Male,50,priya.sharma3508@gmail.com,9509611758,C095,Returning,02-10-2024,Email,Doctor,443967,Single
CUS003509,Priya,Sharma,MALE,25,priya.sharma3509@gmail.com,9903706965,C228,Premium,25-09-2024,Email,Business,1462258,married
CUS003510,Sneha,Reddy,male,35,sneha.reddy3510@gmail.com,9169079629,C020,Premium,06-07-2024,WhatsApp,Doctor,2189409,Single
CUS003511,Sneha,Singh,MALE,29,sneha.singh3511@gmail.com,9952119204,C224,Premium,27-10-2024,Phone,Business,903175,Single
CUS003512,Aarav,Nair,FEMALE,36,aarav.nair3512@gmail.com,9499773523,C075,premium,23-01-2024,Phone,Teacher,2828146,married
CUS003513,Vikram,Patel,Female,49,vikram.patel3513@gmail.com,9261211901,C143,Premium,13-04-2024,Phone,Engineer,872436,Married
CUS003514,Rahul,Reddy,FEMALE,64,rahul.reddy3514@gmail.com,9948748570,C220,Returning,18-10-2024,WhatsApp,Engineer,1890501,Single
CUS003515,Sneha,Reddy,Male,49,sneha.reddy3515@gmail.com,9448370821,C113,Premium,21-04-2024,Phone,Business,416224,Single
CUS003516,Priya,Nair,male,38,priya.nair3516@gmail.com,9417002907,C238,Returning,12-02-2024,WhatsApp,Business,2846530,Married
CUS003517,Aarav,Sharma,MALE,39,aarav.sharma3517@gmail.com,9833419159,C033,Premium,04-05-2024,Phone,Engineer,2767215,married
CUS003518,Ananya,Nair,MALE,25,ananya.nair3518@gmail.com,9970026965,C134,Premium,28-12-2024,Email,Business,686876,married
CUS003519,Rahul,Patel,male,47,rahul.patel3519@gmail.com,9655595616,C220,New,14-12-2024,Email,Doctor,809458,Married
CUS003520,Rahul,Reddy,Female,42,,,C137,New,11-09-2024,Email,Doctor,868477,married
CUS003521,Rahul,Nair,MALE,41,rahul.nair3521@gmail.com,9127578217,C040,Premium,05-09-2024,Phone,Doctor,2494166,Married
CUS003522,Sneha,Patel,Female,60,sneha.patel3522@gmail.com,9377616094,C173,New,24-09-2024,Phone,Business,2606404,Single
CUS003523,Priya,Reddy,male,37,priya.reddy3523@gmail.com,9191094274,C024,Returning,09-05-2024,Phone,Engineer,2153380,married
CUS003524,Aarav,Patel,male,28,aarav.patel3524@gmail.com,9587306288,C166,Returning,04-12-2024,Email,Engineer,2376359,Single
CUS003525,Sneha,Singh,FEMALE,36,sneha.singh3525@gmail.com,9208493950,C064,Returning,27-06-2024,Phone,Doctor,2732485,married
CUS003526,Sneha,Nair,Female,57,sneha.nair3526@gmail.com,9436773291,C065,New,23-06-2024,WhatsApp,Business,2521183,Single
CUS003527,Vikram,Iyer,Female,58,vikram.iyer3527@gmail.com,9497799079,C186,Returning,14-02-2024,Email,Engineer,1797599,Single
CUS003528,Rahul,Reddy,male,50,rahul.reddy3528@gmail.com,9664203969,C059,Returning,20-06-2024,Phone,Business,453980,Married
CUS003529,Sneha,Reddy,Male,42,sneha.reddy3529@gmail.com,9205384675,C155,Premium,26-12-2024,Email,Engineer,2966782,married
CUS003530,Aarav,Nair,FEMALE,53,aarav.nair3530@gmail.com,9329671672,C013,premium,23-12-2024,Phone,Doctor,2543390,married
CUS003531,Aarav,Singh,male,37,aarav.singh3531@gmail.com,98 90918904,C136,premium,13-01-2024,WhatsApp,Business,1612895,Married
CUS003532,Ananya,Nair,Male,51,ananya.nair3532@gmail.com,9392714431,C152,Premium,19-05-2024,Email,Teacher,2357652,married
CUS003533,Vikram,Sharma,male,62,vikram.sharma3533@gmail.com,9494050836,C235,New,16-09-2024,Phone,Business,2406407,Married
CUS003534,Aarav,Sharma,MALE,35,aarav.sharma3534@gmail.com,9743946533,C148,Returning,18-08-2024,WhatsApp,Teacher,2277356,married
CUS003535,Vikram,Iyer,male,39,vikram.iyer3535@gmail.com,9730701499,C150,Returning,20-08-2024,WhatsApp,Engineer,339687,Single
CUS003536,Rahul,Singh,Male,55,rahul.singh3536@gmail.com,9415691177,C026,premium,04-07-2024,Email,Engineer,1708675,Single
CUS003537,Aarav,Reddy,Male,56,aarav.reddy3537@gmail.com,9332754169,C187,Returning,21-05-2024,Email,Business,684514,married
CUS003538,Aarav,Patel,male,44,aarav.patel3538@gmail.com,9833764179,C068,Returning,25-02-2024,Email,Teacher,869934,married
CUS003539,Rahul,Nair,Male,31,rahul.nair3539@gmail.com,9441292106,C148,Returning,17-09-2024,Email,Business,658878,Married
CUS003540,Rahul,Patel,male,39,rahul.patel3540@gmail.com,9679361096,C191,Returning,08-11-2024,Email,,358224,Married
CUS003541,Priya,Sharma,Female,59,priya.sharma3541@gmail.com,9234434762,C236,Returning,01-11-2024,Phone,Engineer,554675,married
CUS003542,Ananya,Reddy,MALE,42,ananya.reddy3542@gmail.com,9598762431,C027,Premium,12-02-2024,Email,Engineer,1328620,Single
CUS003543,Ananya,Sharma,male,32,ananya.sharma3543@gmail.com,9574066183,C222,Returning,17-02-2024,Phone,Teacher,1661077,Single
CUS003544,Rahul,Singh,male,65,rahul.singh3544@gmail.com,9821245673,C233,Premium,14-03-2024,Email,Doctor,2815096,Married
CUS003545,Vikram,Sharma,Female,38,vikram.sharma3545@gmail.com,9792352481,C022,premium,21-11-2024,Email,Teacher,748980,Single
CUS003546,Aarav,Patel,Female,49,aarav.patel3546@gmail.com,9482883695,C007,Premium,23-02-2024,Phone,Engineer,333040,Married
CUS003547,Vikram,Patel,Female,64,vikram.patel3547@gmail.com,9343801408,C120,premium,04-09-2024,Email,Engineer,357201,Married
CUS003548,Vikram,Reddy,MALE,56,vikram.reddy3548@gmail.com,9112322445,C049,Premium,14-06-2024,Phone,Teacher,2112912,Single
CUS003549,Ananya,Reddy,Female,44,ananya.reddy3549@gmail.com,9388908254,C109,Premium,26-05-2024,Phone,Engineer,2563775,Married
CUS003550,Priya,Patel,MALE,36,priya.patel3550@gmail.com,9605214678,C216,Premium,18-11-2024,Phone,Engineer,433441,Married
CUS003551,Vikram,Iyer,Female,57,vikram.iyer3551@gmail.com,9572625216,C142,New,17-07-2024,WhatsApp,Engineer,1917737,Single
CUS003552,Ananya,Singh,Male,29,ananya.singh3552@gmail.com,9619546975,C215,New,04-10-2024,Email,Business,1456185,Married
CUS003553,Sneha,Iyer,FEMALE,31,sneha.iyer3553@gmail.com,9830031526,C041,Returning,20-12-2024,WhatsApp,Business,2708643,married
CUS003554,Vikram,Patel,male,41,vikram.patel3554@gmail.com,9156124354,C034,premium,15-08-2024,Email,Business,1710328,Married
CUS003555,Ananya,Patel,FEMALE,47,ananya.patel3555@gmail.com,9525212629,C019,New,05-01-2024,Phone,Business,1865242,married
CUS003556,Vikram,Reddy,Male,34,vikram.reddy3556@gmail.com,9150996818,C155,premium,09-09-2024,WhatsApp,Business,2919128,Married
CUS003557,Vikram,Iyer,Male,51,vikram.iyer3557@gmail.com,9883653511,C250,Returning,13-10-2024,Email,Business,998276,married
CUS003558,Rahul,Patel,Male,56,rahul.patel3558@gmail.com,9705887837,C202,premium,17-10-2024,WhatsApp,Engineer,712651,married
CUS003559,Rahul,Sharma,FEMALE,44,rahul.sharma3559@gmail.com,9723927724,C072,New,05-08-2024,WhatsApp,Doctor,666606,Single
CUS003560,Sneha,Nair,male,34,,9890042659,C138,Premium,07-09-2024,WhatsApp,Doctor,434117,married
CUS003561,Rahul,Sharma,FEMALE,53,rahul.sharma3561@gmail.com,9517414631,C167,New,27-10-2024,Email,Doctor,638098,married
CUS003562,Aarav,Nair,male,26,aarav.nair3562@gmail.com,9764601984,C186,Returning,23-01-2024,Email,Doctor,592993,Married
CUS003563,Ananya,Singh,Female,48,ananya.singh3563@gmail.com,9268243633,C166,New,19-06-2024,WhatsApp,Engineer,1099300,Married
CUS003564,Aarav,Singh,male,23,aarav.singh3564@gmail.com,98 56180575,C156,Premium,27-05-2024,Phone,Engineer,2117825,married
CUS003565,Priya,Patel,Female,31,priya.patel3565@gmail.com,9992843423,C202,premium,23-08-2024,WhatsApp,Teacher,2578680,Married
CUS003566,Vikram,Iyer,Male,49,vikram.iyer3566@gmail.com,9955558923,C050,premium,20-10-2024,Email,Business,1719803,Married
CUS003567,Sneha,Iyer,male,38,sneha.iyer3567@gmail.com,9979473676,C073,Premium,06-08-2024,Email,Business,2936909,Married
CUS003568,Vikram,Singh,Male,58,vikram.singh3568@gmail.com,9707448198,C109,Premium,23-06-2024,WhatsApp,Engineer,2934615,Single
CUS003569,Vikram,Iyer,Female,58,vikram.iyer3569@gmail.com,9191953782,C180,Returning,01-06-2024,WhatsApp,Business,1594334,Married
CUS003570, Priya,Sharma,FEMALE,55,priya.sharma3570@gmail.com,9860274614,C200,Returning,15-01-2024,Email,Teacher,403647,Single
CUS003571,Priya,Iyer,MALE,24,priya.iyer3571@gmail.com,9334188485,C074,Premium,26-11-2024,Email,Engineer,1143234,Married
CUS003572,Rahul,Sharma,male,50,rahul.sharma3572@gmail.com,9380411563,C197,Premium,02-03-2024,Phone,Engineer,950372,married
CUS003573,Priya,Reddy,male,31,priya.reddy3573@gmail.com,9630254316,C082,New,10-08-2024,WhatsApp,Doctor,2799808,married
CUS003574,Aarav,Reddy,MALE,63,aarav.reddy3574@gmail.com,9356455299,C082,New,27-01-2024,Email,Engineer,707685,Married
CUS003575,Aarav,Patel,Female,28,aarav.patel3575@gmail.com,,C065,Premium,20-12-2024,Phone,Engineer,1067097,Married
CUS003576,Vikram,Nair,FEMALE,25,vikram.nair3576@gmail.com,9379249564,C069,New,12-05-2024,Email,Doctor,2212380,Married
CUS003577,Ananya,Patel,MALE,65,ananya.patel3577@gmail.com,9885185267,C030,Premium,03-11-2024,Email,Engineer,2156427,Married
CUS003578,Priya,Singh,FEMALE,45,priya.singh3578@gmail.com,9484154206,C148,Premium,14-11-2024,Email,Business,349378,married
CUS003579,Aarav,Nair,MALE,41,aarav.nair3579@gmail.com,9600561256,C101,Premium,03-04-2024,Phone,Engineer,1426207,married
CUS003580,Sneha,Reddy,Male,35,sneha.reddy3580@gmail.com,9197154669,C133,Premium,17-06-2024,WhatsApp,Doctor,1181960,Married
CUS003581,Rahul,Singh,Male,48,rahul.singh3581@gmail.com,9336507233,C008,Premium,10-06-2024,Email,Business,2463053,Married
CUS003582,Ananya,Singh,FEMALE,54,ananya.singh3582@gmail.com,9998824413,C058,Returning,05-01-2024,Phone,Business,2153734,Married
CUS003583,Aarav,Patel,male,62,aarav.patel3583@gmail.com,9865901680,C006,premium,16-04-2024,Email,Business,2143516,Single
CUS003584,Vikram,Iyer,Female,46,vikram.iyer3584@gmail.com,9346354512,C055,Premium,28-02-2024,Email,Business,1491544,Married
CUS003585,Rahul,Iyer,male,64,rahul.iyer3585@gmail.com,9841082004,C228,Returning,12-08-2024,WhatsApp,Teacher,2972453,married
CUS003586,Sneha,Patel,Male,23,sneha.patel3586@gmail.com,9649916273,C168,Returning,19-04-2024,WhatsApp,Teacher,2766406,Single
CUS003587,Ananya,Reddy,Female,37,ananya.reddy3587@gmail.com,9823861591,C233,New,22-02-2024,Email,Teacher,2367280,married
CUS003588,Ananya,Sharma,male,44,ananya.sharma3588@gmail.com,9944720715,C044,Premium,13-09-2024,Email,Business,2717213,Single
CUS003589,Vikram,Singh,FEMALE,65,vikram.singh3589@gmail.com,9949280578,C017,premium,17-10-2024,WhatsApp,Doctor,424041,Single
CUS003590,Sneha,Patel,FEMALE,37,sneha.patel3590@gmail.com,9362719676,C108,New,13-10-2024,WhatsApp,Teacher,2068794,Married
CUS003591,Priya,Singh,Male,32,priya.singh3591@gmail.com,9813827279,C151,Premium,14-02-2024,Email,Teacher,1762439,Married
CUS003592,Rahul,Singh,male,28,rahul.singh3592@gmail.com,9881018273,C178,Premium,27-10-2024,Phone,Teacher,513566,Single
CUS003593,Sneha,Singh,FEMALE,38,sneha.singh3593@gmail.com,9586403710,C140,premium,09-12-2024,Phone,Doctor,876904,Married
CUS003594,Priya,Iyer,Male,28,priya.iyer3594@gmail.com,9652706208,C227,Returning,22-08-2024,Phone,Engineer,1513179,Married
CUS003595,Aarav,Patel,MALE,41,aarav.patel3595@gmail.com,9105617794,C084,New,17-03-2024,Email,Business,2846671,Married
CUS003596,Sneha,Reddy,male,32,sneha.reddy3596@gmail.com,9661609804,C048,premium,03-04-2024,WhatsApp,Business,777596,Single
CUS003597,Priya,Sharma,male,62,priya.sharma3597@gmail.com,98 67624267,C217,New,08-03-2024,Phone,Engineer,1057749,Single
CUS003598,Vikram,Singh,FEMALE,43,vikram.singh3598@gmail.com,9919751454,C083,New,02-04-2024,Phone,Business,2638204,Married
CUS003599,Aarav,Singh,Female,47,aarav.singh3599@gmail.com,9792324016,C180,Premium,22-08-2024,WhatsApp,Doctor,1943401,married
CUS003600,Vikram,Nair,FEMALE,35,,9841651130,C217,Premium,15-08-2024,Phone,,2064404,Single
CUS003601,Priya,Iyer,FEMALE,40,priya.iyer3601@gmail.com,9657762083,C043,New,13-10-2024,WhatsApp,Doctor,511628,Married
CUS003602,Rahul,Sharma,MALE,33,rahul.sharma3602@gmail.com,9120641656,C223,Returning,24-10-2024,Email,Business,1823117,Single
CUS003603,Rahul,Reddy,Male,54,rahul.reddy3603@gmail.com,9281507944,C237,premium,21-07-2024,Email,Teacher,589449,married
CUS003604,Ananya,Sharma,Male,29,ananya.sharma3604@gmail.com,9256586379,C012,Premium,22-11-2024,Email,Engineer,2246220,Married
CUS003605,Aarav,Sharma,Female,50,aarav.sharma3605@gmail.com,9688065024,C180,New,18-05-2024,Email,Doctor,616935,Single
CUS003606,Ananya,Iyer,FEMALE,58,ananya.iyer3606@gmail.com,9165016304,C038,Returning,10-04-2024,Email,Business,432384,Married
CUS003607,Ananya,Reddy,FEMALE,39,ananya.reddy3607@gmail.com,9828593440,C138,New,19-10-2024,WhatsApp,Teacher,437502,Single
CUS003608,Vikram,Reddy,Male,62,vikram.reddy3608@gmail.com,9588646014,C031,Premium,10-08-2024,Email,Teacher,2955327,Single
CUS003609,Rahul,Nair,male,30,rahul.nair3609@gmail.com,9796534913,C108,New,06-12-2024,WhatsApp,Teacher,1911440,married
CUS003610,Ananya,Reddy,MALE,34,ananya.reddy3610@gmail.com,9978448323,C001,premium,03-10-2024,Email,Business,1245535,married
CUS003611,Priya,Reddy,Female,22,priya.reddy3611@gmail.com,9156842527,C032,New,18-10-2024,WhatsApp,Business,1825810,Married
CUS003612,Rahul,Reddy,MALE,63,rahul.reddy3612@gmail.com,9595912512,C106,premium,08-04-2024,WhatsApp,Business,1915343,Single
CUS003613,Aarav,Reddy,male,31,aarav.reddy3613@gmail.com,9430466237,C204,Premium,06-02-2024,Phone,Engineer,1654857,Single
CUS003614,Sneha,Nair,Female,37,sneha.nair3614@gmail.com,9671895083,C240,New,22-06-2024,WhatsApp,Engineer,1126407,Single
CUS003615,Sneha,Nair,Female,23,sneha.nair3615@gmail.com,9497111560,C084,Returning,18-04-2024,WhatsApp,Teacher,2759642,Married
CUS003616,Priya,Sharma,FEMALE,52,priya.sharma3616@gmail.com,9132519264,C196,premium,09-02-2024,Phone,Engineer,1463283,Single
CUS003617,Rahul,Iyer,Female,41,rahul.iyer3617@gmail.com,9866028808,C025,Premium,16-09-2024,Email,Business,903865,Married
CUS003618,Sneha,Nair,Female,55,sneha.nair3618@gmail.com,9901020806,C018,New,06-04-2024,Phone,Business,2838706,Married
CUS003619,Rahul,Sharma,MALE,44,rahul.sharma3619@gmail.com,9618718567,C083,Returning,16-07-2024,Email,Engineer,2415800,Married
CUS003620,Vikram,Reddy,FEMALE,32,vikram.reddy3620@gmail.com,9392981918,C112,premium,20-12-2024,WhatsApp,Business,632198,married
CUS003621,Sneha,Reddy,Male,25,sneha.reddy3621@gmail.com,9248985747,C051,New,11-08-2024,Phone,Doctor,2730219,Single
CUS003622,Ananya,Patel,FEMALE,30,ananya.patel3622@gmail.com,9458581128,C063,New,12-02-2024,WhatsApp,Doctor,713777,Married
CUS003623,Priya,Nair,FEMALE,64,priya.nair3623@gmail.com,9408509432,C063,Returning,11-06-2024,Phone,Teacher,1797653,Single
CUS003624,Vikram,Singh,Female,63,vikram.singh3624@gmail.com,9172497632,C017,premium,23-01-2024,Email,Doctor,1379015,Married
CUS003625,Aarav,Reddy,MALE,34,aarav.reddy3625@gmail.com,9740247528,C174,New,05-06-2024,WhatsApp,Business,1711016,married
CUS003626,Aarav,Sharma,MALE,25,aarav.sharma3626@gmail.com,9563099278,C127,Returning,26-01-2024,Email,Engineer,2701753,Married
CUS003627,Ananya,Patel,Female,59,ananya.patel3627@gmail.com,9666524824,C222,New,28-08-2024,Email,Engineer,2329292,Single
CUS003628,Aarav,Sharma,MALE,63,aarav.sharma3628@gmail.com,9630389489,C022,Returning,06-06-2024,WhatsApp,Doctor,1288409,Single
CUS003629,Aarav,Patel,FEMALE,59,aarav.patel3629@gmail.com,9512671490,C046,Returning,16-02-2024,Phone,Doctor,2281800,married
CUS003630,Sneha,Patel,Female,63,sneha.patel3630@gmail.com,,C231,New,22-04-2024,WhatsApp,Business,2506339,Single
CUS003631,Priya,Reddy,male,45,priya.reddy3631@gmail.com,9394851938,C240,Premium,21-01-2024,Phone,Business,1286532,married
CUS003632,Priya,Reddy,Male,56,priya.reddy3632@gmail.com,9690368580,C093,Premium,02-11-2024,WhatsApp,Engineer,2392696,married
CUS003633,Vikram,Reddy,Male,40,vikram.reddy3633@gmail.com,9847254915,C089,New,16-05-2024,Phone,Teacher,2703526,Single
CUS003634,Vikram,Patel,FEMALE,38,vikram.patel3634@gmail.com,9627113693,C097,New,07-12-2024,WhatsApp,Doctor,1275248,married
CUS003635,Vikram,Sharma,FEMALE,42,vikram.sharma3635@gmail.com,9393411684,C181,premium,17-04-2024,Phone,Business,2006395,Married
CUS003636,Aarav,Singh,male,36,aarav.singh3636@gmail.com,9676353231,C221,Returning,25-05-2024,Phone,Teacher,2629622,married
CUS003637,Aarav,Nair,FEMALE,31,aarav.nair3637@gmail.com,9229257288,C221,New,11-01-2024,Phone,Teacher,588838,Single
CUS003638,Aarav,Iyer,Female,65,aarav.iyer3638@gmail.com,9748232668,C042,Premium,11-12-2024,Phone,Engineer,2993799,Married
CUS003639,Priya,Reddy,male,45,priya.reddy3639@gmail.com,9610507790,C211,premium,02-10-2024,Email,Doctor,2802179,married
CUS003640, Vikram,Sharma,Male,64,,9331094046,C040,premium,25-05-2024,Phone,Doctor,325300,Married
CUS003641,Aarav,Sharma,FEMALE,47,aarav.sharma3641@gmail.com,9423480431,C021,Premium,18-04-2024,Phone,Teacher,1789065,Single
CUS003642,Priya,Patel,Male,57,priya.patel3642@gmail.com,9467953741,C115,New,28-08-2024,Email,Business,421284,Married
CUS003643,Vikram,Sharma,FEMALE,54,vikram.sharma3643@gmail.com,9986323050,C242,Premium,14-01-2024,Email,Teacher,930857,married
CUS003644,Priya,Sharma,male,40,priya.sharma3644@gmail.com,9199517249,C150,Returning,17-07-2024,WhatsApp,Business,1945380,Single
CUS003645,Aarav,Nair,Male,25,aarav.nair3645@gmail.com,9151933145,C036,Premium,23-12-2024,Phone,Doctor,1347922,Single
CUS003646,Vikram,Patel,MALE,30,vikram.patel3646@gmail.com,9254784552,C161,Returning,13-09-2024,WhatsApp,Doctor,2206899,Single
CUS003647,Aarav,Singh,male,25,aarav.singh3647@gmail.com,9125997774,C043,Premium,01-11-2024,Phone,Doctor,2937178,Married
CUS003648,Rahul,Sharma,MALE,31,rahul.sharma3648@gmail.com,9546166328,C201,New,28-08-2024,Phone,Business,1206548,Single
CUS003649,Aarav,Reddy,Male,52,aarav.reddy3649@gmail.com,9322463675,C129,New,22-05-2024,Phone,Engineer,1348656,Single
CUS003650,Priya,Patel,FEMALE,49,priya.patel3650@gmail.com,9288251600,C179,Premium,10-05-2024,Phone,Business,2663607,Married
CUS003651,Sneha,Nair,Female,30,sneha.nair3651@gmail.com,9164084898,C195,New,18-06-2024,WhatsApp,Business,2162788,married
CUS003652,Sneha,Reddy,MALE,39,sneha.reddy3652@gmail.com,9841386528,C229,Premium,08-11-2024,WhatsApp,Business,1880681,Single
CUS003653,Ananya,Nair,Female,49,ananya.nair3653@gmail.com,9274127196,C236,Returning,21-09-2024,WhatsApp,Business,683280,Married
CUS003654,Priya,Sharma,MALE,57,priya.sharma3654@gmail.com,9484137677,C198,premium,03-12-2024,Phone,Engineer,793735,married
CUS003655,Aarav,Reddy,MALE,48,aarav.reddy3655@gmail.com,9989746973,C176,premium,09-02-2024,Phone,Engineer,2368823,Married
CUS003656,Aarav,Reddy,MALE,64,aarav.reddy3656@gmail.com,9592457243,C230,New,22-05-2024,Email,Teacher,1798528,married
CUS003657,Aarav,Sharma,Male,32,aarav.sharma3657@gmail.com,9598884538,C012,Premium,25-05-2024,Email,Engineer,1038315,married
CUS003658,Vikram,Singh,FEMALE,34,vikram.singh3658@gmail.com,9158905747,C240,New,08-12-2024,Phone,Doctor,2771834,Married
CUS003659,Aarav,Nair,MALE,58,aarav.nair3659@gmail.com,9282075765,C111,Premium,06-03-2024,Phone,Doctor,424590,Married
CUS003660,Rahul,Patel,Male,65,rahul.patel3660@gmail.com,9457584135,C248,New,10-12-2024,Email,,1981288,Married
CUS003661,Aarav,Nair,Female,41,aarav.nair3661@gmail.com,9787127146,C060,Returning,04-07-2024,Phone,Teacher,1600332,Married
CUS003662,Sneha,Nair,Male,42,sneha.nair3662@gmail.com,9402920376,C156,Returning,08-01-2024,Phone,Doctor,2250360,married
CUS003663,Sneha,Reddy,male,33,sneha.reddy3663@gmail.com,98 20383505,C105,Premium,19-10-2024,WhatsApp,Business,2471924,Single
CUS003664,Priya,Patel,male,42,priya.patel3664@gmail.com,9826095294,C034,Returning,05-03-2024,Phone,Business,951877,Married
CUS003665,Priya,Sharma,MALE,41,priya.sharma3665@gmail.com,9473354346,C134,Premium,28-10-2024,WhatsApp,Business,1343606,Married
CUS003666,Aarav,Reddy,MALE,40,aarav.reddy3666@gmail.com,9171473320,C021,premium,16-12-2024,Email,Business,1218337,married
CUS003667,Priya,Singh,FEMALE,48,priya.singh3667@gmail.com,9657701716,C047,premium,28-01-2024,WhatsApp,Business,625353,married
CUS003668,Ananya,Sharma,Male,45,ananya.sharma3668@gmail.com,9268590795,C176,Returning,09-06-2024,Phone,Engineer,1381963,Married
CUS003669,Ananya,Sharma,male,47,ananya.sharma3669@gmail.com,9225642560,C116,Premium,18-10-2024,WhatsApp,Doctor,698862,married
CUS003670,Sneha,Nair,Female,43,sneha.nair3670@gmail.com,9239071424,C046,Premium,25-08-2024,Email,Engineer,2553427,married
CUS003671,Priya,Patel,male,65,priya.patel3671@gmail.com,9455133606,C226,Premium,12-05-2024,Email,Doctor,970288,Married
CUS003672,Sneha,Reddy,MALE,62,sneha.reddy3672@gmail.com,9652706073,C228,New,04-05-2024,WhatsApp,Doctor,2209177,Married
CUS003673,Aarav,Sharma,MALE,57,aarav.sharma3673@gmail.com,9306366105,C108,Returning,15-04-2024,Email,Business,2718611,Single
CUS003674,Sneha,Nair,MALE,51,sneha.nair3674@gmail.com,9244639655,C170,Premium,04-10-2024,Phone,Teacher,2863581,Single
CUS003675,Ananya,Singh,Male,25,ananya.singh3675@gmail.com,9679747625,C184,Returning,20-03-2024,WhatsApp,Doctor,2687872,Married
CUS003676,Rahul,Nair,Male,60,rahul.nair3676@gmail.com,9719262464,C180,New,18-11-2024,Phone,Teacher,1659079,married
CUS003677,Sneha,Sharma,male,30,sneha.sharma3677@gmail.com,9123977640,C148,Premium,28-11-2024,Phone,Engineer,2157626,married
CUS003678,Vikram,Nair,male,57,vikram.nair3678@gmail.com,9679752004,C104,New,09-09-2024,WhatsApp,Teacher,700656,married
CUS003679,Ananya,Iyer,MALE,42,ananya.iyer3679@gmail.com,9658143356,C084,Premium,12-04-2024,WhatsApp,Engineer,2439916,married
CUS003680,Ananya,Singh,FEMALE,29,,9331166655,C148,premium,17-10-2024,Phone,Engineer,1646466,Single
CUS003681,Vikram,Iyer,male,24,vikram.iyer3681@gmail.com,9882960171,C054,Premium,23-05-2024,Phone,Business,1974034,Single
CUS003682,Priya,Patel,Female,26,priya.patel3682@gmail.com,9508119109,C154,Returning,13-12-2024,Phone,Teacher,1897040,Married
CUS003683,Ananya,Patel,Female,28,ananya.patel3683@gmail.com,9506582436,C003,Returning,03-05-2024,Phone,Business,1838606,Married
CUS003684,Priya,Reddy,male,48,priya.reddy3684@gmail.com,9359461340,C142,premium,19-05-2024,WhatsApp,Business,2221743,married
CUS003685,Sneha,Iyer,MALE,43,sneha.iyer3685@gmail.com,,C208,premium,20-07-2024,Email,Doctor,1992391,Single
CUS003686,Priya,Reddy,FEMALE,57,priya.reddy3686@gmail.com,9403487103,C190,New,04-11-2024,Email,Engineer,2152521,Married
CUS003687,Rahul,Iyer,MALE,52,rahul.iyer3687@gmail.com,9501094992,C185,premium,02-10-2024,Phone,Engineer,1521040,Single
CUS003688,Vikram,Nair,FEMALE,23,vikram.nair3688@gmail.com,9690638777,C109,premium,23-01-2024,WhatsApp,Teacher,1504035,married
CUS003689,Aarav,Reddy,Female,29,aarav.reddy3689@gmail.com,9539139635,C247,premium,02-11-2024,WhatsApp,Doctor,2882199,Married
CUS003690,Aarav,Patel,FEMALE,33,aarav.patel3690@gmail.com,9265751799,C225,New,27-04-2024,Phone,Business,1039696,married
CUS003691,Rahul,Singh,FEMALE,57,rahul.singh3691@gmail.com,9223362090,C163,Premium,22-05-2024,Phone,Engineer,500716,Single
CUS003692,Aarav,Sharma,Male,43,aarav.sharma3692@gmail.com,9588082801,C202,New,20-06-2024,Email,Business,2489714,married
CUS003693,Sneha,Reddy,FEMALE,38,sneha.reddy3693@gmail.com,9285053462,C210,premium,26-07-2024,Email,Teacher,2044946,married
CUS003694,Vikram,Nair,male,24,vikram.nair3694@gmail.com,9669580904,C245,Returning,23-04-2024,WhatsApp,Doctor,651950,married
CUS003695,Vikram,Iyer,Male,63,vikram.iyer3695@gmail.com,9352730810,C236,Returning,23-07-2024,Email,Doctor,2426289,married
CUS003696,Sneha,Patel,MALE,61,sneha.patel3696@gmail.com,98 20719860,C221,New,21-01-2024,Phone,Engineer,1198727,married
CUS003697,Vikram,Singh,Female,37,vikram.singh3697@gmail.com,9230012943,C220,New,09-02-2024,Email,Teacher,919709,Single
CUS003698,Sneha,Singh,male,44,sneha.singh3698@gmail.com,9366076753,C118,Returning,08-01-2024,Email,Business,2438869,Married
CUS003699,Rahul,Iyer,MALE,34,rahul.iyer3699@gmail.com,9692680631,C123,Premium,01-10-2024,Phone,Engineer,2275999,married
CUS003700,Rahul,Iyer,Male,25,rahul.iyer3700@gmail.com,9393667965,C225,premium,23-02-2024,Phone,Doctor,987137,married
CUS003701,Aarav,Nair,MALE,48,aarav.nair3701@gmail.com,9538818508,C211,premium,02-10-2024,WhatsApp,Doctor,430385,Single
CUS003702,Priya,Singh,FEMALE,29,priya.singh3702@gmail.com,9311186695,C097,Premium,13-05-2024,Email,Business,567994,Married
CUS003703,Vikram,Reddy,male,46,vikram.reddy3703@gmail.com,9104156544,C211,New,05-04-2024,WhatsApp,Teacher,1326663,Single
CUS003704,Priya,Patel,Male,55,priya.patel3704@gmail.com,9760354358,C075,Returning,19-11-2024,Email,Engineer,2833367,Married
CUS003705,Priya,Singh,FEMALE,27,priya.singh3705@gmail.com,9732611245,C069,Premium,25-09-2024,WhatsApp,Engineer,2589862,married
CUS003706,Rahul,Patel,male,65,rahul.patel3706@gmail.com,9480140034,C019,Premium,19-04-2024,WhatsApp,Engineer,1457165,Single
CUS003707,Aarav,Reddy,MALE,32,aarav.reddy3707@gmail.com,9250758509,C097,Premium,20-09-2024,Phone,Teacher,946418,married
CUS003708,Ananya,Nair,Female,56,ananya.nair3708@gmail.com,9191727154,C120,New,26-12-2024,Email,Business,2907391,married
CUS003709,Ananya,Sharma,FEMALE,42,ananya.sharma3709@gmail.com,9942420067,C107,premium,14-08-2024,Email,Doctor,1138892,married
CUS003710, Ananya,Iyer,male,32,ananya.iyer3710@gmail.com,9694067119,C065,New,15-09-2024,WhatsApp,Doctor,569315,Single
CUS003711,Rahul,Sharma,Male,26,rahul.sharma3711@gmail.com,9159899002,C145,Returning,10-11-2024,Phone,Teacher,1965277,married
CUS003712,Sneha,Patel,FEMALE,52,sneha.patel3712@gmail.com,9541567153,C035,premium,22-11-2024,Phone,Doctor,2887477,married
CUS003713,Rahul,Singh,Male,65,rahul.singh3713@gmail.com,9165093563,C215,New,24-07-2024,Phone,Doctor,578786,Married
CUS003714,Vikram,Iyer,male,37,vikram.iyer3714@gmail.com,9346920568,C029,Returning,23-12-2024,Phone,Doctor,2481486,Single
CUS003715,Rahul,Sharma,male,37,rahul.sharma3715@gmail.com,9276796280,C219,premium,12-12-2024,WhatsApp,Business,728573,married
CUS003716,Priya,Singh,male,60,priya.singh3716@gmail.com,9655130293,C166,New,08-01-2024,WhatsApp,Doctor,1640120,Single
CUS003717,Ananya,Sharma,MALE,45,ananya.sharma3717@gmail.com,9956081456,C236,Premium,09-07-2024,WhatsApp,Engineer,876343,married
CUS003718,Ananya,Iyer,MALE,46,ananya.iyer3718@gmail.com,9714626418,C102,premium,12-11-2024,Email,Engineer,1047478,married
CUS003719,Sneha,Iyer,Female,55,sneha.iyer3719@gmail.com,9953799566,C127,Returning,18-06-2024,Phone,Doctor,1053154,Single
CUS003720,Vikram,Sharma,Female,55,,9500318203,C149,premium,06-02-2024,Email,,625501,married
CUS003721,Sneha,Sharma,MALE,48,sneha.sharma3721@gmail.com,9642532638,C027,New,26-09-2024,WhatsApp,Teacher,1533448,Married
CUS003722,Sneha,Reddy,Female,52,sneha.reddy3722@gmail.com,9574073889,C078,Returning,07-05-2024,Phone,Engineer,2178163,Single
CUS003723,Aarav,Singh,MALE,48,aarav.singh3723@gmail.com,9308246314,C145,premium,23-12-2024,Email,Doctor,1822817,Married
CUS003724,Ananya,Sharma,MALE,27,ananya.sharma3724@gmail.com,9453609999,C075,Returning,01-07-2024,Phone,Teacher,2817736,Married
CUS003725,Priya,Nair,male,43,priya.nair3725@gmail.com,9449934094,C169,Returning,20-10-2024,WhatsApp,Engineer,592373,Married
CUS003726,Priya,Reddy,MALE,53,priya.reddy3726@gmail.com,9585406827,C215,Premium,16-09-2024,Email,Doctor,397973,Married
CUS003727,Priya,Sharma,male,39,priya.sharma3727@gmail.com,9542215717,C137,Returning,07-02-2024,Email,Engineer,2125911,married
CUS003728,Vikram,Reddy,MALE,60,vikram.reddy3728@gmail.com,9127602712,C127,Premium,16-06-2024,WhatsApp,Engineer,2449185,Married
CUS003729,Sneha,Reddy,MALE,57,sneha.reddy3729@gmail.com,98 67705763,C047,New,22-12-2024,Email,Doctor,685786,married
CUS003730,Priya,Patel,Female,22,priya.patel3730@gmail.com,9950643969,C221,premium,02-04-2024,Email,Business,984296,Single
CUS003731,Ananya,Reddy,MALE,41,ananya.reddy3731@gmail.com,9482404636,C089,premium,26-08-2024,Phone,Teacher,1873801,married
CUS003732,Ananya,Patel,Female,23,ananya.patel3732@gmail.com,9184613698,C033,Premium,16-12-2024,WhatsApp,Engineer,1915926,Married
CUS003733,Priya,Sharma,male,65,priya.sharma3733@gmail.com,9755170967,C229,premium,26-03-2024,Phone,Business,1635022,Married
CUS003734,Sneha,Iyer,Male,45,sneha.iyer3734@gmail.com,9667286684,C194,premium,13-01-2024,WhatsApp,Teacher,2650406,Married
CUS003735,Priya,Nair,FEMALE,61,priya.nair3735@gmail.com,9619452511,C141,Returning,11-07-2024,Email,Doctor,2150901,Married
CUS003736,Vikram,Singh,FEMALE,46,vikram.singh3736@gmail.com,9502382469,C152,Returning,19-05-2024,WhatsApp,Business,809751,Single
CUS003737,Vikram,Patel,MALE,48,vikram.patel3737@gmail.com,9319764697,C114,Premium,15-02-2024,WhatsApp,Doctor,2780555,Married
CUS003738,Vikram,Nair,Female,49,vikram.nair3738@gmail.com,9665570753,C184,Premium,01-12-2024,WhatsApp,Business,1161849,Single
CUS003739,Aarav,Reddy,male,37,aarav.reddy3739@gmail.com,9871785300,C244,New,13-01-2024,Email,Doctor,2662042,Married
CUS003740,Rahul,Sharma,male,52,rahul.sharma3740@gmail.com,,C096,premium,25-03-2024,WhatsApp,Business,496828,married
CUS003741,Priya,Patel,Male,56,priya.patel3741@gmail.com,9114818992,C180,Premium,06-06-2024,Phone,Doctor,1043724,married
CUS003742,Rahul,Reddy,FEMALE,64,rahul.reddy3742@gmail.com,9752646343,C130,New,23-10-2024,Phone,Engineer,2270034,married
CUS003743,Rahul,Reddy,Female,31,rahul.reddy3743@gmail.com,9837554697,C160,Premium,17-05-2024,Phone,Teacher,2273574,Married
CUS003744,Vikram,Sharma,MALE,48,vikram.sharma3744@gmail.com,9515652065,C197,New,02-08-2024,Email,Teacher,2532685,married
CUS003745,Aarav,Nair,FEMALE,56,aarav.nair3745@gmail.com,9241337125,C180,premium,14-02-2024,Phone,Teacher,2444266,Single
CUS003746,Vikram,Iyer,Female,64,vikram.iyer3746@gmail.com,9882954823,C063,Premium,03-09-2024,Phone,Teacher,899194,Single
CUS003747,Sneha,Singh,Male,60,sneha.singh3747@gmail.com,9417054729,C152,premium,28-06-2024,WhatsApp,Doctor,2700347,Married
CUS003748,Aarav,Sharma,Male,60,aarav.sharma3748@gmail.com,9756611778,C195,Premium,02-11-2024,Phone,Doctor,1388915,married
CUS003749,Ananya,Singh,male,45,ananya.singh3749@gmail.com,9670822117,C240,Premium,03-09-2024,WhatsApp,Doctor,2358815,married
CUS003750,Priya,Nair,Male,51,priya.nair3750@gmail.com,9823626932,C072,premium,25-12-2024,Phone,Business,1804539,Single
CUS003751,Ananya,Reddy,male,53,ananya.reddy3751@gmail.com,9396376835,C043,premium,17-04-2024,WhatsApp,Engineer,401373,married
CUS003752,Rahul,Singh,Male,56,rahul.singh3752@gmail.com,9481395017,C181,Returning,10-09-2024,WhatsApp,Doctor,1801846,married
CUS003753,Rahul,Patel,FEMALE,39,rahul.patel3753@gmail.com,9663347967,C076,premium,23-08-2024,WhatsApp,Business,2884710,married
CUS003754,Ananya,Singh,Male,52,ananya.singh3754@gmail.com,9666397216,C119,Returning,25-07-2024,WhatsApp,Doctor,1680311,Single
CUS003755,Sneha,Reddy,MALE,45,sneha.reddy3755@gmail.com,9253107444,C137,Premium,20-07-2024,WhatsApp,Business,2832618,Single
CUS003756,Ananya,Reddy,Male,34,ananya.reddy3756@gmail.com,9196155227,C137,Returning,11-10-2024,Email,Doctor,1666198,married
CUS003757,Priya,Sharma,FEMALE,33,priya.sharma3757@gmail.com,9237370063,C082,Returning,21-11-2024,Phone,Engineer,1888007,Married
CUS003758,Rahul,Sharma,Female,35,rahul.sharma3758@gmail.com,9856220548,C138,premium,25-12-2024,Phone,Doctor,1261636,married
CUS003759,Priya,Reddy,MALE,44,priya.reddy3759@gmail.com,9824968671,C083,Returning,27-05-2024,WhatsApp,Doctor,478527,married
CUS003760,Ananya,Singh,Male,31,,9361369259,C198,Premium,09-02-2024,Phone,Business,332369,Single
CUS003761,Rahul,Patel,male,37,rahul.patel3761@gmail.com,9615512949,C230,Returning,10-01-2024,Email,Doctor,2616432,married
CUS003762,Ananya,Patel,Female,37,ananya.patel3762@gmail.com,98 12691653,C240,premium,11-03-2024,Phone,Doctor,587856,married
CUS003763,Sneha,Nair,FEMALE,22,sneha.nair3763@gmail.com,9548076369,C147,Premium,11-04-2024,Phone,Engineer,1916961,married
CUS003764,Rahul,Patel,male,48,rahul.patel3764@gmail.com,9801140367,C241,premium,20-10-2024,Email,Engineer,1881379,Single
CUS003765,Priya,Iyer,Male,32,priya.iyer3765@gmail.com,9530538779,C016,Premium,19-04-2024,Phone,Engineer,855581,Married
CUS003766,Vikram,Singh,male,31,vikram.singh3766@gmail.com,9427237273,C060,New,13-07-2024,Email,Business,2213121,married
CUS003767,Rahul,Sharma,Male,24,rahul.sharma3767@gmail.com,9392464465,C008,New,05-09-2024,Email,Business,1843335,married
CUS003768,Ananya,Singh,FEMALE,28,ananya.singh3768@gmail.com,9896499286,C023,New,15-01-2024,Phone,Doctor,1982127,Married
CUS003769,Sneha,Iyer,Male,22,sneha.iyer3769@gmail.com,9174033609,C175,Premium,13-05-2024,Phone,Doctor,1431830,married
CUS003770,Rahul,Iyer,Male,28,rahul.iyer3770@gmail.com,9457350002,C197,Returning,11-10-2024,Email,Engineer,1469896,Single
CUS003771,Vikram,Nair,FEMALE,64,vikram.nair3771@gmail.com,9251312967,C039,premium,12-07-2024,Email,Teacher,546068,Married
CUS003772,Priya,Reddy,FEMALE,26,priya.reddy3772@gmail.com,9544309491,C086,Premium,27-10-2024,Phone,Business,1971153,Married
CUS003773,Sneha,Nair,MALE,55,sneha.nair3773@gmail.com,9398397941,C032,New,23-05-2024,Email,Engineer,801075,married
CUS003774,Rahul,Sharma,FEMALE,48,rahul.sharma3774@gmail.com,9963845729,C113,New,23-09-2024,Email,Business,1744039,Single
CUS003775,Rahul,Patel,MALE,43,rahul.patel3775@gmail.com,9556857731,C163,Premium,11-10-2024,Email,Business,2071236,Married
CUS003776,Vikram,Sharma,male,32,vikram.sharma3776@gmail.com,9453454171,C071,New,06-07-2024,Phone,Teacher,830703,Single
CUS003777,Priya,Nair,male,65,priya.nair3777@gmail.com,9643139914,C162,Returning,14-05-2024,Email,Teacher,865940,Single
CUS003778,Aarav,Singh,Male,36,aarav.singh3778@gmail.com,9755413293,C158,Returning,08-08-2024,Email,Engineer,2829710,Married
CUS003779,Sneha,Sharma,Male,37,sneha.sharma3779@gmail.com,9150996301,C112,New,09-10-2024,WhatsApp,Doctor,517868,Single
CUS003780, Vikram,Sharma,FEMALE,43,vikram.sharma3780@gmail.com,9961718070,C192,premium,03-10-2024,Phone,,1663569,Married
CUS003781,Aarav,Iyer,FEMALE,50,aarav.iyer3781@gmail.com,9755356184,C024,premium,06-05-2024,Phone,Engineer,1911300,Single
CUS003782,Ananya,Sharma,male,46,ananya.sharma3782@gmail.com,9798147623,C042,New,08-03-2024,WhatsApp,Teacher,813069,married
CUS003783,Aarav,Iyer,MALE,29,aarav.iyer3783@gmail.com,9816210921,C118,Premium,04-11-2024,WhatsApp,Doctor,1004694,Single
CUS003784,Priya,Singh,Female,45,priya.singh3784@gmail.com,9523742496,C053,New,25-02-2024,Email,Business,2336027,Single
CUS003785,Sneha,Singh,male,61,sneha.singh3785@gmail.com,9655549366,C158,Premium,20-12-2024,WhatsApp,Teacher,1716669,Single
CUS003786,Vikram,Reddy,MALE,46,vikram.reddy3786@gmail.com,9651384985,C236,premium,15-02-2024,WhatsApp,Doctor,867823,married
CUS003787,Vikram,Sharma,FEMALE,65,vikram.sharma3787@gmail.com,9759730985,C036,New,13-03-2024,Email,Engineer,2497374,married
CUS003788,Sneha,Iyer,MALE,27,sneha.iyer3788@gmail.com,9697489211,C129,premium,24-07-2024,WhatsApp,Teacher,1121304,Married
CUS003789,Vikram,Reddy,Male,29,vikram.reddy3789@gmail.com,9294687993,C133,Premium,05-07-2024,Email,Doctor,443973,Single
CUS003790,Vikram,Sharma,Male,33,vikram.sharma3790@gmail.com,9669114510,C144,Returning,25-08-2024,Email,Teacher,450151,Married
CUS003791,Rahul,Sharma,FEMALE,50,rahul.sharma3791@gmail.com,9845196489,C154,New,19-11-2024,Email,Engineer,2030389,married
CUS003792,Ananya,Sharma,Male,56,ananya.sharma3792@gmail.com,9975680145,C069,Returning,03-11-2024,Phone,Engineer,1465373,married
CUS003793,Rahul,Sharma,male,65,rahul.sharma3793@gmail.com,9604011927,C056,New,22-02-2024,Email,Engineer,2678035,Single
CUS003794,Vikram,Iyer,FEMALE,54,vikram.iyer3794@gmail.com,9388716878,C101,Returning,11-02-2024,Email,Engineer,1382595,Single
CUS003795,Rahul,Iyer,Male,47,rahul.iyer3795@gmail.com,,C092,Returning,02-12-2024,Email,Business,1429161,Single
CUS003796,Ananya,Iyer,Male,65,ananya.iyer3796@gmail.com,9805859196,C210,premium,01-05-2024,WhatsApp,Engineer,2750988,married
CUS003797,Vikram,Nair,Male,42,vikram.nair3797@gmail.com,9826677301,C056,New,26-12-2024,WhatsApp,Engineer,571831,Married
CUS003798,Priya,Nair,MALE,30,priya.nair3798@gmail.com,9912392373,C104,New,21-01-2024,WhatsApp,Teacher,1475217,Married
CUS003799,Aarav,Patel,Female,61,aarav.patel3799@gmail.com,9196189478,C227,New,01-08-2024,Phone,Engineer,2875960,Married
CUS003800,Rahul,Patel,Female,49,,9693034075,C234,premium,22-12-2024,Email,Business,2774230,Married
CUS003801,Aarav,Nair,Female,55,aarav.nair3801@gmail.com,9553760875,C123,Premium,04-02-2024,WhatsApp,Engineer,2330370,married
CUS003802,Sneha,Singh,Male,61,sneha.singh3802@gmail.com,9145684808,C222,New,03-04-2024,Email,Teacher,2161930,Single
CUS003803,Sneha,Reddy,Male,57,sneha.reddy3803@gmail.com,9490220230,C109,New,10-09-2024,Phone,Business,2614806,married
CUS003804,Rahul,Iyer,male,45,rahul.iyer3804@gmail.com,9631312903,C085,Premium,11-11-2024,Email,Engineer,1985159,Single
CUS003805,Priya,Reddy,MALE,33,priya.reddy3805@gmail.com,9306020919,C109,premium,08-12-2024,Phone,Business,2932676,Single
CUS003806,Vikram,Patel,FEMALE,38,vikram.patel3806@gmail.com,9426947117,C226,New,10-03-2024,WhatsApp,Business,2569178,Single
CUS003807,Ananya,Singh,MALE,23,ananya.singh3807@gmail.com,9583064515,C221,premium,17-10-2024,WhatsApp,Business,1969821,Single
CUS003808,Priya,Sharma,male,33,priya.sharma3808@gmail.com,9928315141,C097,premium,18-08-2024,WhatsApp,Business,2712226,Single
CUS003809,Sneha,Iyer,Female,23,sneha.iyer3809@gmail.com,9790549208,C027,New,22-12-2024,WhatsApp,Teacher,2421772,Single
CUS003810,Rahul,Singh,male,61,rahul.singh3810@gmail.com,9724329756,C023,premium,19-01-2024,Phone,Business,1468222,Single
CUS003811,Vikram,Iyer,FEMALE,26,vikram.iyer3811@gmail.com,9893885382,C155,Premium,24-11-2024,Phone,Business,337710,Single
CUS003812,Priya,Sharma,FEMALE,22,priya.sharma3812@gmail.com,9649477421,C003,New,28-11-2024,Email,Teacher,1600796,Married
CUS003813,Priya,Patel,male,43,priya.patel3813@gmail.com,9262903353,C131,New,28-01-2024,Phone,Teacher,1475670,married
CUS003814,Priya,Sharma,MALE,51,priya.sharma3814@gmail.com,9856387859,C121,Premium,20-07-2024,Phone,Teacher,668769,Single
CUS003815,Ananya,Iyer,male,37,ananya.iyer3815@gmail.com,9904988550,C008,New,21-07-2024,Email,Business,1304506,married
CUS003816,Aarav,Patel,male,58,aarav.patel3816@gmail.com,9108696502,C047,New,16-11-2024,Phone,Teacher,880533,Single
CUS003817,Priya,Sharma,male,35,priya.sharma3817@gmail.com,9474708968,C111,New,12-05-2024,Email,Teacher,2731085,married
CUS003818,Aarav,Patel,Female,36,aarav.patel3818@gmail.com,9380728116,C118,Returning,06-11-2024,WhatsApp,Business,1026453,married
CUS003819,Sneha,Patel,FEMALE,32,sneha.patel3819@gmail.com,9383958284,C148,Premium,25-04-2024,Phone,Teacher,1247397,married
CUS003820,Priya,Sharma,Male,53,priya.sharma3820@gmail.com,9392396448,C047,premium,05-11-2024,WhatsApp,Business,2376691,Single
CUS003821,Priya,Iyer,FEMALE,26,priya.iyer3821@gmail.com,9115356298,C084,Returning,24-02-2024,WhatsApp,Doctor,562724,Single
CUS003822,Ananya,Sharma,male,39,ananya.sharma3822@gmail.com,9686780320,C025,Returning,23-07-2024,Phone,Engineer,1586100,Married
CUS003823,Priya,Patel,Male,23,priya.patel3823@gmail.com,9932144960,C152,New,23-12-2024,Phone,Teacher,424955,Single
CUS003824,Priya,Reddy,MALE,47,priya.reddy3824@gmail.com,9979103922,C154,premium,24-10-2024,Phone,Doctor,1565634,Single
CUS003825,Vikram,Iyer,FEMALE,57,vikram.iyer3825@gmail.com,9767174585,C075,Premium,04-05-2024,Email,Teacher,978171,Single
CUS003826,Vikram,Patel,male,48,vikram.patel3826@gmail.com,9987716418,C112,Premium,08-10-2024,Phone,Teacher,2239886,Married
CUS003827,Priya,Nair,MALE,38,priya.nair3827@gmail.com,9750539397,C223,New,03-07-2024,Email,Teacher,2777085,married
CUS003828,Vikram,Patel,Female,37,vikram.patel3828@gmail.com,98 36725188,C164,Premium,21-08-2024,WhatsApp,Business,1030422,Married
CUS003829,Ananya,Nair,Male,43,ananya.nair3829@gmail.com,9962618014,C117,Premium,04-05-2024,Phone,Engineer,2562945,Single
CUS003830,Vikram,Singh,MALE,56,vikram.singh3830@gmail.com,9890046169,C141,Returning,25-02-2024,WhatsApp,Engineer,1371088,Married
CUS003831,Priya,Singh,MALE,52,priya.singh3831@gmail.com,9705206593,C155,Returning,08-12-2024,Phone,Teacher,2714698,married
CUS003832,Rahul,Nair,male,26,rahul.nair3832@gmail.com,9713212277,C182,Returning,23-10-2024,Email,Teacher,952306,Married
CUS003833,Ananya,Nair,FEMALE,44,ananya.nair3833@gmail.com,9431256920,C021,Premium,21-05-2024,Phone,Teacher,2339815,Single
CUS003834,Priya,Singh,MALE,39,priya.singh3834@gmail.com,9950678719,C182,New,09-07-2024,Email,Doctor,2359955,married
CUS003835,Aarav,Sharma,Female,56,aarav.sharma3835@gmail.com,9273235595,C096,New,22-10-2024,Email,Business,2064854,married
CUS003836,Rahul,Iyer,Female,51,rahul.iyer3836@gmail.com,9573770509,C166,New,26-01-2024,Email,Business,1790800,Single
CUS003837,Rahul,Patel,FEMALE,48,rahul.patel3837@gmail.com,9861202642,C124,New,27-11-2024,Email,Doctor,728735,married
CUS003838,Priya,Iyer,FEMALE,44,priya.iyer3838@gmail.com,9664031975,C013,New,21-02-2024,Phone,Engineer,2711978,married
CUS003839,Vikram,Reddy,MALE,35,vikram.reddy3839@gmail.com,9461535846,C028,Returning,25-12-2024,Phone,Business,1529590,married
CUS003840,Rahul,Sharma,MALE,35,,9509919839,C244,premium,16-07-2024,Phone,,608643,Single
CUS003841,Vikram,Nair,Female,32,vikram.nair3841@gmail.com,9944850969,C125,New,09-01-2024,Phone,Engineer,2351790,Married
CUS003842,Rahul,Patel,male,33,rahul.patel3842@gmail.com,9947393994,C034,Returning,17-12-2024,Phone,Engineer,2086122,Single
CUS003843,Aarav,Singh,male,27,aarav.singh3843@gmail.com,9760268291,C185,Premium,12-10-2024,WhatsApp,Business,1893344,Single
CUS003844,Sneha,Nair,Female,22,sneha.nair3844@gmail.com,9529910874,C144,premium,15-10-2024,Phone,Business,532324,Married
CUS003845,Sneha,Iyer,FEMALE,49,sneha.iyer3845@gmail.com,9161813367,C107,Returning,18-12-2024,Email,Engineer,1825426,married
CUS003846,Aarav,Sharma,Female,39,aarav.sharma3846@gmail.com,9171225857,C021,Returning,01-09-2024,Phone,Business,443912,Single
CUS003847,Sneha,Singh,Female,41,sneha.singh3847@gmail.com,9458642125,C048,premium,26-01-2024,WhatsApp,Business,2427607,Single
CUS003848,Aarav,Singh,MALE,57,aarav.singh3848@gmail.com,9278633624,C225,premium,20-06-2024,Phone,Business,1483835,Married
CUS003849,Sneha,Reddy,MALE,23,sneha.reddy3849@gmail.com,9806706327,C218,premium,25-07-2024,Phone,Doctor,2838561,Single
CUS003850, Aarav,Sharma,Female,59,aarav.sharma3850@gmail.com,,C246,Premium,28-09-2024,Email,Teacher,2965192,married
CUS003851,Vikram,Reddy,FEMALE,56,vikram.reddy3851@gmail.com,9769250589,C091,Premium,14-06-2024,Phone,Doctor,1609622,married
CUS003852,Sneha,Sharma,FEMALE,39,sneha.sharma3852@gmail.com,9380748138,C137,premium,10-03-2024,WhatsApp,Business,2900048,Married
CUS003853,Priya,Iyer,MALE,22,priya.iyer3853@gmail.com,9568167588,C025,New,13-02-2024,WhatsApp,Doctor,1044948,Single
CUS003854,Priya,Singh,Male,54,priya.singh3854@gmail.com,9983133810,C109,Premium,19-01-2024,WhatsApp,Business,2143915,Single
CUS003855,Sneha,Iyer,Male,59,sneha.iyer3855@gmail.com,9173989930,C247,New,07-06-2024,Phone,Doctor,1054222,Single
CUS003856,Priya,Reddy,male,49,priya.reddy3856@gmail.com,9423902837,C043,premium,06-03-2024,Email,Engineer,1095334,married
CUS003857,Aarav,Singh,MALE,31,aarav.singh3857@gmail.com,9845521759,C027,New,23-07-2024,Email,Teacher,503253,Married
CUS003858,Rahul,Sharma,male,57,rahul.sharma3858@gmail.com,9285290624,C004,New,13-05-2024,WhatsApp,Business,1377859,married
CUS003859,Aarav,Reddy,MALE,32,aarav.reddy3859@gmail.com,9115438131,C174,New,28-03-2024,Email,Doctor,1181632,married
CUS003860,Rahul,Reddy,male,26,rahul.reddy3860@gmail.com,9548982369,C125,premium,24-09-2024,WhatsApp,Doctor,1322801,Single
CUS003861,Ananya,Reddy,MALE,35,ananya.reddy3861@gmail.com,98 45363982,C105,Returning,16-10-2024,WhatsApp,Business,327107,Married
CUS003862,Sneha,Singh,male,61,sneha.singh3862@gmail.com,9744290650,C216,Premium,07-05-2024,Email,Engineer,1685103,Married
CUS003863,Vikram,Patel,MALE,25,vikram.patel3863@gmail.com,9791267332,C125,Returning,19-08-2024,Phone,Business,2233724,Married
CUS003864,Vikram,Singh,MALE,24,vikram.singh3864@gmail.com,9764768526,C188,Premium,02-01-2024,Phone,Teacher,1422036,Married
CUS003865,Ananya,Iyer,FEMALE,34,ananya.iyer3865@gmail.com,9563442561,C198,Returning,06-05-2024,WhatsApp,Doctor,1920047,Married
CUS003866,Vikram,Reddy,MALE,63,vikram.reddy3866@gmail.com,9550384799,C065,premium,26-01-2024,WhatsApp,Business,905778,married
CUS003867,Sneha,Reddy,Male,50,sneha.reddy3867@gmail.com,9468390969,C012,premium,26-10-2024,Phone,Teacher,2332011,married
CUS003868,Vikram,Iyer,MALE,63,vikram.iyer3868@gmail.com,9613157466,C205,New,02-01-2024,Email,Teacher,2633725,Married
CUS003869,Priya,Singh,MALE,30,priya.singh3869@gmail.com,9481012352,C121,New,14-08-2024,WhatsApp,Engineer,1476049,Single
CUS003870,Vikram,Singh,Female,23,vikram.singh3870@gmail.com,9478537943,C121,Returning,03-02-2024,Email,Business,2785498,Single
CUS003871,Priya,Reddy,MALE,35,priya.reddy3871@gmail.com,9786810177,C154,New,05-06-2024,Email,Business,2758816,married
CUS003872,Priya,Sharma,Male,44,priya.sharma3872@gmail.com,9733121766,C158,New,27-11-2024,WhatsApp,Doctor,2891978,Married
CUS003873,Priya,Iyer,Female,45,priya.iyer3873@gmail.com,9586795012,C174,Returning,19-08-2024,Phone,Doctor,1588304,Married
CUS003874,Ananya,Reddy,male,33,ananya.reddy3874@gmail.com,9924595805,C040,New,02-12-2024,Email,Doctor,2212127,married
CUS003875,Ananya,Sharma,male,55,ananya.sharma3875@gmail.com,9925283876,C116,Returning,19-03-2024,Phone,Doctor,332842,married
CUS003876,Aarav,Singh,male,29,aarav.singh3876@gmail.com,9362057600,C151,Returning,06-11-2024,Email,Teacher,2048935,married
CUS003877,Ananya,Iyer,FEMALE,30,ananya.iyer3877@gmail.com,9279173960,C180,New,10-01-2024,WhatsApp,Business,1636847,Single
CUS003878,Ananya,Reddy,MALE,35,ananya.reddy3878@gmail.com,9801102633,C231,premium,28-06-2024,WhatsApp,Doctor,1161740,married
CUS003879,Sneha,Sharma,FEMALE,65,sneha.sharma3879@gmail.com,9559605566,C231,premium,13-08-2024,Phone,Teacher,466447,Married
CUS003880,Rahul,Sharma,MALE,45,,9234187394,C102,New,15-08-2024,WhatsApp,Doctor,696315,Married
CUS003881,Rahul,Reddy,FEMALE,48,rahul.reddy3881@gmail.com,9361362269,C188,Returning,22-04-2024,Email,Engineer,1667953,Single
CUS003882,Priya,Singh,Male,35,priya.singh3882@gmail.com,9164833853,C172,premium,14-10-2024,Email,Doctor,1245912,Married
CUS003883,Vikram,Nair,male,61,vikram.nair3883@gmail.com,9398943664,C083,Returning,13-06-2024,Phone,Doctor,702816,Married
CUS003884,Aarav,Patel,MALE,22,aarav.patel3884@gmail.com,9262558422,C120,Returning,16-02-2024,Phone,Engineer,362393,married
CUS003885,Priya,Singh,FEMALE,35,priya.singh3885@gmail.com,9722905384,C022,New,09-05-2024,Phone,Teacher,2987981,Married
CUS003886,Vikram,Sharma,Female,30,vikram.sharma3886@gmail.com,9643476872,C075,premium,26-05-2024,Phone,Business,2565364,married
CUS003887,Sneha,Iyer,Male,54,sneha.iyer3887@gmail.com,9421653829,C020,Returning,14-10-2024,Email,Teacher,1740612,married
CUS003888,Rahul,Sharma,male,50,rahul.sharma3888@gmail.com,9223801273,C139,premium,22-10-2024,Phone,Engineer,1133761,Married
CUS003889,Vikram,Patel,Male,33,vikram.patel3889@gmail.com,9120190658,C101,Returning,28-04-2024,Email,Doctor,2093332,Married
CUS003890,Sneha,Singh,Male,59,sneha.singh3890@gmail.com,9814703211,C250,New,26-04-2024,Email,Teacher,2266571,married
CUS003891,Aarav,Sharma,male,42,aarav.sharma3891@gmail.com,9438156826,C139,Premium,04-01-2024,WhatsApp,Doctor,1705237,Single
CUS003892,Ananya,Patel,Male,35,ananya.patel3892@gmail.com,9347585886,C143,Premium,05-08-2024,WhatsApp,Teacher,2164939,married
CUS003893,Vikram,Patel,FEMALE,23,vikram.patel3893@gmail.com,9652324075,C030,premium,28-06-2024,WhatsApp,Teacher,888805,married
CUS003894,Vikram,Iyer,Female,28,vikram.iyer3894@gmail.com,98 72043602,C111,New,03-05-2024,Email,Doctor,2743241,married
CUS003895,Aarav,Patel,FEMALE,57,aarav.patel3895@gmail.com,9477902598,C029,New,27-06-2024,Email,Business,2188844,Married
CUS003896,Ananya,Nair,Female,50,ananya.nair3896@gmail.com,9353858729,C010,Returning,04-02-2024,Email,Business,1886463,Married
CUS003897,Aarav,Iyer,Male,34,aarav.iyer3897@gmail.com,9131861608,C067,New,02-03-2024,Phone,Doctor,327273,Single
CUS003898,Vikram,Patel,male,62,vikram.patel3898@gmail.com,9927631768,C240,Returning,10-12-2024,Phone,Business,375665,married
CUS003899,Aarav,Sharma,Male,59,aarav.sharma3899@gmail.com,9226798720,C041,Returning,04-02-2024,Phone,Doctor,828938,Single
CUS003900,Priya,Iyer,MALE,46,priya.iyer3900@gmail.com,9676340958,C163,premium,18-07-2024,WhatsApp,,2519696,married
CUS003901,Rahul,Sharma,MALE,29,rahul.sharma3901@gmail.com,9251533705,C165,premium,09-08-2024,WhatsApp,Teacher,2820559,Single
CUS003902,Rahul,Iyer,MALE,28,rahul.iyer3902@gmail.com,9461711324,C137,Premium,08-09-2024,Email,Engineer,2868775,Single
CUS003903,Sneha,Iyer,MALE,31,sneha.iyer3903@gmail.com,9978260828,C120,New,03-07-2024,WhatsApp,Doctor,2275623,Single
CUS003904,Sneha,Sharma,male,59,sneha.sharma3904@gmail.com,9436013878,C175,Returning,11-09-2024,WhatsApp,Engineer,714283,Single
CUS003905,Priya,Nair,Male,39,priya.nair3905@gmail.com,,C129,New,10-12-2024,WhatsApp,Doctor,1160455,Married
CUS003906,Rahul,Iyer,Female,30,rahul.iyer3906@gmail.com,9492470960,C149,New,15-10-2024,Email,Doctor,1965753,married
CUS003907,Sneha,Reddy,FEMALE,57,sneha.reddy3907@gmail.com,9513511690,C108,Returning,11-11-2024,Email,Doctor,1114885,Married
CUS003908,Sneha,Singh,FEMALE,55,sneha.singh3908@gmail.com,9845581706,C069,premium,06-01-2024,Phone,Business,2921977,Married
CUS003909,Ananya,Nair,male,24,ananya.nair3909@gmail.com,9998516216,C162,premium,06-02-2024,Email,Business,1785716,Single
CUS003910,Aarav,Reddy,male,45,aarav.reddy3910@gmail.com,9889852147,C142,New,04-02-2024,WhatsApp,Doctor,605548,Married
CUS003911,Rahul,Iyer,male,59,rahul.iyer3911@gmail.com,9715205779,C240,Premium,14-12-2024,Email,Engineer,2237986,married
CUS003912,Priya,Singh,Female,65,priya.singh3912@gmail.com,9241975190,C175,Premium,10-05-2024,WhatsApp,Business,1874714,married
CUS003913,Rahul,Sharma,MALE,25,rahul.sharma3913@gmail.com,9266942134,C095,Returning,17-08-2024,Email,Teacher,1907959,Married
CUS003914,Vikram,Sharma,FEMALE,44,vikram.sharma3914@gmail.com,9863858351,C092,premium,03-03-2024,Email,Engineer,1947416,Single
CUS003915,Priya,Singh,Male,41,priya.singh3915@gmail.com,9642953156,C044,Returning,16-11-2024,Email,Business,785692,Married
CUS003916,Rahul,Reddy,male,52,rahul.reddy3916@gmail.com,9224971734,C126,New,26-10-2024,Phone,Doctor,1006108,Married
CUS003917,Rahul,Patel,Female,31,rahul.patel3917@gmail.com,9709398213,C138,New,17-12-2024,Email,Engineer,2888350,married
CUS003918,Vikram,Nair,Male,39,vikram.nair3918@gmail.com,9255878448,C117,New,14-05-2024,Email,Doctor,852051,Married
CUS003919,Vikram,Nair,male,47,vikram.nair3919@gmail.com,9299746047,C150,Premium,11-09-2024,Email,Doctor,848276,married
CUS003920, Aarav,Nair,male,35,,9368582653,C204,Returning,12-10-2024,WhatsApp,Business,1406302,Single
CUS003921,Rahul,Nair,Female,41,rahul.nair3921@gmail.com,9510078188,C027,Premium,19-09-2024,Phone,Engineer,350731,Married
CUS003922,Vikram,Reddy,Male,64,vikram.reddy3922@gmail.com,9717134665,C144,New,09-01-2024,WhatsApp,Teacher,2764165,Married
CUS003923,Priya,Singh,Female,40,priya.singh3923@gmail.com,9735324049,C139,New,05-02-2024,WhatsApp,Business,2919085,Single
CUS003924,Aarav,Singh,Male,42,aarav.singh3924@gmail.com,9770745393,C021,Premium,02-11-2024,Email,Doctor,1378175,Married
CUS003925,Rahul,Nair,Female,64,rahul.nair3925@gmail.com,9307936848,C145,Returning,12-06-2024,Phone,Doctor,1734365,married
CUS003926,Priya,Patel,Male,36,priya.patel3926@gmail.com,9277963687,C041,premium,02-09-2024,Phone,Engineer,1238528,married
CUS003927,Ananya,Reddy,male,59,ananya.reddy3927@gmail.com,98 51351540,C230,Premium,13-12-2024,Phone,Doctor,2505076,Single
CUS003928,Vikram,Patel,Female,29,vikram.patel3928@gmail.com,9827353973,C124,Premium,25-11-2024,Email,Doctor,2652436,Single
CUS003929,Sneha,Patel,FEMALE,51,sneha.patel3929@gmail.com,9848706584,C184,New,16-11-2024,Phone,Engineer,2064258,Single
CUS003930,Priya,Reddy,MALE,51,priya.reddy3930@gmail.com,9635194733,C082,premium,15-10-2024,WhatsApp,Doctor,852570,married
CUS003931,Priya,Reddy,male,63,priya.reddy3931@gmail.com,9584366040,C119,Premium,08-03-2024,Email,Teacher,2080374,married
CUS003932,Priya,Reddy,MALE,56,priya.reddy3932@gmail.com,9437065710,C064,premium,09-12-2024,Phone,Business,2636937,married
CUS003933,Sneha,Singh,MALE,22,sneha.singh3933@gmail.com,9457863460,C014,Returning,19-03-2024,WhatsApp,Business,2543876,Single
CUS003934,Vikram,Patel,MALE,51,vikram.patel3934@gmail.com,9126475713,C141,Returning,17-12-2024,WhatsApp,Business,1205578,Married
CUS003935,Aarav,Singh,FEMALE,39,aarav.singh3935@gmail.com,9711085665,C239,Returning,05-01-2024,WhatsApp,Business,1806299,Married
CUS003936,Ananya,Patel,FEMALE,48,ananya.patel3936@gmail.com,9586777333,C249,Returning,14-11-2024,WhatsApp,Business,1603436,Single
CUS003937,Ananya,Nair,MALE,62,ananya.nair3937@gmail.com,9960024721,C078,Returning,06-01-2024,WhatsApp,Doctor,1987908,Single
CUS003938,Vikram,Singh,male,37,vikram.singh3938@gmail.com,9533539485,C083,Premium,25-06-2024,Phone,Doctor,1721227,Married
CUS003939,Priya,Sharma,Female,65,priya.sharma3939@gmail.com,9552512159,C188,New,02-08-2024,Phone,Teacher,1964361,Single
CUS003940,Ananya,Iyer,Male,49,ananya.iyer3940@gmail.com,9207322595,C215,New,16-05-2024,Email,Business,2554377,Single
CUS003941,Rahul,Iyer,Male,48,rahul.iyer3941@gmail.com,9693761660,C131,premium,23-01-2024,Phone,Teacher,2957344,married
CUS003942,Vikram,Sharma,male,53,vikram.sharma3942@gmail.com,9111974872,C087,Returning,13-09-2024,Phone,Engineer,2832790,Single
CUS003943,Vikram,Sharma,FEMALE,53,vikram.sharma3943@gmail.com,9321798030,C146,premium,17-10-2024,WhatsApp,Doctor,1277263,Married
CUS003944,Ananya,Reddy,male,60,ananya.reddy3944@gmail.com,9601826968,C192,Premium,16-05-2024,Phone,Business,535877,Single
CUS003945,Vikram,Sharma,Female,56,vikram.sharma3945@gmail.com,9239048220,C105,Premium,01-07-2024,Email,Teacher,1131283,Married
CUS003946,Vikram,Sharma,male,61,vikram.sharma3946@gmail.com,9305130874,C093,Returning,20-11-2024,WhatsApp,Engineer,2819229,Single
CUS003947,Vikram,Nair,male,59,vikram.nair3947@gmail.com,9573814747,C194,Returning,02-03-2024,Phone,Engineer,1265281,Single
CUS003948,Aarav,Sharma,male,25,aarav.sharma3948@gmail.com,9977701254,C248,Premium,19-09-2024,Phone,Business,537099,Married
CUS003949,Ananya,Iyer,MALE,48,ananya.iyer3949@gmail.com,9783891990,C221,New,22-10-2024,Phone,Teacher,2672723,Married
CUS003950,Aarav,Sharma,MALE,50,aarav.sharma3950@gmail.com,9813788365,C124,premium,12-07-2024,Phone,Engineer,2951300,Married
CUS003951,Aarav,Singh,Female,38,aarav.singh3951@gmail.com,9481514014,C175,premium,24-02-2024,Phone,Business,984337,Single
CUS003952,Aarav,Nair,male,52,aarav.nair3952@gmail.com,9821824527,C246,New,11-09-2024,WhatsApp,Engineer,1287977,married
CUS003953,Rahul,Reddy,FEMALE,29,rahul.reddy3953@gmail.com,9325862573,C031,Returning,17-04-2024,Email,Doctor,872036,Single
CUS003954,Ananya,Singh,MALE,54,ananya.singh3954@gmail.com,9468942472,C101,New,23-11-2024,Phone,Teacher,2735052,married
CUS003955,Priya,Reddy,MALE,63,priya.reddy3955@gmail.com,9540017300,C021,premium,26-12-2024,Email,Teacher,2826087,married
CUS003956,Rahul,Reddy,Male,22,rahul.reddy3956@gmail.com,9484286432,C184,Premium,20-01-2024,Phone,Engineer,2282353,Single
CUS003957,Rahul,Reddy,MALE,41,rahul.reddy3957@gmail.com,9273845091,C023,Returning,10-09-2024,Email,Engineer,2042127,Single
CUS003958,Sneha,Iyer,Male,34,sneha.iyer3958@gmail.com,9315190149,C041,Returning,21-06-2024,WhatsApp,Engineer,862802,married
CUS003959,Priya,Patel,male,44,priya.patel3959@gmail.com,9616677003,C102,New,19-09-2024,WhatsApp,Doctor,481553,Single
CUS003960,Priya,Sharma,FEMALE,40,,,C047,Returning,01-03-2024,Email,,516319,Married
CUS003961,Rahul,Nair,Male,53,rahul.nair3961@gmail.com,9351046011,C055,Returning,13-12-2024,WhatsApp,Business,357734,married
CUS003962,Ananya,Nair,male,45,ananya.nair3962@gmail.com,9585000463,C116,premium,05-07-2024,Phone,Business,2941415,married
CUS003963,Priya,Iyer,MALE,61,priya.iyer3963@gmail.com,9633129198,C121,New,12-02-2024,Phone,Business,2820731,Married
CUS003964,Priya,Singh,Male,57,priya.singh3964@gmail.com,9515614844,C166,premium,01-10-2024,Phone,Business,2312072,married
CUS003965,Ananya,Singh,MALE,47,ananya.singh3965@gmail.com,9140050160,C003,Returning,23-07-2024,Phone,Doctor,1415800,Married
CUS003966,Ananya,Iyer,MALE,47,ananya.iyer3966@gmail.com,9772544902,C157,premium,03-04-2024,Phone,Engineer,1040460,Single
CUS003967,Vikram,Reddy,MALE,27,vikram.reddy3967@gmail.com,9939182097,C143,Returning,22-02-2024,WhatsApp,Business,714342,Married
CUS003968,Ananya,Reddy,Female,52,ananya.reddy3968@gmail.com,9428436951,C032,Premium,13-08-2024,Phone,Business,2047667,Single
CUS003969,Sneha,Iyer,Male,26,sneha.iyer3969@gmail.com,9909552626,C157,premium,27-10-2024,WhatsApp,Engineer,2989119,Married
CUS003970,Ananya,Patel,Female,34,ananya.patel3970@gmail.com,9185826637,C139,Returning,02-02-2024,Email,Doctor,997974,married
CUS003971,Aarav,Singh,MALE,50,aarav.singh3971@gmail.com,9267050664,C121,New,10-06-2024,WhatsApp,Business,1712430,Single
CUS003972,Sneha,Singh,male,62,sneha.singh3972@gmail.com,9886234451,C113,Premium,25-10-2024,WhatsApp,Engineer,904016,Single
CUS003973,Ananya,Nair,FEMALE,32,ananya.nair3973@gmail.com,9190195970,C246,premium,17-05-2024,WhatsApp,Teacher,2444828,Single
CUS003974,Sneha,Iyer,FEMALE,38,sneha.iyer3974@gmail.com,9668555493,C012,Returning,24-11-2024,Phone,Business,1725358,Single
CUS003975,Vikram,Nair,Female,35,vikram.nair3975@gmail.com,9663643263,C128,New,15-07-2024,Email,Engineer,1080999,married
CUS003976,Aarav,Sharma,male,64,aarav.sharma3976@gmail.com,9443994898,C195,Returning,10-09-2024,WhatsApp,Teacher,807731,married
CUS003977,Vikram,Reddy,Female,39,vikram.reddy3977@gmail.com,9962083266,C247,premium,18-06-2024,Phone,Business,2099140,Single
CUS003978,Sneha,Reddy,FEMALE,49,sneha.reddy3978@gmail.com,9353004403,C241,New,17-02-2024,Email,Engineer,1633217,Married
CUS003979,Sneha,Reddy,Female,45,sneha.reddy3979@gmail.com,9442233953,C208,Premium,07-08-2024,WhatsApp,Teacher,2355489,married
CUS003980,Rahul,Nair,Male,28,rahul.nair3980@gmail.com,9586751158,C138,Returning,10-02-2024,WhatsApp,Engineer,1147394,married
CUS003981,Sneha,Reddy,Male,46,sneha.reddy3981@gmail.com,9190986815,C008,New,24-01-2024,Phone,Business,2993195,married
CUS003982,Sneha,Sharma,Female,52,sneha.sharma3982@gmail.com,9749992976,C192,New,25-02-2024,WhatsApp,Business,1915016,Single
CUS003983,Aarav,Sharma,Male,38,aarav.sharma3983@gmail.com,9227312670,C156,Premium,22-11-2024,WhatsApp,Teacher,422136,Married
CUS003984,Ananya,Sharma,MALE,54,ananya.sharma3984@gmail.com,9590702160,C102,New,16-12-2024,WhatsApp,Engineer,2807652,Single
CUS003985,Vikram,Reddy,MALE,56,vikram.reddy3985@gmail.com,9680032178,C174,Returning,10-08-2024,Phone,Business,1484384,Single
CUS003986,Aarav,Patel,Male,24,aarav.patel3986@gmail.com,9135439895,C238,Premium,06-02-2024,WhatsApp,Engineer,1314799,married
CUS003987,Aarav,Reddy,male,62,aarav.reddy3987@gmail.com,9598333453,C166,Returning,02-03-2024,Phone,Doctor,529012,Single
CUS003988,Vikram,Patel,MALE,35,vikram.patel3988@gmail.com,9578889943,C150,Premium,14-04-2024,WhatsApp,Teacher,565910,Single
CUS003989,Vikram,Iyer,Male,57,vikram.iyer3989@gmail.com,9314519888,C144,Returning,03-09-2024,Email,Doctor,482846,Married
CUS003990, Ananya,Sharma,Female,48,ananya.sharma3990@gmail.com,9884471043,C073,Returning,28-02-2024,WhatsApp,Doctor,2467883,Married
CUS003991,Sneha,Reddy,Female,26,sneha.reddy3991@gmail.com,9475080382,C043,Premium,17-05-2024,Phone,Engineer,826312,married
CUS003992,Aarav,Reddy,Female,47,aarav.reddy3992@gmail.com,9509712613,C010,Returning,05-10-2024,Phone,Teacher,821161,Married
CUS003993,Rahul,Reddy,MALE,51,rahul.reddy3993@gmail.com,98 86303377,C165,Premium,20-10-2024,Email,Engineer,1736841,Married
CUS003994,Aarav,Reddy,Female,32,aarav.reddy3994@gmail.com,9341096184,C010,New,23-06-2024,Phone,Doctor,1463123,married
CUS003995,Sneha,Singh,male,52,sneha.singh3995@gmail.com,9604508611,C111,Returning,08-03-2024,WhatsApp,Doctor,366188,married
CUS003996,Ananya,Sharma,Female,30,ananya.sharma3996@gmail.com,9563649917,C031,Returning,14-04-2024,Email,Engineer,1777100,married
CUS003997,Ananya,Iyer,Female,62,ananya.iyer3997@gmail.com,9428435928,C242,Returning,06-12-2024,WhatsApp,Business,2975000,Single
CUS003998,Rahul,Nair,Male,48,rahul.nair3998@gmail.com,9197346153,C077,New,01-04-2024,Phone,Teacher,2991932,Married
CUS003999,Sneha,Sharma,Male,49,sneha.sharma3999@gmail.com,9899749370,C250,New,16-09-2024,WhatsApp,Teacher,2879988,married
CUS004000,Priya,Singh,Female,53,,9905962861,C229,Returning,17-12-2024,WhatsApp,Business,2459384,Single
CUS004001,Priya,Nair,FEMALE,62,priya.nair4001@gmail.com,9686167750,C071,New,21-03-2024,Phone,Business,454272,married
CUS004002,Sneha,Patel,male,37,sneha.patel4002@gmail.com,9888903218,C196,Returning,12-09-2024,Phone,Business,342595,married
CUS004003,Ananya,Patel,FEMALE,25,ananya.patel4003@gmail.com,9628443231,C136,New,26-12-2024,Email,Business,532177,Married
CUS004004,Rahul,Sharma,FEMALE,43,rahul.sharma4004@gmail.com,9931590436,C015,Returning,24-07-2024,Email,Engineer,1359537,Single
CUS004005,Sneha,Iyer,Male,53,sneha.iyer4005@gmail.com,9571587971,C059,premium,09-05-2024,WhatsApp,Teacher,1180300,Single
CUS004006,Sneha,Reddy,male,44,sneha.reddy4006@gmail.com,9300190758,C226,New,07-09-2024,Phone,Teacher,1227217,Single
CUS004007,Priya,Reddy,Female,40,priya.reddy4007@gmail.com,9252039382,C165,Premium,10-08-2024,Email,Engineer,873123,married
CUS004008,Rahul,Iyer,MALE,65,rahul.iyer4008@gmail.com,9338738667,C028,premium,15-06-2024,WhatsApp,Engineer,2278103,Married
CUS004009,Ananya,Sharma,MALE,47,ananya.sharma4009@gmail.com,9132956209,C220,New,11-04-2024,Phone,Engineer,2065710,married
CUS004010,Aarav,Sharma,Female,36,aarav.sharma4010@gmail.com,9472632585,C242,Premium,01-11-2024,Email,Engineer,2080062,married
CUS004011,Ananya,Iyer,FEMALE,58,ananya.iyer4011@gmail.com,9111208061,C098,New,28-06-2024,Email,Engineer,651479,married
CUS004012,Aarav,Iyer,MALE,57,aarav.iyer4012@gmail.com,9100355873,C101,Returning,12-11-2024,Phone,Doctor,1276469,married
CUS004013,Priya,Patel,Female,56,priya.patel4013@gmail.com,9269917540,C145,premium,09-02-2024,WhatsApp,Doctor,669165,Single
CUS004014,Sneha,Sharma,Male,25,sneha.sharma4014@gmail.com,9262880603,C112,Returning,03-09-2024,Phone,Business,1832154,Married
CUS004015,Ananya,Nair,Female,48,ananya.nair4015@gmail.com,,C015,New,14-05-2024,Email,Teacher,656881,married
CUS004016,Priya,Reddy,male,53,priya.reddy4016@gmail.com,9266763686,C093,Returning,07-09-2024,Email,Teacher,1026489,Married
CUS004017,Aarav,Nair,Male,27,aarav.nair4017@gmail.com,9985776240,C217,premium,10-06-2024,WhatsApp,Doctor,1264055,Married
CUS004018,Sneha,Reddy,Female,35,sneha.reddy4018@gmail.com,9180272128,C004,Returning,22-08-2024,Phone,Teacher,2751691,married
CUS004019,Vikram,Patel,male,49,vikram.patel4019@gmail.com,9364427422,C240,New,27-03-2024,Email,Business,302342,married
CUS004020,Vikram,Nair,male,50,vikram.nair4020@gmail.com,9178127087,C133,New,09-08-2024,WhatsApp,,1721034,Married
CUS004021,Aarav,Iyer,male,41,aarav.iyer4021@gmail.com,9457256197,C141,premium,17-03-2024,Email,Doctor,2442114,married
CUS004022,Priya,Patel,Male,50,priya.patel4022@gmail.com,9393293442,C073,Returning,28-07-2024,Phone,Business,1062617,Single
CUS004023,Sneha,Nair,MALE,54,sneha.nair4023@gmail.com,9245898483,C143,Premium,21-08-2024,WhatsApp,Engineer,345483,Single
CUS004024,Rahul,Patel,FEMALE,36,rahul.patel4024@gmail.com,9578859171,C242,premium,25-08-2024,Email,Business,788939,married
CUS004025,Vikram,Sharma,Male,45,vikram.sharma4025@gmail.com,9818182005,C176,Premium,28-11-2024,Phone,Business,991796,Single
CUS004026,Priya,Sharma,Female,48,priya.sharma4026@gmail.com,98 82024693,C132,Returning,05-03-2024,Phone,Teacher,2522037,Married
CUS004027,Ananya,Iyer,male,48,ananya.iyer4027@gmail.com,9912462094,C235,New,12-06-2024,WhatsApp,Business,1393349,Single
CUS004028,Sneha,Patel,Female,44,sneha.patel4028@gmail.com,9128315912,C131,Returning,19-05-2024,Email,Doctor,1716619,Married
CUS004029,Rahul,Nair,Female,37,rahul.nair4029@gmail.com,9480319898,C014,New,24-09-2024,Phone,Doctor,328289,married
CUS004030,Sneha,Singh,male,50,sneha.singh4030@gmail.com,9734670585,C021,premium,15-08-2024,WhatsApp,Doctor,2623576,Married
CUS004031,Aarav,Reddy,Female,43,aarav.reddy4031@gmail.com,9789653173,C199,Premium,17-06-2024,Phone,Business,657428,Married
CUS004032,Vikram,Nair,Female,64,vikram.nair4032@gmail.com,9237229824,C187,New,17-09-2024,Phone,Doctor,2835308,Single
CUS004033,Sneha,Nair,MALE,35,sneha.nair4033@gmail.com,9237896905,C105,New,20-06-2024,Phone,Doctor,1195937,Single
CUS004034,Priya,Nair,Female,63,priya.nair4034@gmail.com,9143487888,C161,premium,15-11-2024,WhatsApp,Doctor,2108592,Married
CUS004035,Vikram,Singh,MALE,39,vikram.singh4035@gmail.com,9891700604,C065,Returning,10-11-2024,Phone,Doctor,2126148,Single
CUS004036,Rahul,Singh,male,30,rahul.singh4036@gmail.com,9193219904,C099,Premium,10-04-2024,WhatsApp,Teacher,1339103,married
CUS004037,Ananya,Singh,male,29,ananya.singh4037@gmail.com,9734623477,C121,Premium,13-10-2024,WhatsApp,Teacher,2236103,Married
CUS004038,Vikram,Iyer,male,57,vikram.iyer4038@gmail.com,9816048755,C024,Returning,25-02-2024,Email,Engineer,1270186,married
CUS004039,Sneha,Patel,MALE,22,sneha.patel4039@gmail.com,9889959956,C218,premium,18-06-2024,Phone,Teacher,677999,Single
CUS004040,Rahul,Patel,Female,54,,9104488111,C094,New,18-03-2024,Email,Business,879473,Married
CUS004041,Vikram,Singh,male,32,vikram.singh4041@gmail.com,9583849466,C157,New,16-04-2024,Email,Engineer,1109134,Single
CUS004042,Priya,Reddy,FEMALE,33,priya.reddy4042@gmail.com,9846167313,C192,Premium,27-02-2024,WhatsApp,Business,594087,Single
CUS004043,Rahul,Patel,Male,39,rahul.patel4043@gmail.com,9928119051,C122,premium,06-02-2024,WhatsApp,Teacher,1442054,Married
CUS004044,Vikram,Sharma,male,29,vikram.sharma4044@gmail.com,9140930010,C188,Returning,06-07-2024,WhatsApp,Engineer,338880,Married
CUS004045,Priya,Patel,Male,57,priya.patel4045@gmail.com,9715540507,C031,premium,01-03-2024,Phone,Engineer,715806,married
CUS004046,Ananya,Reddy,Male,58,ananya.reddy4046@gmail.com,9829299696,C031,New,13-05-2024,WhatsApp,Engineer,1189875,Married
CUS004047,Vikram,Singh,FEMALE,57,vikram.singh4047@gmail.com,9360295074,C172,New,20-09-2024,Email,Doctor,912440,Single
CUS004048,Ananya,Iyer,MALE,63,ananya.iyer4048@gmail.com,9739593287,C090,Premium,26-12-2024,Email,Engineer,1811657,married
CUS004049,Sneha,Nair,Female,49,sneha.nair4049@gmail.com,9794728021,C217,Returning,04-02-2024,Email,Business,1220718,Single
CUS004050,Aarav,Iyer,FEMALE,60,aarav.iyer4050@gmail.com,9742971793,C165,New,01-01-2024,Phone,Business,1757934,Single
CUS004051,Ananya,Sharma,Male,51,ananya.sharma4051@gmail.com,9685071875,C051,New,16-06-2024,Email,Teacher,666812,married
CUS004052,Aarav,Iyer,Male,63,aarav.iyer4052@gmail.com,9604084424,C223,Returning,13-01-2024,Email,Engineer,2964667,Married
CUS004053,Sneha,Singh,MALE,57,sneha.singh4053@gmail.com,9388501420,C112,Returning,19-01-2024,Phone,Engineer,803293,Married
CUS004054,Priya,Singh,Male,45,priya.singh4054@gmail.com,9328323652,C198,New,15-03-2024,WhatsApp,Teacher,2185112,married
CUS004055,Sneha,Sharma,Male,46,sneha.sharma4055@gmail.com,9707958827,C035,Returning,25-03-2024,WhatsApp,Doctor,1294720,Single
CUS004056,Aarav,Patel,Male,54,aarav.patel4056@gmail.com,9143554765,C074,New,07-09-2024,WhatsApp,Teacher,1340880,Married
CUS004057,Vikram,Iyer,MALE,41,vikram.iyer4057@gmail.com,9317168580,C235,Premium,23-09-2024,WhatsApp,Engineer,2730155,married
CUS004058,Aarav,Nair,Male,28,aarav.nair4058@gmail.com,9970932681,C118,New,02-12-2024,Email,Business,674719,Single
CUS004059,Aarav,Sharma,MALE,57,aarav.sharma4059@gmail.com,98 91253073,C170,Premium,21-04-2024,Email,Business,2541979,Married
CUS004060, Vikram,Nair,FEMALE,52,vikram.nair4060@gmail.com,9958034629,C188,premium,04-02-2024,Phone,Engineer,324359,married
CUS004061,Ananya,Reddy,MALE,49,ananya.reddy4061@gmail.com,9268115186,C237,New,05-07-2024,Email,Doctor,982468,married
CUS004062,Sneha,Reddy,male,30,sneha.reddy4062@gmail.com,9715887372,C139,premium,25-10-2024,WhatsApp,Doctor,474458,Married
CUS004063,Vikram,Reddy,male,54,vikram.reddy4063@gmail.com,9894848747,C193,premium,19-11-2024,Phone,Engineer,1137290,Married
CUS004064,Ananya,Patel,MALE,27,ananya.patel4064@gmail.com,9150121208,C238,premium,19-03-2024,Email,Teacher,1068384,married
CUS004065,Rahul,Nair,FEMALE,58,rahul.nair4065@gmail.com,9203550768,C248,Returning,23-09-2024,Phone,Engineer,2840603,married
CUS004066,Aarav,Sharma,Male,64,aarav.sharma4066@gmail.com,9243239280,C147,premium,04-03-2024,Phone,Teacher,1526197,Single
CUS004067,Aarav,Patel,MALE,25,aarav.patel4067@gmail.com,9338477009,C116,New,11-03-2024,Email,Business,2443602,married
CUS004068,Priya,Nair,Male,51,priya.nair4068@gmail.com,9470514153,C127,premium,21-07-2024,Phone,Doctor,613528,Married
CUS004069,Aarav,Sharma,Female,58,aarav.sharma4069@gmail.com,9168710255,C066,New,20-06-2024,Email,Doctor,830754,Married
CUS004070,Ananya,Patel,MALE,45,ananya.patel4070@gmail.com,,C227,Premium,27-05-2024,WhatsApp,Business,1971069,Married
CUS004071,Vikram,Singh,male,49,vikram.singh4071@gmail.com,9717034373,C024,Premium,01-09-2024,Email,Engineer,945797,married
CUS004072,Sneha,Reddy,Male,55,sneha.reddy4072@gmail.com,9254982097,C193,Returning,20-04-2024,Phone,Engineer,1892020,married
CUS004073,Aarav,Reddy,Female,50,aarav.reddy4073@gmail.com,9652201373,C083,New,21-07-2024,WhatsApp,Engineer,1489002,Married
CUS004074,Priya,Reddy,male,60,priya.reddy4074@gmail.com,9617027684,C119,premium,06-03-2024,Email,Business,2067788,Married
CUS004075,Sneha,Nair,FEMALE,32,sneha.nair4075@gmail.com,9235733849,C012,Returning,15-08-2024,Email,Teacher,1642777,Married
CUS004076,Rahul,Iyer,male,61,rahul.iyer4076@gmail.com,9530794638,C065,Returning,04-12-2024,Phone,Teacher,1105484,Married
CUS004077,Rahul,Nair,MALE,33,rahul.nair4077@gmail.com,9480511201,C083,premium,15-12-2024,WhatsApp,Engineer,1804206,Married
CUS004078,Ananya,Patel,Female,36,ananya.patel4078@gmail.com,9855210669,C053,premium,20-08-2024,WhatsApp,Doctor,1461348,Single
CUS004079,Priya,Patel,male,38,priya.patel4079@gmail.com,9178743495,C005,Premium,19-11-2024,Phone,Business,2272398,Single
CUS004080,Sneha,Iyer,FEMALE,33,,9559216077,C225,Returning,08-05-2024,WhatsApp,,2327992,Single
CUS004081,Priya,Reddy,MALE,38,priya.reddy4081@gmail.com,9406580926,C029,New,25-07-2024,Phone,Doctor,792761,Single
CUS004082,Priya,Singh,Female,31,priya.singh4082@gmail.com,9839248639,C045,New,15-07-2024,Email,Engineer,1219184,married
CUS004083,Rahul,Patel,male,29,rahul.patel4083@gmail.com,9645048622,C167,premium,19-12-2024,WhatsApp,Engineer,687273,married
CUS004084,Aarav,Iyer,FEMALE,55,aarav.iyer4084@gmail.com,9934289384,C230,Premium,23-06-2024,Phone,Teacher,954954,Single
CUS004085,Ananya,Iyer,FEMALE,55,ananya.iyer4085@gmail.com,9564418251,C007,New,25-12-2024,Phone,Doctor,1358501,married
CUS004086,Ananya,Sharma,male,30,ananya.sharma4086@gmail.com,9593462355,C103,Returning,14-04-2024,Email,Engineer,2604931,Married
CUS004087,Rahul,Iyer,Female,25,rahul.iyer4087@gmail.com,9811695029,C148,premium,28-07-2024,Email,Doctor,330369,married
CUS004088,Ananya,Nair,Female,53,ananya.nair4088@gmail.com,9602822001,C113,Premium,15-02-2024,WhatsApp,Doctor,2596661,Married
CUS004089,Sneha,Iyer,Male,57,sneha.iyer4089@gmail.com,9539800981,C221,premium,26-12-2024,WhatsApp,Business,673871,married
CUS004090,Aarav,Reddy,MALE,29,aarav.reddy4090@gmail.com,9435097432,C119,New,11-08-2024,Phone,Business,1437695,Married
CUS004091,Priya,Nair,Female,32,priya.nair4091@gmail.com,9618439556,C196,Returning,21-04-2024,Phone,Doctor,544016,Married
CUS004092,Rahul,Reddy,FEMALE,51,rahul.reddy4092@gmail.com,98 60638172,C123,New,12-07-2024,WhatsApp,Teacher,2526964,Married
CUS004093,Ananya,Nair,Female,39,ananya.nair4093@gmail.com,9922475356,C119,Premium,09-02-2024,WhatsApp,Teacher,2285408,Single
CUS004094,Ananya,Reddy,Male,53,ananya.reddy4094@gmail.com,9286772895,C075,Premium,02-02-2024,Phone,Business,1883417,Single
CUS004095,Rahul,Iyer,male,65,rahul.iyer4095@gmail.com,9413361727,C245,Premium,09-10-2024,Phone,Doctor,1808862,Single
CUS004096,Sneha,Singh,Female,27,sneha.singh4096@gmail.com,9401836796,C147,New,07-10-2024,Email,Doctor,1634895,Single
CUS004097,Rahul,Reddy,FEMALE,35,rahul.reddy4097@gmail.com,9851398937,C143,Returning,03-07-2024,Phone,Engineer,336245,Married
CUS004098,Priya,Sharma,MALE,54,priya.sharma4098@gmail.com,9400359648,C208,Premium,11-03-2024,Phone,Engineer,1392474,married
CUS004099,Rahul,Singh,Male,50,rahul.singh4099@gmail.com,9135815778,C003,premium,19-03-2024,WhatsApp,Engineer,1521959,married
CUS004100,Aarav,Iyer,male,49,aarav.iyer4100@gmail.com,9713712913,C058,Returning,12-06-2024,WhatsApp,Engineer,1609130,married
CUS004101,Vikram,Nair,FEMALE,63,vikram.nair4101@gmail.com,9639450692,C010,New,22-04-2024,Email,Business,2018854,married
CUS004102,Rahul,Singh,Male,60,rahul.singh4102@gmail.com,9286624243,C180,premium,19-12-2024,Phone,Teacher,1843763,married
CUS004103,Vikram,Nair,MALE,41,vikram.nair4103@gmail.com,9352913786,C224,premium,03-12-2024,Phone,Teacher,2302048,Married
CUS004104,Vikram,Singh,Female,60,vikram.singh4104@gmail.com,9742486662,C206,New,22-06-2024,Phone,Teacher,936796,married
CUS004105,Vikram,Nair,Male,22,vikram.nair4105@gmail.com,9683944796,C013,New,04-07-2024,Email,Doctor,842631,Single
CUS004106,Sneha,Nair,Male,40,sneha.nair4106@gmail.com,9544793984,C003,Returning,20-05-2024,Phone,Business,1113121,Married
CUS004107,Sneha,Sharma,MALE,43,sneha.sharma4107@gmail.com,9733520668,C043,Premium,14-09-2024,Phone,Engineer,1165125,Single
CUS004108,Ananya,Sharma,male,65,ananya.sharma4108@gmail.com,9459909812,C207,premium,10-12-2024,Phone,Doctor,2048930,married
CUS004109,Rahul,Reddy,male,50,rahul.reddy4109@gmail.com,9754173577,C117,Premium,24-10-2024,Email,Business,2990381,married
CUS004110,Vikram,Nair,Male,30,vikram.nair4110@gmail.com,9827187215,C104,Premium,10-09-2024,Email,Teacher,2839340,married
CUS004111,Rahul,Singh,MALE,53,rahul.singh4111@gmail.com,9320966946,C168,Premium,27-12-2024,WhatsApp,Business,1216127,married
CUS004112,Ananya,Nair,Female,45,ananya.nair4112@gmail.com,9599617751,C145,Premium,06-03-2024,WhatsApp,Teacher,1908047,Single
CUS004113,Sneha,Iyer,Female,55,sneha.iyer4113@gmail.com,9146680376,C078,New,27-05-2024,Email,Teacher,1863480,Single
CUS004114,Sneha,Patel,male,24,sneha.patel4114@gmail.com,9562258469,C196,premium,25-05-2024,Email,Business,818788,married
CUS004115,Vikram,Patel,male,63,vikram.patel4115@gmail.com,9167251001,C238,premium,19-04-2024,WhatsApp,Doctor,2443153,Single
CUS004116,Vikram,Sharma,Male,63,vikram.sharma4116@gmail.com,9881812405,C062,New,24-10-2024,Phone,Doctor,2733072,Married
CUS004117,Aarav,Sharma,Female,63,aarav.sharma4117@gmail.com,9169826666,C038,Premium,20-07-2024,WhatsApp,Teacher,1384289,married
CUS004118,Ananya,Nair,Female,29,ananya.nair4118@gmail.com,9906044155,C059,Premium,23-07-2024,WhatsApp,Business,1094354,Single
CUS004119,Vikram,Patel,Female,46,vikram.patel4119@gmail.com,9651276368,C084,premium,01-02-2024,Email,Engineer,758291,Married
CUS004120,Rahul,Nair,Female,40,,9217046382,C228,Premium,23-12-2024,Email,Teacher,1147218,Married
CUS004121,Ananya,Patel,Male,37,ananya.patel4121@gmail.com,9922129199,C021,Returning,07-06-2024,Email,Engineer,861438,Married
CUS004122,Aarav,Singh,Male,54,aarav.singh4122@gmail.com,9408584790,C175,premium,09-01-2024,WhatsApp,Engineer,2419319,Married
CUS004123,Vikram,Iyer,MALE,45,vikram.iyer4123@gmail.com,9243029924,C189,Returning,28-08-2024,Phone,Doctor,705405,Single
CUS004124,Ananya,Reddy,Male,39,ananya.reddy4124@gmail.com,9357148575,C211,premium,12-08-2024,WhatsApp,Doctor,1982341,Single
CUS004125,Aarav,Reddy,Male,46,aarav.reddy4125@gmail.com,,C061,Premium,16-01-2024,Email,Doctor,1025029,Married
CUS004126,Priya,Sharma,male,28,priya.sharma4126@gmail.com,9672402594,C088,Premium,21-10-2024,WhatsApp,Doctor,1400331,Married
CUS004127,Ananya,Nair,FEMALE,54,ananya.nair4127@gmail.com,9237150669,C044,New,10-09-2024,Phone,Teacher,1225287,Married
CUS004128,Vikram,Sharma,FEMALE,33,vikram.sharma4128@gmail.com,9793986312,C115,New,04-02-2024,Email,Teacher,1402264,Married
CUS004129,Ananya,Nair,Male,25,ananya.nair4129@gmail.com,9885010915,C225,Premium,06-03-2024,Phone,Teacher,2588225,married
CUS004130, Sneha,Sharma,Male,63,sneha.sharma4130@gmail.com,9405929300,C061,Premium,10-02-2024,Phone,Engineer,892743,married
CUS004131,Rahul,Patel,Female,44,rahul.patel4131@gmail.com,9427375119,C154,Returning,01-02-2024,Email,Engineer,618997,Single
CUS004132,Ananya,Sharma,MALE,50,ananya.sharma4132@gmail.com,9229271549,C126,premium,09-05-2024,Email,Business,1478509,Single
CUS004133,Priya,Reddy,Male,45,priya.reddy4133@gmail.com,9267798009,C020,Returning,19-01-2024,Email,Business,1988403,Married
CUS004134,Ananya,Reddy,male,32,ananya.reddy4134@gmail.com,9876935736,C158,Returning,08-04-2024,WhatsApp,Teacher,2066939,Married
CUS004135,Vikram,Singh,Male,40,vikram.singh4135@gmail.com,9197000062,C247,New,20-03-2024,Email,Engineer,1229963,Single
CUS004136,Sneha,Singh,MALE,50,sneha.singh4136@gmail.com,9289166844,C204,New,16-10-2024,Email,Teacher,690160,married
CUS004137,Aarav,Patel,Female,63,aarav.patel4137@gmail.com,9578840915,C202,New,21-08-2024,WhatsApp,Doctor,1298317,Single
CUS004138,Rahul,Iyer,Male,52,rahul.iyer4138@gmail.com,9832864516,C205,Premium,02-06-2024,Phone,Teacher,2533614,Married
CUS004139,Vikram,Nair,MALE,24,vikram.nair4139@gmail.com,9355235451,C136,Returning,20-03-2024,Email,Teacher,2855974,Single
CUS004140,Sneha,Nair,Male,44,sneha.nair4140@gmail.com,9550845118,C148,Premium,21-11-2024,Email,,1048892,Single
CUS004141,Priya,Reddy,MALE,32,priya.reddy4141@gmail.com,9989657134,C086,Returning,27-12-2024,Phone,Teacher,2270084,married
CUS004142,Priya,Iyer,male,50,priya.iyer4142@gmail.com,9817344646,C057,premium,24-09-2024,Phone,Business,1055147,Single
CUS004143,Ananya,Reddy,FEMALE,58,ananya.reddy4143@gmail.com,9363360113,C034,Returning,17-03-2024,Email,Teacher,1265985,Married
CUS004144,Rahul,Singh,Female,24,rahul.singh4144@gmail.com,9377526232,C096,New,02-05-2024,WhatsApp,Engineer,2059099,Married
CUS004145,Vikram,Reddy,Male,49,vikram.reddy4145@gmail.com,9628809497,C040,Returning,03-11-2024,WhatsApp,Engineer,2657016,married
CUS004146,Ananya,Sharma,male,65,ananya.sharma4146@gmail.com,9559950074,C190,New,13-05-2024,Email,Doctor,1270231,married
CUS004147,Ananya,Iyer,MALE,22,ananya.iyer4147@gmail.com,9330407776,C075,Premium,27-08-2024,Email,Engineer,2271287,Married
CUS004148,Aarav,Sharma,FEMALE,53,aarav.sharma4148@gmail.com,9237070873,C058,Premium,08-06-2024,Phone,Business,2749416,Single
CUS004149,Sneha,Sharma,Male,51,sneha.sharma4149@gmail.com,9187751617,C186,Returning,25-08-2024,WhatsApp,Teacher,2081314,married
CUS004150,Aarav,Reddy,MALE,42,aarav.reddy4150@gmail.com,9514770080,C059,Premium,25-07-2024,Email,Teacher,873455,Single
CUS004151,Vikram,Reddy,FEMALE,36,vikram.reddy4151@gmail.com,9159779307,C164,Premium,09-05-2024,Email,Engineer,2933755,Single
CUS004152,Rahul,Nair,Male,42,rahul.nair4152@gmail.com,9635812621,C159,Premium,13-05-2024,Phone,Engineer,1986405,Married
CUS004153,Vikram,Iyer,Male,50,vikram.iyer4153@gmail.com,9829952084,C218,premium,04-12-2024,Phone,Business,2183446,married
CUS004154,Vikram,Reddy,Male,36,vikram.reddy4154@gmail.com,9280127366,C196,New,28-03-2024,WhatsApp,Engineer,2278342,Single
CUS004155,Aarav,Patel,FEMALE,31,aarav.patel4155@gmail.com,9573849382,C234,Returning,27-12-2024,Email,Doctor,2244014,Single
CUS004156,Ananya,Sharma,male,46,ananya.sharma4156@gmail.com,9306587620,C035,New,02-04-2024,Phone,Teacher,449088,married
CUS004157,Vikram,Sharma,male,34,vikram.sharma4157@gmail.com,9756935265,C173,New,21-03-2024,WhatsApp,Engineer,2749867,Married
CUS004158,Vikram,Iyer,male,47,vikram.iyer4158@gmail.com,98 78996705,C065,Premium,06-11-2024,Email,Engineer,609509,Single
CUS004159,Rahul,Patel,Female,55,rahul.patel4159@gmail.com,9691606156,C174,Returning,19-02-2024,Email,Engineer,1959899,Married
CUS004160,Sneha,Singh,male,26,,9704527462,C079,Returning,02-01-2024,WhatsApp,Teacher,1750925,Married
CUS004161,Vikram,Sharma,Female,56,vikram.sharma4161@gmail.com,9304341097,C205,premium,17-01-2024,Phone,Business,358307,Married
CUS004162,Vikram,Iyer,FEMALE,38,vikram.iyer4162@gmail.com,9507560524,C003,Returning,13-04-2024,WhatsApp,Doctor,765108,Married
CUS004163,Rahul,Iyer,FEMALE,54,rahul.iyer4163@gmail.com,9621157063,C131,Returning,27-05-2024,Phone,Business,2952639,married
CUS004164,Sneha,Nair,Male,61,sneha.nair4164@gmail.com,9890471584,C137,Premium,20-11-2024,WhatsApp,Business,2220280,Single
CUS004165,Aarav,Singh,Male,33,aarav.singh4165@gmail.com,9466243271,C069,premium,03-02-2024,WhatsApp,Business,1174090,Single
CUS004166,Sneha,Iyer,FEMALE,30,sneha.iyer4166@gmail.com,9941453150,C031,Premium,24-08-2024,Phone,Teacher,456803,Married
CUS004167,Priya,Sharma,male,38,priya.sharma4167@gmail.com,9976402458,C235,Premium,07-01-2024,Phone,Business,1785666,married
CUS004168,Priya,Singh,Female,59,priya.singh4168@gmail.com,9857087847,C155,New,25-09-2024,Email,Teacher,1556080,Married
CUS004169,Ananya,Sharma,male,50,ananya.sharma4169@gmail.com,9956692525,C066,New,15-09-2024,Phone,Doctor,1279475,Single
CUS004170,Priya,Singh,Female,39,priya.singh4170@gmail.com,9633256584,C135,premium,09-07-2024,Phone,Doctor,2486609,married
CUS004171,Vikram,Sharma,MALE,43,vikram.sharma4171@gmail.com,9900728241,C015,Premium,14-04-2024,Phone,Teacher,1193333,Single
CUS004172,Aarav,Singh,male,65,aarav.singh4172@gmail.com,9289588716,C171,Returning,18-06-2024,WhatsApp,Business,2272258,married
CUS004173,Aarav,Sharma,Male,23,aarav.sharma4173@gmail.com,9712577816,C192,premium,26-04-2024,WhatsApp,Business,352311,married
CUS004174,Rahul,Sharma,MALE,22,rahul.sharma4174@gmail.com,9588197779,C224,Premium,03-08-2024,Email,Teacher,600983,Married
CUS004175,Ananya,Patel,male,29,ananya.patel4175@gmail.com,9547130833,C175,New,27-09-2024,WhatsApp,Teacher,2972783,Married
CUS004176,Ananya,Nair,Male,38,ananya.nair4176@gmail.com,9631161133,C065,New,23-11-2024,WhatsApp,Doctor,1208764,Married
CUS004177,Vikram,Sharma,Male,46,vikram.sharma4177@gmail.com,9615166291,C191,Premium,11-06-2024,Phone,Doctor,2722875,Married
CUS004178,Sneha,Singh,MALE,53,sneha.singh4178@gmail.com,9860808069,C124,premium,26-08-2024,Email,Business,944619,Married
CUS004179,Vikram,Patel,Male,28,vikram.patel4179@gmail.com,9104004834,C094,New,07-10-2024,WhatsApp,Engineer,1974832,Single
CUS004180,Sneha,Nair,Male,34,sneha.nair4180@gmail.com,,C064,premium,28-08-2024,Email,Doctor,2932504,Single
CUS004181,Aarav,Nair,male,31,aarav.nair4181@gmail.com,9638664216,C203,Returning,18-06-2024,WhatsApp,Doctor,617206,Single
CUS004182,Priya,Sharma,male,39,priya.sharma4182@gmail.com,9624305943,C244,New,03-02-2024,Phone,Doctor,403751,Single
CUS004183,Vikram,Nair,male,53,vikram.nair4183@gmail.com,9427437782,C032,Returning,16-12-2024,WhatsApp,Doctor,2543210,married
CUS004184,Aarav,Sharma,Male,64,aarav.sharma4184@gmail.com,9368786438,C019,premium,03-03-2024,Email,Engineer,1500869,Single
CUS004185,Ananya,Iyer,Female,47,ananya.iyer4185@gmail.com,9354078325,C238,Premium,27-05-2024,Email,Business,1381549,Married
CUS004186,Vikram,Iyer,Male,40,vikram.iyer4186@gmail.com,9912432456,C228,New,15-12-2024,WhatsApp,Teacher,2005711,Single
CUS004187,Rahul,Nair,MALE,55,rahul.nair4187@gmail.com,9524737997,C065,Premium,15-01-2024,WhatsApp,Engineer,1297983,Single
CUS004188,Sneha,Reddy,male,30,sneha.reddy4188@gmail.com,9589072324,C197,New,07-09-2024,WhatsApp,Engineer,1661378,Single
CUS004189,Sneha,Reddy,male,39,sneha.reddy4189@gmail.com,9454621239,C119,New,14-06-2024,WhatsApp,Business,1668952,Married
CUS004190,Vikram,Patel,FEMALE,55,vikram.patel4190@gmail.com,9990531865,C203,Returning,11-03-2024,WhatsApp,Engineer,816195,Married
CUS004191,Aarav,Iyer,Female,64,aarav.iyer4191@gmail.com,98 44479009,C204,Premium,03-01-2024,Email,Teacher,778777,married
CUS004192,Aarav,Sharma,Female,48,aarav.sharma4192@gmail.com,9449174321,C243,Premium,01-09-2024,Phone,Teacher,2800946,Married
CUS004193,Priya,Patel,Female,33,priya.patel4193@gmail.com,9767615231,C034,Premium,10-10-2024,Email,Business,1008555,married
CUS004194,Vikram,Iyer,Female,40,vikram.iyer4194@gmail.com,9156552214,C129,Premium,25-01-2024,Email,Business,1471497,married
CUS004195,Priya,Iyer,Female,43,priya.iyer4195@gmail.com,9546609573,C167,premium,03-10-2024,WhatsApp,Business,2385415,married
CUS004196,Ananya,Sharma,FEMALE,39,ananya.sharma4196@gmail.com,9636267593,C080,Returning,01-10-2024,Email,Doctor,2878398,Single
CUS004197,Sneha,Sharma,MALE,54,sneha.sharma4197@gmail.com,9702244655,C214,Premium,22-07-2024,Email,Doctor,2480553,Married
CUS004198,Priya,Reddy,male,60,priya.reddy4198@gmail.com,9388812949,C233,Returning,04-07-2024,Phone,Business,2138424,Married
CUS004199,Rahul,Patel,Male,35,rahul.patel4199@gmail.com,9131315509,C073,Returning,24-12-2024,Phone,Business,654921,married
CUS004200, Aarav,Patel,MALE,43,,9169572026,C123,Premium,18-12-2024,WhatsApp,,2829467,married
CUS004201,Sneha,Nair,male,64,sneha.nair4201@gmail.com,9568085704,C105,Returning,01-11-2024,Phone,Engineer,2866290,Single
CUS004202,Ananya,Sharma,male,50,ananya.sharma4202@gmail.com,9675826368,C122,premium,12-11-2024,Phone,Doctor,2909335,Married
CUS004203,Aarav,Patel,FEMALE,25,aarav.patel4203@gmail.com,9215886959,C061,New,24-11-2024,WhatsApp,Doctor,2416761,Married
CUS004204,Rahul,Iyer,Male,22,rahul.iyer4204@gmail.com,9826032960,C216,Returning,04-03-2024,Phone,Teacher,2321568,married
CUS004205,Sneha,Iyer,male,55,sneha.iyer4205@gmail.com,9588578661,C009,Returning,09-12-2024,Email,Teacher,1228907,Married
CUS004206,Rahul,Singh,Male,50,rahul.singh4206@gmail.com,9682591567,C226,Premium,16-10-2024,WhatsApp,Doctor,1298268,married
CUS004207,Rahul,Iyer,Female,52,rahul.iyer4207@gmail.com,9906409252,C197,New,15-01-2024,WhatsApp,Teacher,1092240,Married
CUS004208,Sneha,Singh,MALE,27,sneha.singh4208@gmail.com,9935885813,C054,New,19-05-2024,Email,Engineer,2050752,married
CUS004209,Rahul,Patel,FEMALE,25,rahul.patel4209@gmail.com,9965983578,C223,premium,28-03-2024,WhatsApp,Teacher,1254368,Married
CUS004210,Sneha,Iyer,Female,55,sneha.iyer4210@gmail.com,9723673640,C068,Premium,25-09-2024,Phone,Business,781860,Married
CUS004211,Ananya,Reddy,MALE,63,ananya.reddy4211@gmail.com,9912683065,C230,New,28-02-2024,WhatsApp,Doctor,1475257,married
CUS004212,Vikram,Iyer,MALE,60,vikram.iyer4212@gmail.com,9441870782,C199,premium,15-05-2024,Phone,Doctor,2849736,Married
CUS004213,Ananya,Sharma,male,54,ananya.sharma4213@gmail.com,9774765893,C181,New,16-11-2024,Email,Doctor,1557187,Married
CUS004214,Aarav,Singh,male,44,aarav.singh4214@gmail.com,9740197400,C203,premium,12-10-2024,Email,Engineer,471264,Married
CUS004215,Priya,Iyer,male,47,priya.iyer4215@gmail.com,9115936431,C043,Premium,20-11-2024,Phone,Doctor,1044743,married
CUS004216,Sneha,Reddy,FEMALE,57,sneha.reddy4216@gmail.com,9143914940,C220,New,23-07-2024,Email,Engineer,624660,Single
CUS004217,Sneha,Sharma,FEMALE,61,sneha.sharma4217@gmail.com,9524981147,C025,New,05-12-2024,WhatsApp,Doctor,2723507,Married
CUS004218,Sneha,Patel,male,29,sneha.patel4218@gmail.com,9177454782,C092,New,20-07-2024,WhatsApp,Teacher,1098534,married
CUS004219,Vikram,Nair,MALE,35,vikram.nair4219@gmail.com,9303685081,C089,premium,14-09-2024,Email,Doctor,894427,Married
CUS004220,Vikram,Sharma,MALE,39,vikram.sharma4220@gmail.com,9547129729,C186,Premium,17-08-2024,Phone,Business,2280194,Married
CUS004221,Ananya,Nair,male,22,ananya.nair4221@gmail.com,9538832376,C201,premium,24-07-2024,WhatsApp,Business,347431,Married
CUS004222,Ananya,Iyer,FEMALE,57,ananya.iyer4222@gmail.com,9154604111,C134,Returning,23-05-2024,Phone,Engineer,1256729,married
CUS004223,Priya,Iyer,MALE,50,priya.iyer4223@gmail.com,9727165976,C108,New,02-09-2024,Phone,Business,1178365,married
CUS004224,Priya,Sharma,Male,47,priya.sharma4224@gmail.com,98 96125011,C161,Premium,04-07-2024,Phone,Doctor,1270019,married
CUS004225,Rahul,Iyer,FEMALE,26,rahul.iyer4225@gmail.com,9770233555,C060,New,26-02-2024,WhatsApp,Teacher,2228350,Single
CUS004226,Sneha,Nair,MALE,35,sneha.nair4226@gmail.com,9450909315,C077,New,06-04-2024,Phone,Engineer,1383219,married
CUS004227,Vikram,Nair,Female,38,vikram.nair4227@gmail.com,9824561253,C173,Returning,19-10-2024,Phone,Doctor,1058622,Single
CUS004228,Sneha,Singh,FEMALE,29,sneha.singh4228@gmail.com,9929926975,C163,Returning,26-07-2024,Phone,Business,1192505,married
CUS004229,Vikram,Patel,MALE,53,vikram.patel4229@gmail.com,9392668131,C091,Premium,19-09-2024,Phone,Business,1967167,married
CUS004230,Sneha,Sharma,Male,25,sneha.sharma4230@gmail.com,9539773412,C202,New,07-11-2024,Phone,Engineer,1624572,married
CUS004231,Rahul,Patel,FEMALE,54,rahul.patel4231@gmail.com,9340484497,C233,premium,01-06-2024,WhatsApp,Engineer,2891870,married
CUS004232,Sneha,Singh,Female,27,sneha.singh4232@gmail.com,9511456460,C047,Returning,23-01-2024,WhatsApp,Teacher,1638768,Single
CUS004233,Vikram,Nair,male,22,vikram.nair4233@gmail.com,9338769698,C236,premium,12-09-2024,WhatsApp,Doctor,1163996,Married
CUS004234,Priya,Patel,Male,23,priya.patel4234@gmail.com,9757109125,C146,premium,24-08-2024,Email,Doctor,1508771,Single
CUS004235,Vikram,Singh,Female,37,vikram.singh4235@gmail.com,,C169,Returning,11-11-2024,Email,Teacher,2743744,Married
CUS004236,Aarav,Singh,Male,65,aarav.singh4236@gmail.com,9429206968,C011,premium,25-11-2024,WhatsApp,Engineer,1346314,Single
CUS004237,Aarav,Sharma,Female,46,aarav.sharma4237@gmail.com,9969537938,C116,Returning,14-08-2024,Email,Business,2934867,Single
CUS004238,Vikram,Reddy,Female,51,vikram.reddy4238@gmail.com,9586857213,C088,Returning,23-02-2024,Email,Engineer,410286,Married
CUS004239,Ananya,Patel,FEMALE,34,ananya.patel4239@gmail.com,9662757392,C034,premium,15-12-2024,Email,Business,2095269,married
CUS004240,Sneha,Reddy,MALE,48,,9692159505,C167,premium,18-09-2024,WhatsApp,Business,2114658,Single
CUS004241,Aarav,Iyer,male,30,aarav.iyer4241@gmail.com,9248087611,C195,Premium,27-02-2024,Email,Business,1320553,married
CUS004242,Ananya,Nair,male,49,ananya.nair4242@gmail.com,9488988898,C024,New,25-11-2024,Email,Business,1374014,Single
CUS004243,Vikram,Singh,Male,65,vikram.singh4243@gmail.com,9141367223,C092,Returning,14-04-2024,WhatsApp,Engineer,2715883,Married
CUS004244,Aarav,Patel,Male,24,aarav.patel4244@gmail.com,9998330976,C215,Returning,07-12-2024,WhatsApp,Doctor,2626069,Single
CUS004245,Aarav,Nair,MALE,44,aarav.nair4245@gmail.com,9546622840,C097,New,22-08-2024,Email,Business,1240090,Single
CUS004246,Aarav,Nair,Male,22,aarav.nair4246@gmail.com,9275464498,C092,New,20-04-2024,Phone,Doctor,682901,Married
CUS004247,Sneha,Iyer,MALE,64,sneha.iyer4247@gmail.com,9384999660,C070,New,28-10-2024,Phone,Teacher,1153657,Married
CUS004248,Aarav,Reddy,MALE,45,aarav.reddy4248@gmail.com,9285171489,C209,New,28-04-2024,Email,Engineer,2606098,Married
CUS004249,Ananya,Nair,male,26,ananya.nair4249@gmail.com,9625295206,C125,premium,22-10-2024,Email,Teacher,2317425,Single
CUS004250,Vikram,Nair,MALE,65,vikram.nair4250@gmail.com,9874291641,C139,Returning,16-09-2024,WhatsApp,Doctor,2691430,married
CUS004251,Ananya,Iyer,MALE,49,ananya.iyer4251@gmail.com,9515159294,C248,Returning,02-11-2024,Email,Doctor,838550,married
CUS004252,Priya,Nair,Male,49,priya.nair4252@gmail.com,9703764605,C007,New,03-12-2024,Phone,Doctor,2303705,Single
CUS004253,Ananya,Reddy,Male,38,ananya.reddy4253@gmail.com,9470466450,C177,Premium,28-04-2024,WhatsApp,Doctor,1019701,married
CUS004254,Priya,Patel,MALE,63,priya.patel4254@gmail.com,9622599548,C081,Returning,20-10-2024,Email,Teacher,898521,married
CUS004255,Aarav,Patel,Female,33,aarav.patel4255@gmail.com,9410554270,C168,Returning,19-07-2024,Phone,Business,1964198,Single
CUS004256,Sneha,Patel,Female,65,sneha.patel4256@gmail.com,9684958882,C140,Returning,17-05-2024,Email,Business,439009,Married
CUS004257,Rahul,Iyer,Female,43,rahul.iyer4257@gmail.com,98 12371794,C181,Premium,25-08-2024,Email,Teacher,793128,Single
CUS004258,Priya,Patel,MALE,47,priya.patel4258@gmail.com,9360726230,C139,Premium,12-04-2024,Email,Business,2608778,Single
CUS004259,Ananya,Iyer,Female,23,ananya.iyer4259@gmail.com,9702167708,C001,Premium,14-02-2024,Email,Doctor,1126021,Married
CUS004260,Vikram,Nair,Female,53,vikram.nair4260@gmail.com,9268732421,C086,premium,10-03-2024,WhatsApp,,1231269,married
CUS004261,Aarav,Sharma,FEMALE,50,aarav.sharma4261@gmail.com,9422604095,C122,premium,18-07-2024,Email,Business,1096285,Married
CUS004262,Ananya,Patel,FEMALE,33,ananya.patel4262@gmail.com,9398432467,C206,Returning,21-09-2024,Email,Engineer,2080953,Single
CUS004263,Priya,Sharma,male,54,priya.sharma4263@gmail.com,9688546985,C181,Returning,09-11-2024,Phone,Teacher,1643644,Married
CUS004264,Sneha,Iyer,male,31,sneha.iyer4264@gmail.com,9396652966,C069,premium,12-08-2024,Email,Engineer,2655366,Single
CUS004265,Sneha,Nair,Female,57,sneha.nair4265@gmail.com,9897967083,C118,premium,15-06-2024,WhatsApp,Engineer,521119,Single
CUS004266,Sneha,Reddy,Male,47,sneha.reddy4266@gmail.com,9684283316,C143,Premium,27-07-2024,WhatsApp,Business,763103,Single
CUS004267,Vikram,Nair,male,45,vikram.nair4267@gmail.com,9605213951,C044,Premium,28-12-2024,Email,Teacher,2422200,married
CUS004268,Vikram,Patel,Female,28,vikram.patel4268@gmail.com,9703320866,C183,Returning,14-01-2024,Email,Teacher,2858740,Married
CUS004269,Ananya,Patel,FEMALE,37,ananya.patel4269@gmail.com,9929598943,C070,New,04-06-2024,Email,Engineer,1205583,married
CUS004270, Priya,Iyer,MALE,57,priya.iyer4270@gmail.com,9858915335,C118,New,22-12-2024,Email,Doctor,2387027,married
CUS004271,Ananya,Reddy,Female,23,ananya.reddy4271@gmail.com,9906546912,C046,premium,21-10-2024,Phone,Business,2721965,married
CUS004272,Priya,Iyer,FEMALE,62,priya.iyer4272@gmail.com,9603559877,C204,Returning,16-10-2024,WhatsApp,Business,2502575,Single
CUS004273,Vikram,Singh,MALE,53,vikram.singh4273@gmail.com,9905293711,C219,New,07-06-2024,Email,Engineer,1322404,Single
CUS004274,Sneha,Iyer,male,35,sneha.iyer4274@gmail.com,9665177837,C154,Premium,19-07-2024,Phone,Business,2557027,Single
CUS004275,Vikram,Nair,MALE,58,vikram.nair4275@gmail.com,9248770226,C214,premium,20-10-2024,Phone,Teacher,2497638,Single
CUS004276,Aarav,Nair,FEMALE,47,aarav.nair4276@gmail.com,9263205381,C032,Returning,10-12-2024,Phone,Doctor,490368,Single
CUS004277,Vikram,Patel,MALE,32,vikram.patel4277@gmail.com,9291040022,C087,premium,05-01-2024,WhatsApp,Doctor,2482948,Single
CUS004278,Rahul,Reddy,Male,37,rahul.reddy4278@gmail.com,9692632237,C032,Premium,09-06-2024,Phone,Doctor,1996258,Married
CUS004279,Sneha,Patel,Male,47,sneha.patel4279@gmail.com,9864764528,C120,New,16-08-2024,Phone,Business,1072856,Married
CUS004280,Priya,Patel,Male,45,,9246837973,C235,New,18-05-2024,WhatsApp,Business,1586670,married
CUS004281,Priya,Nair,MALE,43,priya.nair4281@gmail.com,9953018041,C016,Premium,11-03-2024,Phone,Engineer,2880641,married
CUS004282,Priya,Reddy,FEMALE,52,priya.reddy4282@gmail.com,9647037414,C128,Premium,05-03-2024,Phone,Doctor,1987872,Single
CUS004283,Sneha,Sharma,MALE,28,sneha.sharma4283@gmail.com,9202803676,C012,premium,02-12-2024,Email,Teacher,656920,Married
CUS004284,Aarav,Nair,FEMALE,40,aarav.nair4284@gmail.com,9399689650,C248,Returning,27-02-2024,Phone,Business,2625730,Single
CUS004285,Aarav,Patel,FEMALE,52,aarav.patel4285@gmail.com,9942482612,C164,Premium,18-02-2024,WhatsApp,Doctor,646992,Married
CUS004286,Rahul,Patel,Female,26,rahul.patel4286@gmail.com,9986463326,C183,Returning,26-03-2024,Phone,Doctor,1285195,Single
CUS004287,Vikram,Singh,FEMALE,23,vikram.singh4287@gmail.com,9849620774,C206,New,17-10-2024,WhatsApp,Engineer,2857434,Single
CUS004288,Ananya,Iyer,Male,27,ananya.iyer4288@gmail.com,9881349597,C162,New,04-12-2024,Email,Business,846903,married
CUS004289,Sneha,Singh,Female,48,sneha.singh4289@gmail.com,9183853737,C130,premium,10-03-2024,WhatsApp,Engineer,1740630,Single
CUS004290,Vikram,Sharma,Male,44,vikram.sharma4290@gmail.com,,C155,premium,20-03-2024,Phone,Doctor,1606241,married
CUS004291,Vikram,Nair,male,44,vikram.nair4291@gmail.com,9623173007,C250,Returning,07-06-2024,WhatsApp,Doctor,926753,Single
CUS004292,Vikram,Singh,male,60,vikram.singh4292@gmail.com,9234831148,C116,Premium,20-07-2024,WhatsApp,Business,1945733,Married
CUS004293,Vikram,Iyer,Female,40,vikram.iyer4293@gmail.com,9154481285,C168,Returning,01-08-2024,WhatsApp,Business,1085993,Married
CUS004294,Priya,Sharma,male,22,priya.sharma4294@gmail.com,9182529530,C150,New,13-09-2024,WhatsApp,Engineer,2058552,Single
CUS004295,Ananya,Reddy,Female,23,ananya.reddy4295@gmail.com,9268420735,C149,Premium,03-02-2024,Phone,Business,2325690,Married
CUS004296,Rahul,Iyer,FEMALE,35,rahul.iyer4296@gmail.com,9685488232,C203,New,05-03-2024,Phone,Doctor,707692,married
CUS004297,Sneha,Reddy,Female,29,sneha.reddy4297@gmail.com,9759490984,C197,New,04-08-2024,Email,Doctor,743316,Single
CUS004298,Priya,Sharma,male,28,priya.sharma4298@gmail.com,9263052073,C216,premium,08-04-2024,Email,Business,1336325,Single
CUS004299,Aarav,Iyer,MALE,51,aarav.iyer4299@gmail.com,9977845790,C238,premium,08-11-2024,Email,Engineer,1989510,Married
CUS004300,Aarav,Patel,Male,28,aarav.patel4300@gmail.com,9489079160,C091,premium,25-04-2024,WhatsApp,Engineer,1732519,Single
CUS004301,Ananya,Sharma,MALE,42,ananya.sharma4301@gmail.com,9240873962,C077,New,02-10-2024,Email,Doctor,2902711,married
CUS004302,Rahul,Reddy,MALE,35,rahul.reddy4302@gmail.com,9513381630,C214,Premium,14-09-2024,Email,Teacher,2956888,Single
CUS004303,Vikram,Iyer,Male,55,vikram.iyer4303@gmail.com,9547668607,C205,New,25-05-2024,Phone,Doctor,2121155,Married
CUS004304,Ananya,Patel,Male,45,ananya.patel4304@gmail.com,9820470785,C202,premium,03-07-2024,Phone,Business,1625095,Married
CUS004305,Vikram,Singh,MALE,33,vikram.singh4305@gmail.com,9265526467,C054,New,25-06-2024,WhatsApp,Doctor,1899831,married
CUS004306,Ananya,Sharma,MALE,46,ananya.sharma4306@gmail.com,9461339663,C191,Premium,13-03-2024,WhatsApp,Teacher,2984641,married
CUS004307,Sneha,Nair,Female,43,sneha.nair4307@gmail.com,9354727270,C210,New,26-11-2024,WhatsApp,Doctor,2660684,married
CUS004308,Ananya,Iyer,male,26,ananya.iyer4308@gmail.com,9582440131,C093,Returning,14-11-2024,Phone,Business,2931745,Married
CUS004309,Vikram,Sharma,FEMALE,26,vikram.sharma4309@gmail.com,9311168966,C002,Premium,25-07-2024,Phone,Business,2593589,Married
CUS004310,Rahul,Sharma,male,34,rahul.sharma4310@gmail.com,9822807454,C212,New,01-02-2024,WhatsApp,Doctor,861878,Married
CUS004311,Rahul,Nair,MALE,49,rahul.nair4311@gmail.com,9280388632,C155,Premium,17-06-2024,WhatsApp,Business,605810,Married
CUS004312,Vikram,Reddy,MALE,28,vikram.reddy4312@gmail.com,9534549267,C161,Premium,02-01-2024,Phone,Business,2355506,Married
CUS004313,Sneha,Reddy,FEMALE,31,sneha.reddy4313@gmail.com,9516101531,C202,Returning,21-05-2024,Phone,Teacher,2135599,Single
CUS004314,Vikram,Singh,MALE,42,vikram.singh4314@gmail.com,9389615271,C125,Premium,18-03-2024,WhatsApp,Doctor,2717462,Married
CUS004315,Priya,Patel,Female,23,priya.patel4315@gmail.com,9406565910,C124,premium,06-03-2024,WhatsApp,Teacher,2564191,married
CUS004316,Vikram,Reddy,male,60,vikram.reddy4316@gmail.com,9570298530,C048,New,04-02-2024,WhatsApp,Teacher,522247,Single
CUS004317,Vikram,Patel,Male,30,vikram.patel4317@gmail.com,9308092169,C162,Premium,18-03-2024,Phone,Doctor,2962283,Single
CUS004318,Aarav,Singh,FEMALE,39,aarav.singh4318@gmail.com,9164098366,C247,Returning,19-11-2024,Phone,Business,972373,married
CUS004319,Aarav,Singh,Male,30,aarav.singh4319@gmail.com,9574550616,C125,Premium,06-01-2024,WhatsApp,Doctor,1071648,Single
CUS004320,Sneha,Nair,Male,58,,9862015051,C223,premium,15-06-2024,Email,,1009534,married
CUS004321,Vikram,Iyer,Male,29,vikram.iyer4321@gmail.com,9431850164,C113,Returning,01-10-2024,WhatsApp,Business,2937919,married
CUS004322,Vikram,Sharma,male,61,vikram.sharma4322@gmail.com,9705742557,C107,New,11-10-2024,Email,Engineer,1402541,married
CUS004323,Aarav,Sharma,male,50,aarav.sharma4323@gmail.com,98 28304240,C026,Returning,17-09-2024,WhatsApp,Business,609723,Married
CUS004324,Sneha,Singh,male,30,sneha.singh4324@gmail.com,9605728748,C019,premium,23-06-2024,Phone,Doctor,625348,Married
CUS004325,Rahul,Singh,male,22,rahul.singh4325@gmail.com,9727748609,C156,Premium,16-02-2024,Email,Teacher,1538264,Married
CUS004326,Sneha,Patel,MALE,23,sneha.patel4326@gmail.com,9513342732,C094,Returning,23-12-2024,WhatsApp,Doctor,490942,Single
CUS004327,Rahul,Iyer,Female,28,rahul.iyer4327@gmail.com,9908908979,C015,New,06-08-2024,Email,Business,883611,Single
CUS004328,Priya,Reddy,male,22,priya.reddy4328@gmail.com,9610532270,C180,New,05-04-2024,Phone,Business,2280612,married
CUS004329,Aarav,Sharma,FEMALE,44,aarav.sharma4329@gmail.com,9667867446,C116,New,08-08-2024,Email,Engineer,2479812,married
CUS004330,Sneha,Reddy,FEMALE,51,sneha.reddy4330@gmail.com,9137853362,C242,Returning,06-10-2024,Email,Business,2200697,married
CUS004331,Vikram,Reddy,Male,27,vikram.reddy4331@gmail.com,9677300113,C216,Returning,16-12-2024,Phone,Business,434942,Single
CUS004332,Vikram,Sharma,MALE,38,vikram.sharma4332@gmail.com,9557674160,C199,premium,06-05-2024,Email,Teacher,1133088,Married
CUS004333,Aarav,Patel,male,61,aarav.patel4333@gmail.com,9683295439,C093,New,20-10-2024,Email,Teacher,2444185,Married
CUS004334,Sneha,Nair,MALE,65,sneha.nair4334@gmail.com,9146951715,C107,premium,01-07-2024,WhatsApp,Business,2084689,Married
CUS004335,Ananya,Sharma,Male,29,ananya.sharma4335@gmail.com,9185873204,C219,premium,06-02-2024,Phone,Engineer,2702130,married
CUS004336,Sneha,Iyer,FEMALE,31,sneha.iyer4336@gmail.com,9628608775,C038,Returning,24-12-2024,Email,Engineer,2821817,Single
CUS004337,Vikram,Nair,FEMALE,63,vikram.nair4337@gmail.com,9536539950,C006,New,21-03-2024,Email,Engineer,940042,Single
CUS004338,Ananya,Nair,Male,41,ananya.nair4338@gmail.com,9955574461,C183,premium,11-06-2024,WhatsApp,Teacher,2719820,married
CUS004339,Rahul,Iyer,Male,38,rahul.iyer4339@gmail.com,9134930599,C046,premium,04-03-2024,Phone,Doctor,1965793,Single
CUS004340, Priya,Patel,male,34,priya.patel4340@gmail.com,9821965231,C155,premium,10-02-2024,WhatsApp,Engineer,2336885,Married
CUS004341,Priya,Iyer,male,25,priya.iyer4341@gmail.com,9278151867,C214,premium,02-03-2024,Phone,Doctor,342284,married
CUS004342,Aarav,Nair,male,34,aarav.nair4342@gmail.com,9560297728,C150,New,08-12-2024,WhatsApp,Business,1376183,Single
CUS004343,Vikram,Sharma,MALE,46,vikram.sharma4343@gmail.com,9763664422,C207,Premium,28-08-2024,WhatsApp,Business,1474222,married
CUS004344,Sneha,Singh,Female,22,sneha.singh4344@gmail.com,9188189969,C197,New,19-05-2024,WhatsApp,Teacher,1678538,Married
CUS004345,Sneha,Sharma,FEMALE,59,sneha.sharma4345@gmail.com,,C239,Premium,05-11-2024,WhatsApp,Teacher,796055,married
CUS004346,Ananya,Nair,male,55,ananya.nair4346@gmail.com,9440514866,C043,Returning,18-12-2024,WhatsApp,Business,1095155,Single
CUS004347,Vikram,Sharma,Female,52,vikram.sharma4347@gmail.com,9696500821,C045,Premium,14-03-2024,WhatsApp,Engineer,498554,married
CUS004348,Ananya,Nair,male,31,ananya.nair4348@gmail.com,9655143000,C034,New,02-08-2024,WhatsApp,Business,2629436,Married
CUS004349,Rahul,Patel,Female,61,rahul.patel4349@gmail.com,9189758775,C105,premium,28-08-2024,Phone,Engineer,571092,Single
CUS004350,Vikram,Patel,FEMALE,30,vikram.patel4350@gmail.com,9471735510,C044,Premium,05-10-2024,Email,Doctor,2592197,Single
CUS004351,Vikram,Nair,FEMALE,54,vikram.nair4351@gmail.com,9986965748,C004,Returning,08-12-2024,WhatsApp,Engineer,2402668,Single
CUS004352,Priya,Nair,Female,45,priya.nair4352@gmail.com,9740678926,C101,New,13-06-2024,WhatsApp,Engineer,391410,Married
CUS004353,Vikram,Patel,FEMALE,63,vikram.patel4353@gmail.com,9127120313,C113,New,02-08-2024,Phone,Business,930091,married
CUS004354,Ananya,Sharma,Female,61,ananya.sharma4354@gmail.com,9581493061,C136,Premium,26-12-2024,Phone,Business,1992753,married
CUS004355,Vikram,Sharma,FEMALE,52,vikram.sharma4355@gmail.com,9957433473,C208,premium,07-04-2024,Email,Doctor,833857,Married
CUS004356,Priya,Reddy,male,51,priya.reddy4356@gmail.com,98 72918139,C214,premium,14-01-2024,WhatsApp,Engineer,588533,married
CUS004357,Priya,Reddy,MALE,23,priya.reddy4357@gmail.com,9188654148,C044,premium,14-05-2024,Phone,Doctor,874200,Single
CUS004358,Sneha,Iyer,MALE,49,sneha.iyer4358@gmail.com,9838321307,C040,Returning,15-11-2024,Phone,Engineer,428288,Single
CUS004359,Rahul,Iyer,Male,23,rahul.iyer4359@gmail.com,9193742350,C227,premium,12-05-2024,Email,Doctor,2749362,Single
CUS004360,Ananya,Sharma,MALE,45,,9907094361,C239,premium,25-08-2024,Email,Engineer,2704171,Single
CUS004361,Sneha,Patel,Female,52,sneha.patel4361@gmail.com,9851725892,C183,New,24-04-2024,WhatsApp,Business,2799447,Married
CUS004362,Vikram,Sharma,Female,40,vikram.sharma4362@gmail.com,9665212374,C053,New,11-09-2024,Phone,Doctor,309866,Single
CUS004363,Rahul,Sharma,MALE,63,rahul.sharma4363@gmail.com,9403227248,C092,Premium,25-01-2024,Phone,Engineer,2635592,Single
CUS004364,Vikram,Patel,Female,22,vikram.patel4364@gmail.com,9824598801,C158,premium,07-04-2024,Email,Engineer,2220738,married
CUS004365,Rahul,Nair,Female,39,rahul.nair4365@gmail.com,9456462705,C017,Premium,24-04-2024,WhatsApp,Teacher,1872068,Married
CUS004366,Vikram,Iyer,MALE,38,vikram.iyer4366@gmail.com,9489763666,C126,Premium,11-04-2024,Phone,Doctor,1464236,Married
CUS004367,Sneha,Patel,FEMALE,40,sneha.patel4367@gmail.com,9279541501,C126,New,14-08-2024,Phone,Engineer,1503172,Married
CUS004368,Ananya,Iyer,Female,37,ananya.iyer4368@gmail.com,9271124040,C032,Premium,16-11-2024,Phone,Teacher,1368431,Single
CUS004369,Rahul,Iyer,MALE,65,rahul.iyer4369@gmail.com,9996274740,C213,Premium,04-11-2024,Phone,Doctor,1954440,Single
CUS004370,Priya,Sharma,MALE,56,priya.sharma4370@gmail.com,9473643517,C077,New,16-10-2024,Email,Doctor,1112524,Single
CUS004371,Vikram,Iyer,Female,55,vikram.iyer4371@gmail.com,9491363295,C100,New,21-07-2024,WhatsApp,Engineer,2522167,married
CUS004372,Ananya,Patel,MALE,34,ananya.patel4372@gmail.com,9684969304,C136,Returning,21-02-2024,Email,Teacher,2506818,Married
CUS004373,Sneha,Singh,male,33,sneha.singh4373@gmail.com,9821283029,C153,Returning,07-09-2024,Phone,Teacher,2890659,Married
CUS004374,Aarav,Reddy,Female,48,aarav.reddy4374@gmail.com,9315429791,C003,New,10-07-2024,WhatsApp,Teacher,1311797,Single
CUS004375,Vikram,Sharma,FEMALE,37,vikram.sharma4375@gmail.com,9840586254,C066,Returning,08-03-2024,Phone,Teacher,315834,Single
CUS004376,Sneha,Patel,Male,31,sneha.patel4376@gmail.com,9429383450,C147,premium,11-11-2024,Phone,Teacher,482157,Single
CUS004377,Rahul,Sharma,Female,29,rahul.sharma4377@gmail.com,9632252171,C231,New,07-06-2024,Email,Teacher,1155322,Single
CUS004378,Rahul,Nair,MALE,61,rahul.nair4378@gmail.com,9841643991,C051,New,06-11-2024,Email,Teacher,2785703,Single
CUS004379,Ananya,Reddy,Female,37,ananya.reddy4379@gmail.com,9411153605,C232,Returning,09-04-2024,Phone,Business,1178205,married
CUS004380,Rahul,Nair,Female,44,rahul.nair4380@gmail.com,9520226142,C180,Returning,04-08-2024,WhatsApp,,2270159,married
CUS004381,Ananya,Sharma,MALE,35,ananya.sharma4381@gmail.com,9914643913,C011,Premium,08-07-2024,Phone,Engineer,906134,Married
CUS004382,Ananya,Reddy,MALE,58,ananya.reddy4382@gmail.com,9609382321,C101,premium,13-10-2024,WhatsApp,Engineer,2534582,Married
CUS004383,Vikram,Nair,Female,41,vikram.nair4383@gmail.com,9960897128,C216,New,19-03-2024,Email,Business,712439,Married
CUS004384,Aarav,Iyer,MALE,28,aarav.iyer4384@gmail.com,9898806820,C143,Premium,16-04-2024,WhatsApp,Doctor,829105,married
CUS004385,Priya,Singh,Male,44,priya.singh4385@gmail.com,9530833911,C030,Returning,12-04-2024,Email,Engineer,1622240,Single
CUS004386,Sneha,Iyer,male,30,sneha.iyer4386@gmail.com,9143780400,C168,premium,21-10-2024,WhatsApp,Doctor,2345409,Married
CUS004387,Vikram,Patel,male,56,vikram.patel4387@gmail.com,9768660799,C221,premium,28-02-2024,Email,Doctor,1870752,Single
CUS004388,Aarav,Reddy,Male,47,aarav.reddy4388@gmail.com,9401614359,C151,Returning,12-07-2024,Phone,Engineer,2752274,Married
CUS004389,Aarav,Iyer,FEMALE,29,aarav.iyer4389@gmail.com,98 38347671,C247,Returning,28-05-2024,Email,Business,2481619,Married
CUS004390,Sneha,Patel,Female,65,sneha.patel4390@gmail.com,9509250814,C010,premium,14-05-2024,Phone,Business,422380,Married
CUS004391,Rahul,Iyer,MALE,34,rahul.iyer4391@gmail.com,9328312382,C093,premium,14-08-2024,WhatsApp,Doctor,1851338,married
CUS004392,Vikram,Iyer,male,46,vikram.iyer4392@gmail.com,9110400934,C012,premium,08-02-2024,Phone,Business,2725258,Single
CUS004393,Vikram,Singh,Female,54,vikram.singh4393@gmail.com,9856290346,C121,Premium,17-05-2024,Email,Doctor,2745373,married
CUS004394,Vikram,Nair,Male,48,vikram.nair4394@gmail.com,9730849016,C027,Premium,25-05-2024,Email,Teacher,2566314,Single
CUS004395,Priya,Singh,Male,51,priya.singh4395@gmail.com,9466022163,C078,premium,11-02-2024,Phone,Doctor,2262559,Married
CUS004396,Sneha,Iyer,FEMALE,37,sneha.iyer4396@gmail.com,9504184984,C219,Premium,24-11-2024,Email,Business,729397,Married
CUS004397,Priya,Iyer,MALE,60,priya.iyer4397@gmail.com,9264571486,C023,premium,23-07-2024,Phone,Teacher,2610028,married
CUS004398,Aarav,Reddy,Female,47,aarav.reddy4398@gmail.com,9323900752,C045,New,13-05-2024,Email,Teacher,808026,married
CUS004399,Rahul,Iyer,MALE,62,rahul.iyer4399@gmail.com,9131176566,C232,New,02-02-2024,WhatsApp,Engineer,984986,Married
CUS004400,Ananya,Patel,MALE,51,,,C083,premium,06-04-2024,Email,Business,736340,married
CUS004401,Aarav,Singh,FEMALE,22,aarav.singh4401@gmail.com,9458075397,C242,Premium,12-10-2024,Phone,Doctor,615284,married
CUS004402,Vikram,Patel,FEMALE,37,vikram.patel4402@gmail.com,9570273003,C138,Returning,12-12-2024,Phone,Doctor,2292711,Married
CUS004403,Priya,Nair,Female,40,priya.nair4403@gmail.com,9219144508,C011,Returning,27-05-2024,WhatsApp,Business,1746073,Single
CUS004404,Vikram,Singh,MALE,32,vikram.singh4404@gmail.com,9681837127,C025,premium,02-04-2024,Phone,Business,2908276,married
CUS004405,Aarav,Nair,FEMALE,53,aarav.nair4405@gmail.com,9376932934,C142,Premium,04-07-2024,Phone,Business,2465173,married
CUS004406,Vikram,Iyer,Female,49,vikram.iyer4406@gmail.com,9798198345,C142,premium,20-07-2024,WhatsApp,Doctor,1164157,Married
CUS004407,Priya,Sharma,MALE,61,priya.sharma4407@gmail.com,9540981118,C022,New,13-08-2024,Phone,Engineer,1920649,Married
CUS004408,Ananya,Nair,FEMALE,50,ananya.nair4408@gmail.com,9928564628,C137,Returning,25-10-2024,Phone,Teacher,2083128,Married
CUS004409,Rahul,Sharma,MALE,33,rahul.sharma4409@gmail.com,9467602554,C046,Premium,11-06-2024,Phone,Engineer,1930369,Married
CUS004410, Aarav,Reddy,Male,54,aarav.reddy4410@gmail.com,9218990124,C164,Premium,23-07-2024,Email,Engineer,1245029,married
CUS004411,Sneha,Sharma,Male,61,sneha.sharma4411@gmail.com,9628304137,C175,New,17-01-2024,WhatsApp,Business,1672679,Married
CUS004412,Priya,Reddy,male,30,priya.reddy4412@gmail.com,9701676972,C068,Returning,08-07-2024,Phone,Teacher,2850666,married
CUS004413,Vikram,Reddy,male,29,vikram.reddy4413@gmail.com,9177288525,C162,Premium,24-12-2024,Phone,Teacher,2674630,Single
CUS004414,Aarav,Reddy,MALE,50,aarav.reddy4414@gmail.com,9950054947,C127,New,06-09-2024,WhatsApp,Engineer,2460005,married
CUS004415,Rahul,Patel,MALE,24,rahul.patel4415@gmail.com,9917702395,C154,New,18-04-2024,Phone,Doctor,2723705,married
CUS004416,Priya,Patel,Female,55,priya.patel4416@gmail.com,9503496107,C088,Premium,20-11-2024,Phone,Teacher,1624522,Married
CUS004417,Rahul,Nair,FEMALE,32,rahul.nair4417@gmail.com,9196839016,C103,Premium,09-08-2024,WhatsApp,Business,1474163,Single
CUS004418,Priya,Iyer,Female,46,priya.iyer4418@gmail.com,9254919254,C071,New,07-07-2024,WhatsApp,Engineer,2354779,Married
CUS004419,Sneha,Reddy,male,38,sneha.reddy4419@gmail.com,9814353290,C192,premium,12-01-2024,WhatsApp,Teacher,2292218,Single
CUS004420,Vikram,Reddy,male,62,vikram.reddy4420@gmail.com,9697876168,C161,New,26-09-2024,WhatsApp,Business,2084959,married
CUS004421,Rahul,Reddy,Female,41,rahul.reddy4421@gmail.com,9770761836,C216,New,08-09-2024,Phone,Teacher,2663808,Single
CUS004422,Rahul,Nair,Male,27,rahul.nair4422@gmail.com,98 91269023,C078,New,08-07-2024,Phone,Engineer,1444328,Married
CUS004423,Aarav,Sharma,Female,39,aarav.sharma4423@gmail.com,9452819118,C159,New,14-11-2024,Phone,Teacher,1123363,Married
CUS004424,Rahul,Reddy,Female,64,rahul.reddy4424@gmail.com,9422602927,C113,New,26-05-2024,WhatsApp,Engineer,2882012,Married
CUS004425,Vikram,Reddy,Male,45,vikram.reddy4425@gmail.com,9178688709,C036,Returning,20-04-2024,WhatsApp,Engineer,462072,married
CUS004426,Vikram,Reddy,MALE,55,vikram.reddy4426@gmail.com,9866815634,C009,Returning,09-08-2024,Email,Engineer,923342,married
CUS004427,Rahul,Singh,MALE,61,rahul.singh4427@gmail.com,9165013058,C223,Returning,14-07-2024,Email,Engineer,2802953,Married
CUS004428,Rahul,Patel,Male,43,rahul.patel4428@gmail.com,9329501927,C072,premium,25-01-2024,Phone,Doctor,2475508,Married
CUS004429,Sneha,Iyer,FEMALE,56,sneha.iyer4429@gmail.com,9486671131,C009,premium,25-07-2024,Email,Business,2080961,Married
CUS004430,Priya,Nair,MALE,45,priya.nair4430@gmail.com,9777155906,C151,premium,20-10-2024,WhatsApp,Engineer,988253,Single
CUS004431,Ananya,Singh,MALE,25,ananya.singh4431@gmail.com,9292790970,C002,premium,12-07-2024,Email,Doctor,1605982,Single
CUS004432,Ananya,Iyer,male,49,ananya.iyer4432@gmail.com,9518497268,C085,Returning,13-01-2024,WhatsApp,Business,1592604,Single
CUS004433,Vikram,Reddy,FEMALE,51,vikram.reddy4433@gmail.com,9328137839,C193,Premium,03-07-2024,Phone,Teacher,2128948,Married
CUS004434,Ananya,Sharma,FEMALE,32,ananya.sharma4434@gmail.com,9344347065,C169,Premium,05-02-2024,Phone,Teacher,1639603,married
CUS004435,Aarav,Patel,Male,48,aarav.patel4435@gmail.com,9203702015,C179,New,27-02-2024,Email,Doctor,2778055,Single
CUS004436,Vikram,Singh,Female,22,vikram.singh4436@gmail.com,9903975125,C190,Returning,19-12-2024,WhatsApp,Teacher,475618,Single
CUS004437,Vikram,Nair,Female,36,vikram.nair4437@gmail.com,9450112976,C137,Returning,18-03-2024,WhatsApp,Doctor,1291388,married
CUS004438,Sneha,Iyer,male,40,sneha.iyer4438@gmail.com,9920001622,C084,Premium,10-03-2024,Phone,Engineer,1195496,Single
CUS004439,Sneha,Patel,MALE,63,sneha.patel4439@gmail.com,9836934978,C011,New,06-04-2024,Phone,Engineer,597688,Married
CUS004440,Vikram,Patel,FEMALE,65,,9594299093,C022,Returning,13-07-2024,Email,,888042,married
CUS004441,Sneha,Sharma,MALE,27,sneha.sharma4441@gmail.com,9539315774,C094,premium,23-12-2024,WhatsApp,Business,489847,Married
CUS004442,Priya,Patel,FEMALE,63,priya.patel4442@gmail.com,9705540271,C034,Returning,10-12-2024,Email,Doctor,1708170,Married
CUS004443,Rahul,Sharma,FEMALE,36,rahul.sharma4443@gmail.com,9607118369,C002,premium,21-12-2024,Phone,Engineer,2448749,married
CUS004444,Aarav,Nair,Male,52,aarav.nair4444@gmail.com,9346086808,C153,Premium,03-04-2024,Phone,Engineer,1469273,Single
CUS004445,Vikram,Nair,Male,51,vikram.nair4445@gmail.com,9840812753,C178,New,10-06-2024,Phone,Engineer,2749330,married
CUS004446,Priya,Singh,Female,37,priya.singh4446@gmail.com,9111645099,C033,New,09-07-2024,WhatsApp,Doctor,1930786,Single
CUS004447,Rahul,Iyer,FEMALE,57,rahul.iyer4447@gmail.com,9116091332,C150,Returning,27-02-2024,Phone,Teacher,547959,married
CUS004448,Vikram,Reddy,male,32,vikram.reddy4448@gmail.com,9575275529,C046,Returning,08-09-2024,Phone,Business,2782000,married
CUS004449,Ananya,Reddy,male,33,ananya.reddy4449@gmail.com,9227819499,C203,premium,24-09-2024,WhatsApp,Engineer,1416930,Married
CUS004450,Vikram,Reddy,Male,54,vikram.reddy4450@gmail.com,9758658061,C220,premium,09-07-2024,WhatsApp,Teacher,1703147,Single
CUS004451,Sneha,Singh,FEMALE,55,sneha.singh4451@gmail.com,9472447867,C140,Returning,11-05-2024,Email,Engineer,2407208,married
CUS004452,Vikram,Singh,MALE,35,vikram.singh4452@gmail.com,9541581599,C147,New,20-12-2024,Phone,Doctor,479240,married
CUS004453,Priya,Nair,MALE,22,priya.nair4453@gmail.com,9562372089,C056,New,15-05-2024,Phone,Doctor,1712442,married
CUS004454,Ananya,Reddy,Female,23,ananya.reddy4454@gmail.com,9465105160,C066,Premium,13-04-2024,WhatsApp,Doctor,1487010,Single
CUS004455,Rahul,Iyer,Male,38,rahul.iyer4455@gmail.com,,C094,New,21-01-2024,Email,Business,1551637,married
CUS004456,Ananya,Singh,male,56,ananya.singh4456@gmail.com,9392539281,C134,New,24-02-2024,Email,Teacher,1960470,married
CUS004457,Vikram,Patel,Male,54,vikram.patel4457@gmail.com,9253369311,C107,New,24-05-2024,Email,Teacher,439215,married
CUS004458,Priya,Patel,FEMALE,54,priya.patel4458@gmail.com,9189083002,C067,premium,20-01-2024,Phone,Doctor,341098,Married
CUS004459,Aarav,Iyer,male,35,aarav.iyer4459@gmail.com,9108795057,C170,New,03-07-2024,WhatsApp,Engineer,922751,married
CUS004460,Ananya,Singh,Male,25,ananya.singh4460@gmail.com,9955890302,C048,premium,19-05-2024,Email,Teacher,688119,Single
CUS004461,Rahul,Nair,Male,50,rahul.nair4461@gmail.com,9476029454,C046,Returning,08-02-2024,Email,Doctor,1503553,married
CUS004462,Rahul,Reddy,FEMALE,28,rahul.reddy4462@gmail.com,9634319991,C140,Premium,06-09-2024,Email,Business,647611,Married
CUS004463,Sneha,Sharma,male,65,sneha.sharma4463@gmail.com,9183758462,C210,Returning,09-12-2024,Email,Doctor,589675,married
CUS004464,Sneha,Sharma,male,32,sneha.sharma4464@gmail.com,9612706678,C056,premium,22-11-2024,Phone,Engineer,951629,married
CUS004465,Rahul,Iyer,Male,27,rahul.iyer4465@gmail.com,9146455826,C073,premium,25-08-2024,Phone,Engineer,2267869,married
CUS004466,Vikram,Reddy,FEMALE,62,vikram.reddy4466@gmail.com,9735002129,C112,New,13-07-2024,WhatsApp,Business,1578562,married
CUS004467,Sneha,Singh,Female,48,sneha.singh4467@gmail.com,9743199352,C146,New,02-01-2024,WhatsApp,Business,2150095,married
CUS004468,Aarav,Iyer,male,43,aarav.iyer4468@gmail.com,9225516961,C225,premium,13-05-2024,Email,Teacher,851261,Single
CUS004469,Aarav,Patel,FEMALE,28,aarav.patel4469@gmail.com,9178496881,C127,New,01-03-2024,Email,Teacher,938931,married
CUS004470,Priya,Reddy,MALE,43,priya.reddy4470@gmail.com,9475846673,C237,New,13-10-2024,WhatsApp,Teacher,2756595,married
CUS004471,Ananya,Singh,male,43,ananya.singh4471@gmail.com,9764057354,C119,Premium,21-04-2024,Phone,Teacher,2754133,Married
CUS004472,Rahul,Nair,Male,49,rahul.nair4472@gmail.com,9556726420,C190,New,03-04-2024,WhatsApp,Teacher,1345584,married
CUS004473,Sneha,Singh,Female,29,sneha.singh4473@gmail.com,9634424363,C165,Returning,20-09-2024,Phone,Engineer,2540784,married
CUS004474,Vikram,Nair,Male,37,vikram.nair4474@gmail.com,9408598898,C132,premium,01-04-2024,Phone,Teacher,507261,married
CUS004475,Aarav,Singh,MALE,51,aarav.singh4475@gmail.com,9836002077,C089,Returning,08-03-2024,Email,Business,1273196,married
CUS004476,Vikram,Patel,male,25,vikram.patel4476@gmail.com,9132096365,C150,Premium,09-03-2024,WhatsApp,Engineer,1909769,Married
CUS004477,Rahul,Sharma,Female,54,rahul.sharma4477@gmail.com,9150794292,C198,premium,28-06-2024,Phone,Engineer,2534377,married
CUS004478,Rahul,Singh,MALE,34,rahul.singh4478@gmail.com,9291542299,C045,Premium,11-03-2024,WhatsApp,Teacher,1583806,Married
CUS004479,Priya,Reddy,Female,38,priya.reddy4479@gmail.com,9663855158,C172,New,07-08-2024,Phone,Doctor,2680028,married
CUS004480, Vikram,Nair,FEMALE,47,,9957147593,C201,New,02-06-2024,Email,Teacher,585881,married
CUS004481,Aarav,Iyer,FEMALE,40,aarav.iyer4481@gmail.com,9506676440,C084,premium,13-10-2024,WhatsApp,Doctor,1802248,Single
CUS004482,Rahul,Reddy,Female,64,rahul.reddy4482@gmail.com,9741017414,C173,Premium,21-07-2024,WhatsApp,Engineer,2281276,Married
CUS004483,Vikram,Patel,Female,23,vikram.patel4483@gmail.com,9480498065,C120,New,18-05-2024,Email,Engineer,2111756,Single
CUS004484,Priya,Patel,Female,34,priya.patel4484@gmail.com,9614585165,C105,premium,07-07-2024,Email,Doctor,1459822,married
CUS004485,Ananya,Iyer,Male,40,ananya.iyer4485@gmail.com,9672841733,C176,premium,19-04-2024,Email,Engineer,2319157,Single
CUS004486,Sneha,Sharma,FEMALE,26,sneha.sharma4486@gmail.com,9499030606,C223,Premium,05-12-2024,Phone,Teacher,2785444,married
CUS004487,Rahul,Reddy,Female,27,rahul.reddy4487@gmail.com,9512755127,C136,Premium,20-01-2024,Email,Doctor,2664535,Married
CUS004488,Aarav,Reddy,Female,41,aarav.reddy4488@gmail.com,98 80692379,C049,premium,03-01-2024,Email,Engineer,1017875,Married
CUS004489,Aarav,Sharma,Male,30,aarav.sharma4489@gmail.com,9883199468,C156,Returning,18-05-2024,Email,Teacher,2806303,Married
CUS004490,Sneha,Nair,Female,45,sneha.nair4490@gmail.com,9728614353,C217,Premium,11-04-2024,WhatsApp,Engineer,2988040,Married
CUS004491,Rahul,Singh,male,65,rahul.singh4491@gmail.com,9250600749,C052,Returning,26-12-2024,WhatsApp,Doctor,2795148,married
CUS004492,Priya,Sharma,Male,55,priya.sharma4492@gmail.com,9281092867,C068,Returning,23-04-2024,Phone,Business,1007827,Married
CUS004493,Rahul,Iyer,male,27,rahul.iyer4493@gmail.com,9542536650,C090,premium,12-11-2024,Email,Business,1669424,Single
CUS004494,Ananya,Nair,male,52,ananya.nair4494@gmail.com,9964548738,C035,New,24-11-2024,Email,Engineer,1859395,Married
CUS004495,Priya,Singh,male,32,priya.singh4495@gmail.com,9331604557,C096,premium,09-09-2024,Email,Engineer,2114285,Single
CUS004496,Sneha,Sharma,Male,27,sneha.sharma4496@gmail.com,9645620368,C225,premium,06-09-2024,Phone,Teacher,2292509,Single
CUS004497,Rahul,Sharma,FEMALE,45,rahul.sharma4497@gmail.com,9555725426,C125,New,17-11-2024,Email,Business,991568,married
CUS004498,Ananya,Nair,Female,63,ananya.nair4498@gmail.com,9315280605,C175,premium,09-09-2024,WhatsApp,Engineer,2332603,Married
CUS004499,Ananya,Patel,MALE,25,ananya.patel4499@gmail.com,9879130449,C164,Premium,15-10-2024,WhatsApp,Engineer,793649,married
CUS004500,Aarav,Patel,male,54,aarav.patel4500@gmail.com,9550410293,C135,Premium,04-07-2024,Email,,2372909,married
CUS004501,Ananya,Sharma,male,57,ananya.sharma4501@gmail.com,9323676364,C175,Premium,28-08-2024,Email,Engineer,2378609,Single
CUS004502,Aarav,Iyer,Male,48,aarav.iyer4502@gmail.com,9200602674,C171,Returning,25-09-2024,WhatsApp,Business,2874538,Single
CUS004503,Vikram,Iyer,FEMALE,32,vikram.iyer4503@gmail.com,9714643135,C153,New,11-09-2024,WhatsApp,Business,412385,Married
CUS004504,Rahul,Iyer,MALE,41,rahul.iyer4504@gmail.com,9306021409,C169,Returning,24-08-2024,Email,Doctor,1108883,married
CUS004505,Vikram,Iyer,FEMALE,30,vikram.iyer4505@gmail.com,9683107928,C150,Premium,09-01-2024,Email,Business,1182969,married
CUS004506,Vikram,Reddy,MALE,49,vikram.reddy4506@gmail.com,9711382041,C128,Returning,18-10-2024,Email,Doctor,751382,married
CUS004507,Priya,Reddy,male,44,priya.reddy4507@gmail.com,9103073462,C047,Premium,07-04-2024,Email,Business,1206931,Married
CUS004508,Ananya,Patel,MALE,47,ananya.patel4508@gmail.com,9970765940,C108,Premium,07-12-2024,Email,Doctor,2588954,married
CUS004509,Sneha,Nair,male,53,sneha.nair4509@gmail.com,9828737706,C169,New,28-04-2024,Phone,Doctor,2203594,Married
CUS004510,Rahul,Patel,FEMALE,54,rahul.patel4510@gmail.com,,C096,New,27-05-2024,Phone,Doctor,2463748,Married
CUS004511,Ananya,Iyer,male,57,ananya.iyer4511@gmail.com,9351697435,C219,premium,28-08-2024,Phone,Teacher,708354,Married
CUS004512,Aarav,Sharma,MALE,52,aarav.sharma4512@gmail.com,9681514946,C229,Premium,10-08-2024,Phone,Doctor,1893204,Married
CUS004513,Priya,Sharma,Male,58,priya.sharma4513@gmail.com,9845750055,C193,Premium,01-04-2024,Email,Doctor,1043794,Married
CUS004514,Rahul,Iyer,male,44,rahul.iyer4514@gmail.com,9908807979,C151,Returning,06-11-2024,Email,Business,564649,Single
CUS004515,Priya,Reddy,FEMALE,41,priya.reddy4515@gmail.com,9890306998,C028,Returning,01-03-2024,WhatsApp,Teacher,2994408,Single
CUS004516,Sneha,Iyer,FEMALE,59,sneha.iyer4516@gmail.com,9331261855,C204,New,12-04-2024,Phone,Doctor,1520564,married
CUS004517,Rahul,Reddy,FEMALE,43,rahul.reddy4517@gmail.com,9902456342,C160,Premium,08-02-2024,Phone,Engineer,1296068,Married
CUS004518,Sneha,Sharma,male,57,sneha.sharma4518@gmail.com,9930353409,C055,premium,10-11-2024,Phone,Business,2810225,Single
CUS004519,Priya,Reddy,Male,41,priya.reddy4519@gmail.com,9489513064,C057,Returning,15-04-2024,WhatsApp,Teacher,1914318,married
CUS004520,Sneha,Singh,Male,23,,9681013380,C017,Premium,27-04-2024,Phone,Business,2973951,married
CUS004521,Priya,Iyer,FEMALE,23,priya.iyer4521@gmail.com,98 38426143,C183,Premium,18-11-2024,Phone,Engineer,930850,Single
CUS004522,Ananya,Singh,MALE,29,ananya.singh4522@gmail.com,9742693853,C128,premium,14-10-2024,Phone,Teacher,684529,Married
CUS004523,Sneha,Singh,male,48,sneha.singh4523@gmail.com,9651018435,C204,Returning,09-05-2024,WhatsApp,Teacher,561218,Married
CUS004524,Ananya,Nair,male,32,ananya.nair4524@gmail.com,9551763895,C013,New,08-02-2024,Email,Doctor,2485098,Single
CUS004525,Sneha,Patel,MALE,29,sneha.patel4525@gmail.com,9601162355,C178,Returning,28-06-2024,WhatsApp,Doctor,2873997,married
CUS004526,Rahul,Nair,Female,27,rahul.nair4526@gmail.com,9646221163,C037,Returning,28-06-2024,Phone,Engineer,1722153,Single
CUS004527,Aarav,Iyer,Female,23,aarav.iyer4527@gmail.com,9274262234,C001,Returning,27-03-2024,WhatsApp,Teacher,2840741,married
CUS004528,Aarav,Patel,Male,45,aarav.patel4528@gmail.com,9806639017,C224,premium,14-03-2024,WhatsApp,Teacher,856827,married
CUS004529,Priya,Iyer,FEMALE,51,priya.iyer4529@gmail.com,9800169738,C143,Premium,12-04-2024,Email,Teacher,819150,Married
CUS004530,Aarav,Iyer,MALE,62,aarav.iyer4530@gmail.com,9854489232,C120,New,26-08-2024,Phone,Doctor,1229862,Single
CUS004531,Priya,Iyer,FEMALE,65,priya.iyer4531@gmail.com,9732644053,C063,New,01-12-2024,Phone,Teacher,468180,Single
CUS004532,Priya,Sharma,Female,47,priya.sharma4532@gmail.com,9574327556,C111,premium,04-06-2024,WhatsApp,Engineer,1984404,married
CUS004533,Aarav,Singh,FEMALE,53,aarav.singh4533@gmail.com,9453517921,C081,Returning,03-01-2024,Phone,Doctor,540554,Single
CUS004534,Rahul,Patel,Male,38,rahul.patel4534@gmail.com,9916362958,C227,premium,03-10-2024,Phone,Business,2472085,married
CUS004535,Vikram,Nair,male,32,vikram.nair4535@gmail.com,9754675341,C176,Returning,16-04-2024,WhatsApp,Doctor,1074025,married
CUS004536,Vikram,Nair,male,41,vikram.nair4536@gmail.com,9157065970,C115,Returning,05-06-2024,Phone,Doctor,2868305,Married
CUS004537,Rahul,Sharma,MALE,30,rahul.sharma4537@gmail.com,9451850592,C154,Returning,04-03-2024,Phone,Teacher,1971059,Married
CUS004538,Priya,Singh,Male,55,priya.singh4538@gmail.com,9421956699,C211,premium,01-09-2024,Phone,Teacher,2002438,Married
CUS004539,Sneha,Iyer,FEMALE,40,sneha.iyer4539@gmail.com,9336654023,C057,Returning,12-12-2024,Phone,Engineer,1517145,Married
CUS004540,Sneha,Reddy,Female,23,sneha.reddy4540@gmail.com,9197282496,C092,Premium,21-01-2024,Email,Engineer,1666550,Married
CUS004541,Aarav,Iyer,Female,54,aarav.iyer4541@gmail.com,9972376854,C053,Premium,25-05-2024,WhatsApp,Doctor,640626,married
CUS004542,Sneha,Iyer,Female,63,sneha.iyer4542@gmail.com,9390425407,C092,premium,07-02-2024,Phone,Business,2509511,married
CUS004543,Vikram,Nair,Male,64,vikram.nair4543@gmail.com,9937746198,C033,premium,03-08-2024,Phone,Engineer,781348,married
CUS004544,Sneha,Patel,Male,54,sneha.patel4544@gmail.com,9306544403,C124,premium,24-12-2024,WhatsApp,Doctor,798313,married
CUS004545,Sneha,Sharma,Male,28,sneha.sharma4545@gmail.com,9651530165,C136,premium,23-09-2024,Phone,Doctor,871810,Single
CUS004546,Sneha,Patel,Female,32,sneha.patel4546@gmail.com,9546220757,C056,Premium,12-10-2024,Email,Doctor,2929610,Married
CUS004547,Aarav,Reddy,MALE,57,aarav.reddy4547@gmail.com,9169970442,C022,premium,21-06-2024,Email,Engineer,456555,Single
CUS004548,Ananya,Iyer,Male,34,ananya.iyer4548@gmail.com,9995194133,C023,Returning,27-05-2024,Email,Business,472457,Married
CUS004549,Priya,Reddy,Male,44,priya.reddy4549@gmail.com,9665652440,C094,Returning,15-02-2024,WhatsApp,Teacher,1154639,Single
CUS004550, Rahul,Patel,Female,60,rahul.patel4550@gmail.com,9159074462,C130,Premium,21-12-2024,Phone,Doctor,951472,Single
CUS004551,Ananya,Iyer,MALE,39,ananya.iyer4551@gmail.com,9251245460,C094,New,05-11-2024,Phone,Engineer,1546410,Single
CUS004552,Ananya,Patel,FEMALE,31,ananya.patel4552@gmail.com,9760680664,C226,premium,18-08-2024,Phone,Teacher,1259646,Single
CUS004553,Sneha,Singh,male,43,sneha.singh4553@gmail.com,9195276832,C216,Returning,02-11-2024,Phone,Business,1191542,married
CUS004554,Sneha,Iyer,FEMALE,61,sneha.iyer4554@gmail.com,98 83474285,C084,premium,22-12-2024,WhatsApp,Teacher,2094174,Married
CUS004555,Sneha,Patel,Female,36,sneha.patel4555@gmail.com,9539128902,C100,Premium,17-12-2024,Email,Doctor,1478057,Single
CUS004556,Sneha,Reddy,MALE,24,sneha.reddy4556@gmail.com,9240226158,C056,New,03-09-2024,WhatsApp,Business,1180048,married
CUS004557,Rahul,Iyer,Female,62,rahul.iyer4557@gmail.com,9540880223,C078,Premium,26-11-2024,WhatsApp,Engineer,2281584,Single
CUS004558,Priya,Patel,Male,30,priya.patel4558@gmail.com,9988716812,C202,premium,19-12-2024,WhatsApp,Engineer,2211885,Single
CUS004559,Aarav,Nair,Male,48,aarav.nair4559@gmail.com,9703459349,C057,New,03-06-2024,Email,Teacher,1272039,Married
CUS004560,Priya,Patel,Female,46,,9265377584,C133,premium,20-08-2024,WhatsApp,,656398,Single
CUS004561,Vikram,Patel,FEMALE,59,vikram.patel4561@gmail.com,9386183213,C197,Returning,05-07-2024,WhatsApp,Business,790126,married
CUS004562,Priya,Sharma,Female,49,priya.sharma4562@gmail.com,9580745414,C090,Returning,19-09-2024,Email,Engineer,1154369,Married
CUS004563,Rahul,Patel,male,44,rahul.patel4563@gmail.com,9503592672,C151,New,16-11-2024,Email,Business,2536883,married
CUS004564,Sneha,Reddy,MALE,62,sneha.reddy4564@gmail.com,9655451022,C001,premium,05-06-2024,WhatsApp,Teacher,1743124,Single
CUS004565,Rahul,Patel,FEMALE,55,rahul.patel4565@gmail.com,,C084,Returning,15-02-2024,Email,Doctor,658899,Married
CUS004566,Aarav,Singh,MALE,28,aarav.singh4566@gmail.com,9591037070,C055,Returning,28-10-2024,WhatsApp,Business,2375814,Married
CUS004567,Rahul,Singh,male,23,rahul.singh4567@gmail.com,9302113214,C016,premium,22-11-2024,Phone,Engineer,2459941,Married
CUS004568,Rahul,Singh,male,49,rahul.singh4568@gmail.com,9125606730,C076,New,26-04-2024,Email,Business,2086497,Single
CUS004569,Vikram,Reddy,FEMALE,49,vikram.reddy4569@gmail.com,9750908461,C032,New,24-12-2024,WhatsApp,Teacher,2378261,married
CUS004570,Sneha,Iyer,MALE,25,sneha.iyer4570@gmail.com,9259829702,C193,premium,04-09-2024,Phone,Engineer,2788333,married
CUS004571,Aarav,Singh,MALE,52,aarav.singh4571@gmail.com,9333363003,C188,premium,02-08-2024,Phone,Teacher,2877957,Married
CUS004572,Priya,Nair,Female,58,priya.nair4572@gmail.com,9441590273,C218,New,15-03-2024,Phone,Teacher,330496,Married
CUS004573,Vikram,Nair,FEMALE,32,vikram.nair4573@gmail.com,9296666304,C154,New,19-04-2024,Email,Engineer,688641,Married
CUS004574,Rahul,Sharma,MALE,43,rahul.sharma4574@gmail.com,9356395086,C044,Returning,07-03-2024,WhatsApp,Engineer,786451,married
CUS004575,Vikram,Nair,male,26,vikram.nair4575@gmail.com,9677675672,C110,New,05-11-2024,WhatsApp,Business,525202,married
CUS004576,Rahul,Singh,male,65,rahul.singh4576@gmail.com,9379484440,C235,New,03-05-2024,WhatsApp,Doctor,2002887,Single
CUS004577,Priya,Reddy,male,26,priya.reddy4577@gmail.com,9724460886,C101,Returning,01-06-2024,Phone,Doctor,2187113,Single
CUS004578,Rahul,Iyer,Female,53,rahul.iyer4578@gmail.com,9593739507,C193,Returning,18-07-2024,Email,Business,775772,Single
CUS004579,Vikram,Singh,MALE,40,vikram.singh4579@gmail.com,9403846357,C060,premium,02-10-2024,Email,Engineer,2964207,Single
CUS004580,Rahul,Sharma,male,36,rahul.sharma4580@gmail.com,9166204025,C136,Premium,08-11-2024,Email,Doctor,2015823,Married
CUS004581,Priya,Sharma,MALE,39,priya.sharma4581@gmail.com,9156270009,C130,Returning,08-03-2024,Email,Doctor,1416767,Single
CUS004582,Vikram,Iyer,MALE,23,vikram.iyer4582@gmail.com,9437586319,C147,premium,03-11-2024,Phone,Engineer,1622123,married
CUS004583,Sneha,Reddy,FEMALE,36,sneha.reddy4583@gmail.com,9517634651,C096,New,04-07-2024,Email,Doctor,2436593,Married
CUS004584,Aarav,Sharma,male,60,aarav.sharma4584@gmail.com,9124272749,C125,New,08-12-2024,Email,Doctor,1146746,married
CUS004585,Sneha,Iyer,male,34,sneha.iyer4585@gmail.com,9561388882,C108,Returning,08-06-2024,Email,Doctor,1704023,Married
CUS004586,Ananya,Sharma,Female,27,ananya.sharma4586@gmail.com,9514205772,C045,premium,05-07-2024,WhatsApp,Engineer,1515842,Married
CUS004587,Sneha,Iyer,FEMALE,35,sneha.iyer4587@gmail.com,98 83084904,C208,premium,27-08-2024,Phone,Teacher,2067899,Single
CUS004588,Sneha,Singh,FEMALE,39,sneha.singh4588@gmail.com,9509107949,C212,premium,28-10-2024,WhatsApp,Teacher,1586005,Single
CUS004589,Sneha,Sharma,FEMALE,38,sneha.sharma4589@gmail.com,9348055092,C053,Premium,27-07-2024,Email,Business,1127014,Married
CUS004590,Vikram,Iyer,Female,50,vikram.iyer4590@gmail.com,9426003805,C148,Premium,07-03-2024,Phone,Business,574137,Married
CUS004591,Rahul,Sharma,FEMALE,42,rahul.sharma4591@gmail.com,9865586189,C045,premium,10-06-2024,WhatsApp,Engineer,860760,Married
CUS004592,Sneha,Iyer,Female,25,sneha.iyer4592@gmail.com,9121751393,C099,Premium,20-06-2024,WhatsApp,Business,2666983,Married
CUS004593,Priya,Nair,Male,29,priya.nair4593@gmail.com,9746906955,C167,New,19-01-2024,Email,Business,1887771,Married
CUS004594,Aarav,Nair,Female,35,aarav.nair4594@gmail.com,9893496714,C090,Premium,03-10-2024,Email,Business,1029662,married
CUS004595,Aarav,Iyer,MALE,40,aarav.iyer4595@gmail.com,9533622621,C180,New,19-07-2024,Email,Teacher,356442,married
CUS004596,Sneha,Patel,male,36,sneha.patel4596@gmail.com,9670936166,C142,Returning,02-05-2024,WhatsApp,Engineer,2127864,married
CUS004597,Priya,Patel,Male,34,priya.patel4597@gmail.com,9978666211,C088,Premium,15-06-2024,WhatsApp,Business,1732888,married
CUS004598,Sneha,Sharma,Male,45,sneha.sharma4598@gmail.com,9705924969,C004,premium,25-01-2024,Phone,Teacher,1405018,Single
CUS004599,Ananya,Reddy,FEMALE,26,ananya.reddy4599@gmail.com,9896146564,C065,premium,03-08-2024,WhatsApp,Engineer,2516679,married
CUS004600,Ananya,Nair,male,64,,9524974300,C166,New,28-09-2024,Phone,Engineer,2284615,Single
CUS004601,Rahul,Iyer,MALE,37,rahul.iyer4601@gmail.com,9928138849,C250,Returning,22-09-2024,Phone,Business,2646728,married
CUS004602,Priya,Nair,MALE,63,priya.nair4602@gmail.com,9392869881,C135,premium,01-06-2024,Phone,Business,724503,Single
CUS004603,Aarav,Reddy,male,48,aarav.reddy4603@gmail.com,9679844493,C103,Premium,03-11-2024,Phone,Business,2401772,Married
CUS004604,Rahul,Singh,Male,59,rahul.singh4604@gmail.com,9715131291,C126,premium,10-11-2024,Phone,Teacher,940613,Married
CUS004605,Ananya,Sharma,MALE,64,ananya.sharma4605@gmail.com,9124235090,C124,New,15-10-2024,WhatsApp,Business,692925,married
CUS004606,Aarav,Reddy,Male,54,aarav.reddy4606@gmail.com,9869005795,C164,Premium,09-06-2024,Email,Engineer,1219253,Single
CUS004607,Rahul,Sharma,Male,61,rahul.sharma4607@gmail.com,9835445889,C238,premium,13-07-2024,WhatsApp,Doctor,1042020,Married
CUS004608,Vikram,Nair,Female,39,vikram.nair4608@gmail.com,9166470548,C063,Returning,14-03-2024,Phone,Teacher,2877782,Single
CUS004609,Ananya,Sharma,male,31,ananya.sharma4609@gmail.com,9698653504,C136,Premium,15-08-2024,Phone,Engineer,1788501,Single
CUS004610,Rahul,Sharma,male,27,rahul.sharma4610@gmail.com,9673779628,C021,premium,18-12-2024,Email,Business,356785,Married
CUS004611,Aarav,Nair,male,54,aarav.nair4611@gmail.com,9539967969,C091,premium,24-10-2024,Email,Doctor,1602181,Single
CUS004612,Rahul,Patel,male,39,rahul.patel4612@gmail.com,9617174058,C079,New,04-03-2024,WhatsApp,Business,1197491,Married
CUS004613,Rahul,Nair,MALE,64,rahul.nair4613@gmail.com,9334028561,C036,premium,06-06-2024,Phone,Business,460412,Single
CUS004614,Rahul,Singh,FEMALE,39,rahul.singh4614@gmail.com,9230745668,C243,Returning,07-07-2024,Email,Doctor,1890366,Single
CUS004615,Priya,Iyer,FEMALE,49,priya.iyer4615@gmail.com,9711469637,C190,premium,17-11-2024,Email,Business,1473810,Single
CUS004616,Priya,Sharma,male,45,priya.sharma4616@gmail.com,9746922094,C180,New,11-06-2024,Phone,Business,979399,Single
CUS004617,Ananya,Iyer,MALE,60,ananya.iyer4617@gmail.com,9966838345,C246,Premium,01-03-2024,Phone,Teacher,868618,married
CUS004618,Sneha,Sharma,Male,44,sneha.sharma4618@gmail.com,9816716405,C202,premium,05-05-2024,WhatsApp,Doctor,1740821,Married
CUS004619,Ananya,Sharma,FEMALE,37,ananya.sharma4619@gmail.com,9911104030,C048,New,19-10-2024,WhatsApp,Doctor,1514778,married
CUS004620, Ananya,Sharma,Male,51,ananya.sharma4620@gmail.com,,C026,premium,08-10-2024,WhatsApp,,2227544,married
CUS004621,Ananya,Sharma,Male,65,ananya.sharma4621@gmail.com,9540479986,C244,Premium,22-07-2024,WhatsApp,Teacher,2955743,Married
CUS004622,Priya,Singh,male,60,priya.singh4622@gmail.com,9249979915,C239,Premium,14-01-2024,Phone,Teacher,2372353,Married
CUS004623,Vikram,Reddy,MALE,47,vikram.reddy4623@gmail.com,9919348028,C230,Returning,01-03-2024,Email,Business,2454547,Single
CUS004624,Rahul,Nair,male,34,rahul.nair4624@gmail.com,9325614835,C188,Returning,14-07-2024,Email,Business,1811999,Single
CUS004625,Vikram,Singh,male,55,vikram.singh4625@gmail.com,9171358979,C048,premium,06-04-2024,Email,Teacher,1129495,Married
CUS004626,Aarav,Sharma,FEMALE,55,aarav.sharma4626@gmail.com,9571575651,C114,New,16-07-2024,WhatsApp,Teacher,1463438,Single
CUS004627,Sneha,Nair,MALE,33,sneha.nair4627@gmail.com,9230155798,C220,New,28-07-2024,Phone,Engineer,1983956,Single
CUS004628,Aarav,Patel,Male,45,aarav.patel4628@gmail.com,9396448781,C088,New,05-05-2024,WhatsApp,Business,852555,married
CUS004629,Sneha,Reddy,male,39,sneha.reddy4629@gmail.com,9825011953,C043,Premium,12-03-2024,WhatsApp,Engineer,614381,Married
CUS004630,Ananya,Patel,Female,52,ananya.patel4630@gmail.com,9797460072,C083,Returning,07-02-2024,Email,Business,2872701,married
CUS004631,Rahul,Iyer,Female,45,rahul.iyer4631@gmail.com,9630684785,C211,Premium,04-06-2024,Phone,Teacher,2411075,Married
CUS004632,Priya,Sharma,Female,44,priya.sharma4632@gmail.com,9241068851,C246,New,15-03-2024,WhatsApp,Doctor,2030309,married
CUS004633,Vikram,Nair,FEMALE,35,vikram.nair4633@gmail.com,9901964906,C219,New,20-03-2024,Email,Business,1288727,married
CUS004634,Ananya,Sharma,male,31,ananya.sharma4634@gmail.com,9763678780,C237,premium,28-07-2024,Email,Business,2355570,married
CUS004635,Priya,Iyer,male,22,priya.iyer4635@gmail.com,9318193213,C126,premium,23-09-2024,WhatsApp,Doctor,825310,Married
CUS004636,Vikram,Singh,FEMALE,40,vikram.singh4636@gmail.com,9377961170,C050,premium,22-06-2024,Phone,Business,1480835,married
CUS004637,Rahul,Iyer,Female,31,rahul.iyer4637@gmail.com,9634512223,C096,premium,11-12-2024,Phone,Doctor,1643938,married
CUS004638,Rahul,Iyer,FEMALE,44,rahul.iyer4638@gmail.com,9200127586,C193,Premium,12-12-2024,WhatsApp,Business,2235923,Single
CUS004639,Ananya,Reddy,Male,27,ananya.reddy4639@gmail.com,9379499131,C133,premium,05-03-2024,Phone,Doctor,1485182,Single
CUS004640,Priya,Nair,male,49,,9354902123,C032,Premium,19-01-2024,Phone,Business,1522215,Married
CUS004641,Sneha,Singh,MALE,58,sneha.singh4641@gmail.com,9857807644,C149,New,26-04-2024,WhatsApp,Business,542231,Married
CUS004642,Rahul,Sharma,Female,42,rahul.sharma4642@gmail.com,9936083961,C046,Returning,21-07-2024,Email,Business,1507560,Single
CUS004643,Vikram,Sharma,MALE,29,vikram.sharma4643@gmail.com,9867989618,C090,premium,10-09-2024,WhatsApp,Business,2217273,Married
CUS004644,Ananya,Singh,Male,33,ananya.singh4644@gmail.com,9817186805,C145,Premium,26-06-2024,Email,Doctor,2127546,Married
CUS004645,Sneha,Iyer,FEMALE,41,sneha.iyer4645@gmail.com,9184049918,C107,New,17-05-2024,WhatsApp,Teacher,1336707,Single
CUS004646,Ananya,Singh,Male,65,ananya.singh4646@gmail.com,9908414153,C227,Premium,14-02-2024,Phone,Business,2462416,Single
CUS004647,Aarav,Reddy,Male,39,aarav.reddy4647@gmail.com,9427818907,C182,premium,05-07-2024,Phone,Business,2608282,married
CUS004648,Rahul,Reddy,FEMALE,36,rahul.reddy4648@gmail.com,9292396686,C033,premium,28-04-2024,WhatsApp,Business,2848890,Married
CUS004649,Ananya,Nair,MALE,38,ananya.nair4649@gmail.com,9513274595,C129,New,24-04-2024,Phone,Business,797074,Single
CUS004650,Sneha,Reddy,Female,49,sneha.reddy4650@gmail.com,9347306527,C163,premium,06-09-2024,Email,Engineer,2546176,Single
CUS004651,Ananya,Iyer,male,48,ananya.iyer4651@gmail.com,9616000537,C107,New,06-03-2024,WhatsApp,Teacher,1293426,Married
CUS004652,Ananya,Patel,MALE,50,ananya.patel4652@gmail.com,9504891730,C084,Returning,12-07-2024,WhatsApp,Teacher,2954772,Married
CUS004653,Aarav,Reddy,MALE,60,aarav.reddy4653@gmail.com,98 17460114,C036,Premium,15-12-2024,Phone,Business,880305,Married
CUS004654,Sneha,Singh,Male,57,sneha.singh4654@gmail.com,9486526685,C088,New,24-11-2024,Phone,Business,2618305,Single
CUS004655,Ananya,Iyer,Female,45,ananya.iyer4655@gmail.com,9793948162,C174,Returning,13-05-2024,Phone,Engineer,975746,Married
CUS004656,Ananya,Patel,male,34,ananya.patel4656@gmail.com,9182244433,C185,Premium,08-07-2024,Phone,Doctor,2659766,Single
CUS004657,Sneha,Sharma,MALE,44,sneha.sharma4657@gmail.com,9998119157,C140,premium,07-02-2024,Phone,Doctor,1926760,Married
CUS004658,Sneha,Sharma,male,40,sneha.sharma4658@gmail.com,9683248789,C163,premium,06-04-2024,WhatsApp,Business,2449143,Single
CUS004659,Sneha,Sharma,male,35,sneha.sharma4659@gmail.com,9991577379,C242,Premium,01-10-2024,WhatsApp,Doctor,536852,Single
CUS004660,Sneha,Singh,FEMALE,26,sneha.singh4660@gmail.com,9414881141,C228,Premium,19-02-2024,Email,Business,1269155,Married
CUS004661,Rahul,Nair,MALE,53,rahul.nair4661@gmail.com,9964406392,C147,New,12-07-2024,Phone,Doctor,1608488,Single
CUS004662,Aarav,Patel,Female,51,aarav.patel4662@gmail.com,9456653117,C186,premium,24-05-2024,Phone,Engineer,1595137,married
CUS004663,Priya,Nair,MALE,29,priya.nair4663@gmail.com,9143770891,C063,Returning,11-10-2024,WhatsApp,Business,1726994,Married
CUS004664,Aarav,Iyer,FEMALE,26,aarav.iyer4664@gmail.com,9907314729,C197,Premium,23-02-2024,Phone,Doctor,2798629,married
CUS004665,Rahul,Singh,male,37,rahul.singh4665@gmail.com,9966956646,C207,New,04-10-2024,WhatsApp,Engineer,1609905,Married
CUS004666,Vikram,Patel,FEMALE,25,vikram.patel4666@gmail.com,9977469830,C119,Premium,10-07-2024,WhatsApp,Engineer,1590458,married
CUS004667,Vikram,Nair,FEMALE,34,vikram.nair4667@gmail.com,9844332183,C139,New,24-09-2024,Phone,Doctor,908310,married
CUS004668,Priya,Sharma,Female,41,priya.sharma4668@gmail.com,9636434645,C078,New,22-02-2024,WhatsApp,Business,2746365,married
CUS004669,Rahul,Sharma,MALE,56,rahul.sharma4669@gmail.com,9607787234,C190,Returning,13-02-2024,WhatsApp,Teacher,676861,Single
CUS004670,Vikram,Iyer,MALE,25,vikram.iyer4670@gmail.com,9541181916,C138,Premium,21-07-2024,Email,Teacher,2529778,Single
CUS004671,Ananya,Iyer,male,50,ananya.iyer4671@gmail.com,9630102297,C121,Returning,26-05-2024,Email,Teacher,1503198,married
CUS004672,Rahul,Singh,male,56,rahul.singh4672@gmail.com,9661975085,C047,Premium,14-11-2024,WhatsApp,Teacher,353955,Single
CUS004673,Rahul,Reddy,Male,47,rahul.reddy4673@gmail.com,9150914327,C247,Returning,03-07-2024,Email,Business,1226010,Married
CUS004674,Vikram,Singh,Female,48,vikram.singh4674@gmail.com,9236378023,C149,Returning,02-07-2024,WhatsApp,Doctor,2880200,Single
CUS004675,Ananya,Reddy,Male,51,ananya.reddy4675@gmail.com,,C170,premium,15-04-2024,Phone,Engineer,2829884,Single
CUS004676,Rahul,Nair,male,48,rahul.nair4676@gmail.com,9983174273,C222,New,21-07-2024,WhatsApp,Business,771558,Married
CUS004677,Priya,Sharma,Female,46,priya.sharma4677@gmail.com,9861435251,C044,New,17-03-2024,Email,Teacher,507799,Single
CUS004678,Priya,Singh,Male,49,priya.singh4678@gmail.com,9167146341,C074,New,18-11-2024,Email,Doctor,449427,Married
CUS004679,Priya,Nair,male,31,priya.nair4679@gmail.com,9925902063,C006,New,03-11-2024,Email,Teacher,883697,Married
CUS004680,Priya,Nair,FEMALE,31,,9507973895,C063,premium,14-07-2024,WhatsApp,,2476938,Single
CUS004681,Vikram,Reddy,Female,37,vikram.reddy4681@gmail.com,9907874704,C051,premium,26-11-2024,Phone,Teacher,2426717,married
CUS004682,Rahul,Sharma,MALE,38,rahul.sharma4682@gmail.com,9496990170,C109,premium,01-02-2024,WhatsApp,Business,1218329,Single
CUS004683,Aarav,Singh,FEMALE,60,aarav.singh4683@gmail.com,9386248491,C232,New,06-09-2024,Phone,Teacher,1310334,Married
CUS004684,Ananya,Nair,FEMALE,22,ananya.nair4684@gmail.com,9572200913,C092,premium,19-01-2024,Email,Business,2432030,married
CUS004685,Ananya,Reddy,male,25,ananya.reddy4685@gmail.com,9608278343,C020,Returning,05-03-2024,WhatsApp,Teacher,2521966,Married
CUS004686,Aarav,Singh,Female,29,aarav.singh4686@gmail.com,98 89936659,C208,premium,06-01-2024,Email,Doctor,584860,Married
CUS004687,Rahul,Patel,Male,25,rahul.patel4687@gmail.com,9954472789,C115,New,11-09-2024,Phone,Doctor,2955217,Married
CUS004688,Rahul,Iyer,Male,33,rahul.iyer4688@gmail.com,9317533324,C220,Premium,09-09-2024,Phone,Business,2249602,Single
CUS004689,Ananya,Patel,Female,36,ananya.patel4689@gmail.com,9902038197,C227,premium,18-08-2024,Phone,Teacher,1447525,Single
CUS004690, Vikram,Sharma,FEMALE,63,vikram.sharma4690@gmail.com,9766932329,C058,New,07-10-2024,WhatsApp,Engineer,1198417,Single
CUS004691,Priya,Patel,FEMALE,46,priya.patel4691@gmail.com,9779722942,C196,Returning,11-02-2024,Phone,Business,2949740,Married
CUS004692,Aarav,Patel,male,32,aarav.patel4692@gmail.com,9808014103,C049,premium,06-11-2024,WhatsApp,Doctor,571068,married
CUS004693,Vikram,Patel,Male,31,vikram.patel4693@gmail.com,9982964060,C242,New,08-10-2024,Phone,Engineer,427909,Married
CUS004694,Rahul,Patel,FEMALE,25,rahul.patel4694@gmail.com,9688959663,C221,Returning,12-06-2024,Email,Teacher,2618908,Married
CUS004695,Sneha,Singh,Male,48,sneha.singh4695@gmail.com,9406700083,C152,Premium,04-06-2024,Email,Teacher,2854527,Married
CUS004696,Aarav,Reddy,Female,27,aarav.reddy4696@gmail.com,9441880825,C235,Returning,25-02-2024,Phone,Doctor,1551046,married
CUS004697,Ananya,Singh,FEMALE,63,ananya.singh4697@gmail.com,9210490829,C183,New,21-02-2024,WhatsApp,Business,1324171,married
CUS004698,Sneha,Nair,Male,54,sneha.nair4698@gmail.com,9373178558,C138,New,06-04-2024,WhatsApp,Business,2201217,Married
CUS004699,Aarav,Nair,Male,65,aarav.nair4699@gmail.com,9483877754,C116,Returning,24-08-2024,WhatsApp,Business,1156936,Married
CUS004700,Sneha,Sharma,Female,64,sneha.sharma4700@gmail.com,9848031845,C250,Returning,10-09-2024,Phone,Doctor,2472570,married
CUS004701,Rahul,Iyer,Female,57,rahul.iyer4701@gmail.com,9499196763,C246,Returning,27-05-2024,WhatsApp,Engineer,1905521,Married
CUS004702,Ananya,Nair,FEMALE,30,ananya.nair4702@gmail.com,9681661485,C215,Returning,08-05-2024,Phone,Teacher,515953,Single
CUS004703,Ananya,Sharma,Female,35,ananya.sharma4703@gmail.com,9653733362,C033,New,14-10-2024,Email,Business,1405042,married
CUS004704,Sneha,Patel,Male,23,sneha.patel4704@gmail.com,9769019655,C064,New,04-02-2024,Email,Doctor,686474,married
CUS004705,Rahul,Singh,Male,63,rahul.singh4705@gmail.com,9873774066,C227,Premium,03-10-2024,WhatsApp,Engineer,2228211,Single
CUS004706,Ananya,Sharma,MALE,23,ananya.sharma4706@gmail.com,9596426358,C248,premium,15-04-2024,Email,Teacher,2638363,Married
CUS004707,Sneha,Sharma,MALE,41,sneha.sharma4707@gmail.com,9280716606,C098,Premium,06-05-2024,WhatsApp,Doctor,1700463,married
CUS004708,Rahul,Patel,FEMALE,52,rahul.patel4708@gmail.com,9495325322,C151,Premium,22-07-2024,Email,Doctor,1613358,Single
CUS004709,Aarav,Iyer,MALE,55,aarav.iyer4709@gmail.com,9138993942,C132,premium,17-09-2024,Email,Doctor,2502259,Single
CUS004710,Vikram,Reddy,male,24,vikram.reddy4710@gmail.com,9133329793,C011,Returning,27-05-2024,Phone,Doctor,2375906,Single
CUS004711,Vikram,Iyer,Female,22,vikram.iyer4711@gmail.com,9266724631,C160,Returning,26-04-2024,WhatsApp,Teacher,771704,married
CUS004712,Priya,Reddy,male,34,priya.reddy4712@gmail.com,9986865229,C137,Premium,28-05-2024,WhatsApp,Teacher,2951515,married
CUS004713,Sneha,Iyer,MALE,37,sneha.iyer4713@gmail.com,9758139390,C096,Premium,26-02-2024,WhatsApp,Teacher,2100590,Single
CUS004714,Aarav,Singh,MALE,33,aarav.singh4714@gmail.com,9237014860,C085,New,20-03-2024,Email,Engineer,2148010,Married
CUS004715,Aarav,Reddy,Female,52,aarav.reddy4715@gmail.com,9342881872,C034,Returning,04-03-2024,WhatsApp,Teacher,2380216,Married
CUS004716,Sneha,Reddy,Female,35,sneha.reddy4716@gmail.com,9495339455,C025,premium,24-10-2024,Email,Business,1205675,Married
CUS004717,Priya,Nair,MALE,54,priya.nair4717@gmail.com,9749019147,C218,Premium,07-02-2024,Email,Business,2498871,Married
CUS004718,Sneha,Iyer,Male,27,sneha.iyer4718@gmail.com,9851125729,C115,premium,21-12-2024,Phone,Teacher,2253474,married
CUS004719,Sneha,Reddy,male,37,sneha.reddy4719@gmail.com,98 39501878,C085,Premium,24-08-2024,Email,Engineer,2396107,Married
CUS004720,Vikram,Iyer,MALE,50,,9194969335,C066,New,13-04-2024,Email,Doctor,2111104,Married
CUS004721,Priya,Iyer,MALE,64,priya.iyer4721@gmail.com,9750936030,C088,Premium,02-01-2024,Email,Teacher,2268615,married
CUS004722,Sneha,Iyer,male,25,sneha.iyer4722@gmail.com,9171098076,C135,Returning,13-09-2024,WhatsApp,Engineer,972106,Married
CUS004723,Vikram,Reddy,Female,31,vikram.reddy4723@gmail.com,9341107661,C169,Premium,14-04-2024,WhatsApp,Doctor,726041,married
CUS004724,Ananya,Reddy,FEMALE,62,ananya.reddy4724@gmail.com,9387929993,C126,premium,20-02-2024,Email,Engineer,861461,married
CUS004725,Ananya,Reddy,MALE,39,ananya.reddy4725@gmail.com,9823007805,C113,New,08-02-2024,Email,Teacher,609426,Single
CUS004726,Ananya,Reddy,MALE,50,ananya.reddy4726@gmail.com,9131518128,C025,Premium,08-01-2024,Phone,Engineer,1315935,Married
CUS004727,Rahul,Singh,Female,43,rahul.singh4727@gmail.com,9826889172,C071,premium,22-01-2024,WhatsApp,Business,980202,married
CUS004728,Aarav,Sharma,Male,59,aarav.sharma4728@gmail.com,9966575749,C136,Premium,24-05-2024,Phone,Doctor,1415268,Married
CUS004729,Sneha,Iyer,MALE,45,sneha.iyer4729@gmail.com,9865239831,C075,Returning,24-02-2024,Phone,Engineer,2123081,Single
CUS004730,Sneha,Sharma,Male,55,sneha.sharma4730@gmail.com,,C174,New,05-08-2024,Phone,Doctor,625739,married
CUS004731,Priya,Nair,Male,28,priya.nair4731@gmail.com,9369637509,C159,premium,24-07-2024,Phone,Doctor,547157,married
CUS004732,Sneha,Iyer,FEMALE,60,sneha.iyer4732@gmail.com,9982436417,C159,Premium,23-02-2024,Email,Engineer,958005,married
CUS004733,Sneha,Nair,MALE,41,sneha.nair4733@gmail.com,9263765549,C238,premium,05-04-2024,Phone,Business,2643569,married
CUS004734,Vikram,Reddy,Female,29,vikram.reddy4734@gmail.com,9621004778,C023,Returning,23-09-2024,WhatsApp,Business,2648802,Single
CUS004735,Vikram,Singh,FEMALE,41,vikram.singh4735@gmail.com,9891171229,C173,premium,26-10-2024,Phone,Engineer,2927402,Single
CUS004736,Sneha,Singh,FEMALE,38,sneha.singh4736@gmail.com,9478782077,C027,Premium,04-12-2024,Email,Doctor,608591,Married
CUS004737,Priya,Reddy,MALE,38,priya.reddy4737@gmail.com,9768025743,C123,Premium,05-08-2024,Email,Teacher,2169742,married
CUS004738,Sneha,Iyer,MALE,33,sneha.iyer4738@gmail.com,9618389589,C006,Premium,07-05-2024,Email,Teacher,1856311,Single
CUS004739,Ananya,Reddy,male,38,ananya.reddy4739@gmail.com,9100221123,C046,Returning,05-07-2024,WhatsApp,Business,2668133,married
CUS004740,Sneha,Iyer,male,49,sneha.iyer4740@gmail.com,9511568063,C150,Returning,15-04-2024,WhatsApp,,684107,Married
CUS004741,Ananya,Singh,MALE,65,ananya.singh4741@gmail.com,9784685537,C088,Premium,24-12-2024,Phone,Doctor,1142619,Married
CUS004742,Priya,Sharma,Female,57,priya.sharma4742@gmail.com,9940815864,C094,New,18-05-2024,Phone,Business,2378584,Single
CUS004743,Sneha,Reddy,Female,37,sneha.reddy4743@gmail.com,9587897686,C239,premium,22-01-2024,Email,Doctor,2476193,Single
CUS004744,Vikram,Sharma,MALE,39,vikram.sharma4744@gmail.com,9171651868,C138,Premium,14-02-2024,Phone,Engineer,1445059,married
CUS004745,Aarav,Singh,FEMALE,56,aarav.singh4745@gmail.com,9980483809,C081,premium,17-01-2024,Phone,Business,1180851,Single
CUS004746,Priya,Patel,FEMALE,26,priya.patel4746@gmail.com,9794986356,C023,Premium,09-12-2024,Phone,Business,2926702,married
CUS004747,Sneha,Reddy,Female,57,sneha.reddy4747@gmail.com,9266399671,C153,Premium,16-07-2024,WhatsApp,Doctor,1461325,Married
CUS004748,Aarav,Reddy,FEMALE,45,aarav.reddy4748@gmail.com,9648256814,C014,premium,09-04-2024,Email,Teacher,899780,Single
CUS004749,Aarav,Sharma,male,26,aarav.sharma4749@gmail.com,9350032079,C188,Returning,11-08-2024,WhatsApp,Doctor,758601,married
CUS004750,Vikram,Iyer,FEMALE,28,vikram.iyer4750@gmail.com,9801069394,C012,Returning,12-08-2024,Phone,Doctor,935280,married
CUS004751,Sneha,Iyer,Female,25,sneha.iyer4751@gmail.com,9736111004,C110,Returning,01-05-2024,WhatsApp,Engineer,709132,married
CUS004752,Ananya,Singh,male,49,ananya.singh4752@gmail.com,98 42827874,C146,New,20-07-2024,WhatsApp,Business,1075872,married
CUS004753,Priya,Singh,Male,40,priya.singh4753@gmail.com,9925199640,C069,Premium,09-02-2024,Phone,Engineer,479641,Single
CUS004754,Priya,Nair,MALE,58,priya.nair4754@gmail.com,9646424141,C141,Premium,23-01-2024,Email,Teacher,1803041,married
CUS004755,Aarav,Iyer,Female,58,aarav.iyer4755@gmail.com,9920273372,C097,premium,24-08-2024,Email,Teacher,817513,married
CUS004756,Rahul,Singh,Female,30,rahul.singh4756@gmail.com,9387635386,C081,Returning,18-03-2024,Email,Doctor,1582260,married
CUS004757,Ananya,Sharma,MALE,65,ananya.sharma4757@gmail.com,9362594065,C202,Premium,06-11-2024,WhatsApp,Engineer,2564031,Single
CUS004758,Rahul,Nair,MALE,57,rahul.nair4758@gmail.com,9140412091,C152,New,22-01-2024,WhatsApp,Doctor,1911903,Single
CUS004759,Aarav,Singh,MALE,40,aarav.singh4759@gmail.com,9779349955,C034,New,08-02-2024,WhatsApp,Doctor,625135,Married
CUS004760, Rahul,Reddy,Male,32,,9800452006,C117,Returning,02-02-2024,WhatsApp,Doctor,1934709,married
CUS004761,Vikram,Reddy,MALE,33,vikram.reddy4761@gmail.com,9890318481,C102,Returning,14-09-2024,WhatsApp,Engineer,340178,Married
CUS004762,Priya,Patel,MALE,58,priya.patel4762@gmail.com,9512557062,C235,Premium,17-05-2024,WhatsApp,Engineer,815832,Married
CUS004763,Ananya,Singh,male,64,ananya.singh4763@gmail.com,9891592012,C101,Premium,27-11-2024,Email,Teacher,2040741,Married
CUS004764,Priya,Singh,Male,22,priya.singh4764@gmail.com,9517318133,C026,premium,25-06-2024,Phone,Engineer,1751314,Married
CUS004765,Sneha,Sharma,FEMALE,23,sneha.sharma4765@gmail.com,9957375897,C159,Premium,12-12-2024,Phone,Doctor,688334,married
CUS004766,Ananya,Sharma,FEMALE,28,ananya.sharma4766@gmail.com,9278966174,C126,Returning,01-06-2024,Phone,Teacher,2367147,Married
CUS004767,Priya,Reddy,MALE,45,priya.reddy4767@gmail.com,9302340803,C098,premium,13-11-2024,WhatsApp,Doctor,1229388,Single
CUS004768,Vikram,Singh,MALE,52,vikram.singh4768@gmail.com,9468075443,C172,New,06-04-2024,WhatsApp,Engineer,2787326,married
CUS004769,Rahul,Singh,Female,59,rahul.singh4769@gmail.com,9317540561,C127,Premium,08-04-2024,WhatsApp,Engineer,599451,Single
CUS004770,Vikram,Patel,FEMALE,51,vikram.patel4770@gmail.com,9231544644,C128,Returning,15-08-2024,WhatsApp,Doctor,575625,Married
CUS004771,Sneha,Iyer,Male,56,sneha.iyer4771@gmail.com,9465597663,C091,New,17-11-2024,Email,Doctor,494470,Married
CUS004772,Ananya,Reddy,FEMALE,55,ananya.reddy4772@gmail.com,9946605656,C057,Returning,25-10-2024,Phone,Engineer,374691,Married
CUS004773,Rahul,Reddy,male,63,rahul.reddy4773@gmail.com,9325357082,C196,Premium,16-12-2024,Email,Teacher,1621538,Married
CUS004774,Priya,Singh,Male,26,priya.singh4774@gmail.com,9163080059,C036,premium,24-02-2024,Phone,Business,822595,Single
CUS004775,Priya,Reddy,FEMALE,26,priya.reddy4775@gmail.com,9152807645,C079,Returning,23-05-2024,Email,Engineer,2690837,Single
CUS004776,Vikram,Patel,FEMALE,39,vikram.patel4776@gmail.com,9307519784,C004,premium,11-12-2024,Email,Teacher,2422598,Married
CUS004777,Sneha,Patel,male,45,sneha.patel4777@gmail.com,9197385544,C214,Returning,02-02-2024,WhatsApp,Teacher,2166110,married
CUS004778,Vikram,Reddy,FEMALE,57,vikram.reddy4778@gmail.com,9148057246,C170,Premium,24-09-2024,WhatsApp,Teacher,2590848,married
CUS004779,Ananya,Nair,MALE,34,ananya.nair4779@gmail.com,9347316875,C226,New,18-12-2024,WhatsApp,Business,486927,married
CUS004780,Vikram,Singh,MALE,61,vikram.singh4780@gmail.com,9637865096,C051,New,19-05-2024,Phone,Engineer,1553794,Single
CUS004781,Vikram,Nair,FEMALE,31,vikram.nair4781@gmail.com,9736323139,C096,Premium,19-09-2024,WhatsApp,Engineer,724415,Single
CUS004782,Aarav,Reddy,FEMALE,64,aarav.reddy4782@gmail.com,9324927104,C067,Returning,22-08-2024,Phone,Doctor,1447215,Single
CUS004783,Priya,Reddy,FEMALE,29,priya.reddy4783@gmail.com,9787414772,C057,premium,15-07-2024,WhatsApp,Business,1311324,Married
CUS004784,Sneha,Patel,Female,28,sneha.patel4784@gmail.com,9208736319,C036,Returning,05-01-2024,Phone,Engineer,672176,Married
CUS004785,Priya,Reddy,Male,63,priya.reddy4785@gmail.com,,C067,Returning,14-02-2024,WhatsApp,Engineer,2308670,married
CUS004786,Sneha,Sharma,Male,50,sneha.sharma4786@gmail.com,9824078122,C231,Returning,09-11-2024,Phone,Business,1871861,Single
CUS004787,Sneha,Reddy,FEMALE,50,sneha.reddy4787@gmail.com,9225358042,C248,New,08-10-2024,Phone,Teacher,2731353,married
CUS004788,Sneha,Nair,Male,55,sneha.nair4788@gmail.com,9921169924,C006,Premium,23-11-2024,Email,Teacher,915141,Married
CUS004789,Priya,Reddy,Male,29,priya.reddy4789@gmail.com,9775748228,C196,premium,25-09-2024,Phone,Teacher,1522407,Single
CUS004790,Sneha,Patel,Female,46,sneha.patel4790@gmail.com,9259303592,C088,New,13-10-2024,WhatsApp,Engineer,813805,Single
CUS004791,Aarav,Singh,male,65,aarav.singh4791@gmail.com,9254381404,C173,New,17-10-2024,Email,Engineer,980693,Single
CUS004792,Vikram,Iyer,male,50,vikram.iyer4792@gmail.com,9811541337,C153,premium,10-08-2024,WhatsApp,Business,414533,Single
CUS004793,Ananya,Singh,Male,62,ananya.singh4793@gmail.com,9289645257,C228,New,05-07-2024,WhatsApp,Business,2446500,Single
CUS004794,Aarav,Singh,MALE,41,aarav.singh4794@gmail.com,9562999799,C051,Returning,12-01-2024,Email,Doctor,462927,married
CUS004795,Rahul,Singh,male,59,rahul.singh4795@gmail.com,9769467221,C178,premium,05-11-2024,Email,Teacher,1598986,married
CUS004796,Rahul,Iyer,male,48,rahul.iyer4796@gmail.com,9971658070,C081,Returning,26-05-2024,Phone,Engineer,2485167,Single
CUS004797,Vikram,Patel,Male,42,vikram.patel4797@gmail.com,9174419000,C214,premium,02-04-2024,WhatsApp,Business,2204630,Married
CUS004798,Vikram,Singh,FEMALE,57,vikram.singh4798@gmail.com,9611765306,C112,New,27-03-2024,Phone,Teacher,2997579,Single
CUS004799,Sneha,Patel,MALE,46,sneha.patel4799@gmail.com,9663569473,C143,Premium,22-01-2024,WhatsApp,Engineer,2780198,Single
CUS004800,Aarav,Reddy,MALE,57,,9472933456,C059,New,18-06-2024,Phone,,1913647,Married
CUS004801,Vikram,Reddy,male,54,vikram.reddy4801@gmail.com,9367184690,C079,Returning,09-05-2024,Email,Business,693718,married
CUS004802,Aarav,Singh,MALE,59,aarav.singh4802@gmail.com,9942250118,C192,Returning,17-04-2024,Email,Doctor,2576828,married
CUS004803,Priya,Iyer,Male,59,priya.iyer4803@gmail.com,9914709368,C023,premium,18-08-2024,Email,Doctor,714935,Single
CUS004804,Vikram,Iyer,Male,54,vikram.iyer4804@gmail.com,9626129799,C097,premium,01-07-2024,WhatsApp,Doctor,1777758,Single
CUS004805,Ananya,Patel,Male,44,ananya.patel4805@gmail.com,9734646833,C098,premium,26-06-2024,Phone,Business,2598717,married
CUS004806,Priya,Reddy,MALE,37,priya.reddy4806@gmail.com,9882704262,C228,Returning,28-06-2024,Email,Engineer,1429845,Married
CUS004807,Rahul,Sharma,Male,31,rahul.sharma4807@gmail.com,9217961221,C207,Returning,16-09-2024,Phone,Teacher,2735416,Single
CUS004808,Rahul,Patel,male,53,rahul.patel4808@gmail.com,9689803932,C120,Returning,08-08-2024,WhatsApp,Teacher,928698,Single
CUS004809,Priya,Nair,MALE,63,priya.nair4809@gmail.com,9381857284,C085,Returning,21-06-2024,WhatsApp,Doctor,2265512,married
CUS004810,Ananya,Singh,male,60,ananya.singh4810@gmail.com,9505978542,C063,Returning,02-07-2024,WhatsApp,Doctor,1741457,Single
CUS004811,Ananya,Reddy,FEMALE,34,ananya.reddy4811@gmail.com,9692887141,C117,premium,22-08-2024,Email,Engineer,1910319,Married
CUS004812,Vikram,Patel,MALE,41,vikram.patel4812@gmail.com,9686598166,C232,New,04-02-2024,WhatsApp,Doctor,1265268,Married
CUS004813,Sneha,Nair,male,63,sneha.nair4813@gmail.com,9569986496,C051,New,13-04-2024,Email,Teacher,1498777,married
CUS004814,Sneha,Nair,Male,46,sneha.nair4814@gmail.com,9115375823,C058,New,04-03-2024,Phone,Business,2806549,Single
CUS004815,Sneha,Nair,Male,54,sneha.nair4815@gmail.com,9764242724,C204,Premium,04-03-2024,WhatsApp,Engineer,2174027,Single
CUS004816,Aarav,Reddy,male,43,aarav.reddy4816@gmail.com,9853410572,C189,New,12-03-2024,WhatsApp,Doctor,2782499,married
CUS004817,Aarav,Sharma,FEMALE,59,aarav.sharma4817@gmail.com,9198073577,C062,Premium,19-03-2024,WhatsApp,Business,1512649,married
CUS004818,Aarav,Iyer,FEMALE,22,aarav.iyer4818@gmail.com,98 87740921,C181,premium,04-01-2024,WhatsApp,Engineer,1492738,Married
CUS004819,Aarav,Sharma,Male,43,aarav.sharma4819@gmail.com,9524218156,C054,Premium,13-07-2024,Email,Teacher,1195148,married
CUS004820,Aarav,Sharma,FEMALE,24,aarav.sharma4820@gmail.com,9773983145,C034,Returning,20-10-2024,Phone,Doctor,1341252,Single
CUS004821,Aarav,Iyer,male,35,aarav.iyer4821@gmail.com,9294496316,C143,New,11-03-2024,Email,Business,715199,Single
CUS004822,Ananya,Nair,male,23,ananya.nair4822@gmail.com,9426737046,C129,Returning,15-11-2024,Phone,Engineer,1025798,Married
CUS004823,Aarav,Nair,male,22,aarav.nair4823@gmail.com,9380949895,C202,Premium,13-06-2024,Phone,Teacher,1445559,married
CUS004824,Priya,Iyer,MALE,46,priya.iyer4824@gmail.com,9683411873,C157,Returning,09-05-2024,WhatsApp,Engineer,2225689,Married
CUS004825,Ananya,Patel,male,26,ananya.patel4825@gmail.com,9276746388,C202,Returning,17-11-2024,Email,Engineer,1642572,married
CUS004826,Vikram,Reddy,MALE,33,vikram.reddy4826@gmail.com,9513320597,C117,New,16-05-2024,Email,Doctor,2920046,Single
CUS004827,Aarav,Singh,male,52,aarav.singh4827@gmail.com,9709508723,C134,Premium,01-11-2024,WhatsApp,Doctor,854068,married
CUS004828,Rahul,Sharma,Female,50,rahul.sharma4828@gmail.com,9227860144,C132,premium,27-11-2024,Phone,Doctor,2368671,married
CUS004829,Sneha,Patel,FEMALE,22,sneha.patel4829@gmail.com,9635946662,C221,Returning,13-03-2024,WhatsApp,Teacher,1565784,married
CUS004830, Ananya,Patel,male,60,ananya.patel4830@gmail.com,9292276078,C147,Returning,07-11-2024,Phone,Teacher,752400,Married
CUS004831,Rahul,Singh,male,60,rahul.singh4831@gmail.com,9608310152,C204,premium,13-06-2024,WhatsApp,Teacher,793357,married
CUS004832,Priya,Sharma,FEMALE,40,priya.sharma4832@gmail.com,9451173658,C158,Returning,05-05-2024,Email,Doctor,1790430,married
CUS004833,Sneha,Iyer,FEMALE,60,sneha.iyer4833@gmail.com,9736555376,C217,New,07-10-2024,Phone,Engineer,495741,Single
CUS004834,Rahul,Iyer,Male,53,rahul.iyer4834@gmail.com,9775990520,C232,New,17-12-2024,WhatsApp,Business,2716216,Married
CUS004835,Priya,Sharma,MALE,40,priya.sharma4835@gmail.com,9885381665,C054,premium,06-12-2024,WhatsApp,Engineer,1745423,Single
CUS004836,Aarav,Iyer,male,51,aarav.iyer4836@gmail.com,9279502498,C133,New,25-05-2024,Phone,Engineer,646114,Single
CUS004837,Priya,Reddy,Male,34,priya.reddy4837@gmail.com,9335825788,C033,Returning,28-05-2024,Email,Doctor,2379157,Single
CUS004838,Sneha,Patel,FEMALE,46,sneha.patel4838@gmail.com,9852898980,C116,Premium,09-09-2024,Email,Doctor,2482872,married
CUS004839,Sneha,Iyer,MALE,46,sneha.iyer4839@gmail.com,9568799463,C228,Returning,10-12-2024,Phone,Doctor,2373559,Single
CUS004840,Ananya,Sharma,MALE,23,,,C035,premium,16-01-2024,WhatsApp,Engineer,762710,Married
CUS004841,Aarav,Reddy,Female,44,aarav.reddy4841@gmail.com,9679289035,C002,Premium,24-05-2024,Phone,Engineer,2485751,married
CUS004842,Aarav,Iyer,FEMALE,54,aarav.iyer4842@gmail.com,9641599761,C166,premium,08-08-2024,Email,Business,1832183,Single
CUS004843,Vikram,Reddy,FEMALE,64,vikram.reddy4843@gmail.com,9237804929,C157,New,10-02-2024,WhatsApp,Doctor,504877,Married
CUS004844,Vikram,Iyer,FEMALE,42,vikram.iyer4844@gmail.com,9108184363,C216,premium,18-05-2024,Phone,Business,645227,married
CUS004845,Ananya,Patel,Male,44,ananya.patel4845@gmail.com,9954167702,C092,New,16-11-2024,Email,Engineer,1789522,Married
CUS004846,Rahul,Nair,Male,27,rahul.nair4846@gmail.com,9587904406,C059,premium,17-04-2024,Email,Doctor,954012,married
CUS004847,Aarav,Patel,male,33,aarav.patel4847@gmail.com,9639281308,C188,New,28-11-2024,Phone,Doctor,2730319,Single
CUS004848,Aarav,Reddy,Female,24,aarav.reddy4848@gmail.com,9991823652,C170,Premium,15-11-2024,Email,Engineer,835103,Single
CUS004849,Vikram,Patel,Male,39,vikram.patel4849@gmail.com,9411676364,C171,New,18-07-2024,WhatsApp,Business,2352679,Married
CUS004850,Ananya,Singh,Female,27,ananya.singh4850@gmail.com,9902590408,C125,Returning,14-04-2024,Phone,Teacher,2075266,Single
CUS004851,Ananya,Patel,MALE,41,ananya.patel4851@gmail.com,98 67423247,C049,Returning,21-11-2024,Phone,Doctor,2891344,Single
CUS004852,Priya,Nair,Female,38,priya.nair4852@gmail.com,9814445870,C129,Returning,09-10-2024,Phone,Engineer,774803,Married
CUS004853,Priya,Iyer,MALE,47,priya.iyer4853@gmail.com,9985213365,C004,Returning,12-05-2024,Email,Engineer,1478749,Married
CUS004854,Rahul,Singh,MALE,56,rahul.singh4854@gmail.com,9136117931,C192,premium,10-06-2024,Phone,Business,389418,married
CUS004855,Aarav,Iyer,Female,28,aarav.iyer4855@gmail.com,9862279755,C061,Premium,12-11-2024,Phone,Teacher,2021176,Married
CUS004856,Vikram,Iyer,male,39,vikram.iyer4856@gmail.com,9473421507,C076,Returning,07-11-2024,WhatsApp,Business,2655264,Married
CUS004857,Ananya,Iyer,Male,63,ananya.iyer4857@gmail.com,9485289646,C026,Returning,14-02-2024,Phone,Doctor,723552,married
CUS004858,Aarav,Iyer,FEMALE,30,aarav.iyer4858@gmail.com,9160414428,C177,premium,14-09-2024,WhatsApp,Business,1090718,married
CUS004859,Rahul,Reddy,MALE,58,rahul.reddy4859@gmail.com,9922344027,C123,New,11-10-2024,WhatsApp,Teacher,1098452,Single
CUS004860,Rahul,Singh,Female,52,rahul.singh4860@gmail.com,9186722261,C091,Returning,23-11-2024,Phone,,2834852,Married
CUS004861,Vikram,Patel,FEMALE,55,vikram.patel4861@gmail.com,9880861495,C146,premium,06-11-2024,Email,Teacher,1950540,married
CUS004862,Aarav,Patel,FEMALE,55,aarav.patel4862@gmail.com,9776500766,C099,New,07-09-2024,Phone,Doctor,2998775,Single
CUS004863,Vikram,Sharma,Female,47,vikram.sharma4863@gmail.com,9394481248,C243,Returning,08-06-2024,Phone,Teacher,340174,Married
CUS004864,Vikram,Singh,Male,52,vikram.singh4864@gmail.com,9410333215,C114,premium,26-04-2024,WhatsApp,Teacher,698582,Married
CUS004865,Rahul,Patel,FEMALE,41,rahul.patel4865@gmail.com,9597788274,C152,New,27-10-2024,WhatsApp,Business,1227315,Married
CUS004866,Vikram,Nair,Male,43,vikram.nair4866@gmail.com,9300515468,C059,Premium,09-06-2024,Phone,Business,840247,married
CUS004867,Sneha,Nair,FEMALE,26,sneha.nair4867@gmail.com,9114743074,C242,New,09-08-2024,Email,Doctor,1289167,married
CUS004868,Aarav,Nair,Female,54,aarav.nair4868@gmail.com,9171648741,C215,Returning,16-11-2024,WhatsApp,Business,1551508,Married
CUS004869,Rahul,Patel,Female,55,rahul.patel4869@gmail.com,9204459206,C118,Returning,15-08-2024,WhatsApp,Business,734251,Single
CUS004870,Ananya,Singh,male,54,ananya.singh4870@gmail.com,9720238646,C102,New,04-07-2024,WhatsApp,Engineer,1718858,married
CUS004871,Aarav,Patel,Female,22,aarav.patel4871@gmail.com,9452198906,C143,Returning,07-06-2024,Phone,Engineer,1899347,married
CUS004872,Priya,Reddy,FEMALE,58,priya.reddy4872@gmail.com,9726294547,C202,New,28-02-2024,WhatsApp,Teacher,1888915,married
CUS004873,Vikram,Sharma,male,35,vikram.sharma4873@gmail.com,9631858343,C096,Premium,22-09-2024,Phone,Teacher,1073561,Married
CUS004874,Ananya,Iyer,MALE,25,ananya.iyer4874@gmail.com,9932539127,C053,premium,24-04-2024,Email,Engineer,2136258,Single
CUS004875,Vikram,Iyer,Male,22,vikram.iyer4875@gmail.com,9772212815,C119,premium,02-11-2024,WhatsApp,Doctor,1270827,Married
CUS004876,Priya,Iyer,Female,57,priya.iyer4876@gmail.com,9942087657,C118,premium,18-11-2024,WhatsApp,Business,773534,married
CUS004877,Vikram,Sharma,Male,38,vikram.sharma4877@gmail.com,9382054206,C235,Returning,18-10-2024,WhatsApp,Engineer,1628471,Single
CUS004878,Sneha,Patel,MALE,63,sneha.patel4878@gmail.com,9209664639,C184,Premium,03-12-2024,Phone,Business,1760603,married
CUS004879,Ananya,Patel,Male,43,ananya.patel4879@gmail.com,9129462346,C235,premium,25-10-2024,WhatsApp,Teacher,1882370,married
CUS004880,Vikram,Singh,FEMALE,40,,9625160741,C003,New,06-02-2024,Phone,Business,2913404,married
CUS004881,Aarav,Sharma,Female,49,aarav.sharma4881@gmail.com,9101801144,C179,New,07-07-2024,Phone,Business,1134960,Married
CUS004882,Sneha,Sharma,Male,37,sneha.sharma4882@gmail.com,9787372826,C024,Premium,14-01-2024,Email,Business,2146608,Married
CUS004883,Vikram,Nair,Female,49,vikram.nair4883@gmail.com,9462643055,C204,Returning,09-06-2024,WhatsApp,Teacher,988150,Single
CUS004884,Aarav,Iyer,Female,52,aarav.iyer4884@gmail.com,98 16475581,C109,premium,18-12-2024,WhatsApp,Teacher,2378580,Single
CUS004885,Rahul,Iyer,male,41,rahul.iyer4885@gmail.com,9352409196,C044,Premium,11-05-2024,WhatsApp,Engineer,2269117,Married
CUS004886,Sneha,Reddy,Male,60,sneha.reddy4886@gmail.com,9891804847,C236,premium,02-11-2024,WhatsApp,Business,1613117,Single
CUS004887,Priya,Iyer,MALE,27,priya.iyer4887@gmail.com,9179577953,C146,Returning,05-03-2024,Email,Teacher,1348485,Single
CUS004888,Vikram,Sharma,male,44,vikram.sharma4888@gmail.com,9879895133,C029,Premium,11-08-2024,Phone,Business,991782,Single
CUS004889,Ananya,Singh,FEMALE,64,ananya.singh4889@gmail.com,9726717877,C153,Returning,11-04-2024,Phone,Doctor,786078,Married
CUS004890,Ananya,Patel,male,29,ananya.patel4890@gmail.com,9160482557,C098,Premium,22-03-2024,WhatsApp,Business,988501,Married
CUS004891,Priya,Reddy,FEMALE,44,priya.reddy4891@gmail.com,9308276748,C214,Returning,06-07-2024,WhatsApp,Teacher,2506551,Single
CUS004892,Aarav,Singh,Female,30,aarav.singh4892@gmail.com,9732486002,C095,Returning,23-01-2024,Email,Engineer,1429314,married
CUS004893,Aarav,Reddy,MALE,38,aarav.reddy4893@gmail.com,9486314183,C162,Returning,13-10-2024,Email,Engineer,2573897,Married
CUS004894,Vikram,Sharma,Male,44,vikram.sharma4894@gmail.com,9556914406,C148,premium,14-05-2024,Email,Engineer,843297,Married
CUS004895,Priya,Patel,male,26,priya.patel4895@gmail.com,,C016,premium,12-03-2024,WhatsApp,Business,2860238,married
CUS004896,Sneha,Patel,FEMALE,52,sneha.patel4896@gmail.com,9396087311,C060,Returning,21-09-2024,Phone,Teacher,1060284,Married
CUS004897,Rahul,Nair,male,55,rahul.nair4897@gmail.com,9839507112,C242,premium,11-03-2024,Phone,Teacher,914023,Married
CUS004898,Ananya,Iyer,FEMALE,50,ananya.iyer4898@gmail.com,9375417962,C134,Premium,19-10-2024,WhatsApp,Business,1287167,married
CUS004899,Ananya,Iyer,Female,38,ananya.iyer4899@gmail.com,9656978466,C066,Premium,03-05-2024,Phone,Engineer,2213817,Married
CUS004900, Rahul,Reddy,Female,41,rahul.reddy4900@gmail.com,9133692339,C198,New,08-07-2024,Email,Business,1380010,Single
CUS004901,Ananya,Nair,MALE,32,ananya.nair4901@gmail.com,9800179853,C056,premium,16-10-2024,Email,Doctor,1145115,Married
CUS004902,Vikram,Patel,FEMALE,24,vikram.patel4902@gmail.com,9778520347,C083,Premium,27-01-2024,Phone,Business,2210112,married
CUS004903,Sneha,Singh,Male,22,sneha.singh4903@gmail.com,9267417119,C188,Premium,17-01-2024,Email,Business,441115,married
CUS004904,Ananya,Iyer,Female,53,ananya.iyer4904@gmail.com,9914999109,C228,Returning,18-06-2024,Email,Doctor,2858007,Single
CUS004905,Priya,Reddy,Female,55,priya.reddy4905@gmail.com,9659316306,C118,Premium,20-09-2024,Phone,Business,525901,married
CUS004906,Priya,Patel,Male,44,priya.patel4906@gmail.com,9248653214,C017,Returning,13-10-2024,WhatsApp,Doctor,2194489,Married
CUS004907,Vikram,Sharma,Male,28,vikram.sharma4907@gmail.com,9856419924,C054,New,24-10-2024,Email,Teacher,2546684,Single
CUS004908,Ananya,Patel,Male,34,ananya.patel4908@gmail.com,9538147223,C032,New,14-04-2024,Phone,Engineer,2092789,Married
CUS004909,Ananya,Iyer,Female,65,ananya.iyer4909@gmail.com,9582028160,C159,New,16-07-2024,Email,Doctor,2678933,married
CUS004910,Rahul,Sharma,Female,38,rahul.sharma4910@gmail.com,9451593640,C135,Returning,04-12-2024,Email,Teacher,2561273,Married
CUS004911,Aarav,Singh,male,41,aarav.singh4911@gmail.com,9607047057,C202,New,05-06-2024,Email,Doctor,2948955,Married
CUS004912,Ananya,Nair,Female,29,ananya.nair4912@gmail.com,9645110053,C133,Returning,25-04-2024,WhatsApp,Business,1527163,Married
CUS004913,Ananya,Singh,male,44,ananya.singh4913@gmail.com,9707082851,C005,premium,05-07-2024,WhatsApp,Doctor,1164769,Married
CUS004914,Aarav,Reddy,male,62,aarav.reddy4914@gmail.com,9367843536,C005,premium,02-08-2024,WhatsApp,Business,1807664,Single
CUS004915,Priya,Sharma,male,59,priya.sharma4915@gmail.com,9798575555,C227,Returning,13-01-2024,Email,Doctor,459103,Married
CUS004916,Vikram,Nair,Female,56,vikram.nair4916@gmail.com,9111076499,C135,New,01-06-2024,Phone,Business,2530262,married
CUS004917,Ananya,Nair,FEMALE,62,ananya.nair4917@gmail.com,98 40321662,C048,New,06-09-2024,WhatsApp,Business,1324084,Married
CUS004918,Priya,Singh,Female,32,priya.singh4918@gmail.com,9869470161,C148,New,18-01-2024,Email,Business,1611358,Single
CUS004919,Aarav,Reddy,Male,60,aarav.reddy4919@gmail.com,9950160509,C160,premium,17-05-2024,Phone,Doctor,1102760,Single
CUS004920,Ananya,Singh,FEMALE,41,,9262250990,C027,premium,04-09-2024,Email,,1098193,Married
CUS004921,Vikram,Iyer,male,28,vikram.iyer4921@gmail.com,9817498429,C079,Premium,07-06-2024,Phone,Teacher,1128898,Married
CUS004922,Rahul,Nair,Male,23,rahul.nair4922@gmail.com,9345195234,C219,Premium,26-10-2024,WhatsApp,Business,1049895,Married
CUS004923,Aarav,Sharma,male,31,aarav.sharma4923@gmail.com,9826423712,C085,premium,06-11-2024,WhatsApp,Business,2547589,Married
CUS004924,Sneha,Nair,Male,40,sneha.nair4924@gmail.com,9997350691,C079,Returning,25-01-2024,Phone,Doctor,2362519,Single
CUS004925,Priya,Iyer,MALE,36,priya.iyer4925@gmail.com,9579662041,C203,Premium,28-08-2024,Email,Business,1147856,married
CUS004926,Ananya,Sharma,Female,54,ananya.sharma4926@gmail.com,9788008317,C086,Returning,02-10-2024,Email,Doctor,531975,Single
CUS004927,Rahul,Sharma,Male,47,rahul.sharma4927@gmail.com,9665596162,C101,Premium,08-01-2024,WhatsApp,Teacher,310271,Married
CUS004928,Rahul,Sharma,Male,52,rahul.sharma4928@gmail.com,9169648394,C172,New,05-11-2024,WhatsApp,Business,967737,Single
CUS004929,Ananya,Iyer,male,31,ananya.iyer4929@gmail.com,9667687479,C200,Premium,10-08-2024,Phone,Business,1909568,Married
CUS004930,Ananya,Nair,male,52,ananya.nair4930@gmail.com,9301144298,C250,Returning,27-11-2024,WhatsApp,Doctor,1898228,married
CUS004931,Priya,Reddy,male,53,priya.reddy4931@gmail.com,9526195051,C047,Returning,16-01-2024,Phone,Business,2341606,Married
CUS004932,Ananya,Nair,Female,35,ananya.nair4932@gmail.com,9134609789,C012,premium,12-05-2024,Phone,Engineer,1088491,Married
CUS004933,Priya,Patel,FEMALE,23,priya.patel4933@gmail.com,9963327845,C065,Premium,16-08-2024,Email,Engineer,2040816,married
CUS004934,Sneha,Patel,FEMALE,61,sneha.patel4934@gmail.com,9141517049,C042,premium,07-09-2024,Email,Doctor,1326063,Married
CUS004935,Vikram,Sharma,Male,33,vikram.sharma4935@gmail.com,9215891500,C100,Returning,01-03-2024,WhatsApp,Engineer,2542062,married
CUS004936,Vikram,Nair,Male,34,vikram.nair4936@gmail.com,9401589172,C185,Returning,20-05-2024,Phone,Doctor,1141676,Married
CUS004937,Rahul,Sharma,male,33,rahul.sharma4937@gmail.com,9430707519,C202,Returning,26-06-2024,Phone,Doctor,971183,Single
CUS004938,Vikram,Singh,MALE,47,vikram.singh4938@gmail.com,9340701227,C076,Premium,01-02-2024,Email,Teacher,660826,Single
CUS004939,Vikram,Patel,Male,53,vikram.patel4939@gmail.com,9407178006,C244,premium,06-05-2024,Email,Engineer,357537,Single
CUS004940,Rahul,Singh,Female,32,rahul.singh4940@gmail.com,9956082740,C053,Returning,28-10-2024,WhatsApp,Engineer,639193,Married
CUS004941,Rahul,Patel,Male,36,rahul.patel4941@gmail.com,9180362082,C002,Returning,23-04-2024,Phone,Doctor,1227003,Single
CUS004942,Sneha,Nair,male,64,sneha.nair4942@gmail.com,9903690715,C168,Returning,13-09-2024,Phone,Teacher,1960546,Married
CUS004943,Rahul,Sharma,male,26,rahul.sharma4943@gmail.com,9214104237,C248,premium,12-11-2024,WhatsApp,Business,547178,Single
CUS004944,Sneha,Nair,Male,65,sneha.nair4944@gmail.com,9239752801,C248,New,05-05-2024,WhatsApp,Doctor,1921015,married
CUS004945,Rahul,Singh,Female,53,rahul.singh4945@gmail.com,9426684864,C146,Returning,14-04-2024,Email,Engineer,2462516,Married
CUS004946,Ananya,Singh,MALE,47,ananya.singh4946@gmail.com,9702133362,C175,Returning,16-08-2024,Phone,Engineer,1630836,Married
CUS004947,Sneha,Iyer,MALE,31,sneha.iyer4947@gmail.com,9679360042,C239,premium,10-03-2024,Phone,Teacher,321591,married
CUS004948,Ananya,Iyer,Female,38,ananya.iyer4948@gmail.com,9794975331,C245,New,03-04-2024,Email,Business,620270,Single
CUS004949,Aarav,Singh,Male,26,aarav.singh4949@gmail.com,9975183927,C166,New,02-07-2024,Phone,Teacher,1146141,Single
CUS004950,Rahul,Singh,FEMALE,28,rahul.singh4950@gmail.com,,C175,Premium,07-10-2024,WhatsApp,Engineer,1965151,Single
CUS004951,Sneha,Sharma,Female,28,sneha.sharma4951@gmail.com,9518890153,C233,premium,26-06-2024,Email,Business,652050,married
CUS004952,Ananya,Reddy,Female,36,ananya.reddy4952@gmail.com,9851517372,C024,Premium,21-09-2024,WhatsApp,Engineer,1098572,Married
CUS004953,Vikram,Reddy,MALE,50,vikram.reddy4953@gmail.com,9847465441,C192,New,22-08-2024,Email,Doctor,1527837,Single
CUS004954,Ananya,Singh,FEMALE,63,ananya.singh4954@gmail.com,9592054840,C050,Returning,04-01-2024,WhatsApp,Business,2240281,Single
CUS004955,Sneha,Iyer,Male,42,sneha.iyer4955@gmail.com,9179151597,C145,Premium,17-10-2024,WhatsApp,Teacher,489055,married
CUS004956,Sneha,Patel,male,57,sneha.patel4956@gmail.com,9744969894,C054,Returning,02-02-2024,WhatsApp,Business,863148,Married
CUS004957,Sneha,Patel,Male,39,sneha.patel4957@gmail.com,9449793501,C034,premium,18-07-2024,Email,Business,2497390,Single
CUS004958,Ananya,Nair,FEMALE,32,ananya.nair4958@gmail.com,9430187038,C060,Returning,01-06-2024,Email,Business,553586,Married
CUS004959,Priya,Singh,male,51,priya.singh4959@gmail.com,9222258530,C057,New,22-04-2024,Phone,Engineer,2438681,Single
CUS004960,Sneha,Reddy,Female,38,,9197261726,C100,New,17-05-2024,Phone,Business,1693810,Married
CUS004961,Rahul,Sharma,MALE,48,rahul.sharma4961@gmail.com,9141416046,C020,Premium,22-05-2024,Email,Teacher,2826809,Single
CUS004962,Priya,Sharma,Female,28,priya.sharma4962@gmail.com,9446587547,C111,Returning,18-10-2024,Email,Business,1485788,married
CUS004963,Ananya,Nair,FEMALE,38,ananya.nair4963@gmail.com,9175799267,C073,Returning,09-11-2024,Phone,Teacher,583933,Single
CUS004964,Aarav,Singh,MALE,63,aarav.singh4964@gmail.com,9171577541,C188,New,06-09-2024,Phone,Engineer,586033,married
CUS004965,Sneha,Singh,Male,37,sneha.singh4965@gmail.com,9155557384,C147,Returning,04-04-2024,WhatsApp,Doctor,1566624,Married
CUS004966,Ananya,Iyer,FEMALE,43,ananya.iyer4966@gmail.com,9942043375,C123,Returning,22-01-2024,WhatsApp,Doctor,2839240,Single
CUS004967,Ananya,Sharma,MALE,23,ananya.sharma4967@gmail.com,9671602960,C191,New,27-06-2024,Phone,Doctor,920289,married
CUS004968,Vikram,Sharma,Male,32,vikram.sharma4968@gmail.com,9750909166,C153,Returning,14-03-2024,Email,Business,2749385,Single
CUS004969,Ananya,Nair,Female,51,ananya.nair4969@gmail.com,9126278966,C176,premium,01-10-2024,Phone,Business,1878161,married
CUS004970, Rahul,Sharma,male,28,rahul.sharma4970@gmail.com,9776445069,C197,Premium,12-03-2024,WhatsApp,Engineer,2955804,married
CUS004971,Vikram,Iyer,Female,24,vikram.iyer4971@gmail.com,9256911122,C124,Premium,19-11-2024,WhatsApp,Doctor,919609,Single
CUS004972,Aarav,Patel,Female,31,aarav.patel4972@gmail.com,9734814038,C037,New,14-09-2024,WhatsApp,Doctor,1834246,married
CUS004973,Vikram,Nair,Female,57,vikram.nair4973@gmail.com,9321980494,C173,premium,08-01-2024,Email,Business,1046783,Married
CUS004974,Vikram,Nair,MALE,45,vikram.nair4974@gmail.com,9354065038,C042,premium,01-09-2024,WhatsApp,Doctor,692211,Single
CUS004975,Aarav,Iyer,MALE,48,aarav.iyer4975@gmail.com,9987180256,C220,Returning,22-06-2024,WhatsApp,Business,673174,married
CUS004976,Rahul,Reddy,Female,56,rahul.reddy4976@gmail.com,9303057889,C103,premium,12-12-2024,Phone,Doctor,1609189,Married
CUS004977,Priya,Iyer,MALE,61,priya.iyer4977@gmail.com,9633315700,C181,Returning,02-05-2024,WhatsApp,Business,370890,married
CUS004978,Sneha,Reddy,MALE,24,sneha.reddy4978@gmail.com,9374756021,C143,premium,10-06-2024,WhatsApp,Doctor,575830,married
CUS004979,Sneha,Nair,Female,28,sneha.nair4979@gmail.com,9386016350,C226,Returning,16-08-2024,Phone,Doctor,1485421,Married
CUS004980,Rahul,Sharma,Male,27,rahul.sharma4980@gmail.com,9667000461,C131,New,27-01-2024,Phone,,1985092,Single
CUS004981,Sneha,Sharma,MALE,42,sneha.sharma4981@gmail.com,9280936647,C147,premium,06-01-2024,WhatsApp,Business,461471,married
CUS004982,Aarav,Patel,FEMALE,36,aarav.patel4982@gmail.com,9350354527,C146,Returning,18-12-2024,Email,Doctor,1249013,married
CUS004983,Sneha,Patel,MALE,38,sneha.patel4983@gmail.com,98 33723328,C172,Premium,17-06-2024,WhatsApp,Teacher,2193029,Married
CUS004984,Ananya,Nair,MALE,60,ananya.nair4984@gmail.com,9998314278,C177,New,14-03-2024,Phone,Teacher,1856859,Married
CUS004985,Sneha,Sharma,male,61,sneha.sharma4985@gmail.com,9404667462,C224,Returning,11-03-2024,WhatsApp,Doctor,2939010,Single
CUS004986,Rahul,Patel,MALE,34,rahul.patel4986@gmail.com,9364435081,C227,New,08-09-2024,Email,Teacher,1079255,Single
CUS004987,Ananya,Nair,Female,64,ananya.nair4987@gmail.com,9732540628,C212,Returning,04-02-2024,WhatsApp,Teacher,2375541,Single
CUS004988,Ananya,Reddy,male,47,ananya.reddy4988@gmail.com,9122112385,C212,premium,12-11-2024,WhatsApp,Business,1818877,Single
CUS004989,Sneha,Singh,MALE,42,sneha.singh4989@gmail.com,9863140321,C169,premium,02-06-2024,WhatsApp,Business,2397868,Single
CUS004990,Rahul,Singh,Female,63,rahul.singh4990@gmail.com,9904888621,C185,Returning,15-08-2024,Email,Engineer,2732143,married
CUS004991,Priya,Patel,Male,23,priya.patel4991@gmail.com,9835094942,C173,Returning,28-07-2024,WhatsApp,Teacher,1877846,married
CUS004992,Sneha,Sharma,Male,27,sneha.sharma4992@gmail.com,9857512774,C198,Premium,09-10-2024,Phone,Engineer,2228657,married
CUS004993,Priya,Patel,male,50,priya.patel4993@gmail.com,9248140497,C117,Premium,01-11-2024,WhatsApp,Engineer,2047422,married
CUS004994,Vikram,Singh,FEMALE,40,vikram.singh4994@gmail.com,9899160543,C194,Returning,28-06-2024,Phone,Doctor,2306062,married
CUS004995,Aarav,Sharma,MALE,51,aarav.sharma4995@gmail.com,9806688320,C166,Premium,22-10-2024,Phone,Doctor,1287273,married
CUS004996,Aarav,Singh,FEMALE,34,aarav.singh4996@gmail.com,9343845570,C005,New,24-06-2024,WhatsApp,Engineer,2949333,married
CUS004997,Aarav,Reddy,FEMALE,54,aarav.reddy4997@gmail.com,9303811655,C051,Premium,05-11-2024,WhatsApp,Business,1600252,married
CUS004998,Vikram,Iyer,Male,34,vikram.iyer4998@gmail.com,9802922015,C057,Returning,23-07-2024,Email,Teacher,2012146,Married
CUS004999,Sneha,Patel,male,52,sneha.patel4999@gmail.com,9515732653,C185,Premium,15-08-2024,WhatsApp,Engineer,2089517,Married
CUS005000,Sneha,Sharma,MALE,40,,9306062162,C179,Premium,28-11-2024,Phone,Doctor,690656,Married
