expense_id,project_id,expense_category,expense_date,expense_amount,approved_by,expense_status
EXP00001,PROJ00373,Labor,2025-06-11,216840,EMP0177,Pending
EXP00002,PROJ04459,Utilities,2025-08-14,139600,EMP0023,Approved
EXP00003,PROJ01995,Equipment,2024-12-08,171399,EMP0214,Pending
EXP00004,PROJ02328,Labor,2024-10-04,28553,EMP0066,Pending
EXP00005,PROJ01736,Labor,2025-09-13,40164,EMP0030,Rejected
EXP00006,PROJ00440,Labor,2025-03-20,193266,EMP0290,Approved
EXP00007,PROJ03625,Equipment,2024-12-23,121505,EMP0120,Pending
EXP00008,PROJ03777,Labor,2024-08-18,230779,EMP0065,Rejected
EXP00009,PROJ04518,Labor,2025-06-10,252734,EMP0043,approved
EXP00010,PROJ04740,Utilities,2024-10-03,283337,EMP0081,Pending
EXP00011,PROJ02916,Utilities,2024-11-16,68768,EMP0118,Approved
EXP00012,PROJ01812,Labor,2024-12-30,13227,EMP0230,Rejected
EXP00013,PROJ03185,Utilities,2025-01-05,23769,EMP0278,Rejected
EXP00014,PROJ01515,Transport,2025-02-24,68183,EMP0243,approved
EXP00015,PROJ00160,Transport,2025-03-27,222023,EMP0030,approved
EXP00016,PROJ00072,Utilities,2025-04-01,80265,EMP0272,Rejected
EXP00017,PROJ00569,Marketing,2025-05-15,54150,EMP0281,Approved
EXP00018,PROJ00529,Materials,2025-06-18,148363,EMP0175,approved
EXP00019,PROJ03055,Marketing,2025-07-10,120945,EMP0294,Rejected
EXP00020,PROJ02026,Labor,2024-03-06,21410,EMP0190,Rejected
EXP00021,PROJ00140,Marketing,2024-10-07,232843,EMP0205,approved
EXP00022,PROJ04224,Utilities,2025-04-20,149330,EMP0209,Rejected
EXP00023,PROJ03552,Materials,2025-11-16,255267,EMP0112,approved
EXP00024,PROJ00093,Materials,2024-12-14,229186,EMP0263,Approved
EXP00025,PROJ03838,Transport,2024-09-08,82861,EMP0201,approved
EXP00026,PROJ00829,Materials,2024-10-03,39449,EMP0160,Pending
EXP00027,PROJ01958,Transport,2024-12-22,53597,EMP0225,Rejected
EXP00028,PROJ01432,Marketing,2025-04-08,231406,EMP0228,Rejected
EXP00029,PROJ03104,Labor,2024-09-05,72315,EMP0124,Rejected
EXP00030,PROJ04185,Equipment,2024-09-30,159404,EMP0002,Pending
EXP00031,PROJ01561,Materials,2025-07-17,247595,EMP0240,Pending
EXP00032,PROJ04839,Utilities,2024-12-08,82619,EMP0223,approved
EXP00033,PROJ01579,Materials,2024-07-14,173918,EMP0104,Pending
EXP00034,PROJ01971,Materials,2024-06-20,210295,EMP0173,Rejected
EXP00035,PROJ02052,Labor,2024-12-16,13234,EMP0199,Approved
EXP00036,PROJ00621,Marketing,2025-05-14,180430,EMP0130,approved
EXP00037,PROJ01241,Utilities,2024-12-12,278931,EMP0203,Rejected
EXP00038,PROJ04675,Materials,2024-11-20,53139,EMP0296,Approved
EXP00039,PROJ04730,Marketing,2025-05-18,224640,EMP0025,Rejected
EXP00040,PROJ01434,Equipment,2025-08-07,40844,,Approved
EXP00041,PROJ00196,Transport,2024-08-13,36235,EMP0243,approved
EXP00042,PROJ01386,Equipment,2024-12-24,279709,EMP0296,Approved
EXP00043,PROJ00209,Equipment,2024-09-15,70665,EMP0222,Rejected
EXP00044,PROJ01094,Labor,2025-08-11,38467,EMP0300,Rejected
EXP00045,PROJ02591,Transport,2024-10-06,264556,EMP0268,Rejected
EXP00046,PROJ04690,Marketing,2024-10-04,79875,EMP0210,approved
EXP00047,PROJ01574,Transport,2024-11-26,55896,EMP0283,approved
EXP00048,PROJ02608,Utilities,2024-11-07,194245,EMP0007,Approved
EXP00049,PROJ03312,Marketing,2024-04-09,217927,EMP0277,Pending
EXP00050,PROJ04039,Equipment,2024-05-18,201077,EMP0227,Pending
EXP00051,PROJ03188,Equipment,2024-12-16,31496,EMP0068,Pending
EXP00052,PROJ04523,Marketing,2024-09-10,166367,EMP0083,Approved
EXP00053,PROJ02366,Utilities,2025-02-10,218273,EMP0253,approved
EXP00054,PROJ03517,Labor,2025-02-16,126419,EMP0264,Approved
EXP00055,PROJ04221,Labor,2024-11-12,36726,EMP0005,Approved
EXP00056,PROJ02834,Labor,2025-02-26,183460,EMP0123,Pending
EXP00057,PROJ00707,Transport,2024-03-10,90004,EMP0234,approved
EXP00058,PROJ03081,Utilities,2024-08-30,207032,EMP0245,approved
EXP00059,PROJ00598,Transport,2024-11-25,30293,EMP0075,Approved
EXP00060,PROJ00373,Materials,2025-08-02,251760,EMP0259,approved
EXP00061,PROJ01994,Transport,2025-08-19,197465,EMP0057,Pending
EXP00062,PROJ01822,Utilities,2025-05-09,88137,EMP0200,Approved
EXP00063,PROJ01607,Marketing,2024-12-25,203439,EMP0041,Approved
EXP00064,PROJ03480,Equipment,2024-05-22,117879,EMP0192,Rejected
EXP00065,PROJ00981,Marketing,2025-03-21,160545,EMP0269,Approved
EXP00066,PROJ04487,Labor,2025-02-03,27841,EMP0087,Approved
EXP00067,PROJ02165,Materials,2025-03-02,116253,EMP0233,Approved
EXP00068,PROJ04580,Materials,2024-11-20,122914,EMP0147,approved
EXP00069,PROJ03431,Transport,2024-12-06,69311,EMP0158,approved
EXP00070,PROJ00376,Labor,2025-10-16,255807,EMP0005,Approved
EXP00071,PROJ01503,Equipment,2024-06-11,283303,EMP0276,Approved
EXP00072,PROJ01943,Equipment,2024-11-25,211850,EMP0080,Approved
EXP00073,PROJ03100,Transport,2024-11-21,295153,EMP0207,Rejected
EXP00074,PROJ03261,Equipment,2024-12-09,262195,EMP0192,Pending
EXP00075,PROJ04741,Materials,2024-12-24,279919,EMP0018,Approved
EXP00076,PROJ00473,Materials,2024-06-04,189257,EMP0210,Rejected
EXP00077,PROJ01502,Marketing,2024-12-07,117026,EMP0108,Approved
EXP00078,PROJ04221,Transport,2025-03-16,213136,EMP0018,Pending
EXP00079,PROJ03630,Labor,2024-05-11,34487,EMP0013,approved
EXP00080,PROJ03581,Equipment,2024-10-30,23303,,Pending
EXP00081,PROJ04375,Transport,2024-08-08,194311,EMP0071,Approved
EXP00082,PROJ00926,Labor,2025-09-04,194245,EMP0187,approved
EXP00083,PROJ03175,Equipment,2024-11-18,239922,EMP0124,approved
EXP00084,PROJ01304,Materials,2024-01-18,43434,EMP0136,Pending
EXP00085,PROJ00524,Labor,2025-09-14,278597,EMP0258,Approved
EXP00086,PROJ01104,Equipment,2025-01-06,113298,EMP0102,approved
EXP00087,PROJ04722,Transport,2024-02-09,143307,EMP0138,Pending
EXP00088,PROJ02580,Materials,2024-02-06,221162,EMP0060,Approved
EXP00089,PROJ00087,Marketing,2025-02-21,5653,EMP0270,Rejected
EXP00090,PROJ03709,Equipment,2024-10-22,89069,EMP0084,Rejected
EXP00091,PROJ03207,Materials,2024-11-20,50304,EMP0060,Pending
EXP00092,PROJ04998,Materials,2025-05-21,297414,EMP0079,approved
EXP00093,PROJ02918,Transport,2025-04-23,71713,EMP0129,Rejected
EXP00094,PROJ01604,Materials,2024-12-11,34544,EMP0083,Pending
EXP00095,PROJ03159,Equipment,2024-10-23,185989,EMP0197,approved
EXP00096,PROJ04207,Utilities,2025-07-10,236663,EMP0262,Rejected
EXP00097,PROJ04372,Transport,2024-12-12,255995,EMP0140,approved
EXP00098,PROJ03154,Materials,2025-06-04,242699,EMP0142,Rejected
EXP00099,PROJ02657,Utilities,2024-10-31,269440,EMP0005,Approved
EXP00100,PROJ00045,Labor,2024-12-20,271681,EMP0007,Approved
EXP00101,PROJ02823,Equipment,2025-01-15,69855,EMP0016,approved
EXP00102,PROJ01204,Labor,2024-12-20,53746,EMP0166,approved
EXP00103,PROJ01230,Transport,2024-11-25,30138,EMP0219,Rejected
EXP00104,PROJ01620,Utilities,2024-12-31,128209,EMP0124,Approved
EXP00105,PROJ00527,Equipment,2025-01-07,239128,EMP0036,Approved
EXP00106,PROJ03390,Labor,2024-04-23,27701,EMP0101,Approved
EXP00107,PROJ03051,Equipment,2024-08-11,172676,EMP0023,Approved
EXP00108,PROJ01005,Labor,2024-05-15,108003,EMP0170,Rejected
EXP00109,PROJ00871,Marketing,2025-02-22,87675,EMP0073,approved
EXP00110,PROJ01085,Labor,2024-08-02,199425,EMP0237,approved
EXP00111,PROJ02331,Materials,2024-07-01,177688,EMP0092,approved
EXP00112,PROJ04931,Equipment,2025-03-18,262370,EMP0096,Rejected
EXP00113,PROJ02628,Transport,2024-12-28,41594,EMP0098,Approved
EXP00114,PROJ03143,Utilities,2025-01-28,92342,EMP0076,Approved
EXP00115,PROJ01957,Equipment,2025-03-30,88560,EMP0188,approved
EXP00116,PROJ00612,Labor,2024-10-10,181536,EMP0042,Approved
EXP00117,PROJ00498,Transport,2025-01-20,18727,EMP0243,Approved
EXP00118,PROJ04602,Materials,2025-02-24,106370,EMP0126,Rejected
EXP00119,PROJ01894,Transport,2025-01-11,236351,EMP0094,Pending
EXP00120,PROJ01579,Transport,2024-09-21,138086,,Pending
EXP00121,PROJ02486,Transport,2025-05-11,205356,EMP0122,Pending
EXP00122,PROJ03348,Materials,2024-11-04,223239,EMP0180,Rejected
EXP00123,PROJ04846,Transport,2025-02-18,85020,EMP0270,Pending
EXP00124,PROJ03763,Materials,2024-10-03,92906,EMP0109,Rejected
EXP00125,PROJ02149,Labor,2024-12-29,213764,EMP0080,Rejected
EXP00126,PROJ02793,Transport,2025-02-20,120132,EMP0092,approved
EXP00127,PROJ04616,Transport,2025-01-25,13110,EMP0001,Approved
EXP00128,PROJ00104,Equipment,2024-10-11,254905,EMP0047,Approved
EXP00129,PROJ00502,Marketing,2025-01-16,195413,EMP0144,Approved
EXP00130,PROJ03670,Utilities,2025-05-11,252505,EMP0253,Rejected
EXP00131,PROJ02722,Equipment,2025-08-03,189514,EMP0073,approved
EXP00132,PROJ00073,Marketing,2024-10-30,144969,EMP0200,Pending
EXP00133,PROJ03300,Materials,2025-03-17,4408,EMP0083,Pending
EXP00134,PROJ00037,Marketing,2024-07-14,36653,EMP0054,approved
EXP00135,PROJ01135,Equipment,2025-05-24,152333,EMP0267,approved
EXP00136,PROJ01772,Marketing,2024-08-08,22057,EMP0285,approved
EXP00137,PROJ03880,Labor,2025-04-30,143392,EMP0166,Approved
EXP00138,PROJ00040,Utilities,2024-12-14,29576,EMP0080,Pending
EXP00139,PROJ01478,Equipment,2024-05-17,86621,EMP0129,approved
EXP00140,PROJ02642,Transport,2024-12-30,247221,EMP0216,Rejected
EXP00141,PROJ01461,Equipment,2024-03-22,143018,EMP0041,Pending
EXP00142,PROJ03048,Utilities,2024-07-29,66904,EMP0114,Rejected
EXP00143,PROJ02648,Utilities,2025-03-11,1177,EMP0239,Rejected
EXP00144,PROJ04741,Equipment,2025-01-05,149859,EMP0062,Rejected
EXP00145,PROJ01615,Transport,2025-02-16,241366,EMP0268,Rejected
EXP00146,PROJ01055,Materials,2024-09-14,11270,EMP0240,Approved
EXP00147,PROJ02895,Marketing,2025-01-19,118263,EMP0003,Approved
EXP00148,PROJ01469,Marketing,2025-02-28,120579,EMP0100,Rejected
EXP00149,PROJ02857,Utilities,2025-05-26,148950,EMP0121,Approved
EXP00150,PROJ00389,Labor,2024-08-12,13458,EMP0031,Pending
EXP00151,PROJ00347,Utilities,2025-01-06,95610,EMP0062,Approved
EXP00152,PROJ02054,Materials,2024-12-23,178918,EMP0196,Pending
EXP00153,PROJ00019,Labor,2024-10-21,279796,EMP0135,Approved
EXP00154,PROJ02037,Materials,2024-08-17,145952,EMP0296,Pending
EXP00155,PROJ02195,Transport,2025-03-04,96440,EMP0055,Approved
EXP00156,PROJ01772,Labor,2024-07-23,217557,EMP0268,Pending
EXP00157,PROJ02004,Marketing,2025-01-16,179360,EMP0124,approved
EXP00158,PROJ02849,Marketing,2024-06-09,196021,EMP0052,Approved
EXP00159,PROJ04266,Labor,2025-05-24,144833,EMP0274,approved
EXP00160,PROJ01901,Equipment,2024-11-07,282166,,Rejected
EXP00161,PROJ04457,Labor,2025-06-09,77497,EMP0165,approved
EXP00162,PROJ03258,Utilities,2025-10-24,84874,EMP0298,approved
EXP00163,PROJ00919,Labor,2024-12-08,87567,EMP0250,Approved
EXP00164,PROJ03501,Transport,2024-11-02,297600,EMP0270,approved
EXP00165,PROJ01460,Labor,2025-01-04,35028,EMP0186,approved
EXP00166,PROJ04411,Transport,2025-02-10,238058,EMP0176,approved
EXP00167,PROJ02437,Transport,2024-11-06,199211,EMP0183,Approved
EXP00168,PROJ02134,Materials,2024-12-13,135762,EMP0208,Pending
EXP00169,PROJ00648,Labor,2025-02-24,56318,EMP0222,approved
EXP00170,PROJ02726,Materials,2025-03-25,146734,EMP0034,Rejected
EXP00171,PROJ04513,Labor,2024-12-12,219609,EMP0248,approved
EXP00172,PROJ03467,Transport,2024-06-26,139684,EMP0266,approved
EXP00173,PROJ02125,Labor,2024-07-06,173868,EMP0223,Approved
EXP00174,PROJ01268,Equipment,2025-03-21,74594,EMP0199,approved
EXP00175,PROJ02051,Transport,2024-08-17,222274,EMP0148,Pending
EXP00176,PROJ03010,Utilities,2024-10-20,16993,EMP0244,Rejected
EXP00177,PROJ03778,Labor,2024-04-27,35538,EMP0008,approved
EXP00178,PROJ03481,Transport,2024-11-22,208527,EMP0043,Rejected
EXP00179,PROJ01749,Utilities,2025-04-13,7976,EMP0136,Pending
EXP00180,PROJ03951,Equipment,2024-10-19,202916,EMP0174,Rejected
EXP00181,PROJ02064,Materials,2024-04-27,290787,EMP0267,Rejected
EXP00182,PROJ04775,Equipment,2025-01-20,168113,EMP0183,Approved
EXP00183,PROJ04625,Labor,2025-05-16,55634,EMP0007,Approved
EXP00184,PROJ01535,Labor,2024-05-14,284183,EMP0161,Pending
EXP00185,PROJ01548,Materials,2024-11-14,155707,EMP0077,Rejected
EXP00186,PROJ04345,Materials,2024-05-23,284622,EMP0062,Rejected
EXP00187,PROJ03828,Marketing,2025-03-02,154102,EMP0255,approved
EXP00188,PROJ02749,Labor,2025-06-09,28323,EMP0249,approved
EXP00189,PROJ03775,Materials,2024-11-17,226650,EMP0254,Pending
EXP00190,PROJ00606,Equipment,2024-12-12,13249,EMP0027,approved
EXP00191,PROJ03441,Transport,2024-05-26,12528,EMP0066,Rejected
EXP00192,PROJ04646,Labor,2024-08-23,24433,EMP0143,Rejected
EXP00193,PROJ00732,Utilities,2024-11-01,183909,EMP0252,Rejected
EXP00194,PROJ03634,Equipment,2024-10-01,146530,EMP0165,Approved
EXP00195,PROJ04905,Utilities,2024-12-22,238970,EMP0059,Approved
EXP00196,PROJ01221,Utilities,2024-12-11,270832,EMP0074,Rejected
EXP00197,PROJ00514,Equipment,2024-10-01,71747,EMP0102,Rejected
EXP00198,PROJ03908,Marketing,2024-11-03,17583,EMP0277,Rejected
EXP00199,PROJ02212,Utilities,2024-10-26,233868,EMP0136,approved
EXP00200,PROJ04811,Materials,2024-12-21,101840,,Pending
EXP00201,PROJ01430,Marketing,2024-12-20,131229,EMP0115,Rejected
EXP00202,PROJ03444,Materials,2024-03-11,64441,EMP0109,Approved
EXP00203,PROJ04336,Transport,2024-04-17,126763,EMP0091,approved
EXP00204,PROJ04037,Transport,2025-03-30,159627,EMP0134,approved
EXP00205,PROJ00034,Utilities,2025-02-18,39102,EMP0289,Approved
EXP00206,PROJ01654,Equipment,2025-01-13,291122,EMP0267,Pending
EXP00207,PROJ02174,Transport,2025-02-28,21682,EMP0260,Approved
EXP00208,PROJ04251,Materials,2024-12-15,80056,EMP0020,approved
EXP00209,PROJ02656,Equipment,2025-02-02,91858,EMP0136,Pending
EXP00210,PROJ04500,Materials,2024-01-01,197331,EMP0191,Approved
EXP00211,PROJ04709,Utilities,2024-04-26,178658,EMP0077,Rejected
EXP00212,PROJ02503,Labor,2025-04-13,184835,EMP0090,Pending
EXP00213,PROJ01553,Transport,2025-06-28,198782,EMP0086,approved
EXP00214,PROJ04806,Utilities,2024-02-15,56272,EMP0072,Approved
EXP00215,PROJ04875,Marketing,2024-03-11,68331,EMP0216,approved
EXP00216,PROJ03824,Labor,2025-06-12,295760,EMP0166,Approved
EXP00217,PROJ04572,Materials,2024-12-31,269624,EMP0006,Approved
EXP00218,PROJ01098,Labor,2024-12-25,79185,EMP0138,approved
EXP00219,PROJ01332,Equipment,2024-12-15,138229,EMP0108,Rejected
EXP00220,PROJ02815,Labor,2024-08-04,77583,EMP0252,approved
EXP00221,PROJ05000,Utilities,2024-08-19,195984,EMP0148,approved
EXP00222,PROJ02439,Materials,2025-06-06,161076,EMP0180,Rejected
EXP00223,PROJ04354,Labor,2024-12-16,6886,EMP0057,approved
EXP00224,PROJ01781,Utilities,2025-02-19,289832,EMP0253,Approved
EXP00225,PROJ03872,Labor,2024-09-19,123509,EMP0215,Pending
EXP00226,PROJ02424,Transport,2024-01-18,186132,EMP0245,approved
EXP00227,PROJ01121,Transport,2025-01-16,148485,EMP0177,approved
EXP00228,PROJ01429,Materials,2024-08-03,28695,EMP0181,Approved
EXP00229,PROJ03474,Marketing,2024-06-27,79634,EMP0129,approved
EXP00230,PROJ02215,Transport,2025-03-14,252822,EMP0224,approved
EXP00231,PROJ01322,Utilities,2025-03-09,112903,EMP0289,approved
EXP00232,PROJ00129,Materials,2024-04-10,31464,EMP0177,approved
EXP00233,PROJ01068,Equipment,2025-01-25,164429,EMP0004,Approved
EXP00234,PROJ00918,Marketing,2025-04-07,215208,EMP0054,Pending
EXP00235,PROJ04487,Transport,2025-01-09,36926,EMP0013,approved
EXP00236,PROJ01997,Transport,2024-07-01,153172,EMP0078,Approved
EXP00237,PROJ02661,Marketing,2025-04-23,148962,EMP0184,Approved
EXP00238,PROJ04546,Utilities,2024-07-15,17650,EMP0058,Pending
EXP00239,PROJ00627,Transport,2024-07-02,247015,EMP0213,Approved
EXP00240,PROJ02639,Equipment,2025-05-02,151157,,Rejected
EXP00241,PROJ04133,Utilities,2025-01-28,131234,EMP0050,approved
EXP00242,PROJ00759,Equipment,2024-12-18,9072,EMP0167,Approved
EXP00243,PROJ02806,Utilities,2024-12-01,126092,EMP0235,approved
EXP00244,PROJ00215,Utilities,2025-03-13,224983,EMP0212,approved
EXP00245,PROJ03808,Materials,2025-01-23,136850,EMP0045,approved
EXP00246,PROJ02665,Transport,2025-03-23,258636,EMP0297,Pending
EXP00247,PROJ02890,Utilities,2024-04-25,136171,EMP0194,approved
EXP00248,PROJ04249,Marketing,2024-07-16,158307,EMP0126,approved
EXP00249,PROJ04115,Materials,2024-11-12,266139,EMP0067,approved
EXP00250,PROJ03447,Equipment,2024-10-16,45780,EMP0111,Approved
EXP00251,PROJ02255,Utilities,2025-01-13,118754,EMP0159,approved
EXP00252,PROJ03476,Labor,2024-12-04,94597,EMP0262,Pending
EXP00253,PROJ01084,Equipment,2024-11-10,65638,EMP0148,Pending
EXP00254,PROJ01579,Labor,2024-10-24,58945,EMP0263,approved
EXP00255,PROJ01558,Equipment,2025-04-07,44605,EMP0182,Pending
EXP00256,PROJ02514,Marketing,2024-09-09,62070,EMP0101,approved
EXP00257,PROJ00640,Utilities,2024-08-30,265901,EMP0020,Pending
EXP00258,PROJ01283,Utilities,2025-06-18,191864,EMP0210,Rejected
EXP00259,PROJ00218,Marketing,2024-11-30,19944,EMP0076,approved
EXP00260,PROJ01948,Labor,2025-01-08,126439,EMP0230,Pending
EXP00261,PROJ03409,Marketing,2024-06-16,89005,EMP0194,Approved
EXP00262,PROJ01997,Materials,2024-02-24,42403,EMP0093,Pending
EXP00263,PROJ00316,Equipment,2025-01-06,123099,EMP0153,Pending
EXP00264,PROJ02261,Labor,2024-11-24,101019,EMP0170,Rejected
EXP00265,PROJ01228,Transport,2024-03-18,270033,EMP0005,Approved
EXP00266,PROJ04211,Utilities,2025-07-15,293298,EMP0024,Pending
EXP00267,PROJ04976,Equipment,2024-10-31,31219,EMP0185,Pending
EXP00268,PROJ02231,Marketing,2025-02-23,67711,EMP0284,approved
EXP00269,PROJ04242,Transport,2024-12-23,162094,EMP0028,Approved
EXP00270,PROJ04853,Labor,2025-06-05,277249,EMP0179,Rejected
EXP00271,PROJ04711,Transport,2024-10-19,216300,EMP0260,Approved
EXP00272,PROJ00464,Labor,2025-06-09,102914,EMP0046,Rejected
EXP00273,PROJ04811,Marketing,2025-03-06,57753,EMP0155,Rejected
EXP00274,PROJ04070,Utilities,2025-01-06,27541,EMP0116,Approved
EXP00275,PROJ00078,Marketing,2024-10-18,11080,EMP0124,Rejected
EXP00276,PROJ01666,Equipment,2024-12-02,209432,EMP0178,Approved
EXP00277,PROJ02389,Marketing,2024-11-10,209907,EMP0106,approved
EXP00278,PROJ01023,Materials,2025-02-08,163065,EMP0223,Pending
EXP00279,PROJ04506,Equipment,2024-11-14,184631,EMP0127,Approved
EXP00280,PROJ01223,Equipment,2024-08-02,98171,,Approved
EXP00281,PROJ04647,Equipment,2024-07-16,127117,EMP0130,Pending
EXP00282,PROJ03959,Marketing,2024-12-12,264430,EMP0253,Approved
EXP00283,PROJ00232,Marketing,2024-08-16,218205,EMP0283,Approved
EXP00284,PROJ03589,Materials,2025-03-17,199816,EMP0050,Approved
EXP00285,PROJ01225,Marketing,2024-07-11,16499,EMP0205,Approved
EXP00286,PROJ02628,Transport,2024-12-07,258764,EMP0275,Rejected
EXP00287,PROJ04233,Labor,2025-01-04,91461,EMP0059,approved
EXP00288,PROJ01723,Transport,2025-08-22,83594,EMP0133,Rejected
EXP00289,PROJ04701,Marketing,2025-06-21,167402,EMP0188,approved
EXP00290,PROJ04195,Transport,2025-02-03,297467,EMP0180,Pending
EXP00291,PROJ00579,Equipment,2024-12-28,234729,EMP0227,approved
EXP00292,PROJ02110,Utilities,2025-02-18,33967,EMP0224,Pending
EXP00293,PROJ00089,Materials,2025-01-26,163137,EMP0075,Approved
EXP00294,PROJ03941,Labor,2025-04-30,288197,EMP0203,approved
EXP00295,PROJ04019,Equipment,2025-01-08,21979,EMP0238,Rejected
EXP00296,PROJ03786,Materials,2025-05-08,211246,EMP0275,Approved
EXP00297,PROJ02271,Marketing,2025-03-05,13365,EMP0124,Rejected
EXP00298,PROJ02184,Marketing,2025-04-02,133341,EMP0035,Pending
EXP00299,PROJ02604,Labor,2025-06-24,26382,EMP0174,Approved
EXP00300,PROJ02164,Equipment,2024-11-25,257889,EMP0040,Pending
EXP00301,PROJ03515,Utilities,2025-08-16,11339,EMP0238,Pending
EXP00302,PROJ04293,Labor,2025-04-29,283698,EMP0145,Pending
EXP00303,PROJ02991,Labor,2025-04-27,42612,EMP0038,approved
EXP00304,PROJ02113,Labor,2024-10-12,279814,EMP0269,Rejected
EXP00305,PROJ04971,Materials,2024-10-28,169617,EMP0253,approved
EXP00306,PROJ03901,Marketing,2024-12-31,9343,EMP0156,approved
EXP00307,PROJ03773,Transport,2024-05-18,45961,EMP0244,Pending
EXP00308,PROJ01305,Equipment,2024-08-16,117303,EMP0081,Approved
EXP00309,PROJ04726,Transport,2024-09-11,236827,EMP0157,approved
EXP00310,PROJ04569,Labor,2024-10-21,67995,EMP0115,Approved
EXP00311,PROJ04357,Labor,2025-01-01,16485,EMP0177,Pending
EXP00312,PROJ01507,Marketing,2025-03-13,13132,EMP0289,Pending
EXP00313,PROJ03713,Labor,2025-11-18,103493,EMP0058,approved
EXP00314,PROJ02872,Transport,2025-05-23,176660,EMP0079,Rejected
EXP00315,PROJ03871,Marketing,2024-10-07,208471,EMP0003,Rejected
EXP00316,PROJ02736,Transport,2025-06-16,250837,EMP0155,Rejected
EXP00317,PROJ03964,Equipment,2025-10-14,205595,EMP0104,Approved
EXP00318,PROJ01257,Labor,2024-04-07,125468,EMP0074,Approved
EXP00319,PROJ03090,Equipment,2024-08-09,229446,EMP0055,Rejected
EXP00320,PROJ04759,Marketing,2024-08-29,200264,,Approved
EXP00321,PROJ04037,Utilities,2025-02-24,279838,EMP0084,Pending
EXP00322,PROJ03496,Marketing,2024-12-22,278505,EMP0143,Pending
EXP00323,PROJ00088,Materials,2025-08-12,10705,EMP0096,Approved
EXP00324,PROJ02820,Transport,2024-10-12,20279,EMP0260,Approved
EXP00325,PROJ00741,Utilities,2025-10-07,298905,EMP0191,approved
EXP00326,PROJ03419,Materials,2024-02-23,95885,EMP0131,Pending
EXP00327,PROJ01539,Utilities,2025-07-02,87896,EMP0216,approved
EXP00328,PROJ03294,Transport,2025-02-17,22363,EMP0264,Approved
EXP00329,PROJ01529,Equipment,2024-11-28,10705,EMP0288,Pending
EXP00330,PROJ03902,Marketing,2025-04-09,83272,EMP0243,Pending
EXP00331,PROJ04597,Labor,2024-06-22,63931,EMP0240,Approved
EXP00332,PROJ02546,Labor,2024-06-17,176691,EMP0294,Approved
EXP00333,PROJ03453,Materials,2025-06-06,258972,EMP0006,Pending
EXP00334,PROJ04036,Materials,2024-08-17,84193,EMP0213,Rejected
EXP00335,PROJ04159,Utilities,2024-12-20,43652,EMP0099,Approved
EXP00336,PROJ04745,Transport,2024-05-06,60111,EMP0272,approved
EXP00337,PROJ02221,Equipment,2025-02-26,86217,EMP0120,Pending
EXP00338,PROJ00694,Transport,2024-03-01,223212,EMP0232,Approved
EXP00339,PROJ02550,Utilities,2024-02-13,208824,EMP0234,Approved
EXP00340,PROJ01100,Marketing,2024-06-05,154995,EMP0112,Approved
EXP00341,PROJ03711,Equipment,2024-08-15,15748,EMP0159,Pending
EXP00342,PROJ04977,Labor,2024-11-14,184083,EMP0178,Approved
EXP00343,PROJ04858,Transport,2024-11-20,33313,EMP0039,Pending
EXP00344,PROJ04670,Transport,2025-01-23,282467,EMP0257,approved
EXP00345,PROJ00424,Materials,2024-10-12,239018,EMP0287,approved
EXP00346,PROJ02285,Labor,2024-09-13,227526,EMP0231,approved
EXP00347,PROJ02656,Transport,2025-05-08,179351,EMP0185,approved
EXP00348,PROJ03688,Marketing,2024-02-02,81045,EMP0270,Approved
EXP00349,PROJ03616,Materials,2025-05-15,173217,EMP0087,Pending
EXP00350,PROJ03763,Equipment,2024-06-18,37928,EMP0183,approved
EXP00351,PROJ00681,Transport,2025-06-17,164815,EMP0010,Approved
EXP00352,PROJ00092,Transport,2025-02-06,273117,EMP0205,approved
EXP00353,PROJ03667,Utilities,2025-05-05,95544,EMP0009,Approved
EXP00354,PROJ00306,Materials,2024-08-03,253103,EMP0185,Rejected
EXP00355,PROJ02277,Equipment,2025-01-03,147904,EMP0227,approved
EXP00356,PROJ04836,Marketing,2025-02-17,260713,EMP0161,approved
EXP00357,PROJ03471,Transport,2024-08-15,160023,EMP0227,Rejected
EXP00358,PROJ04774,Utilities,2024-06-26,244470,EMP0239,approved
EXP00359,PROJ01433,Utilities,2025-01-07,278357,EMP0293,Rejected
EXP00360,PROJ04408,Utilities,2025-01-27,60506,,approved
EXP00361,PROJ03809,Labor,2024-10-29,206052,EMP0149,approved
EXP00362,PROJ01913,Labor,2024-12-11,59328,EMP0097,Rejected
EXP00363,PROJ03441,Materials,2024-12-05,129537,EMP0090,Pending
EXP00364,PROJ02576,Marketing,2025-03-22,84102,EMP0293,Rejected
EXP00365,PROJ01231,Transport,2024-10-27,268431,EMP0168,Approved
EXP00366,PROJ02783,Marketing,2025-02-16,247107,EMP0282,Pending
EXP00367,PROJ01307,Equipment,2024-08-10,125723,EMP0158,approved
EXP00368,PROJ03247,Utilities,2025-03-28,149976,EMP0080,Pending
EXP00369,PROJ00593,Equipment,2024-04-10,17256,EMP0234,Approved
EXP00370,PROJ03886,Labor,2025-05-08,11525,EMP0106,Rejected
EXP00371,PROJ00145,Equipment,2024-08-12,157772,EMP0107,Rejected
EXP00372,PROJ00212,Transport,2024-08-18,248715,EMP0286,Pending
EXP00373,PROJ00580,Equipment,2024-09-24,297952,EMP0050,Rejected
EXP00374,PROJ03614,Equipment,2024-04-03,1270,EMP0028,Rejected
EXP00375,PROJ04842,Equipment,2025-06-17,251707,EMP0066,Pending
EXP00376,PROJ01350,Transport,2024-11-10,236848,EMP0038,Rejected
EXP00377,PROJ04679,Transport,2024-07-25,199065,EMP0144,Approved
EXP00378,PROJ00743,Labor,2024-02-18,102858,EMP0108,Approved
EXP00379,PROJ02866,Utilities,2024-10-31,298837,EMP0076,Rejected
EXP00380,PROJ03945,Labor,2024-07-15,87023,EMP0167,Rejected
EXP00381,PROJ04419,Transport,2024-06-11,119807,EMP0200,approved
EXP00382,PROJ04396,Marketing,2025-07-27,157149,EMP0259,Rejected
EXP00383,PROJ03552,Labor,2025-01-24,182772,EMP0230,Pending
EXP00384,PROJ04305,Marketing,2024-07-30,193788,EMP0153,Approved
EXP00385,PROJ01245,Labor,2025-01-03,136992,EMP0134,Approved
EXP00386,PROJ02528,Transport,2024-10-06,83222,EMP0064,Approved
EXP00387,PROJ04935,Utilities,2025-08-24,225484,EMP0124,approved
EXP00388,PROJ00352,Marketing,2025-08-09,262815,EMP0181,Approved
EXP00389,PROJ04988,Materials,2024-06-07,27700,EMP0187,Rejected
EXP00390,PROJ03674,Equipment,2024-06-25,231571,EMP0117,Approved
EXP00391,PROJ04360,Materials,2024-12-06,230749,EMP0026,Pending
EXP00392,PROJ04421,Labor,2025-01-31,144110,EMP0122,Pending
EXP00393,PROJ00463,Materials,2024-04-30,253552,EMP0069,Pending
EXP00394,PROJ02914,Marketing,2024-11-30,287500,EMP0167,Approved
EXP00395,PROJ04198,Equipment,2024-09-11,44736,EMP0255,Rejected
EXP00396,PROJ00481,Labor,2024-10-27,153690,EMP0267,approved
EXP00397,PROJ00953,Transport,2025-02-26,276757,EMP0050,Pending
EXP00398,PROJ03126,Equipment,2024-11-01,162659,EMP0239,approved
EXP00399,PROJ01177,Labor,2024-06-03,166916,EMP0281,Rejected
EXP00400,PROJ02849,Materials,2025-07-06,210919,,Pending
EXP00401,PROJ01508,Equipment,2025-01-06,99264,EMP0023,Pending
EXP00402,PROJ01696,Equipment,2024-01-18,221266,EMP0143,approved
EXP00403,PROJ02938,Materials,2025-02-28,31183,EMP0117,Pending
EXP00404,PROJ03455,Equipment,2024-08-12,148551,EMP0148,Approved
EXP00405,PROJ00041,Utilities,2024-12-15,55294,EMP0058,Rejected
EXP00406,PROJ04164,Equipment,2024-12-17,85993,EMP0070,Pending
EXP00407,PROJ02485,Marketing,2025-05-24,254998,EMP0003,Approved
EXP00408,PROJ04764,Marketing,2024-06-19,135141,EMP0116,Pending
EXP00409,PROJ04030,Marketing,2024-06-15,296779,EMP0085,approved
EXP00410,PROJ04302,Labor,2024-10-07,273807,EMP0290,Approved
EXP00411,PROJ00418,Transport,2024-11-27,35149,EMP0268,Approved
EXP00412,PROJ00771,Materials,2024-12-26,29279,EMP0297,Pending
EXP00413,PROJ03514,Marketing,2025-01-11,46650,EMP0195,Pending
EXP00414,PROJ02481,Transport,2024-07-18,61503,EMP0227,Rejected
EXP00415,PROJ02216,Transport,2024-12-30,224584,EMP0277,Rejected
EXP00416,PROJ04295,Materials,2025-01-20,233759,EMP0036,Approved
EXP00417,PROJ00245,Utilities,2024-10-24,247846,EMP0069,Rejected
EXP00418,PROJ02147,Labor,2024-05-07,12460,EMP0117,Approved
EXP00419,PROJ01800,Labor,2025-05-06,44096,EMP0267,Rejected
EXP00420,PROJ04206,Equipment,2024-12-09,187534,EMP0186,Rejected
EXP00421,PROJ03682,Materials,2024-11-24,57608,EMP0127,Rejected
EXP00422,PROJ02374,Equipment,2025-06-20,91521,EMP0164,approved
EXP00423,PROJ02009,Equipment,2024-12-08,225337,EMP0173,approved
EXP00424,PROJ03102,Utilities,2024-03-29,138375,EMP0213,approved
EXP00425,PROJ01264,Marketing,2025-06-25,260201,EMP0141,Approved
EXP00426,PROJ03021,Transport,2024-04-10,218175,EMP0258,Pending
EXP00427,PROJ02121,Marketing,2024-09-20,50633,EMP0290,Rejected
EXP00428,PROJ01115,Transport,2025-05-10,89897,EMP0141,approved
EXP00429,PROJ02408,Equipment,2025-02-12,25550,EMP0043,Rejected
EXP00430,PROJ03094,Marketing,2024-08-26,90664,EMP0281,Rejected
EXP00431,PROJ00980,Transport,2025-03-04,254178,EMP0045,Rejected
EXP00432,PROJ00395,Utilities,2025-04-02,13690,EMP0285,Rejected
EXP00433,PROJ04792,Marketing,2025-04-06,144437,EMP0110,Approved
EXP00434,PROJ04000,Materials,2024-07-18,165295,EMP0009,Approved
EXP00435,PROJ00863,Labor,2025-02-08,179251,EMP0152,Approved
EXP00436,PROJ03310,Utilities,2025-01-11,139922,EMP0117,Rejected
EXP00437,PROJ01573,Utilities,2025-06-11,41142,EMP0066,Pending
EXP00438,PROJ03877,Materials,2025-06-05,119199,EMP0006,Pending
EXP00439,PROJ01706,Transport,2024-09-07,287731,EMP0083,Pending
EXP00440,PROJ04037,Marketing,2025-09-17,201939,,Pending
EXP00441,PROJ04128,Transport,2024-12-05,168041,EMP0217,approved
EXP00442,PROJ00044,Materials,2025-05-23,21722,EMP0278,Rejected
EXP00443,PROJ02445,Materials,2025-05-22,227930,EMP0116,Rejected
EXP00444,PROJ03659,Marketing,2024-06-11,232150,EMP0233,Rejected
EXP00445,PROJ04492,Transport,2024-09-07,101283,EMP0026,Pending
EXP00446,PROJ03524,Labor,2025-02-23,194930,EMP0077,Pending
EXP00447,PROJ02241,Utilities,2024-03-13,246034,EMP0223,Rejected
EXP00448,PROJ02754,Materials,2025-05-13,34720,EMP0194,approved
EXP00449,PROJ03457,Marketing,2024-07-22,204446,EMP0207,approved
EXP00450,PROJ04418,Marketing,2025-03-27,273838,EMP0011,Approved
EXP00451,PROJ03853,Labor,2025-05-27,23828,EMP0059,Approved
EXP00452,PROJ00793,Labor,2025-02-10,43713,EMP0238,Pending
EXP00453,PROJ04649,Materials,2024-10-19,151949,EMP0124,Rejected
EXP00454,PROJ00354,Marketing,2025-08-08,101421,EMP0271,approved
EXP00455,PROJ01008,Equipment,2024-08-02,142337,EMP0183,Pending
EXP00456,PROJ02775,Transport,2025-03-27,96421,EMP0286,Pending
EXP00457,PROJ04250,Transport,2024-05-26,296378,EMP0222,Rejected
EXP00458,PROJ03532,Marketing,2024-12-21,180908,EMP0155,approved
EXP00459,PROJ00559,Labor,2025-02-08,214279,EMP0136,approved
EXP00460,PROJ01900,Materials,2025-04-27,123028,EMP0230,Approved
EXP00461,PROJ01732,Utilities,2024-12-21,147444,EMP0123,Pending
EXP00462,PROJ01335,Equipment,2025-01-09,236455,EMP0297,Approved
EXP00463,PROJ02176,Labor,2024-11-24,181790,EMP0081,Approved
EXP00464,PROJ04050,Labor,2024-05-03,243255,EMP0031,Rejected
EXP00465,PROJ00858,Utilities,2025-09-18,76811,EMP0030,Pending
EXP00466,PROJ02591,Equipment,2024-12-08,218709,EMP0229,approved
EXP00467,PROJ01658,Marketing,2025-08-16,70648,EMP0169,Pending
EXP00468,PROJ04775,Equipment,2024-05-20,84465,EMP0113,Pending
EXP00469,PROJ01176,Labor,2025-08-12,84896,EMP0163,Pending
EXP00470,PROJ03395,Labor,2024-02-01,93213,EMP0049,Rejected
EXP00471,PROJ01356,Labor,2024-10-26,224568,EMP0163,Rejected
EXP00472,PROJ01572,Marketing,2024-09-29,194703,EMP0127,approved
EXP00473,PROJ02912,Transport,2024-10-12,252599,EMP0135,Approved
EXP00474,PROJ01925,Utilities,2025-02-28,62898,EMP0228,Pending
EXP00475,PROJ03034,Transport,2025-04-29,197326,EMP0213,Pending
EXP00476,PROJ02625,Transport,2024-08-01,162847,EMP0265,Approved
EXP00477,PROJ03310,Utilities,2024-11-24,11193,EMP0289,Rejected
EXP00478,PROJ03999,Utilities,2025-04-04,239192,EMP0272,approved
EXP00479,PROJ03703,Equipment,2025-06-25,110972,EMP0042,Pending
EXP00480,PROJ02308,Marketing,2025-02-17,99577,,approved
EXP00481,PROJ02931,Labor,2025-04-10,104958,EMP0233,Rejected
EXP00482,PROJ01186,Transport,2024-11-03,282233,EMP0009,Rejected
EXP00483,PROJ02524,Marketing,2025-03-04,217238,EMP0037,Pending
EXP00484,PROJ01677,Materials,2024-12-31,263222,EMP0291,Pending
EXP00485,PROJ00890,Utilities,2025-02-02,138014,EMP0231,Approved
EXP00486,PROJ01497,Materials,2025-09-21,134436,EMP0085,Pending
EXP00487,PROJ02214,Materials,2025-03-18,88155,EMP0211,Approved
EXP00488,PROJ04081,Utilities,2025-01-24,176089,EMP0275,Approved
EXP00489,PROJ01739,Equipment,2025-02-08,259692,EMP0220,approved
EXP00490,PROJ04565,Materials,2024-12-18,117573,EMP0107,approved
EXP00491,PROJ04772,Labor,2024-10-01,45250,EMP0029,Approved
EXP00492,PROJ03858,Transport,2024-10-14,56291,EMP0114,approved
EXP00493,PROJ02244,Materials,2024-09-28,182590,EMP0161,Pending
EXP00494,PROJ01574,Equipment,2025-01-26,121418,EMP0165,Approved
EXP00495,PROJ00491,Transport,2024-08-01,60952,EMP0102,Rejected
EXP00496,PROJ03392,Materials,2025-07-10,178588,EMP0272,Rejected
EXP00497,PROJ04669,Marketing,2025-06-03,231766,EMP0257,Approved
EXP00498,PROJ02259,Marketing,2025-02-19,294850,EMP0200,approved
EXP00499,PROJ03005,Marketing,2025-01-18,164014,EMP0198,Pending
EXP00500,PROJ02412,Transport,2024-07-23,206171,EMP0265,Rejected
EXP00501,PROJ00044,Materials,2025-04-05,126372,EMP0100,Rejected
EXP00502,PROJ02839,Utilities,2024-12-21,12510,EMP0178,Rejected
EXP00503,PROJ00537,Utilities,2024-08-30,248762,EMP0064,approved
EXP00504,PROJ04260,Materials,2025-02-02,263747,EMP0121,Approved
EXP00505,PROJ04248,Equipment,2025-05-29,253051,EMP0191,Rejected
EXP00506,PROJ01033,Materials,2024-11-04,129301,EMP0083,approved
EXP00507,PROJ01210,Marketing,2025-03-03,286773,EMP0194,Pending
EXP00508,PROJ04607,Materials,2024-12-18,44014,EMP0026,Pending
EXP00509,PROJ01206,Transport,2024-06-28,294646,EMP0098,Rejected
EXP00510,PROJ01650,Materials,2024-05-12,102484,EMP0218,Pending
EXP00511,PROJ01603,Marketing,2025-01-05,200677,EMP0257,Approved
EXP00512,PROJ00316,Utilities,2024-12-17,57420,EMP0300,Pending
EXP00513,PROJ03733,Labor,2024-11-16,197824,EMP0006,Rejected
EXP00514,PROJ02510,Equipment,2024-07-15,69940,EMP0157,approved
EXP00515,PROJ00751,Transport,2024-10-20,32415,EMP0082,Approved
EXP00516,PROJ02358,Transport,2024-07-19,275018,EMP0137,Pending
EXP00517,PROJ01198,Utilities,2025-02-13,274584,EMP0193,approved
EXP00518,PROJ00129,Utilities,2024-04-04,191164,EMP0049,approved
EXP00519,PROJ04018,Equipment,2025-03-02,202685,EMP0179,Pending
EXP00520,PROJ04189,Marketing,2025-02-22,146733,,Approved
EXP00521,PROJ04097,Utilities,2025-01-20,283468,EMP0189,Rejected
EXP00522,PROJ01953,Materials,2024-10-22,178072,EMP0146,Approved
EXP00523,PROJ04409,Materials,2024-07-24,124386,EMP0220,Rejected
EXP00524,PROJ02118,Materials,2024-10-18,17649,EMP0267,Rejected
EXP00525,PROJ02723,Marketing,2024-06-03,15391,EMP0099,approved
EXP00526,PROJ04641,Equipment,2024-11-29,10784,EMP0170,Approved
EXP00527,PROJ03490,Utilities,2025-03-23,265717,EMP0094,approved
EXP00528,PROJ04013,Materials,2024-09-04,223068,EMP0242,Pending
EXP00529,PROJ01230,Utilities,2024-06-14,38532,EMP0053,Pending
EXP00530,PROJ02613,Labor,2025-06-15,180356,EMP0199,Rejected
EXP00531,PROJ02091,Equipment,2025-01-11,129468,EMP0042,approved
EXP00532,PROJ01141,Equipment,2024-12-14,136424,EMP0136,Rejected
EXP00533,PROJ02865,Materials,2024-09-14,161962,EMP0181,Approved
EXP00534,PROJ01755,Utilities,2024-09-16,87165,EMP0193,approved
EXP00535,PROJ01879,Materials,2024-12-26,106788,EMP0298,Pending
EXP00536,PROJ01833,Equipment,2024-07-14,192652,EMP0084,Approved
EXP00537,PROJ04237,Equipment,2024-10-26,99693,EMP0148,Approved
EXP00538,PROJ04373,Transport,2024-11-22,95114,EMP0136,approved
EXP00539,PROJ04023,Materials,2025-03-23,141597,EMP0191,approved
EXP00540,PROJ02295,Utilities,2024-11-22,101185,EMP0199,Approved
EXP00541,PROJ04538,Transport,2024-10-27,194079,EMP0105,approved
EXP00542,PROJ04499,Transport,2025-01-08,234363,EMP0152,approved
EXP00543,PROJ04728,Utilities,2025-01-02,11522,EMP0035,Approved
EXP00544,PROJ04260,Materials,2024-04-17,16581,EMP0027,Approved
EXP00545,PROJ01159,Materials,2025-05-29,80834,EMP0037,approved
EXP00546,PROJ01582,Transport,2025-08-26,234596,EMP0281,Approved
EXP00547,PROJ04948,Materials,2025-11-07,233300,EMP0081,Rejected
EXP00548,PROJ03991,Labor,2025-07-12,187959,EMP0024,Pending
EXP00549,PROJ03863,Marketing,2024-11-27,195221,EMP0033,approved
EXP00550,PROJ04935,Equipment,2025-03-24,80043,EMP0209,approved
EXP00551,PROJ02325,Labor,2025-04-24,232170,EMP0253,Rejected
EXP00552,PROJ03590,Utilities,2024-11-18,101276,EMP0278,Approved
EXP00553,PROJ01599,Equipment,2024-11-10,210695,EMP0174,approved
EXP00554,PROJ01816,Transport,2024-10-15,268727,EMP0192,Approved
EXP00555,PROJ04222,Labor,2025-09-10,135909,EMP0037,Pending
EXP00556,PROJ02956,Materials,2025-05-06,243146,EMP0174,Approved
EXP00557,PROJ00049,Materials,2024-07-03,238313,EMP0170,Pending
EXP00558,PROJ01969,Labor,2024-12-02,62733,EMP0054,Approved
EXP00559,PROJ04426,Materials,2024-12-17,25930,EMP0235,Pending
EXP00560,PROJ03678,Transport,2025-01-26,164303,,Rejected
EXP00561,PROJ02837,Utilities,2024-06-19,183169,EMP0108,Approved
EXP00562,PROJ03805,Labor,2024-12-09,273969,EMP0083,Pending
EXP00563,PROJ02725,Materials,2024-10-27,244253,EMP0213,approved
EXP00564,PROJ04668,Utilities,2024-11-25,242831,EMP0247,Pending
EXP00565,PROJ00008,Utilities,2025-02-21,143977,EMP0152,Pending
EXP00566,PROJ03118,Labor,2024-05-11,212242,EMP0167,Rejected
EXP00567,PROJ04872,Labor,2024-08-23,244324,EMP0127,approved
EXP00568,PROJ00418,Transport,2024-09-14,111217,EMP0042,Approved
EXP00569,PROJ00514,Equipment,2024-09-02,221993,EMP0166,Rejected
EXP00570,PROJ00413,Labor,2024-11-27,270161,EMP0229,Rejected
EXP00571,PROJ00378,Equipment,2025-05-15,15652,EMP0294,Approved
EXP00572,PROJ03825,Transport,2025-03-08,175558,EMP0259,Pending
EXP00573,PROJ04351,Utilities,2025-02-01,18356,EMP0232,Pending
EXP00574,PROJ03994,Labor,2024-09-30,24113,EMP0223,Pending
EXP00575,PROJ03784,Labor,2024-06-22,129375,EMP0031,Pending
EXP00576,PROJ00523,Marketing,2025-01-03,281871,EMP0112,Rejected
EXP00577,PROJ01962,Labor,2025-02-02,23226,EMP0126,Approved
EXP00578,PROJ00906,Marketing,2024-10-25,56585,EMP0145,Pending
EXP00579,PROJ01248,Utilities,2024-12-19,286506,EMP0300,Pending
EXP00580,PROJ00237,Transport,2024-12-10,219051,EMP0077,Pending
EXP00581,PROJ03805,Transport,2025-05-11,199512,EMP0038,Approved
EXP00582,PROJ03177,Marketing,2025-03-04,35827,EMP0192,Pending
EXP00583,PROJ00658,Utilities,2024-12-08,145893,EMP0037,Pending
EXP00584,PROJ02150,Utilities,2024-11-18,115332,EMP0266,Approved
EXP00585,PROJ02466,Materials,2025-12-04,46127,EMP0078,Approved
EXP00586,PROJ02608,Utilities,2025-02-08,192312,EMP0183,Pending
EXP00587,PROJ00658,Marketing,2025-04-06,153933,EMP0043,approved
EXP00588,PROJ01463,Materials,2025-09-12,225008,EMP0058,Pending
EXP00589,PROJ02328,Utilities,2025-02-19,85708,EMP0101,Pending
EXP00590,PROJ03069,Transport,2025-04-16,138917,EMP0249,Rejected
EXP00591,PROJ01510,Labor,2024-12-08,105656,EMP0138,Rejected
EXP00592,PROJ02913,Equipment,2024-12-31,49949,EMP0021,approved
EXP00593,PROJ02061,Transport,2024-05-08,218109,EMP0050,Pending
EXP00594,PROJ00863,Utilities,2025-02-06,256682,EMP0158,Pending
EXP00595,PROJ01144,Materials,2025-01-24,16939,EMP0106,Pending
EXP00596,PROJ02717,Utilities,2025-07-15,192509,EMP0257,Rejected
EXP00597,PROJ04675,Utilities,2025-04-14,137485,EMP0241,Pending
EXP00598,PROJ04408,Materials,2025-01-28,21892,EMP0195,Pending
EXP00599,PROJ04787,Utilities,2024-11-23,86310,EMP0215,Approved
EXP00600,PROJ03520,Marketing,2024-03-26,32556,,Approved
EXP00601,PROJ00443,Marketing,2025-05-16,7426,EMP0097,Rejected
EXP00602,PROJ01723,Labor,2024-09-13,177464,EMP0136,Approved
EXP00603,PROJ01796,Equipment,2025-05-02,76057,EMP0154,Approved
EXP00604,PROJ04002,Equipment,2024-12-22,72457,EMP0066,Pending
EXP00605,PROJ02842,Materials,2024-11-30,241768,EMP0272,Approved
EXP00606,PROJ02879,Equipment,2024-09-02,139190,EMP0078,Rejected
EXP00607,PROJ00318,Transport,2025-01-27,90732,EMP0114,Pending
EXP00608,PROJ01084,Transport,2025-01-20,202259,EMP0056,approved
EXP00609,PROJ03766,Equipment,2025-05-31,233066,EMP0001,Pending
EXP00610,PROJ01213,Materials,2024-10-25,59066,EMP0042,Rejected
EXP00611,PROJ01950,Labor,2024-12-21,147520,EMP0138,approved
EXP00612,PROJ03167,Utilities,2024-09-14,187379,EMP0250,Pending
EXP00613,PROJ03865,Labor,2024-11-06,205189,EMP0116,Approved
EXP00614,PROJ00355,Utilities,2024-03-13,219900,EMP0004,Pending
EXP00615,PROJ01428,Labor,2024-11-24,50002,EMP0134,Pending
EXP00616,PROJ03106,Materials,2025-03-06,173539,EMP0059,approved
EXP00617,PROJ00852,Labor,2024-09-24,117111,EMP0294,Rejected
EXP00618,PROJ01160,Transport,2024-11-26,281332,EMP0141,approved
EXP00619,PROJ02542,Materials,2024-12-21,107460,EMP0177,Pending
EXP00620,PROJ01000,Utilities,2025-01-07,273260,EMP0055,Pending
EXP00621,PROJ03577,Materials,2024-10-17,288686,EMP0196,approved
EXP00622,PROJ04150,Transport,2024-09-05,104730,EMP0024,Approved
EXP00623,PROJ03975,Materials,2025-09-03,95662,EMP0070,approved
EXP00624,PROJ04866,Equipment,2025-07-01,224682,EMP0152,Pending
EXP00625,PROJ00725,Transport,2024-12-16,160490,EMP0180,Approved
EXP00626,PROJ00415,Materials,2024-10-23,178811,EMP0012,approved
EXP00627,PROJ04929,Marketing,2025-05-03,291834,EMP0012,approved
EXP00628,PROJ01161,Utilities,2024-08-04,263118,EMP0244,Approved
EXP00629,PROJ03489,Marketing,2024-11-22,120444,EMP0087,approved
EXP00630,PROJ01678,Marketing,2024-11-27,164809,EMP0144,approved
EXP00631,PROJ03931,Marketing,2025-02-12,90389,EMP0152,Pending
EXP00632,PROJ00267,Labor,2024-12-11,164006,EMP0206,Pending
EXP00633,PROJ02623,Labor,2025-01-31,152481,EMP0050,Approved
EXP00634,PROJ02076,Utilities,2024-11-20,197379,EMP0194,Rejected
EXP00635,PROJ02363,Equipment,2025-03-16,212730,EMP0028,Rejected
EXP00636,PROJ04220,Equipment,2024-08-30,231414,EMP0031,Rejected
EXP00637,PROJ03826,Utilities,2025-09-26,107237,EMP0189,approved
EXP00638,PROJ03470,Marketing,2025-02-17,193026,EMP0232,approved
EXP00639,PROJ01930,Marketing,2025-06-28,228193,EMP0044,approved
EXP00640,PROJ02289,Marketing,2024-12-30,130079,,Pending
EXP00641,PROJ03236,Equipment,2024-07-11,235920,EMP0015,Approved
EXP00642,PROJ02603,Marketing,2024-04-28,114738,EMP0076,approved
EXP00643,PROJ03601,Utilities,2024-08-24,3265,EMP0246,Rejected
EXP00644,PROJ03412,Marketing,2024-08-09,120402,EMP0271,Pending
EXP00645,PROJ04520,Marketing,2024-07-21,11469,EMP0285,Pending
EXP00646,PROJ04625,Labor,2025-04-26,187380,EMP0157,approved
EXP00647,PROJ02833,Utilities,2025-02-04,251663,EMP0181,approved
EXP00648,PROJ02236,Equipment,2024-08-24,249942,EMP0190,Rejected
EXP00649,PROJ01037,Marketing,2024-12-30,172340,EMP0017,Approved
EXP00650,PROJ04777,Transport,2024-10-08,225856,EMP0142,approved
EXP00651,PROJ01685,Labor,2024-05-13,242924,EMP0050,approved
EXP00652,PROJ02219,Equipment,2025-03-11,242645,EMP0157,Approved
EXP00653,PROJ01572,Marketing,2024-09-13,137404,EMP0196,approved
EXP00654,PROJ00156,Labor,2024-11-04,68314,EMP0255,Pending
EXP00655,PROJ03375,Utilities,2025-09-08,20499,EMP0291,Rejected
EXP00656,PROJ00824,Equipment,2024-07-31,148032,EMP0263,Approved
EXP00657,PROJ04483,Equipment,2024-04-18,97123,EMP0029,Approved
EXP00658,PROJ04538,Materials,2024-08-09,180682,EMP0134,approved
EXP00659,PROJ02061,Materials,2024-08-24,59501,EMP0077,Pending
EXP00660,PROJ04554,Equipment,2024-11-01,52403,EMP0120,Approved
EXP00661,PROJ03472,Transport,2024-06-17,205967,EMP0213,Pending
EXP00662,PROJ03632,Labor,2025-01-22,164616,EMP0267,Approved
EXP00663,PROJ00995,Materials,2024-01-17,196773,EMP0298,Rejected
EXP00664,PROJ04879,Marketing,2025-03-01,59845,EMP0008,Pending
EXP00665,PROJ01240,Materials,2024-12-11,91091,EMP0256,Rejected
EXP00666,PROJ02903,Transport,2025-02-04,227466,EMP0017,Pending
EXP00667,PROJ04381,Labor,2025-02-22,1507,EMP0225,Pending
EXP00668,PROJ03917,Labor,2024-08-30,37902,EMP0126,Approved
EXP00669,PROJ01146,Utilities,2024-04-19,217656,EMP0061,Approved
EXP00670,PROJ04004,Transport,2024-12-01,294524,EMP0189,Rejected
EXP00671,PROJ02026,Labor,2024-03-18,18576,EMP0192,Pending
EXP00672,PROJ03602,Transport,2025-05-28,141925,EMP0087,Rejected
EXP00673,PROJ01537,Transport,2024-10-20,3774,EMP0152,Rejected
EXP00674,PROJ04809,Equipment,2024-09-15,214922,EMP0003,approved
EXP00675,PROJ00043,Utilities,2024-06-30,187758,EMP0251,Rejected
EXP00676,PROJ04449,Utilities,2025-02-11,210354,EMP0105,approved
EXP00677,PROJ01465,Labor,2024-09-28,291055,EMP0196,approved
EXP00678,PROJ02001,Equipment,2024-04-08,155245,EMP0167,Approved
EXP00679,PROJ04652,Transport,2024-11-17,288303,EMP0255,Pending
EXP00680,PROJ02230,Labor,2025-03-03,224582,,approved
EXP00681,PROJ04376,Transport,2024-04-08,68791,EMP0239,approved
EXP00682,PROJ02864,Materials,2025-04-18,31151,EMP0205,Approved
EXP00683,PROJ03587,Marketing,2025-01-11,105391,EMP0287,Approved
EXP00684,PROJ03736,Transport,2024-09-07,75970,EMP0082,Approved
EXP00685,PROJ00225,Labor,2024-12-18,21126,EMP0102,Pending
EXP00686,PROJ01342,Marketing,2025-01-02,289909,EMP0163,Approved
EXP00687,PROJ04072,Labor,2025-02-10,99672,EMP0018,Approved
EXP00688,PROJ00917,Transport,2024-07-04,210892,EMP0099,Approved
EXP00689,PROJ02985,Equipment,2024-10-11,70536,EMP0143,approved
EXP00690,PROJ00852,Labor,2025-08-03,108485,EMP0246,Approved
EXP00691,PROJ01706,Equipment,2024-12-07,21032,EMP0149,Rejected
EXP00692,PROJ01883,Utilities,2024-10-20,154588,EMP0107,approved
EXP00693,PROJ03892,Utilities,2024-04-28,35443,EMP0106,Approved
EXP00694,PROJ02967,Labor,2024-07-11,133646,EMP0206,approved
EXP00695,PROJ03562,Labor,2024-09-10,195027,EMP0210,approved
EXP00696,PROJ03165,Marketing,2024-10-28,149151,EMP0041,Pending
EXP00697,PROJ00106,Equipment,2024-05-16,70127,EMP0228,approved
EXP00698,PROJ03446,Utilities,2025-12-08,214164,EMP0129,Pending
EXP00699,PROJ00227,Marketing,2024-11-12,206097,EMP0017,approved
EXP00700,PROJ02168,Equipment,2025-02-23,100332,EMP0280,Pending
EXP00701,PROJ04060,Labor,2025-02-14,168313,EMP0117,Pending
EXP00702,PROJ04492,Transport,2024-10-29,208360,EMP0223,Pending
EXP00703,PROJ00254,Equipment,2024-06-21,280554,EMP0272,Approved
EXP00704,PROJ04342,Labor,2024-12-05,242094,EMP0098,Pending
EXP00705,PROJ03074,Utilities,2024-10-10,214124,EMP0019,approved
EXP00706,PROJ00752,Labor,2024-12-28,252109,EMP0265,approved
EXP00707,PROJ02005,Materials,2025-01-21,253654,EMP0290,Pending
EXP00708,PROJ04455,Marketing,2024-12-29,97685,EMP0112,Rejected
EXP00709,PROJ01930,Marketing,2025-08-04,196482,EMP0006,Approved
EXP00710,PROJ04267,Transport,2024-02-18,92222,EMP0091,Pending
EXP00711,PROJ01459,Transport,2025-04-24,95909,EMP0133,Pending
EXP00712,PROJ01723,Labor,2025-05-31,200158,EMP0027,Rejected
EXP00713,PROJ02577,Equipment,2024-11-23,168444,EMP0225,Approved
EXP00714,PROJ01775,Equipment,2025-08-12,14249,EMP0246,Rejected
EXP00715,PROJ04430,Materials,2024-11-30,17878,EMP0274,Pending
EXP00716,PROJ03094,Equipment,2025-02-28,196580,EMP0189,Rejected
EXP00717,PROJ03290,Transport,2024-12-12,9471,EMP0035,Approved
EXP00718,PROJ03012,Labor,2024-01-20,3799,EMP0003,Approved
EXP00719,PROJ04101,Transport,2024-09-21,277110,EMP0048,Rejected
EXP00720,PROJ03603,Utilities,2025-03-09,251771,,Pending
EXP00721,PROJ03677,Marketing,2025-02-23,141485,EMP0072,Pending
EXP00722,PROJ02249,Marketing,2024-10-27,22013,EMP0245,approved
EXP00723,PROJ03389,Utilities,2024-02-28,254154,EMP0128,approved
EXP00724,PROJ00033,Equipment,2024-10-08,192052,EMP0121,Approved
EXP00725,PROJ04614,Materials,2024-06-18,155712,EMP0211,Rejected
EXP00726,PROJ04467,Materials,2025-03-17,125871,EMP0218,Rejected
EXP00727,PROJ00285,Equipment,2024-05-10,207369,EMP0227,Pending
EXP00728,PROJ02881,Marketing,2024-07-23,75648,EMP0222,approved
EXP00729,PROJ04890,Labor,2024-09-27,182476,EMP0231,Approved
EXP00730,PROJ02375,Transport,2024-06-29,90672,EMP0082,Rejected
EXP00731,PROJ02215,Equipment,2024-12-19,287008,EMP0200,Approved
EXP00732,PROJ01268,Labor,2025-08-14,128983,EMP0239,Approved
EXP00733,PROJ04579,Utilities,2024-11-20,107875,EMP0240,Approved
EXP00734,PROJ04271,Marketing,2024-12-28,67437,EMP0233,Approved
EXP00735,PROJ01912,Utilities,2024-12-25,289556,EMP0261,Pending
EXP00736,PROJ04371,Marketing,2025-01-11,280110,EMP0143,Rejected
EXP00737,PROJ03081,Transport,2024-09-16,13666,EMP0005,Pending
EXP00738,PROJ04759,Materials,2024-05-05,91549,EMP0012,approved
EXP00739,PROJ02325,Utilities,2025-04-06,274123,EMP0115,Approved
EXP00740,PROJ03493,Equipment,2025-04-18,213286,EMP0116,Pending
EXP00741,PROJ01946,Utilities,2025-01-16,154993,EMP0193,Approved
EXP00742,PROJ02368,Labor,2025-03-30,232111,EMP0032,Rejected
EXP00743,PROJ01833,Marketing,2024-07-19,224006,EMP0267,Approved
EXP00744,PROJ02247,Labor,2024-10-30,217382,EMP0055,approved
EXP00745,PROJ01204,Equipment,2024-10-20,11375,EMP0137,Rejected
EXP00746,PROJ00633,Marketing,2024-07-27,2739,EMP0145,Approved
EXP00747,PROJ01507,Labor,2024-04-07,65374,EMP0061,Rejected
EXP00748,PROJ00748,Equipment,2025-04-04,126977,EMP0098,Approved
EXP00749,PROJ00751,Marketing,2025-02-04,92346,EMP0181,Pending
EXP00750,PROJ02101,Marketing,2025-06-06,4237,EMP0005,Approved
EXP00751,PROJ02650,Marketing,2024-07-14,49000,EMP0147,Rejected
EXP00752,PROJ00557,Utilities,2024-06-11,17144,EMP0049,Pending
EXP00753,PROJ04535,Marketing,2025-10-21,254827,EMP0191,Approved
EXP00754,PROJ01367,Utilities,2024-09-28,168272,EMP0017,Rejected
EXP00755,PROJ00234,Equipment,2025-03-06,81790,EMP0271,approved
EXP00756,PROJ01485,Utilities,2024-09-29,96015,EMP0271,approved
EXP00757,PROJ04545,Equipment,2025-05-25,291534,EMP0070,Pending
EXP00758,PROJ03734,Materials,2025-02-27,157348,EMP0166,Pending
EXP00759,PROJ00500,Utilities,2024-10-24,173358,EMP0182,Rejected
EXP00760,PROJ00466,Equipment,2025-03-12,193064,,Pending
EXP00761,PROJ01075,Labor,2025-02-17,259841,EMP0143,Pending
EXP00762,PROJ04887,Equipment,2024-06-25,30640,EMP0199,Approved
EXP00763,PROJ02310,Transport,2024-12-27,45086,EMP0196,Rejected
EXP00764,PROJ01939,Labor,2024-10-07,136168,EMP0222,approved
EXP00765,PROJ00860,Utilities,2024-12-03,255601,EMP0272,approved
EXP00766,PROJ04470,Equipment,2025-02-20,69374,EMP0184,approved
EXP00767,PROJ03761,Marketing,2024-08-07,224095,EMP0273,approved
EXP00768,PROJ02654,Transport,2024-05-21,93271,EMP0277,Rejected
EXP00769,PROJ04038,Utilities,2024-09-20,18721,EMP0183,approved
EXP00770,PROJ04550,Labor,2024-11-24,233288,EMP0193,Pending
EXP00771,PROJ01599,Transport,2024-11-06,232677,EMP0018,approved
EXP00772,PROJ03895,Marketing,2024-06-06,130845,EMP0102,Rejected
EXP00773,PROJ01418,Equipment,2024-10-07,256239,EMP0194,Rejected
EXP00774,PROJ02656,Materials,2025-01-22,43932,EMP0044,Rejected
EXP00775,PROJ01083,Equipment,2025-02-27,238780,EMP0090,Approved
EXP00776,PROJ02844,Labor,2024-09-09,37915,EMP0009,Rejected
EXP00777,PROJ02330,Materials,2024-11-30,250585,EMP0300,approved
EXP00778,PROJ02805,Materials,2025-03-14,288409,EMP0132,Rejected
EXP00779,PROJ01091,Utilities,2024-12-18,241165,EMP0107,approved
EXP00780,PROJ01387,Utilities,2025-08-19,274200,EMP0204,Pending
EXP00781,PROJ00823,Materials,2024-03-22,173347,EMP0057,Approved
EXP00782,PROJ01521,Marketing,2025-04-06,58978,EMP0019,Pending
EXP00783,PROJ01066,Utilities,2025-11-05,34855,EMP0196,approved
EXP00784,PROJ04941,Materials,2025-11-02,250804,EMP0158,Rejected
EXP00785,PROJ03641,Marketing,2024-02-22,208709,EMP0115,Rejected
EXP00786,PROJ00400,Equipment,2024-10-06,31422,EMP0220,Approved
EXP00787,PROJ04023,Transport,2025-05-03,111786,EMP0249,Pending
EXP00788,PROJ00876,Marketing,2025-06-07,38090,EMP0224,Approved
EXP00789,PROJ00933,Transport,2024-12-07,260627,EMP0165,Pending
EXP00790,PROJ00486,Labor,2024-11-25,273997,EMP0036,Pending
EXP00791,PROJ00970,Utilities,2025-04-26,278750,EMP0074,Approved
EXP00792,PROJ02676,Marketing,2025-06-23,73945,EMP0174,Rejected
EXP00793,PROJ00023,Equipment,2025-03-23,268729,EMP0052,Pending
EXP00794,PROJ01317,Utilities,2024-09-06,28484,EMP0060,Rejected
EXP00795,PROJ04939,Labor,2025-01-06,261158,EMP0196,Approved
EXP00796,PROJ02373,Marketing,2024-07-03,279704,EMP0211,Rejected
EXP00797,PROJ02713,Marketing,2024-10-14,103931,EMP0015,approved
EXP00798,PROJ00954,Labor,2024-07-24,125449,EMP0142,approved
EXP00799,PROJ02021,Materials,2024-12-15,67681,EMP0268,Pending
EXP00800,PROJ03534,Marketing,2025-04-20,15446,,Approved
EXP00801,PROJ02844,Materials,2024-10-03,106320,EMP0201,Rejected
EXP00802,PROJ01703,Labor,2025-02-17,218132,EMP0138,Approved
EXP00803,PROJ02928,Materials,2024-06-16,16726,EMP0079,Approved
EXP00804,PROJ00582,Materials,2024-06-10,73891,EMP0041,Approved
EXP00805,PROJ04513,Marketing,2024-06-27,58799,EMP0005,Approved
EXP00806,PROJ03421,Equipment,2025-01-07,265977,EMP0059,Pending
EXP00807,PROJ02655,Utilities,2025-02-01,178542,EMP0236,Approved
EXP00808,PROJ00071,Utilities,2024-12-16,174746,EMP0210,Approved
EXP00809,PROJ03588,Materials,2024-06-17,31122,EMP0018,Pending
EXP00810,PROJ01038,Equipment,2024-09-27,43163,EMP0025,Pending
EXP00811,PROJ02300,Labor,2024-10-30,4509,EMP0109,approved
EXP00812,PROJ02040,Materials,2025-04-02,296997,EMP0194,Pending
EXP00813,PROJ03167,Materials,2024-06-07,266374,EMP0017,Approved
EXP00814,PROJ02859,Equipment,2025-02-21,254923,EMP0149,Pending
EXP00815,PROJ00244,Transport,2025-02-11,174015,EMP0043,Approved
EXP00816,PROJ02309,Equipment,2025-08-03,195846,EMP0250,Approved
EXP00817,PROJ04954,Marketing,2024-08-04,188189,EMP0200,approved
EXP00818,PROJ04501,Equipment,2024-08-17,154990,EMP0056,approved
EXP00819,PROJ02047,Equipment,2025-03-04,31139,EMP0300,approved
EXP00820,PROJ02126,Marketing,2024-02-20,77324,EMP0211,approved
EXP00821,PROJ00716,Materials,2025-04-25,172451,EMP0040,Rejected
EXP00822,PROJ02687,Equipment,2025-09-19,116244,EMP0148,Pending
EXP00823,PROJ01827,Utilities,2025-03-05,261682,EMP0105,Pending
EXP00824,PROJ01753,Utilities,2024-05-10,34113,EMP0195,approved
EXP00825,PROJ01739,Utilities,2025-08-06,70177,EMP0030,approved
EXP00826,PROJ00184,Materials,2024-02-14,221378,EMP0167,Rejected
EXP00827,PROJ03270,Utilities,2024-01-19,3471,EMP0274,approved
EXP00828,PROJ00276,Marketing,2024-08-24,273276,EMP0023,Rejected
EXP00829,PROJ00496,Materials,2024-11-18,94464,EMP0036,Approved
EXP00830,PROJ03465,Transport,2025-02-14,34328,EMP0139,Rejected
EXP00831,PROJ04845,Transport,2025-04-01,128680,EMP0300,approved
EXP00832,PROJ01608,Equipment,2024-09-12,138543,EMP0211,Pending
EXP00833,PROJ00180,Materials,2024-11-28,49265,EMP0081,Rejected
EXP00834,PROJ04307,Transport,2024-12-03,115617,EMP0114,Approved
EXP00835,PROJ01337,Marketing,2025-04-15,182408,EMP0002,approved
EXP00836,PROJ04298,Materials,2024-12-12,73836,EMP0277,Approved
EXP00837,PROJ01146,Labor,2024-06-10,13368,EMP0005,Rejected
EXP00838,PROJ02113,Materials,2025-02-02,229975,EMP0157,Rejected
EXP00839,PROJ04547,Transport,2025-04-22,276070,EMP0166,Pending
EXP00840,PROJ02189,Marketing,2024-12-12,276455,,approved
EXP00841,PROJ03421,Marketing,2025-09-01,237201,EMP0182,Rejected
EXP00842,PROJ02998,Transport,2024-06-22,156851,EMP0229,Rejected
EXP00843,PROJ00283,Transport,2024-04-22,37370,EMP0224,approved
EXP00844,PROJ03939,Equipment,2025-02-10,247088,EMP0260,Approved
EXP00845,PROJ04945,Utilities,2025-01-06,117583,EMP0160,Pending
EXP00846,PROJ00416,Materials,2024-06-14,227329,EMP0204,approved
EXP00847,PROJ04033,Materials,2024-09-19,18771,EMP0171,Pending
EXP00848,PROJ04616,Materials,2024-08-05,120723,EMP0200,approved
EXP00849,PROJ01919,Labor,2025-01-18,98038,EMP0081,approved
EXP00850,PROJ04436,Materials,2025-03-07,116329,EMP0039,Rejected
EXP00851,PROJ00690,Transport,2024-03-01,18272,EMP0289,Pending
EXP00852,PROJ02567,Labor,2024-11-17,288596,EMP0035,Rejected
EXP00853,PROJ04902,Marketing,2024-12-17,44903,EMP0285,approved
EXP00854,PROJ04656,Marketing,2024-09-23,296071,EMP0247,Rejected
EXP00855,PROJ04759,Marketing,2024-07-20,85010,EMP0039,approved
EXP00856,PROJ00100,Materials,2024-09-11,167158,EMP0196,approved
EXP00857,PROJ00201,Labor,2024-12-19,120145,EMP0156,approved
EXP00858,PROJ02595,Marketing,2025-03-28,252329,EMP0016,Pending
EXP00859,PROJ03095,Marketing,2024-10-22,151512,EMP0108,approved
EXP00860,PROJ01569,Marketing,2025-03-08,249009,EMP0289,approved
EXP00861,PROJ03499,Equipment,2025-01-11,167763,EMP0060,Pending
EXP00862,PROJ04058,Materials,2025-05-28,193079,EMP0038,Rejected
EXP00863,PROJ00427,Utilities,2025-01-22,219848,EMP0246,Rejected
EXP00864,PROJ03413,Equipment,2024-03-18,218775,EMP0178,approved
EXP00865,PROJ00800,Labor,2025-03-02,107630,EMP0007,Pending
EXP00866,PROJ01156,Labor,2025-01-07,255123,EMP0267,Pending
EXP00867,PROJ04683,Transport,2025-09-25,229445,EMP0190,Rejected
EXP00868,PROJ03375,Utilities,2024-05-10,201686,EMP0004,Rejected
EXP00869,PROJ02073,Materials,2024-04-27,148357,EMP0073,approved
EXP00870,PROJ03422,Materials,2024-12-10,263275,EMP0101,Rejected
EXP00871,PROJ00932,Materials,2024-12-07,159409,EMP0016,Approved
EXP00872,PROJ03651,Materials,2025-10-29,163731,EMP0156,Approved
EXP00873,PROJ03876,Materials,2024-12-02,49378,EMP0086,Rejected
EXP00874,PROJ04777,Transport,2024-10-12,261134,EMP0015,approved
EXP00875,PROJ04475,Marketing,2024-11-03,210228,EMP0247,Approved
EXP00876,PROJ03652,Materials,2025-01-23,151530,EMP0036,Pending
EXP00877,PROJ04349,Labor,2024-06-25,178632,EMP0230,Pending
EXP00878,PROJ02822,Utilities,2025-06-08,28125,EMP0236,Rejected
EXP00879,PROJ02052,Equipment,2024-11-10,40936,EMP0207,Pending
EXP00880,PROJ04717,Equipment,2024-05-29,120488,,Rejected
EXP00881,PROJ04638,Transport,2025-04-23,220295,EMP0290,approved
EXP00882,PROJ03195,Transport,2024-11-06,32099,EMP0159,Rejected
EXP00883,PROJ04670,Marketing,2024-12-31,60813,EMP0058,Rejected
EXP00884,PROJ01524,Equipment,2024-12-18,176460,EMP0101,Rejected
EXP00885,PROJ03784,Marketing,2024-06-06,246077,EMP0216,Pending
EXP00886,PROJ02296,Transport,2024-09-30,179078,EMP0294,Approved
EXP00887,PROJ00739,Equipment,2024-11-06,273711,EMP0113,approved
EXP00888,PROJ03286,Materials,2025-09-06,74058,EMP0009,Rejected
EXP00889,PROJ04811,Marketing,2025-01-27,118347,EMP0075,approved
EXP00890,PROJ01982,Equipment,2024-10-10,132023,EMP0016,Pending
EXP00891,PROJ02481,Utilities,2024-11-15,79250,EMP0272,approved
EXP00892,PROJ01493,Marketing,2025-06-17,85295,EMP0296,Pending
EXP00893,PROJ02305,Marketing,2024-05-21,133904,EMP0023,approved
EXP00894,PROJ03429,Labor,2024-09-16,107993,EMP0009,Rejected
EXP00895,PROJ00953,Labor,2025-01-28,285008,EMP0281,Approved
EXP00896,PROJ00078,Transport,2025-07-07,265064,EMP0092,Rejected
EXP00897,PROJ04912,Utilities,2024-12-28,69763,EMP0077,Approved
EXP00898,PROJ02316,Utilities,2025-05-25,10330,EMP0075,approved
EXP00899,PROJ00946,Marketing,2024-09-17,57633,EMP0165,approved
EXP00900,PROJ01954,Marketing,2025-07-14,18726,EMP0227,approved
EXP00901,PROJ04489,Marketing,2024-11-08,257997,EMP0025,Rejected
EXP00902,PROJ02333,Marketing,2025-08-07,57582,EMP0146,Rejected
EXP00903,PROJ00911,Utilities,2024-08-21,134671,EMP0022,Rejected
EXP00904,PROJ02089,Utilities,2025-01-25,23984,EMP0143,Approved
EXP00905,PROJ03141,Utilities,2024-06-25,116061,EMP0119,Approved
EXP00906,PROJ04405,Transport,2024-11-10,126060,EMP0091,Approved
EXP00907,PROJ02088,Equipment,2025-07-04,108683,EMP0166,approved
EXP00908,PROJ03349,Materials,2024-07-24,250209,EMP0201,approved
EXP00909,PROJ04672,Labor,2024-11-13,226965,EMP0188,Pending
EXP00910,PROJ04843,Transport,2024-07-12,245787,EMP0268,Approved
EXP00911,PROJ03429,Materials,2024-09-10,256869,EMP0137,approved
EXP00912,PROJ01581,Marketing,2025-05-30,6307,EMP0265,Approved
EXP00913,PROJ03013,Equipment,2025-05-15,284096,EMP0115,Approved
EXP00914,PROJ00646,Labor,2024-10-17,299278,EMP0294,approved
EXP00915,PROJ00006,Utilities,2025-08-17,299897,EMP0042,Approved
EXP00916,PROJ01779,Labor,2025-03-19,269001,EMP0122,Approved
EXP00917,PROJ01669,Equipment,2024-09-15,256418,EMP0041,approved
EXP00918,PROJ01417,Marketing,2025-07-27,157501,EMP0032,Rejected
EXP00919,PROJ00310,Marketing,2024-02-17,51546,EMP0177,Approved
EXP00920,PROJ02017,Labor,2025-03-22,173467,,Rejected
EXP00921,PROJ04828,Materials,2025-03-18,182077,EMP0038,approved
EXP00922,PROJ04860,Materials,2025-07-20,246202,EMP0218,approved
EXP00923,PROJ02883,Transport,2024-12-17,141414,EMP0210,Rejected
EXP00924,PROJ04136,Marketing,2024-10-04,118228,EMP0105,Pending
EXP00925,PROJ03393,Materials,2024-05-08,76357,EMP0105,approved
EXP00926,PROJ04280,Labor,2025-01-22,266511,EMP0053,Approved
EXP00927,PROJ04987,Labor,2025-11-10,43279,EMP0089,Pending
EXP00928,PROJ03602,Equipment,2024-11-14,164485,EMP0216,Rejected
EXP00929,PROJ03878,Labor,2024-08-13,112170,EMP0056,Rejected
EXP00930,PROJ00978,Labor,2024-11-04,201410,EMP0176,Rejected
EXP00931,PROJ03881,Equipment,2024-12-31,117918,EMP0026,Pending
EXP00932,PROJ02699,Materials,2025-01-05,209370,EMP0128,Rejected
EXP00933,PROJ04434,Marketing,2025-07-25,209176,EMP0159,Approved
EXP00934,PROJ03141,Equipment,2024-09-12,194676,EMP0058,Rejected
EXP00935,PROJ03440,Marketing,2024-08-31,280839,EMP0099,approved
EXP00936,PROJ03574,Utilities,2024-08-02,147703,EMP0013,Pending
EXP00937,PROJ02636,Utilities,2024-11-08,140684,EMP0229,Pending
EXP00938,PROJ03942,Materials,2025-07-22,179079,EMP0255,Approved
EXP00939,PROJ00880,Labor,2025-05-07,26551,EMP0115,Pending
EXP00940,PROJ04322,Equipment,2025-04-09,49750,EMP0029,Pending
EXP00941,PROJ00699,Labor,2025-06-26,167576,EMP0068,Approved
EXP00942,PROJ00746,Transport,2024-12-07,186273,EMP0168,Pending
EXP00943,PROJ04463,Labor,2024-04-13,55738,EMP0110,Pending
EXP00944,PROJ01865,Materials,2024-12-17,23549,EMP0251,approved
EXP00945,PROJ04482,Transport,2025-02-14,63652,EMP0200,Pending
EXP00946,PROJ04808,Transport,2024-01-08,223512,EMP0211,approved
EXP00947,PROJ02522,Equipment,2025-06-20,99252,EMP0149,Pending
EXP00948,PROJ02892,Utilities,2025-06-11,266685,EMP0132,Approved
EXP00949,PROJ00602,Labor,2024-11-03,141120,EMP0272,Pending
EXP00950,PROJ01042,Materials,2024-04-26,39789,EMP0235,Approved
EXP00951,PROJ04215,Utilities,2025-05-14,31957,EMP0181,Approved
EXP00952,PROJ04700,Equipment,2024-12-12,205668,EMP0018,Approved
EXP00953,PROJ03696,Materials,2024-09-13,272833,EMP0234,Pending
EXP00954,PROJ01253,Marketing,2024-04-03,18380,EMP0018,Rejected
EXP00955,PROJ04526,Marketing,2024-10-06,80032,EMP0078,Rejected
EXP00956,PROJ02433,Labor,2025-04-09,207553,EMP0181,approved
EXP00957,PROJ03335,Marketing,2025-03-14,274475,EMP0244,Pending
EXP00958,PROJ01089,Labor,2024-11-26,95687,EMP0166,Pending
EXP00959,PROJ04447,Materials,2025-01-27,102467,EMP0278,approved
EXP00960,PROJ03900,Marketing,2024-03-26,153309,,approved
EXP00961,PROJ03016,Utilities,2024-05-21,140573,EMP0043,Approved
EXP00962,PROJ00938,Equipment,2024-11-22,90036,EMP0237,approved
EXP00963,PROJ04836,Utilities,2025-01-26,103377,EMP0037,approved
EXP00964,PROJ02053,Utilities,2024-11-30,177849,EMP0057,Rejected
EXP00965,PROJ00944,Transport,2024-04-15,203184,EMP0024,Rejected
EXP00966,PROJ01350,Equipment,2024-08-10,141319,EMP0137,Pending
EXP00967,PROJ02605,Utilities,2024-10-25,103135,EMP0012,Pending
EXP00968,PROJ01501,Labor,2024-07-31,251673,EMP0162,Approved
EXP00969,PROJ03872,Utilities,2025-05-28,246936,EMP0300,Approved
EXP00970,PROJ02076,Labor,2024-11-12,128525,EMP0207,Pending
EXP00971,PROJ00049,Equipment,2024-11-09,91626,EMP0163,Approved
EXP00972,PROJ00295,Transport,2025-09-24,205430,EMP0243,Approved
EXP00973,PROJ01348,Marketing,2025-10-25,251875,EMP0267,Pending
EXP00974,PROJ01580,Equipment,2025-01-21,91172,EMP0141,Rejected
EXP00975,PROJ03292,Materials,2025-03-13,100521,EMP0093,Rejected
EXP00976,PROJ03806,Marketing,2024-10-18,123011,EMP0298,Pending
EXP00977,PROJ04371,Utilities,2024-10-11,180786,EMP0273,approved
EXP00978,PROJ00448,Transport,2024-12-10,55143,EMP0038,Rejected
EXP00979,PROJ00594,Labor,2024-11-07,176042,EMP0293,Rejected
EXP00980,PROJ00999,Transport,2025-02-07,132224,EMP0131,approved
EXP00981,PROJ02210,Materials,2024-09-02,56773,EMP0060,approved
EXP00982,PROJ02379,Marketing,2025-02-26,43895,EMP0238,Rejected
EXP00983,PROJ02178,Transport,2024-10-03,193279,EMP0087,Approved
EXP00984,PROJ01392,Equipment,2024-08-04,91239,EMP0121,Approved
EXP00985,PROJ01173,Utilities,2025-05-25,28091,EMP0134,Pending
EXP00986,PROJ04602,Transport,2025-03-30,52262,EMP0272,approved
EXP00987,PROJ00748,Materials,2024-11-07,102644,EMP0234,approved
EXP00988,PROJ01142,Transport,2025-01-26,222605,EMP0037,Rejected
EXP00989,PROJ00481,Marketing,2024-05-17,61394,EMP0224,Approved
EXP00990,PROJ01050,Labor,2024-10-09,79686,EMP0124,approved
EXP00991,PROJ01694,Materials,2024-07-23,246621,EMP0113,approved
EXP00992,PROJ02557,Labor,2025-08-25,211422,EMP0158,Approved
EXP00993,PROJ01169,Utilities,2024-06-23,18321,EMP0208,Rejected
EXP00994,PROJ04674,Utilities,2024-06-23,221321,EMP0300,approved
EXP00995,PROJ00260,Marketing,2024-06-24,71733,EMP0209,Approved
EXP00996,PROJ00106,Equipment,2024-05-09,79907,EMP0121,Pending
EXP00997,PROJ04170,Marketing,2024-01-26,252547,EMP0146,Pending
EXP00998,PROJ04592,Labor,2024-07-10,222025,EMP0057,approved
EXP00999,PROJ02112,Labor,2025-04-13,71812,EMP0269,Approved
EXP01000,PROJ02181,Labor,2025-03-20,237930,,approved
EXP01001,PROJ00326,Transport,2024-12-13,280323,EMP0066,approved
EXP01002,PROJ03942,Marketing,2025-01-30,154237,EMP0254,Rejected
EXP01003,PROJ02499,Marketing,2025-08-10,114617,EMP0294,Pending
EXP01004,PROJ00752,Labor,2025-01-08,30183,EMP0289,Rejected
EXP01005,PROJ04847,Transport,2024-08-25,202024,EMP0270,Rejected
EXP01006,PROJ04741,Labor,2024-07-17,63309,EMP0174,Approved
EXP01007,PROJ04718,Marketing,2024-10-01,275104,EMP0030,Pending
EXP01008,PROJ00477,Equipment,2025-05-14,264931,EMP0248,Rejected
EXP01009,PROJ03201,Labor,2025-11-09,211480,EMP0098,approved
EXP01010,PROJ00319,Materials,2025-02-12,221545,EMP0174,Approved
EXP01011,PROJ04604,Labor,2024-11-08,200698,EMP0016,Pending
EXP01012,PROJ01128,Labor,2024-10-21,102316,EMP0282,approved
EXP01013,PROJ03511,Transport,2025-01-17,138043,EMP0040,Approved
EXP01014,PROJ01049,Labor,2024-10-18,133318,EMP0069,Pending
EXP01015,PROJ01188,Equipment,2024-09-17,260038,EMP0260,approved
EXP01016,PROJ03564,Transport,2024-08-27,268716,EMP0133,Approved
EXP01017,PROJ00425,Equipment,2024-06-08,144440,EMP0150,Approved
EXP01018,PROJ03552,Utilities,2025-02-06,1084,EMP0067,Approved
EXP01019,PROJ01283,Transport,2024-11-25,110228,EMP0174,Pending
EXP01020,PROJ00454,Materials,2025-04-05,24555,EMP0200,approved
EXP01021,PROJ02636,Marketing,2025-04-13,230717,EMP0071,Pending
EXP01022,PROJ00649,Equipment,2025-02-08,261864,EMP0206,Rejected
EXP01023,PROJ02301,Utilities,2024-10-31,193780,EMP0277,Rejected
EXP01024,PROJ04907,Materials,2025-03-12,289228,EMP0086,Approved
EXP01025,PROJ04357,Transport,2025-01-08,62575,EMP0259,approved
EXP01026,PROJ01708,Marketing,2024-12-03,42864,EMP0266,Approved
EXP01027,PROJ01620,Transport,2024-10-30,166830,EMP0269,Pending
EXP01028,PROJ01332,Utilities,2025-01-13,224920,EMP0285,Approved
EXP01029,PROJ02540,Utilities,2024-06-25,150160,EMP0184,approved
EXP01030,PROJ04207,Utilities,2024-12-29,142010,EMP0129,Rejected
EXP01031,PROJ01776,Utilities,2025-06-25,51310,EMP0188,Pending
EXP01032,PROJ04591,Materials,2025-09-08,37147,EMP0047,approved
EXP01033,PROJ00224,Materials,2025-02-15,158439,EMP0114,approved
EXP01034,PROJ04960,Equipment,2024-06-03,263895,EMP0048,Rejected
EXP01035,PROJ00089,Transport,2025-04-23,73349,EMP0282,Rejected
EXP01036,PROJ02558,Transport,2024-10-09,180177,EMP0030,approved
EXP01037,PROJ03710,Marketing,2024-11-20,132298,EMP0274,Approved
EXP01038,PROJ04422,Transport,2025-04-27,149310,EMP0205,Approved
EXP01039,PROJ04247,Materials,2024-04-24,68391,EMP0004,approved
EXP01040,PROJ04538,Labor,2024-07-23,180621,,Rejected
EXP01041,PROJ02425,Equipment,2025-02-21,182676,EMP0145,Approved
EXP01042,PROJ03184,Equipment,2025-05-21,224756,EMP0218,approved
EXP01043,PROJ04306,Equipment,2025-02-16,195722,EMP0192,Rejected
EXP01044,PROJ00977,Labor,2025-01-02,140967,EMP0065,Pending
EXP01045,PROJ03069,Equipment,2025-05-05,36603,EMP0025,Approved
EXP01046,PROJ03972,Transport,2025-01-24,232224,EMP0027,Rejected
EXP01047,PROJ03524,Utilities,2025-07-23,71103,EMP0030,Pending
EXP01048,PROJ01135,Marketing,2025-04-12,71837,EMP0096,approved
EXP01049,PROJ02636,Transport,2025-03-29,123897,EMP0235,Approved
EXP01050,PROJ00064,Equipment,2025-01-13,196717,EMP0072,approved
EXP01051,PROJ01806,Materials,2024-06-07,291853,EMP0133,Approved
EXP01052,PROJ03979,Equipment,2024-09-04,154146,EMP0078,Approved
EXP01053,PROJ00016,Materials,2024-12-30,144313,EMP0294,Rejected
EXP01054,PROJ02245,Equipment,2024-12-28,182284,EMP0043,approved
EXP01055,PROJ01449,Materials,2025-09-14,275715,EMP0213,Pending
EXP01056,PROJ03657,Equipment,2025-05-09,136523,EMP0271,Rejected
EXP01057,PROJ01934,Utilities,2025-01-29,117438,EMP0275,Approved
EXP01058,PROJ04254,Labor,2024-02-28,45961,EMP0111,Rejected
EXP01059,PROJ00031,Labor,2024-10-16,184222,EMP0170,Pending
EXP01060,PROJ03726,Marketing,2024-03-26,151680,EMP0253,Approved
EXP01061,PROJ04254,Utilities,2024-03-16,204227,EMP0069,Pending
EXP01062,PROJ04821,Labor,2025-11-14,170351,EMP0005,Rejected
EXP01063,PROJ04952,Transport,2025-07-22,193851,EMP0293,Approved
EXP01064,PROJ02563,Transport,2024-11-15,98293,EMP0115,Rejected
EXP01065,PROJ02746,Marketing,2025-04-11,108314,EMP0055,Approved
EXP01066,PROJ01646,Labor,2025-03-12,281301,EMP0300,Rejected
EXP01067,PROJ03528,Labor,2024-11-12,236156,EMP0175,approved
EXP01068,PROJ03785,Materials,2024-12-17,45348,EMP0193,Pending
EXP01069,PROJ02896,Materials,2025-05-01,239239,EMP0045,Approved
EXP01070,PROJ04869,Transport,2024-04-22,16378,EMP0031,approved
EXP01071,PROJ00676,Marketing,2025-04-05,234503,EMP0277,Rejected
EXP01072,PROJ00311,Utilities,2025-01-29,66070,EMP0151,approved
EXP01073,PROJ04628,Equipment,2025-04-23,183594,EMP0022,Approved
EXP01074,PROJ01987,Equipment,2025-02-05,254868,EMP0079,Rejected
EXP01075,PROJ01006,Transport,2024-12-08,241166,EMP0055,Approved
EXP01076,PROJ03424,Marketing,2025-02-11,54389,EMP0192,Approved
EXP01077,PROJ02786,Materials,2024-11-30,129208,EMP0277,Approved
EXP01078,PROJ02818,Materials,2025-01-05,260000,EMP0232,Pending
EXP01079,PROJ04272,Utilities,2024-12-21,230485,EMP0256,approved
EXP01080,PROJ01348,Transport,2025-05-28,157281,,Rejected
EXP01081,PROJ02403,Labor,2024-09-04,98520,EMP0278,Rejected
EXP01082,PROJ02815,Labor,2024-06-07,271931,EMP0069,Approved
EXP01083,PROJ04479,Utilities,2024-04-24,16414,EMP0056,Approved
EXP01084,PROJ00287,Transport,2025-01-01,95629,EMP0033,approved
EXP01085,PROJ03060,Marketing,2025-04-02,205746,EMP0257,Approved
EXP01086,PROJ03340,Equipment,2025-03-08,31957,EMP0293,Rejected
EXP01087,PROJ02267,Marketing,2025-01-18,53580,EMP0235,Approved
EXP01088,PROJ02938,Transport,2025-03-31,219048,EMP0248,Pending
EXP01089,PROJ02992,Labor,2024-09-12,242266,EMP0198,approved
EXP01090,PROJ04799,Marketing,2025-01-17,251179,EMP0154,Pending
EXP01091,PROJ02758,Materials,2024-10-31,203106,EMP0200,Rejected
EXP01092,PROJ02270,Transport,2025-01-01,199410,EMP0141,Approved
EXP01093,PROJ01920,Marketing,2024-02-13,60264,EMP0110,Pending
EXP01094,PROJ03230,Transport,2025-04-03,282405,EMP0093,Approved
EXP01095,PROJ02040,Utilities,2025-02-02,174960,EMP0054,Rejected
EXP01096,PROJ04928,Marketing,2024-09-24,298745,EMP0110,Rejected
EXP01097,PROJ04640,Marketing,2025-05-20,119155,EMP0258,Rejected
EXP01098,PROJ03631,Equipment,2024-08-20,189372,EMP0115,Pending
EXP01099,PROJ04735,Materials,2025-05-28,262361,EMP0070,Approved
EXP01100,PROJ00503,Transport,2025-01-01,154148,EMP0186,approved
EXP01101,PROJ00772,Transport,2025-01-28,270188,EMP0119,approved
EXP01102,PROJ02412,Materials,2025-11-25,163937,EMP0295,Rejected
EXP01103,PROJ04831,Materials,2024-12-13,192576,EMP0115,Rejected
EXP01104,PROJ04743,Materials,2024-06-26,117510,EMP0128,approved
EXP01105,PROJ00731,Equipment,2025-09-21,189651,EMP0113,Rejected
EXP01106,PROJ00154,Utilities,2025-01-11,76203,EMP0120,approved
EXP01107,PROJ02577,Utilities,2024-11-18,66878,EMP0067,Rejected
EXP01108,PROJ02669,Marketing,2025-07-27,243949,EMP0142,approved
EXP01109,PROJ00551,Transport,2025-02-28,89232,EMP0114,Rejected
EXP01110,PROJ02058,Equipment,2025-06-20,269709,EMP0106,approved
EXP01111,PROJ02196,Transport,2025-10-26,41253,EMP0056,Pending
EXP01112,PROJ03439,Equipment,2024-11-27,163476,EMP0054,Approved
EXP01113,PROJ02031,Transport,2025-01-02,126079,EMP0110,Rejected
EXP01114,PROJ00181,Transport,2024-12-18,227193,EMP0040,Approved
EXP01115,PROJ04435,Utilities,2024-10-01,273265,EMP0262,Approved
EXP01116,PROJ03997,Equipment,2024-06-30,213332,EMP0287,Rejected
EXP01117,PROJ02487,Materials,2024-12-24,57063,EMP0240,Approved
EXP01118,PROJ02498,Materials,2024-09-17,43685,EMP0177,Approved
EXP01119,PROJ01564,Utilities,2024-09-05,50790,EMP0230,Rejected
EXP01120,PROJ03100,Marketing,2024-08-18,217488,,approved
EXP01121,PROJ00999,Transport,2025-01-03,126851,EMP0168,approved
EXP01122,PROJ03486,Transport,2025-06-10,251182,EMP0282,Approved
EXP01123,PROJ03175,Materials,2025-03-21,99711,EMP0057,approved
EXP01124,PROJ01706,Transport,2024-07-05,254645,EMP0119,Pending
EXP01125,PROJ02807,Equipment,2024-08-31,90037,EMP0109,approved
EXP01126,PROJ00171,Marketing,2024-12-26,100060,EMP0197,Pending
EXP01127,PROJ04486,Marketing,2025-01-09,270284,EMP0247,Pending
EXP01128,PROJ03623,Labor,2024-03-05,293553,EMP0144,Rejected
EXP01129,PROJ00728,Marketing,2025-02-13,266118,EMP0201,Approved
EXP01130,PROJ03504,Equipment,2024-12-29,280520,EMP0028,Approved
EXP01131,PROJ03306,Equipment,2024-09-20,185702,EMP0293,Rejected
EXP01132,PROJ01045,Equipment,2025-01-09,92900,EMP0108,approved
EXP01133,PROJ01777,Labor,2025-01-26,156382,EMP0174,Approved
EXP01134,PROJ00956,Materials,2024-03-13,47208,EMP0144,Pending
EXP01135,PROJ04584,Materials,2025-07-13,264771,EMP0108,approved
EXP01136,PROJ03038,Utilities,2025-07-11,214929,EMP0087,Rejected
EXP01137,PROJ03349,Materials,2024-04-11,246820,EMP0231,Approved
EXP01138,PROJ00628,Marketing,2025-09-06,251955,EMP0163,Rejected
EXP01139,PROJ01828,Transport,2024-08-09,31626,EMP0179,Pending
EXP01140,PROJ04370,Utilities,2025-02-19,237541,EMP0265,Approved
EXP01141,PROJ03296,Labor,2025-01-02,199107,EMP0035,Pending
EXP01142,PROJ02811,Equipment,2024-12-16,243684,EMP0125,Pending
EXP01143,PROJ04183,Materials,2025-08-31,79383,EMP0090,approved
EXP01144,PROJ03624,Labor,2024-08-29,187695,EMP0084,Approved
EXP01145,PROJ01980,Marketing,2024-01-07,186218,EMP0220,Pending
EXP01146,PROJ00311,Transport,2025-01-30,220446,EMP0111,Rejected
EXP01147,PROJ01202,Materials,2025-03-08,240156,EMP0020,approved
EXP01148,PROJ04425,Materials,2024-05-10,201248,EMP0069,Pending
EXP01149,PROJ01006,Materials,2025-04-15,28893,EMP0057,Rejected
EXP01150,PROJ03488,Equipment,2024-11-27,189075,EMP0029,Pending
EXP01151,PROJ03031,Materials,2024-10-08,88973,EMP0260,Rejected
EXP01152,PROJ04592,Materials,2024-06-18,173307,EMP0118,Pending
EXP01153,PROJ04451,Materials,2025-04-19,275492,EMP0172,Approved
EXP01154,PROJ04760,Materials,2025-04-21,187014,EMP0165,Approved
EXP01155,PROJ04777,Utilities,2025-08-11,121698,EMP0004,approved
EXP01156,PROJ00081,Labor,2024-08-23,207401,EMP0264,approved
EXP01157,PROJ00204,Transport,2025-02-28,37954,EMP0052,Approved
EXP01158,PROJ00883,Equipment,2025-03-11,21815,EMP0028,approved
EXP01159,PROJ03955,Equipment,2025-03-23,13018,EMP0150,Approved
EXP01160,PROJ00585,Materials,2024-10-02,108167,,Approved
EXP01161,PROJ00683,Utilities,2024-08-14,141585,EMP0168,Rejected
EXP01162,PROJ00414,Transport,2024-02-09,238448,EMP0300,approved
EXP01163,PROJ01879,Equipment,2025-02-09,42745,EMP0031,Rejected
EXP01164,PROJ03966,Marketing,2024-09-01,8468,EMP0290,approved
EXP01165,PROJ01166,Marketing,2024-04-22,116607,EMP0242,Rejected
EXP01166,PROJ03415,Equipment,2024-04-13,165526,EMP0055,approved
EXP01167,PROJ01352,Marketing,2024-07-26,201969,EMP0268,approved
EXP01168,PROJ04715,Utilities,2024-05-02,207849,EMP0216,Rejected
EXP01169,PROJ02196,Transport,2024-12-02,207293,EMP0078,Rejected
EXP01170,PROJ03444,Marketing,2024-04-01,204327,EMP0119,Pending
EXP01171,PROJ00353,Materials,2025-05-08,37023,EMP0258,Approved
EXP01172,PROJ04915,Equipment,2025-02-22,38767,EMP0167,approved
EXP01173,PROJ04190,Marketing,2025-06-02,55038,EMP0012,approved
EXP01174,PROJ04025,Equipment,2025-02-27,256455,EMP0118,Approved
EXP01175,PROJ03631,Equipment,2024-05-10,243443,EMP0195,Rejected
EXP01176,PROJ04759,Utilities,2024-08-12,279478,EMP0192,Pending
EXP01177,PROJ02082,Utilities,2025-01-10,241950,EMP0074,Approved
EXP01178,PROJ04091,Equipment,2025-08-02,175024,EMP0220,approved
EXP01179,PROJ01229,Equipment,2024-08-10,286409,EMP0232,approved
EXP01180,PROJ00670,Equipment,2025-02-01,174211,EMP0098,Pending
EXP01181,PROJ02867,Transport,2024-09-27,239174,EMP0150,Approved
EXP01182,PROJ03079,Transport,2025-08-06,260298,EMP0160,approved
EXP01183,PROJ03473,Transport,2025-06-15,245390,EMP0066,approved
EXP01184,PROJ01880,Utilities,2024-09-14,51786,EMP0210,Rejected
EXP01185,PROJ04400,Labor,2024-09-13,166394,EMP0262,Pending
EXP01186,PROJ01775,Marketing,2024-12-26,189698,EMP0266,Approved
EXP01187,PROJ04426,Marketing,2024-06-15,17543,EMP0261,approved
EXP01188,PROJ04622,Materials,2024-01-21,41019,EMP0189,approved
EXP01189,PROJ03843,Marketing,2024-12-14,4982,EMP0008,Pending
EXP01190,PROJ03294,Transport,2024-10-27,128532,EMP0099,Approved
EXP01191,PROJ02227,Equipment,2025-01-24,240567,EMP0020,approved
EXP01192,PROJ04807,Marketing,2024-09-14,220812,EMP0089,Pending
EXP01193,PROJ04363,Labor,2024-05-14,38374,EMP0018,Pending
EXP01194,PROJ02334,Transport,2025-05-11,192458,EMP0031,Rejected
EXP01195,PROJ00082,Utilities,2024-11-01,99738,EMP0185,Approved
EXP01196,PROJ04805,Labor,2024-04-11,200120,EMP0139,approved
EXP01197,PROJ01582,Marketing,2024-04-23,126816,EMP0006,Approved
EXP01198,PROJ01425,Equipment,2024-10-24,64288,EMP0089,Pending
EXP01199,PROJ01715,Labor,2024-06-08,282919,EMP0186,Pending
EXP01200,PROJ00841,Equipment,2025-04-09,168371,,Approved
EXP01201,PROJ02434,Equipment,2025-01-12,143927,EMP0032,Pending
EXP01202,PROJ02596,Equipment,2025-08-29,255189,EMP0288,approved
EXP01203,PROJ00402,Labor,2024-11-15,83849,EMP0182,approved
EXP01204,PROJ00023,Labor,2025-06-19,98891,EMP0020,approved
EXP01205,PROJ01588,Transport,2024-07-26,215276,EMP0213,Pending
EXP01206,PROJ04368,Utilities,2024-06-22,156752,EMP0004,approved
EXP01207,PROJ00661,Marketing,2024-12-15,264289,EMP0268,Approved
EXP01208,PROJ00713,Utilities,2025-04-09,74677,EMP0029,Pending
EXP01209,PROJ04817,Marketing,2025-01-06,119040,EMP0027,approved
EXP01210,PROJ04628,Equipment,2024-07-01,282937,EMP0055,approved
EXP01211,PROJ00481,Equipment,2024-12-30,94552,EMP0011,Approved
EXP01212,PROJ00529,Materials,2025-03-26,255674,EMP0218,Pending
EXP01213,PROJ00736,Equipment,2024-09-03,204573,EMP0242,Rejected
EXP01214,PROJ01390,Utilities,2025-01-04,65959,EMP0178,Pending
EXP01215,PROJ03492,Utilities,2024-09-02,201426,EMP0212,Rejected
EXP01216,PROJ01293,Equipment,2024-08-18,67611,EMP0053,Rejected
EXP01217,PROJ04443,Labor,2024-11-06,184814,EMP0081,Approved
EXP01218,PROJ00525,Labor,2024-09-19,242898,EMP0249,Rejected
EXP01219,PROJ01219,Equipment,2024-10-20,210989,EMP0069,approved
EXP01220,PROJ04613,Materials,2024-10-18,97779,EMP0208,Rejected
EXP01221,PROJ01985,Materials,2024-06-02,116237,EMP0117,Rejected
EXP01222,PROJ00254,Equipment,2024-12-07,221774,EMP0254,Rejected
EXP01223,PROJ01706,Transport,2024-10-29,210227,EMP0077,Pending
EXP01224,PROJ00232,Materials,2024-11-16,2001,EMP0160,approved
EXP01225,PROJ03687,Labor,2024-07-02,152217,EMP0163,Rejected
EXP01226,PROJ03620,Marketing,2024-06-15,291841,EMP0217,Approved
EXP01227,PROJ04564,Marketing,2024-08-01,273896,EMP0227,Approved
EXP01228,PROJ00827,Equipment,2024-06-29,98819,EMP0110,Approved
EXP01229,PROJ03048,Utilities,2024-06-05,62730,EMP0027,approved
EXP01230,PROJ00340,Labor,2025-01-22,37766,EMP0108,Pending
EXP01231,PROJ01217,Labor,2025-05-27,143381,EMP0045,approved
EXP01232,PROJ03774,Marketing,2024-12-20,219723,EMP0184,Rejected
EXP01233,PROJ04977,Utilities,2024-11-17,251415,EMP0229,Rejected
EXP01234,PROJ00859,Equipment,2024-11-03,89485,EMP0034,Rejected
EXP01235,PROJ03631,Materials,2024-12-16,141529,EMP0199,Rejected
EXP01236,PROJ01225,Utilities,2024-07-01,15960,EMP0115,Approved
EXP01237,PROJ04980,Marketing,2025-04-28,81445,EMP0291,Pending
EXP01238,PROJ01524,Materials,2025-03-30,116239,EMP0056,Rejected
EXP01239,PROJ02674,Labor,2025-02-10,138598,EMP0234,Pending
EXP01240,PROJ03536,Labor,2024-06-11,297977,,Pending
EXP01241,PROJ03596,Materials,2024-12-03,38898,EMP0079,approved
EXP01242,PROJ03212,Materials,2024-12-08,48220,EMP0048,Pending
EXP01243,PROJ01418,Equipment,2024-10-22,200120,EMP0280,approved
EXP01244,PROJ00765,Utilities,2024-10-06,134204,EMP0183,Approved
EXP01245,PROJ03965,Transport,2025-03-05,251135,EMP0004,Approved
EXP01246,PROJ02785,Labor,2024-11-24,152055,EMP0167,Approved
EXP01247,PROJ01870,Equipment,2025-03-24,47250,EMP0142,approved
EXP01248,PROJ04306,Utilities,2025-01-14,242306,EMP0037,Approved
EXP01249,PROJ04284,Transport,2024-06-21,95161,EMP0195,Approved
EXP01250,PROJ02017,Equipment,2025-06-29,249436,EMP0003,Pending
EXP01251,PROJ01900,Materials,2024-12-29,234261,EMP0230,approved
EXP01252,PROJ01512,Marketing,2025-03-12,278049,EMP0226,Pending
EXP01253,PROJ04975,Transport,2024-08-06,116730,EMP0015,Approved
EXP01254,PROJ02091,Utilities,2024-12-24,278568,EMP0259,Approved
EXP01255,PROJ02488,Labor,2025-08-08,120185,EMP0072,Approved
EXP01256,PROJ03257,Utilities,2024-10-20,40754,EMP0033,approved
EXP01257,PROJ02694,Materials,2024-07-13,167166,EMP0096,Rejected
EXP01258,PROJ01252,Transport,2024-11-09,219075,EMP0064,approved
EXP01259,PROJ00270,Marketing,2024-01-18,291064,EMP0254,Pending
EXP01260,PROJ00558,Utilities,2024-09-21,148925,EMP0236,approved
EXP01261,PROJ03349,Labor,2024-05-02,194455,EMP0052,approved
EXP01262,PROJ00833,Labor,2024-05-19,140700,EMP0220,Approved
EXP01263,PROJ04672,Equipment,2025-01-10,12422,EMP0205,Pending
EXP01264,PROJ01958,Labor,2025-02-06,40730,EMP0299,Pending
EXP01265,PROJ00710,Utilities,2024-09-03,98294,EMP0026,Pending
EXP01266,PROJ02648,Marketing,2025-01-04,170255,EMP0281,Approved
EXP01267,PROJ04758,Materials,2025-01-20,247764,EMP0081,Rejected
EXP01268,PROJ04416,Transport,2025-02-04,124024,EMP0076,Rejected
EXP01269,PROJ01254,Equipment,2025-03-22,278077,EMP0158,approved
EXP01270,PROJ00298,Utilities,2024-03-01,28145,EMP0024,Rejected
EXP01271,PROJ04242,Materials,2025-08-06,281972,EMP0089,Pending
EXP01272,PROJ00815,Labor,2024-11-24,15773,EMP0061,approved
EXP01273,PROJ00808,Materials,2024-01-31,165021,EMP0235,Rejected
EXP01274,PROJ02403,Marketing,2024-08-20,171280,EMP0237,Approved
EXP01275,PROJ01393,Equipment,2024-03-05,51604,EMP0157,Rejected
EXP01276,PROJ04369,Marketing,2024-11-03,103082,EMP0235,Rejected
EXP01277,PROJ04547,Utilities,2025-10-16,180430,EMP0111,approved
EXP01278,PROJ00733,Equipment,2024-04-26,35782,EMP0272,Pending
EXP01279,PROJ01405,Materials,2025-06-13,42709,EMP0147,Approved
EXP01280,PROJ01653,Materials,2024-05-19,26523,,Approved
EXP01281,PROJ00243,Labor,2024-12-11,192943,EMP0017,Rejected
EXP01282,PROJ04189,Labor,2025-02-21,155943,EMP0248,Approved
EXP01283,PROJ00454,Labor,2024-12-16,293780,EMP0286,Approved
EXP01284,PROJ00808,Equipment,2024-02-17,8071,EMP0009,Rejected
EXP01285,PROJ03102,Equipment,2024-04-23,62158,EMP0064,approved
EXP01286,PROJ00715,Utilities,2024-11-15,43748,EMP0098,Approved
EXP01287,PROJ01280,Labor,2024-10-25,37141,EMP0061,Approved
EXP01288,PROJ02866,Equipment,2024-06-19,153251,EMP0168,Pending
EXP01289,PROJ01486,Marketing,2025-05-09,298708,EMP0126,Pending
EXP01290,PROJ01631,Utilities,2024-08-23,145466,EMP0063,Approved
EXP01291,PROJ03710,Marketing,2024-09-29,113686,EMP0107,approved
EXP01292,PROJ00901,Transport,2024-11-25,170555,EMP0031,Pending
EXP01293,PROJ04551,Utilities,2024-03-12,270390,EMP0166,Approved
EXP01294,PROJ03934,Marketing,2024-11-09,287772,EMP0144,Pending
EXP01295,PROJ00061,Equipment,2024-10-03,103553,EMP0282,Pending
EXP01296,PROJ03001,Marketing,2024-12-31,48996,EMP0166,Pending
EXP01297,PROJ03116,Utilities,2025-04-22,23500,EMP0127,approved
EXP01298,PROJ02215,Marketing,2024-09-07,53355,EMP0016,Pending
EXP01299,PROJ02845,Materials,2025-01-13,214595,EMP0006,approved
EXP01300,PROJ02146,Transport,2024-10-26,112816,EMP0038,approved
EXP01301,PROJ04103,Equipment,2025-02-15,70050,EMP0263,Pending
EXP01302,PROJ02688,Utilities,2024-12-09,117946,EMP0005,Approved
EXP01303,PROJ01943,Transport,2025-04-21,23609,EMP0167,Rejected
EXP01304,PROJ04565,Materials,2025-04-08,105918,EMP0136,Approved
EXP01305,PROJ01147,Utilities,2024-06-28,127802,EMP0063,Pending
EXP01306,PROJ04199,Transport,2025-01-20,242794,EMP0123,Pending
EXP01307,PROJ01280,Equipment,2025-01-12,188041,EMP0083,Pending
EXP01308,PROJ01906,Transport,2024-12-20,284427,EMP0295,approved
EXP01309,PROJ01489,Labor,2024-12-17,270657,EMP0272,approved
EXP01310,PROJ01395,Marketing,2024-07-13,221028,EMP0133,Approved
EXP01311,PROJ00709,Transport,2024-10-30,208614,EMP0284,Pending
EXP01312,PROJ00127,Labor,2025-01-24,103559,EMP0161,Pending
EXP01313,PROJ03341,Labor,2024-10-11,266119,EMP0107,Approved
EXP01314,PROJ03263,Transport,2024-11-15,58669,EMP0049,Pending
EXP01315,PROJ01155,Materials,2024-08-24,20251,EMP0040,approved
EXP01316,PROJ00850,Materials,2025-05-24,145559,EMP0214,Pending
EXP01317,PROJ01608,Utilities,2024-11-30,276053,EMP0159,approved
EXP01318,PROJ02275,Equipment,2024-09-14,297608,EMP0088,Pending
EXP01319,PROJ03424,Equipment,2025-04-24,29005,EMP0185,approved
EXP01320,PROJ01156,Utilities,2025-06-10,24637,,approved
EXP01321,PROJ02890,Equipment,2024-05-28,42014,EMP0031,Approved
EXP01322,PROJ04281,Materials,2024-09-18,125744,EMP0097,Rejected
EXP01323,PROJ00809,Equipment,2025-03-15,243321,EMP0132,Pending
EXP01324,PROJ03672,Marketing,2025-05-25,147024,EMP0081,Pending
EXP01325,PROJ03407,Labor,2024-12-27,200161,EMP0273,approved
EXP01326,PROJ01459,Utilities,2025-07-30,196181,EMP0002,Approved
EXP01327,PROJ02705,Transport,2024-07-10,24096,EMP0242,approved
EXP01328,PROJ01384,Transport,2024-12-28,30703,EMP0250,Pending
EXP01329,PROJ03173,Equipment,2025-08-09,131009,EMP0008,Approved
EXP01330,PROJ01569,Transport,2024-11-07,130024,EMP0157,Approved
EXP01331,PROJ01323,Materials,2025-01-21,195332,EMP0286,approved
EXP01332,PROJ03098,Labor,2024-09-08,114948,EMP0016,Pending
EXP01333,PROJ00576,Materials,2025-06-10,244168,EMP0122,approved
EXP01334,PROJ01027,Materials,2025-04-28,286171,EMP0068,Rejected
EXP01335,PROJ03228,Equipment,2024-07-01,43064,EMP0056,Rejected
EXP01336,PROJ01566,Materials,2024-10-25,166392,EMP0025,approved
EXP01337,PROJ01944,Marketing,2024-08-12,231237,EMP0062,Pending
EXP01338,PROJ02346,Utilities,2025-01-20,5403,EMP0246,Approved
EXP01339,PROJ04091,Equipment,2025-03-25,167724,EMP0295,approved
EXP01340,PROJ01965,Utilities,2025-06-14,255904,EMP0046,approved
EXP01341,PROJ02235,Materials,2025-11-13,299274,EMP0231,approved
EXP01342,PROJ00566,Materials,2024-05-19,262648,EMP0277,approved
EXP01343,PROJ03500,Labor,2024-08-07,180411,EMP0231,Rejected
EXP01344,PROJ02254,Utilities,2025-08-25,78029,EMP0249,Rejected
EXP01345,PROJ02446,Labor,2024-04-16,176651,EMP0069,Approved
EXP01346,PROJ04626,Utilities,2024-10-31,206089,EMP0256,Rejected
EXP01347,PROJ01300,Marketing,2024-11-20,96938,EMP0233,Approved
EXP01348,PROJ00056,Transport,2024-10-26,105830,EMP0186,Rejected
EXP01349,PROJ02109,Utilities,2025-03-03,244657,EMP0086,Rejected
EXP01350,PROJ00468,Marketing,2025-05-28,179945,EMP0061,Pending
EXP01351,PROJ03986,Labor,2025-02-07,282182,EMP0042,Rejected
EXP01352,PROJ02767,Equipment,2024-12-10,193232,EMP0152,Rejected
EXP01353,PROJ01594,Equipment,2025-10-30,160903,EMP0219,Pending
EXP01354,PROJ00312,Materials,2025-08-09,205992,EMP0124,approved
EXP01355,PROJ00318,Marketing,2025-10-30,178642,EMP0276,Approved
EXP01356,PROJ02661,Materials,2025-02-15,144066,EMP0139,Pending
EXP01357,PROJ04364,Transport,2025-01-24,79752,EMP0191,Approved
EXP01358,PROJ01905,Marketing,2025-07-19,200614,EMP0183,approved
EXP01359,PROJ04031,Utilities,2025-08-02,79390,EMP0162,Approved
EXP01360,PROJ00412,Utilities,2025-02-13,208933,,Rejected
EXP01361,PROJ03915,Transport,2024-12-09,195706,EMP0087,Pending
EXP01362,PROJ00162,Transport,2024-04-06,2129,EMP0239,Pending
EXP01363,PROJ02164,Marketing,2024-12-01,40995,EMP0283,Rejected
EXP01364,PROJ01126,Equipment,2024-07-28,160157,EMP0122,Rejected
EXP01365,PROJ02682,Materials,2024-09-11,136697,EMP0251,Approved
EXP01366,PROJ00120,Utilities,2024-12-17,260715,EMP0091,Pending
EXP01367,PROJ02475,Materials,2025-02-24,180718,EMP0024,Pending
EXP01368,PROJ02029,Labor,2024-09-19,39306,EMP0133,approved
EXP01369,PROJ00186,Utilities,2024-05-17,207518,EMP0105,Approved
EXP01370,PROJ01713,Marketing,2025-03-15,245021,EMP0106,Approved
EXP01371,PROJ00784,Equipment,2024-07-25,35864,EMP0159,approved
EXP01372,PROJ03084,Transport,2025-08-03,288386,EMP0049,Rejected
EXP01373,PROJ03655,Utilities,2025-01-11,38440,EMP0276,Pending
EXP01374,PROJ00811,Equipment,2024-04-13,80727,EMP0083,Approved
EXP01375,PROJ03592,Marketing,2024-11-06,251551,EMP0128,Pending
EXP01376,PROJ03323,Transport,2025-06-11,250069,EMP0148,Approved
EXP01377,PROJ03675,Equipment,2025-06-04,36449,EMP0082,Rejected
EXP01378,PROJ04898,Equipment,2024-11-18,160600,EMP0246,Rejected
EXP01379,PROJ00209,Materials,2024-08-08,247916,EMP0078,Rejected
EXP01380,PROJ03227,Labor,2025-06-09,217416,EMP0019,approved
EXP01381,PROJ00675,Labor,2024-08-21,257469,EMP0216,Approved
EXP01382,PROJ00885,Equipment,2024-10-19,160513,EMP0191,Approved
EXP01383,PROJ04188,Equipment,2024-08-31,166386,EMP0147,Approved
EXP01384,PROJ00301,Materials,2024-04-18,128602,EMP0011,Pending
EXP01385,PROJ04979,Transport,2024-12-07,240600,EMP0202,Rejected
EXP01386,PROJ02399,Marketing,2024-12-31,14881,EMP0212,Pending
EXP01387,PROJ04660,Materials,2024-09-22,157687,EMP0227,Pending
EXP01388,PROJ04726,Equipment,2025-09-28,36466,EMP0197,approved
EXP01389,PROJ01688,Materials,2024-07-10,77756,EMP0075,Approved
EXP01390,PROJ04768,Utilities,2025-01-10,131338,EMP0223,Rejected
EXP01391,PROJ04706,Marketing,2025-02-16,124675,EMP0126,Rejected
EXP01392,PROJ01610,Labor,2024-06-14,150614,EMP0065,Rejected
EXP01393,PROJ01430,Transport,2024-10-14,246767,EMP0168,Rejected
EXP01394,PROJ03677,Marketing,2024-10-05,243854,EMP0230,Pending
EXP01395,PROJ04395,Transport,2024-05-10,132644,EMP0170,Approved
EXP01396,PROJ01706,Equipment,2024-10-15,203940,EMP0048,approved
EXP01397,PROJ02756,Utilities,2025-05-11,299352,EMP0253,Pending
EXP01398,PROJ04679,Equipment,2024-12-11,282940,EMP0282,Pending
EXP01399,PROJ04378,Equipment,2024-11-15,208864,EMP0274,Pending
EXP01400,PROJ03406,Labor,2024-11-26,240141,,Pending
EXP01401,PROJ04809,Utilities,2024-09-17,87558,EMP0012,approved
EXP01402,PROJ04815,Materials,2025-02-26,130378,EMP0055,Approved
EXP01403,PROJ02628,Equipment,2024-11-23,162550,EMP0273,approved
EXP01404,PROJ00260,Labor,2024-01-08,38301,EMP0091,Pending
EXP01405,PROJ04910,Transport,2025-01-30,222515,EMP0085,Pending
EXP01406,PROJ04517,Transport,2024-05-14,145042,EMP0023,Approved
EXP01407,PROJ01067,Transport,2025-08-28,108623,EMP0170,Rejected
EXP01408,PROJ00597,Labor,2024-05-10,10187,EMP0127,Pending
EXP01409,PROJ03266,Utilities,2025-02-10,198591,EMP0027,Pending
EXP01410,PROJ04090,Materials,2025-05-02,228148,EMP0204,approved
EXP01411,PROJ04703,Transport,2024-09-06,190993,EMP0134,Approved
EXP01412,PROJ04346,Transport,2024-10-06,16258,EMP0159,Approved
EXP01413,PROJ03753,Transport,2024-12-20,68136,EMP0251,Pending
EXP01414,PROJ01978,Materials,2025-05-24,41159,EMP0180,Approved
EXP01415,PROJ04964,Materials,2024-06-06,149677,EMP0265,Approved
EXP01416,PROJ02436,Materials,2025-01-16,2898,EMP0297,Pending
EXP01417,PROJ00149,Labor,2024-12-15,264930,EMP0095,Approved
EXP01418,PROJ00553,Equipment,2024-12-09,216740,EMP0189,Approved
EXP01419,PROJ03503,Utilities,2025-05-02,203106,EMP0247,Approved
EXP01420,PROJ03670,Transport,2025-05-22,100128,EMP0157,Rejected
EXP01421,PROJ01103,Utilities,2025-11-22,198691,EMP0275,Approved
EXP01422,PROJ01696,Transport,2024-02-04,24862,EMP0246,Rejected
EXP01423,PROJ02206,Materials,2024-11-30,52685,EMP0197,approved
EXP01424,PROJ02819,Transport,2024-05-26,134079,EMP0264,approved
EXP01425,PROJ01312,Materials,2025-02-24,120351,EMP0257,Approved
EXP01426,PROJ01695,Equipment,2024-02-12,38841,EMP0043,Pending
EXP01427,PROJ00196,Labor,2025-04-03,224773,EMP0005,Pending
EXP01428,PROJ04608,Transport,2024-12-25,118219,EMP0249,Pending
EXP01429,PROJ04467,Transport,2025-01-20,278074,EMP0282,Rejected
EXP01430,PROJ04862,Materials,2025-03-09,85987,EMP0218,Pending
EXP01431,PROJ03726,Transport,2024-03-28,236283,EMP0246,Pending
EXP01432,PROJ00236,Labor,2024-10-25,126364,EMP0116,Rejected
EXP01433,PROJ03633,Labor,2025-03-10,19928,EMP0048,Approved
EXP01434,PROJ00210,Marketing,2024-02-17,204587,EMP0253,Approved
EXP01435,PROJ01238,Marketing,2024-07-12,25143,EMP0106,Rejected
EXP01436,PROJ02331,Transport,2024-08-24,239569,EMP0291,Rejected
EXP01437,PROJ00760,Equipment,2025-03-20,217943,EMP0067,Approved
EXP01438,PROJ01194,Materials,2025-10-17,84683,EMP0121,Pending
EXP01439,PROJ01376,Labor,2025-03-07,140031,EMP0052,Approved
EXP01440,PROJ02175,Materials,2024-12-26,202242,,Approved
EXP01441,PROJ02693,Utilities,2024-08-10,214912,EMP0119,Rejected
EXP01442,PROJ00436,Utilities,2024-09-07,283493,EMP0087,Rejected
EXP01443,PROJ00864,Equipment,2024-11-15,285867,EMP0134,Pending
EXP01444,PROJ00399,Materials,2025-05-02,158966,EMP0110,Pending
EXP01445,PROJ00365,Utilities,2025-01-08,190539,EMP0201,Pending
EXP01446,PROJ04908,Materials,2025-03-02,61416,EMP0084,Approved
EXP01447,PROJ00160,Materials,2024-04-02,278481,EMP0222,Approved
EXP01448,PROJ02500,Transport,2024-11-11,115055,EMP0031,approved
EXP01449,PROJ04512,Materials,2025-05-30,192680,EMP0193,Rejected
EXP01450,PROJ01679,Transport,2024-09-05,41099,EMP0177,Approved
EXP01451,PROJ00414,Marketing,2024-02-21,36652,EMP0020,Rejected
EXP01452,PROJ02724,Labor,2024-11-16,171592,EMP0064,Approved
EXP01453,PROJ03365,Utilities,2025-02-23,134033,EMP0256,Pending
EXP01454,PROJ01318,Marketing,2024-06-03,52268,EMP0197,Approved
EXP01455,PROJ01879,Equipment,2025-02-01,194302,EMP0151,approved
EXP01456,PROJ00012,Utilities,2024-07-28,154966,EMP0278,Pending
EXP01457,PROJ04394,Labor,2025-02-02,211958,EMP0255,approved
EXP01458,PROJ02268,Labor,2024-03-20,104005,EMP0275,Rejected
EXP01459,PROJ01211,Transport,2024-09-12,70604,EMP0208,Approved
EXP01460,PROJ03627,Utilities,2024-11-14,37366,EMP0285,approved
EXP01461,PROJ03270,Labor,2024-01-10,228113,EMP0081,Approved
EXP01462,PROJ03463,Materials,2025-01-30,12461,EMP0200,Rejected
EXP01463,PROJ01386,Equipment,2024-11-01,69257,EMP0180,Pending
EXP01464,PROJ03707,Materials,2024-05-29,235738,EMP0296,Pending
EXP01465,PROJ04694,Materials,2024-06-07,79663,EMP0085,approved
EXP01466,PROJ03522,Utilities,2024-07-10,205908,EMP0236,Approved
EXP01467,PROJ02920,Equipment,2024-09-24,39020,EMP0295,Pending
EXP01468,PROJ04158,Materials,2025-06-11,48452,EMP0268,Approved
EXP01469,PROJ03583,Transport,2024-05-14,131228,EMP0271,Pending
EXP01470,PROJ02017,Materials,2025-06-10,266621,EMP0256,Pending
EXP01471,PROJ04937,Marketing,2024-12-22,9890,EMP0126,approved
EXP01472,PROJ01419,Transport,2025-09-29,15932,EMP0201,approved
EXP01473,PROJ01028,Marketing,2025-04-03,275156,EMP0295,approved
EXP01474,PROJ02875,Equipment,2024-11-13,133529,EMP0144,approved
EXP01475,PROJ02573,Labor,2024-12-19,174320,EMP0148,Approved
EXP01476,PROJ02722,Utilities,2025-01-10,172648,EMP0274,Approved
EXP01477,PROJ03981,Utilities,2025-06-07,133308,EMP0068,Pending
EXP01478,PROJ03867,Equipment,2025-04-26,161094,EMP0267,approved
EXP01479,PROJ01160,Marketing,2024-11-10,18534,EMP0187,Rejected
EXP01480,PROJ03777,Marketing,2025-02-02,213667,,approved
EXP01481,PROJ01864,Marketing,2025-05-28,110547,EMP0148,Approved
EXP01482,PROJ02102,Utilities,2025-01-27,201385,EMP0029,approved
EXP01483,PROJ02580,Utilities,2024-12-24,73893,EMP0188,Approved
EXP01484,PROJ01295,Equipment,2024-04-18,1758,EMP0251,approved
EXP01485,PROJ03199,Materials,2025-07-26,200394,EMP0216,Rejected
EXP01486,PROJ02878,Utilities,2024-10-28,161776,EMP0094,Pending
EXP01487,PROJ04980,Transport,2025-08-30,144625,EMP0093,Rejected
EXP01488,PROJ00531,Equipment,2025-03-01,88823,EMP0209,approved
EXP01489,PROJ02136,Transport,2024-10-10,46575,EMP0154,Rejected
EXP01490,PROJ04709,Utilities,2025-05-25,293692,EMP0056,Pending
EXP01491,PROJ04969,Labor,2024-09-27,98737,EMP0037,Rejected
EXP01492,PROJ02399,Transport,2024-09-30,273668,EMP0235,approved
EXP01493,PROJ02309,Transport,2025-01-25,163101,EMP0033,Rejected
EXP01494,PROJ01623,Marketing,2025-01-18,8976,EMP0274,Pending
EXP01495,PROJ02130,Labor,2025-10-07,73475,EMP0198,Approved
EXP01496,PROJ03368,Utilities,2025-03-19,1116,EMP0256,approved
EXP01497,PROJ04309,Transport,2025-03-26,263632,EMP0248,Rejected
EXP01498,PROJ04265,Marketing,2024-11-12,254682,EMP0299,Pending
EXP01499,PROJ01285,Labor,2024-12-04,185296,EMP0297,approved
EXP01500,PROJ03881,Transport,2024-05-14,23262,EMP0181,Pending
EXP01501,PROJ03479,Labor,2024-08-06,177868,EMP0149,Approved
EXP01502,PROJ00195,Materials,2025-06-19,282133,EMP0047,Rejected
EXP01503,PROJ03103,Transport,2025-06-27,219255,EMP0054,Pending
EXP01504,PROJ03725,Materials,2024-10-13,129408,EMP0088,approved
EXP01505,PROJ04980,Equipment,2025-05-03,172393,EMP0221,Rejected
EXP01506,PROJ02577,Labor,2025-02-03,204571,EMP0238,Approved
EXP01507,PROJ03573,Labor,2025-01-07,29433,EMP0228,Pending
EXP01508,PROJ04414,Materials,2024-07-13,89212,EMP0056,approved
EXP01509,PROJ04231,Labor,2024-11-03,235782,EMP0151,Rejected
EXP01510,PROJ00595,Transport,2024-12-24,135217,EMP0152,Approved
EXP01511,PROJ03517,Materials,2025-06-23,247246,EMP0102,approved
EXP01512,PROJ00876,Labor,2024-10-12,80153,EMP0231,Approved
EXP01513,PROJ01417,Materials,2025-09-21,174637,EMP0015,Pending
EXP01514,PROJ03217,Labor,2025-01-28,50866,EMP0162,Pending
EXP01515,PROJ03940,Labor,2024-07-10,284553,EMP0047,approved
EXP01516,PROJ04650,Equipment,2024-03-26,249379,EMP0004,Pending
EXP01517,PROJ02070,Equipment,2024-01-18,272185,EMP0083,Pending
EXP01518,PROJ01999,Equipment,2025-01-05,239405,EMP0231,Pending
EXP01519,PROJ02230,Labor,2025-02-13,2881,EMP0232,approved
EXP01520,PROJ00911,Utilities,2024-07-03,230113,,Pending
EXP01521,PROJ00560,Labor,2025-01-15,56017,EMP0019,Rejected
EXP01522,PROJ04124,Transport,2024-10-26,160250,EMP0129,Approved
EXP01523,PROJ01401,Equipment,2024-06-22,75442,EMP0067,Pending
EXP01524,PROJ02785,Utilities,2024-09-11,36489,EMP0071,Rejected
EXP01525,PROJ04382,Transport,2024-12-26,16916,EMP0106,Rejected
EXP01526,PROJ03862,Marketing,2025-03-03,122800,EMP0149,Rejected
EXP01527,PROJ04581,Labor,2024-12-23,48305,EMP0104,Approved
EXP01528,PROJ00165,Materials,2024-10-17,89695,EMP0109,Rejected
EXP01529,PROJ03774,Utilities,2024-12-28,53804,EMP0297,Approved
EXP01530,PROJ02451,Labor,2024-08-18,41528,EMP0177,Pending
EXP01531,PROJ03406,Equipment,2024-01-22,107590,EMP0041,Rejected
EXP01532,PROJ04806,Transport,2024-01-10,133067,EMP0050,Approved
EXP01533,PROJ02205,Utilities,2025-04-16,279065,EMP0213,approved
EXP01534,PROJ01694,Utilities,2024-03-26,241974,EMP0004,Rejected
EXP01535,PROJ00907,Marketing,2024-09-07,131571,EMP0064,Rejected
EXP01536,PROJ00100,Materials,2024-06-01,83558,EMP0084,Approved
EXP01537,PROJ02371,Marketing,2024-04-11,191893,EMP0061,approved
EXP01538,PROJ03836,Materials,2024-11-03,122163,EMP0224,Pending
EXP01539,PROJ04324,Materials,2024-06-17,21713,EMP0165,approved
EXP01540,PROJ00195,Utilities,2024-08-26,178428,EMP0044,Approved
EXP01541,PROJ02506,Transport,2025-01-10,151063,EMP0228,Approved
EXP01542,PROJ02374,Labor,2025-04-17,266608,EMP0049,Pending
EXP01543,PROJ01365,Materials,2025-01-08,79065,EMP0065,approved
EXP01544,PROJ03946,Transport,2024-12-25,179800,EMP0233,Rejected
EXP01545,PROJ01238,Labor,2024-09-03,251534,EMP0232,Rejected
EXP01546,PROJ02607,Marketing,2024-04-16,12106,EMP0117,Pending
EXP01547,PROJ04361,Materials,2024-02-23,168051,EMP0037,approved
EXP01548,PROJ03339,Marketing,2025-05-14,210353,EMP0029,Rejected
EXP01549,PROJ04310,Equipment,2024-12-19,237549,EMP0037,Pending
EXP01550,PROJ04564,Transport,2024-01-22,194841,EMP0131,Approved
EXP01551,PROJ01689,Transport,2024-07-15,98489,EMP0276,approved
EXP01552,PROJ03080,Marketing,2024-12-13,51532,EMP0066,Approved
EXP01553,PROJ02681,Labor,2024-06-09,120851,EMP0186,approved
EXP01554,PROJ03331,Marketing,2024-12-29,136595,EMP0014,Rejected
EXP01555,PROJ00510,Materials,2025-02-17,168247,EMP0224,Rejected
EXP01556,PROJ00984,Labor,2024-01-20,259013,EMP0229,Rejected
EXP01557,PROJ00070,Materials,2025-05-06,28929,EMP0170,Pending
EXP01558,PROJ03798,Transport,2024-08-28,5859,EMP0298,Approved
EXP01559,PROJ04285,Transport,2025-02-18,96104,EMP0044,approved
EXP01560,PROJ04771,Materials,2024-10-23,135884,,Approved
EXP01561,PROJ01856,Transport,2024-11-03,283460,EMP0254,Rejected
EXP01562,PROJ01330,Materials,2024-04-26,235693,EMP0100,Pending
EXP01563,PROJ00444,Utilities,2025-07-22,267524,EMP0258,approved
EXP01564,PROJ01466,Utilities,2024-10-04,288707,EMP0222,approved
EXP01565,PROJ01370,Marketing,2025-02-06,116450,EMP0113,Pending
EXP01566,PROJ00100,Materials,2024-07-20,85568,EMP0075,approved
EXP01567,PROJ00521,Marketing,2024-04-26,15814,EMP0065,Pending
EXP01568,PROJ00124,Equipment,2025-01-31,288170,EMP0180,approved
EXP01569,PROJ01327,Marketing,2025-04-30,243705,EMP0268,approved
EXP01570,PROJ02462,Materials,2025-01-01,124183,EMP0101,approved
EXP01571,PROJ00216,Materials,2024-11-28,120675,EMP0068,approved
EXP01572,PROJ02627,Labor,2025-05-19,50197,EMP0296,Pending
EXP01573,PROJ02173,Materials,2024-09-26,170995,EMP0184,Pending
EXP01574,PROJ04979,Transport,2024-11-18,285769,EMP0187,Pending
EXP01575,PROJ03666,Utilities,2024-10-30,164115,EMP0038,approved
EXP01576,PROJ03386,Transport,2024-10-20,257897,EMP0023,approved
EXP01577,PROJ00576,Transport,2024-02-14,151696,EMP0249,Rejected
EXP01578,PROJ03813,Transport,2024-06-04,75599,EMP0150,approved
EXP01579,PROJ03652,Utilities,2024-10-05,102949,EMP0142,Approved
EXP01580,PROJ00409,Marketing,2024-06-14,25783,EMP0015,Approved
EXP01581,PROJ02551,Equipment,2024-09-05,16154,EMP0056,Rejected
EXP01582,PROJ04836,Equipment,2024-12-24,212089,EMP0230,Rejected
EXP01583,PROJ04253,Labor,2024-06-01,11589,EMP0183,Approved
EXP01584,PROJ03223,Transport,2025-02-01,162437,EMP0019,Rejected
EXP01585,PROJ02506,Labor,2025-04-26,103370,EMP0241,approved
EXP01586,PROJ03108,Labor,2024-12-02,229636,EMP0065,approved
EXP01587,PROJ02223,Transport,2025-04-16,72312,EMP0040,Approved
EXP01588,PROJ04530,Materials,2024-08-12,195276,EMP0126,approved
EXP01589,PROJ02131,Equipment,2024-12-11,41701,EMP0008,approved
EXP01590,PROJ03863,Materials,2024-10-06,247475,EMP0090,Approved
EXP01591,PROJ00537,Transport,2024-10-01,73492,EMP0237,Rejected
EXP01592,PROJ03833,Utilities,2024-12-05,27157,EMP0155,approved
EXP01593,PROJ04629,Equipment,2025-01-08,59736,EMP0005,Rejected
EXP01594,PROJ02602,Utilities,2024-12-04,88080,EMP0029,Approved
EXP01595,PROJ00572,Utilities,2024-10-08,166079,EMP0040,approved
EXP01596,PROJ04056,Marketing,2025-08-05,101874,EMP0160,Approved
EXP01597,PROJ00579,Utilities,2024-12-04,228656,EMP0203,Approved
EXP01598,PROJ03799,Marketing,2024-09-15,288528,EMP0270,approved
EXP01599,PROJ01458,Transport,2025-01-16,178964,EMP0205,Rejected
EXP01600,PROJ04223,Marketing,2024-09-11,201348,,Approved
EXP01601,PROJ00079,Utilities,2025-05-10,77231,EMP0193,approved
EXP01602,PROJ04848,Labor,2024-10-30,228129,EMP0247,approved
EXP01603,PROJ03012,Materials,2024-04-23,134353,EMP0117,Rejected
EXP01604,PROJ01066,Labor,2024-12-01,269614,EMP0005,Pending
EXP01605,PROJ03573,Marketing,2025-03-20,204497,EMP0019,Approved
EXP01606,PROJ03668,Utilities,2025-06-14,254665,EMP0255,Rejected
EXP01607,PROJ01214,Equipment,2025-03-02,257343,EMP0183,approved
EXP01608,PROJ02972,Utilities,2024-10-29,98278,EMP0300,Pending
EXP01609,PROJ03917,Labor,2024-10-12,6162,EMP0020,Approved
EXP01610,PROJ03975,Utilities,2025-05-04,281492,EMP0010,approved
EXP01611,PROJ00426,Utilities,2024-12-24,91830,EMP0137,Pending
EXP01612,PROJ04585,Labor,2024-10-29,274633,EMP0294,Approved
EXP01613,PROJ02722,Equipment,2025-01-10,131824,EMP0187,Approved
EXP01614,PROJ01082,Marketing,2025-05-06,172817,EMP0187,Approved
EXP01615,PROJ03316,Labor,2024-09-19,6217,EMP0133,approved
EXP01616,PROJ02754,Marketing,2025-08-04,271590,EMP0105,approved
EXP01617,PROJ03720,Labor,2025-01-14,116066,EMP0146,approved
EXP01618,PROJ03166,Transport,2024-10-29,76142,EMP0082,Approved
EXP01619,PROJ04324,Utilities,2024-08-09,54603,EMP0078,approved
EXP01620,PROJ00869,Labor,2024-04-23,124884,EMP0073,Approved
EXP01621,PROJ02875,Materials,2024-11-09,164819,EMP0199,approved
EXP01622,PROJ02796,Transport,2024-04-29,130739,EMP0052,Pending
EXP01623,PROJ03738,Materials,2025-05-18,287111,EMP0255,Rejected
EXP01624,PROJ01333,Materials,2024-12-13,196298,EMP0111,approved
EXP01625,PROJ04212,Transport,2024-12-20,71702,EMP0158,Pending
EXP01626,PROJ04073,Transport,2024-09-10,142621,EMP0124,Pending
EXP01627,PROJ04483,Utilities,2024-07-20,224574,EMP0064,approved
EXP01628,PROJ00800,Transport,2024-11-29,236462,EMP0128,approved
EXP01629,PROJ01019,Labor,2024-12-26,198434,EMP0048,Pending
EXP01630,PROJ04434,Transport,2025-01-27,128808,EMP0045,Rejected
EXP01631,PROJ00700,Transport,2024-11-29,170043,EMP0005,approved
EXP01632,PROJ04639,Marketing,2025-07-20,23085,EMP0056,Approved
EXP01633,PROJ03016,Equipment,2025-07-08,16646,EMP0171,approved
EXP01634,PROJ00124,Utilities,2025-01-24,172536,EMP0228,Pending
EXP01635,PROJ03383,Utilities,2025-06-13,211627,EMP0299,approved
EXP01636,PROJ00294,Materials,2024-08-16,95498,EMP0069,Pending
EXP01637,PROJ01191,Equipment,2025-07-09,288191,EMP0053,Pending
EXP01638,PROJ02127,Marketing,2025-03-13,246416,EMP0213,approved
EXP01639,PROJ04420,Equipment,2024-08-28,76018,EMP0187,approved
EXP01640,PROJ00767,Labor,2024-02-09,287999,,Approved
EXP01641,PROJ03283,Utilities,2024-07-26,183523,EMP0172,Approved
EXP01642,PROJ01240,Transport,2025-02-07,61519,EMP0214,Rejected
EXP01643,PROJ03606,Utilities,2025-02-28,155210,EMP0090,Approved
EXP01644,PROJ00957,Equipment,2024-12-31,39281,EMP0129,Rejected
EXP01645,PROJ03611,Utilities,2025-06-23,225368,EMP0034,Approved
EXP01646,PROJ00773,Transport,2024-04-25,296462,EMP0073,approved
EXP01647,PROJ03698,Materials,2025-04-04,179955,EMP0221,Approved
EXP01648,PROJ03364,Marketing,2024-08-11,193611,EMP0247,Rejected
EXP01649,PROJ00429,Marketing,2025-01-17,287001,EMP0118,Pending
EXP01650,PROJ01622,Labor,2024-09-21,226839,EMP0018,Approved
EXP01651,PROJ00869,Utilities,2024-09-18,175868,EMP0106,Pending
EXP01652,PROJ01623,Labor,2025-01-28,74516,EMP0007,Approved
EXP01653,PROJ04379,Transport,2025-08-28,48411,EMP0291,Approved
EXP01654,PROJ03893,Utilities,2024-09-21,278835,EMP0209,approved
EXP01655,PROJ00285,Transport,2024-07-14,193785,EMP0106,Rejected
EXP01656,PROJ01699,Labor,2024-11-03,279139,EMP0116,Pending
EXP01657,PROJ02956,Transport,2025-02-26,120965,EMP0119,Pending
EXP01658,PROJ00462,Utilities,2025-03-16,263796,EMP0249,Rejected
EXP01659,PROJ03118,Transport,2024-04-04,282918,EMP0009,Rejected
EXP01660,PROJ03837,Equipment,2024-02-11,85576,EMP0081,Rejected
EXP01661,PROJ03832,Utilities,2024-10-10,138689,EMP0056,Rejected
EXP01662,PROJ00058,Transport,2025-01-29,68891,EMP0161,Rejected
EXP01663,PROJ04732,Labor,2025-06-10,232392,EMP0022,Pending
EXP01664,PROJ02778,Materials,2024-07-10,198244,EMP0200,Pending
EXP01665,PROJ04739,Equipment,2024-10-20,172446,EMP0104,Approved
EXP01666,PROJ00719,Equipment,2024-11-19,285050,EMP0284,Rejected
EXP01667,PROJ04535,Transport,2025-07-05,26955,EMP0093,approved
EXP01668,PROJ04714,Labor,2024-10-19,177173,EMP0159,Approved
EXP01669,PROJ04835,Equipment,2025-04-21,155633,EMP0065,approved
EXP01670,PROJ02047,Labor,2025-05-12,98865,EMP0238,Pending
EXP01671,PROJ04063,Labor,2024-08-16,83125,EMP0274,Approved
EXP01672,PROJ02816,Materials,2025-01-04,228541,EMP0223,Approved
EXP01673,PROJ01171,Utilities,2025-05-01,70334,EMP0280,Pending
EXP01674,PROJ02276,Transport,2025-09-09,272757,EMP0104,approved
EXP01675,PROJ02823,Equipment,2025-06-30,118835,EMP0065,Approved
EXP01676,PROJ03625,Marketing,2024-11-14,25708,EMP0132,approved
EXP01677,PROJ00867,Transport,2024-12-30,1316,EMP0116,Pending
EXP01678,PROJ04269,Marketing,2025-02-24,74963,EMP0157,approved
EXP01679,PROJ04248,Materials,2025-01-07,25327,EMP0163,approved
EXP01680,PROJ01270,Equipment,2024-12-05,48762,,Rejected
EXP01681,PROJ03084,Utilities,2025-06-20,70076,EMP0123,Rejected
EXP01682,PROJ03894,Transport,2024-11-29,120173,EMP0110,Rejected
EXP01683,PROJ01241,Transport,2024-05-13,114489,EMP0300,Pending
EXP01684,PROJ02608,Marketing,2025-08-13,249848,EMP0138,approved
EXP01685,PROJ03071,Marketing,2025-04-11,166545,EMP0105,Rejected
EXP01686,PROJ03173,Transport,2025-06-20,43137,EMP0222,Approved
EXP01687,PROJ00593,Utilities,2024-03-16,160902,EMP0033,Rejected
EXP01688,PROJ01609,Labor,2024-08-19,179305,EMP0277,Pending
EXP01689,PROJ03270,Labor,2025-09-13,205843,EMP0027,approved
EXP01690,PROJ03977,Utilities,2024-06-28,253062,EMP0062,approved
EXP01691,PROJ02247,Marketing,2024-09-22,265687,EMP0073,Pending
EXP01692,PROJ02847,Utilities,2025-11-24,119766,EMP0044,Rejected
EXP01693,PROJ02207,Utilities,2025-12-01,111113,EMP0283,approved
EXP01694,PROJ04424,Marketing,2024-12-15,137012,EMP0219,Rejected
EXP01695,PROJ00890,Labor,2025-01-29,250584,EMP0062,Pending
EXP01696,PROJ02994,Marketing,2025-04-27,140141,EMP0047,Rejected
EXP01697,PROJ04253,Equipment,2024-04-18,37911,EMP0225,Approved
EXP01698,PROJ02967,Labor,2025-01-07,17678,EMP0238,approved
EXP01699,PROJ03387,Utilities,2025-06-17,18976,EMP0135,Pending
EXP01700,PROJ04442,Marketing,2024-11-04,202672,EMP0170,Pending
EXP01701,PROJ01860,Marketing,2025-07-26,153870,EMP0036,approved
EXP01702,PROJ02362,Transport,2025-02-20,225410,EMP0038,Rejected
EXP01703,PROJ03046,Materials,2024-11-04,41630,EMP0071,Approved
EXP01704,PROJ00345,Materials,2025-05-17,290227,EMP0017,approved
EXP01705,PROJ00864,Materials,2024-09-14,60101,EMP0218,Approved
EXP01706,PROJ02568,Materials,2024-07-09,19773,EMP0112,Rejected
EXP01707,PROJ04402,Labor,2025-07-09,142485,EMP0213,Rejected
EXP01708,PROJ04476,Utilities,2024-11-09,70981,EMP0248,Approved
EXP01709,PROJ02277,Utilities,2024-09-07,20810,EMP0193,approved
EXP01710,PROJ02541,Materials,2024-12-20,276206,EMP0102,approved
EXP01711,PROJ00789,Equipment,2024-07-14,243053,EMP0054,Pending
EXP01712,PROJ03909,Labor,2024-10-05,257163,EMP0105,Approved
EXP01713,PROJ04692,Equipment,2025-02-01,77709,EMP0180,approved
EXP01714,PROJ03633,Materials,2024-12-15,52111,EMP0243,Rejected
EXP01715,PROJ01657,Transport,2024-08-30,110447,EMP0123,Approved
EXP01716,PROJ03799,Labor,2024-09-26,159655,EMP0170,Approved
EXP01717,PROJ01308,Marketing,2025-04-30,186103,EMP0049,approved
EXP01718,PROJ00752,Materials,2024-12-18,96228,EMP0239,Pending
EXP01719,PROJ01081,Equipment,2025-01-22,260373,EMP0014,Pending
EXP01720,PROJ01759,Labor,2025-05-30,71449,,Approved
EXP01721,PROJ03233,Utilities,2025-01-10,296377,EMP0237,Pending
EXP01722,PROJ04145,Equipment,2025-01-05,283020,EMP0268,Approved
EXP01723,PROJ02565,Equipment,2024-07-24,83256,EMP0221,Rejected
EXP01724,PROJ03828,Transport,2024-07-30,143935,EMP0137,approved
EXP01725,PROJ01855,Transport,2024-04-29,37148,EMP0059,approved
EXP01726,PROJ01507,Utilities,2025-04-25,27405,EMP0289,Approved
EXP01727,PROJ03379,Equipment,2024-05-05,14097,EMP0228,approved
EXP01728,PROJ03631,Equipment,2024-12-06,285376,EMP0205,Rejected
EXP01729,PROJ02183,Utilities,2024-09-01,117424,EMP0236,approved
EXP01730,PROJ02631,Materials,2024-08-19,49848,EMP0163,approved
EXP01731,PROJ02647,Transport,2024-12-05,66405,EMP0125,Approved
EXP01732,PROJ04931,Marketing,2024-12-29,146330,EMP0054,Pending
EXP01733,PROJ01256,Utilities,2025-01-30,229817,EMP0225,Rejected
EXP01734,PROJ01817,Marketing,2025-09-23,84244,EMP0048,Approved
EXP01735,PROJ03026,Transport,2025-03-06,91366,EMP0287,Pending
EXP01736,PROJ01420,Transport,2024-03-10,139873,EMP0208,Pending
EXP01737,PROJ00335,Transport,2024-12-06,127127,EMP0016,Pending
EXP01738,PROJ02407,Marketing,2025-02-26,250051,EMP0035,Pending
EXP01739,PROJ03313,Utilities,2024-07-14,162868,EMP0238,approved
EXP01740,PROJ01331,Labor,2025-03-29,201762,EMP0277,Approved
EXP01741,PROJ02580,Transport,2025-02-15,260144,EMP0062,approved
EXP01742,PROJ04224,Materials,2025-01-06,22736,EMP0290,Pending
EXP01743,PROJ04965,Equipment,2024-12-16,200303,EMP0099,approved
EXP01744,PROJ01856,Labor,2025-04-13,106071,EMP0118,Approved
EXP01745,PROJ02459,Marketing,2025-01-02,132060,EMP0135,Pending
EXP01746,PROJ01972,Equipment,2024-10-20,224309,EMP0252,approved
EXP01747,PROJ02226,Materials,2024-08-30,59083,EMP0198,approved
EXP01748,PROJ01454,Labor,2025-04-22,140930,EMP0094,approved
EXP01749,PROJ02878,Utilities,2024-12-21,199257,EMP0183,Rejected
EXP01750,PROJ03001,Materials,2025-01-21,156386,EMP0185,Pending
EXP01751,PROJ02424,Utilities,2024-05-14,171065,EMP0093,Pending
EXP01752,PROJ01563,Labor,2024-09-20,174854,EMP0124,Rejected
EXP01753,PROJ04570,Equipment,2024-09-27,200141,EMP0229,approved
EXP01754,PROJ01453,Labor,2024-11-13,174041,EMP0126,approved
EXP01755,PROJ03798,Utilities,2025-03-12,28262,EMP0013,Approved
EXP01756,PROJ01309,Marketing,2024-07-19,287788,EMP0217,approved
EXP01757,PROJ02777,Equipment,2024-11-27,35505,EMP0130,Pending
EXP01758,PROJ02752,Labor,2024-12-25,235307,EMP0080,Rejected
EXP01759,PROJ04150,Materials,2024-08-10,281902,EMP0050,Rejected
EXP01760,PROJ01844,Utilities,2024-11-08,253541,,Pending
EXP01761,PROJ04481,Transport,2024-08-20,2438,EMP0140,Rejected
EXP01762,PROJ01030,Materials,2025-03-07,2532,EMP0043,Approved
EXP01763,PROJ00469,Materials,2025-03-07,257128,EMP0227,Pending
EXP01764,PROJ00009,Materials,2024-03-15,234640,EMP0275,Rejected
EXP01765,PROJ03793,Labor,2025-06-26,14647,EMP0221,Approved
EXP01766,PROJ00123,Marketing,2024-07-20,2854,EMP0110,Pending
EXP01767,PROJ01852,Equipment,2024-12-13,248950,EMP0288,Pending
EXP01768,PROJ01971,Materials,2024-05-31,270268,EMP0233,approved
EXP01769,PROJ01919,Labor,2025-07-08,227365,EMP0218,Rejected
EXP01770,PROJ01176,Labor,2025-03-29,294837,EMP0221,Approved
EXP01771,PROJ01161,Equipment,2025-02-23,208985,EMP0294,Rejected
EXP01772,PROJ03112,Materials,2025-06-26,229236,EMP0269,Rejected
EXP01773,PROJ00879,Transport,2024-08-07,237698,EMP0298,Approved
EXP01774,PROJ03921,Utilities,2024-06-04,20041,EMP0127,Pending
EXP01775,PROJ00495,Utilities,2024-10-15,115771,EMP0297,approved
EXP01776,PROJ00612,Materials,2024-10-21,240486,EMP0161,Rejected
EXP01777,PROJ03711,Transport,2025-01-09,288090,EMP0278,Approved
EXP01778,PROJ01710,Transport,2025-03-19,41370,EMP0020,Approved
EXP01779,PROJ03774,Marketing,2024-11-29,278173,EMP0150,approved
EXP01780,PROJ04932,Transport,2024-06-29,87927,EMP0268,approved
EXP01781,PROJ03799,Equipment,2024-09-05,291477,EMP0170,Rejected
EXP01782,PROJ01861,Equipment,2025-03-07,101952,EMP0223,Pending
EXP01783,PROJ04064,Labor,2024-07-19,157028,EMP0076,Approved
EXP01784,PROJ02555,Labor,2025-04-27,44757,EMP0102,Approved
EXP01785,PROJ00742,Marketing,2024-09-20,214534,EMP0014,Pending
EXP01786,PROJ03866,Marketing,2025-06-19,76468,EMP0087,approved
EXP01787,PROJ02142,Utilities,2025-05-17,40891,EMP0117,Approved
EXP01788,PROJ01409,Transport,2024-11-20,220628,EMP0145,Approved
EXP01789,PROJ03512,Materials,2025-05-27,93852,EMP0181,Approved
EXP01790,PROJ01909,Marketing,2024-12-14,61126,EMP0256,Pending
EXP01791,PROJ01806,Labor,2025-02-16,123595,EMP0008,approved
EXP01792,PROJ03552,Transport,2025-01-30,280524,EMP0148,Pending
EXP01793,PROJ03985,Materials,2025-11-09,245187,EMP0033,approved
EXP01794,PROJ00684,Marketing,2024-08-30,179406,EMP0072,Rejected
EXP01795,PROJ01922,Utilities,2024-10-03,65375,EMP0245,Pending
EXP01796,PROJ01888,Transport,2025-02-18,126272,EMP0142,Rejected
EXP01797,PROJ02041,Labor,2025-02-27,20166,EMP0002,Rejected
EXP01798,PROJ01587,Marketing,2024-09-28,249136,EMP0247,approved
EXP01799,PROJ04851,Materials,2024-05-24,45992,EMP0290,Approved
EXP01800,PROJ01777,Labor,2024-12-30,96656,,approved
EXP01801,PROJ01474,Materials,2024-05-01,129971,EMP0131,Rejected
EXP01802,PROJ00279,Utilities,2024-09-27,164157,EMP0141,approved
EXP01803,PROJ03915,Transport,2025-03-01,225615,EMP0120,Pending
EXP01804,PROJ00670,Labor,2024-01-31,81131,EMP0198,Approved
EXP01805,PROJ01649,Utilities,2024-04-05,112851,EMP0191,approved
EXP01806,PROJ02683,Utilities,2025-09-15,282229,EMP0051,Rejected
EXP01807,PROJ04394,Utilities,2025-02-10,210432,EMP0300,approved
EXP01808,PROJ04144,Equipment,2025-01-19,116176,EMP0192,Pending
EXP01809,PROJ00236,Materials,2025-07-26,42428,EMP0104,Approved
EXP01810,PROJ01358,Marketing,2024-10-25,211709,EMP0103,approved
EXP01811,PROJ04218,Labor,2024-03-28,70030,EMP0049,approved
EXP01812,PROJ00581,Utilities,2025-02-22,247564,EMP0218,Approved
EXP01813,PROJ01306,Transport,2025-03-24,276029,EMP0299,Pending
EXP01814,PROJ01484,Materials,2025-01-20,35144,EMP0020,Approved
EXP01815,PROJ02206,Materials,2024-07-29,118265,EMP0225,Pending
EXP01816,PROJ04558,Marketing,2024-12-05,282711,EMP0288,approved
EXP01817,PROJ01057,Utilities,2025-01-25,298720,EMP0292,Pending
EXP01818,PROJ04244,Equipment,2025-02-26,18462,EMP0097,Rejected
EXP01819,PROJ00338,Materials,2025-06-20,176398,EMP0241,approved
EXP01820,PROJ04462,Marketing,2024-11-24,118983,EMP0097,Rejected
EXP01821,PROJ04809,Labor,2024-07-13,13981,EMP0246,Pending
EXP01822,PROJ02213,Marketing,2024-07-17,65281,EMP0255,Pending
EXP01823,PROJ04055,Marketing,2024-03-05,203199,EMP0047,approved
EXP01824,PROJ04478,Utilities,2025-11-08,155047,EMP0127,approved
EXP01825,PROJ04119,Materials,2024-11-29,72257,EMP0163,Rejected
EXP01826,PROJ04450,Materials,2024-07-16,83124,EMP0145,Pending
EXP01827,PROJ02033,Labor,2024-03-01,240382,EMP0134,Pending
EXP01828,PROJ03563,Equipment,2025-04-06,66217,EMP0198,Rejected
EXP01829,PROJ00244,Materials,2024-08-23,127992,EMP0226,Approved
EXP01830,PROJ03680,Equipment,2024-12-24,18199,EMP0085,Rejected
EXP01831,PROJ01343,Materials,2024-11-13,39251,EMP0072,approved
EXP01832,PROJ04034,Transport,2024-12-06,118034,EMP0210,Approved
EXP01833,PROJ04311,Equipment,2025-06-09,295206,EMP0292,Pending
EXP01834,PROJ00305,Transport,2024-08-30,60699,EMP0052,approved
EXP01835,PROJ02027,Labor,2024-09-28,215731,EMP0240,Rejected
EXP01836,PROJ00929,Equipment,2025-07-10,77112,EMP0159,Pending
EXP01837,PROJ04568,Utilities,2024-07-05,104389,EMP0190,Pending
EXP01838,PROJ04224,Equipment,2025-04-01,131897,EMP0190,Rejected
EXP01839,PROJ00618,Utilities,2024-11-07,256094,EMP0016,Approved
EXP01840,PROJ00738,Utilities,2024-06-05,37315,,Approved
EXP01841,PROJ02488,Equipment,2025-08-31,277988,EMP0067,Pending
EXP01842,PROJ04818,Equipment,2024-10-13,171673,EMP0280,Pending
EXP01843,PROJ00909,Utilities,2025-03-20,208782,EMP0033,Pending
EXP01844,PROJ01468,Equipment,2025-03-28,24381,EMP0288,approved
EXP01845,PROJ01519,Marketing,2025-02-13,179077,EMP0249,Approved
EXP01846,PROJ02571,Labor,2024-10-23,38638,EMP0196,approved
EXP01847,PROJ00698,Labor,2024-11-29,241004,EMP0231,approved
EXP01848,PROJ00044,Labor,2024-09-15,133519,EMP0083,Rejected
EXP01849,PROJ01395,Utilities,2024-11-17,81247,EMP0016,Approved
EXP01850,PROJ02286,Labor,2025-03-17,171761,EMP0050,Rejected
EXP01851,PROJ04223,Marketing,2024-09-25,31999,EMP0200,Rejected
EXP01852,PROJ00521,Materials,2024-06-13,259938,EMP0197,approved
EXP01853,PROJ01925,Transport,2025-02-18,31725,EMP0210,Pending
EXP01854,PROJ03812,Transport,2024-11-11,150195,EMP0215,Pending
EXP01855,PROJ00143,Labor,2025-02-26,64741,EMP0279,Pending
EXP01856,PROJ01124,Utilities,2025-04-21,109231,EMP0079,Pending
EXP01857,PROJ01943,Materials,2025-03-10,103092,EMP0046,Pending
EXP01858,PROJ03584,Utilities,2024-05-08,139557,EMP0102,Approved
EXP01859,PROJ01510,Marketing,2025-01-12,232704,EMP0288,Pending
EXP01860,PROJ00201,Equipment,2025-01-03,176998,EMP0172,Approved
EXP01861,PROJ02226,Utilities,2024-09-01,176634,EMP0220,Rejected
EXP01862,PROJ04482,Transport,2024-11-17,146452,EMP0225,Rejected
EXP01863,PROJ04084,Marketing,2024-10-09,149167,EMP0112,Pending
EXP01864,PROJ02644,Transport,2025-01-27,247891,EMP0122,Approved
EXP01865,PROJ02782,Equipment,2024-11-05,266903,EMP0025,Approved
EXP01866,PROJ01255,Marketing,2024-05-10,103718,EMP0231,Rejected
EXP01867,PROJ01902,Marketing,2025-06-02,38160,EMP0060,Approved
EXP01868,PROJ03569,Equipment,2024-10-04,129189,EMP0267,Approved
EXP01869,PROJ00471,Materials,2024-10-25,241089,EMP0241,Approved
EXP01870,PROJ01110,Utilities,2024-10-21,281784,EMP0076,Rejected
EXP01871,PROJ02850,Marketing,2025-06-25,27717,EMP0033,Pending
EXP01872,PROJ00509,Labor,2025-02-20,197842,EMP0026,approved
EXP01873,PROJ02536,Labor,2025-01-26,129167,EMP0031,Approved
EXP01874,PROJ00015,Materials,2024-12-03,113294,EMP0222,Approved
EXP01875,PROJ03958,Transport,2024-06-20,123303,EMP0067,Pending
EXP01876,PROJ04046,Utilities,2024-11-26,21626,EMP0118,Approved
EXP01877,PROJ01689,Marketing,2024-04-10,254362,EMP0234,Approved
EXP01878,PROJ01289,Marketing,2025-02-24,262454,EMP0011,Rejected
EXP01879,PROJ00457,Labor,2024-10-13,188298,EMP0028,approved
EXP01880,PROJ00002,Marketing,2024-11-26,296233,,Pending
EXP01881,PROJ00730,Equipment,2024-04-19,201973,EMP0043,Pending
EXP01882,PROJ04966,Equipment,2024-06-11,69729,EMP0174,Pending
EXP01883,PROJ02148,Marketing,2025-05-27,53743,EMP0215,Approved
EXP01884,PROJ04862,Marketing,2025-01-16,286092,EMP0196,approved
EXP01885,PROJ01083,Marketing,2025-02-10,74869,EMP0262,approved
EXP01886,PROJ03687,Equipment,2025-09-02,221001,EMP0256,Rejected
EXP01887,PROJ04993,Equipment,2025-02-22,134257,EMP0247,approved
EXP01888,PROJ01848,Marketing,2024-05-29,137610,EMP0183,Rejected
EXP01889,PROJ02871,Equipment,2024-12-18,230737,EMP0291,approved
EXP01890,PROJ04499,Materials,2025-02-14,109778,EMP0296,Rejected
EXP01891,PROJ04470,Transport,2024-08-03,299931,EMP0022,approved
EXP01892,PROJ04505,Materials,2025-07-13,55871,EMP0279,Pending
EXP01893,PROJ04854,Labor,2025-08-13,44147,EMP0142,Approved
EXP01894,PROJ02505,Materials,2024-10-07,88693,EMP0260,Approved
EXP01895,PROJ01674,Transport,2025-06-10,23458,EMP0155,Pending
EXP01896,PROJ04875,Marketing,2025-06-15,186360,EMP0147,Approved
EXP01897,PROJ03159,Marketing,2024-07-09,42645,EMP0172,Approved
EXP01898,PROJ00321,Marketing,2024-03-21,243944,EMP0198,approved
EXP01899,PROJ02738,Materials,2025-01-16,108777,EMP0163,Rejected
EXP01900,PROJ03031,Transport,2024-10-02,20786,EMP0017,Rejected
EXP01901,PROJ00276,Transport,2024-10-25,260567,EMP0204,Rejected
EXP01902,PROJ04163,Labor,2025-01-29,34599,EMP0072,Approved
EXP01903,PROJ01706,Materials,2024-08-03,189084,EMP0233,Approved
EXP01904,PROJ04171,Labor,2024-08-13,10009,EMP0157,Approved
EXP01905,PROJ03817,Marketing,2024-06-20,299528,EMP0150,Rejected
EXP01906,PROJ00979,Materials,2025-08-06,59781,EMP0136,Rejected
EXP01907,PROJ04514,Transport,2025-05-04,190852,EMP0258,Approved
EXP01908,PROJ02578,Labor,2025-07-29,56492,EMP0054,Rejected
EXP01909,PROJ04379,Materials,2024-09-15,69162,EMP0010,Rejected
EXP01910,PROJ02812,Marketing,2024-12-23,83347,EMP0158,Approved
EXP01911,PROJ03559,Equipment,2024-09-12,14582,EMP0081,Approved
EXP01912,PROJ01685,Materials,2025-03-20,179276,EMP0291,Approved
EXP01913,PROJ01313,Labor,2025-07-07,267851,EMP0238,Pending
EXP01914,PROJ04731,Materials,2024-11-11,211122,EMP0061,Rejected
EXP01915,PROJ00689,Utilities,2024-08-18,52856,EMP0083,Approved
EXP01916,PROJ02263,Equipment,2024-06-27,180499,EMP0297,Approved
EXP01917,PROJ02827,Utilities,2025-01-01,255195,EMP0205,Approved
EXP01918,PROJ02816,Labor,2024-10-23,295220,EMP0232,approved
EXP01919,PROJ01652,Labor,2025-06-07,215245,EMP0045,Rejected
EXP01920,PROJ04736,Utilities,2025-06-09,169726,,Pending
EXP01921,PROJ00247,Labor,2025-04-08,95767,EMP0044,Rejected
EXP01922,PROJ00653,Labor,2024-12-28,103698,EMP0078,approved
EXP01923,PROJ01604,Labor,2025-01-24,287299,EMP0132,Pending
EXP01924,PROJ01156,Transport,2024-10-19,137776,EMP0070,Approved
EXP01925,PROJ00263,Utilities,2025-04-11,268715,EMP0155,Approved
EXP01926,PROJ02633,Transport,2024-03-21,292042,EMP0130,Approved
EXP01927,PROJ02788,Materials,2024-11-05,39587,EMP0283,Approved
EXP01928,PROJ01015,Transport,2024-06-25,41547,EMP0103,approved
EXP01929,PROJ03819,Equipment,2024-03-23,132705,EMP0157,approved
EXP01930,PROJ03408,Utilities,2025-05-09,92263,EMP0274,Rejected
EXP01931,PROJ00296,Marketing,2025-12-16,221505,EMP0080,approved
EXP01932,PROJ04623,Labor,2024-12-14,45391,EMP0286,approved
EXP01933,PROJ03041,Marketing,2024-04-12,97454,EMP0008,Rejected
EXP01934,PROJ04654,Transport,2024-12-28,291745,EMP0122,Pending
EXP01935,PROJ01817,Transport,2025-03-25,40602,EMP0230,Rejected
EXP01936,PROJ02007,Marketing,2024-10-11,137534,EMP0124,Rejected
EXP01937,PROJ04171,Marketing,2024-08-31,30370,EMP0057,approved
EXP01938,PROJ03112,Labor,2025-06-16,297253,EMP0270,Rejected
EXP01939,PROJ02190,Utilities,2025-02-25,24333,EMP0002,Rejected
EXP01940,PROJ03774,Utilities,2024-09-23,112631,EMP0029,Rejected
EXP01941,PROJ00494,Marketing,2024-05-29,191167,EMP0054,approved
EXP01942,PROJ04392,Transport,2024-10-22,216752,EMP0031,Pending
EXP01943,PROJ02503,Labor,2024-10-27,269675,EMP0074,Pending
EXP01944,PROJ02310,Utilities,2024-07-09,196345,EMP0213,Pending
EXP01945,PROJ03830,Marketing,2024-12-08,168607,EMP0099,Pending
EXP01946,PROJ01115,Labor,2025-03-27,244552,EMP0113,Rejected
EXP01947,PROJ04991,Equipment,2025-06-06,28174,EMP0022,approved
EXP01948,PROJ02338,Materials,2024-12-15,232081,EMP0108,Approved
EXP01949,PROJ03797,Marketing,2024-10-03,218416,EMP0111,approved
EXP01950,PROJ01131,Labor,2024-11-10,36554,EMP0292,Pending
EXP01951,PROJ00256,Marketing,2024-10-10,41436,EMP0064,approved
EXP01952,PROJ04355,Materials,2024-12-31,90382,EMP0202,Pending
EXP01953,PROJ02636,Labor,2025-08-24,80405,EMP0073,Approved
EXP01954,PROJ00665,Utilities,2025-05-02,280541,EMP0010,Pending
EXP01955,PROJ04919,Labor,2025-01-14,225551,EMP0186,Approved
EXP01956,PROJ02568,Utilities,2025-04-05,267701,EMP0101,Approved
EXP01957,PROJ02265,Utilities,2025-04-26,249958,EMP0082,approved
EXP01958,PROJ04776,Labor,2024-06-12,187384,EMP0163,Pending
EXP01959,PROJ00969,Labor,2024-11-15,79605,EMP0031,Approved
EXP01960,PROJ02387,Materials,2024-08-28,285458,,Rejected
EXP01961,PROJ00336,Transport,2024-07-13,289858,EMP0276,approved
EXP01962,PROJ00130,Utilities,2025-08-17,275148,EMP0042,Rejected
EXP01963,PROJ03882,Transport,2024-11-12,182739,EMP0157,approved
EXP01964,PROJ01580,Equipment,2025-08-03,43588,EMP0059,Rejected
EXP01965,PROJ03790,Materials,2024-06-07,188315,EMP0130,Rejected
EXP01966,PROJ01901,Marketing,2024-07-21,211164,EMP0264,Pending
EXP01967,PROJ00093,Labor,2025-05-13,179007,EMP0040,Rejected
EXP01968,PROJ00760,Transport,2024-08-23,178411,EMP0071,Pending
EXP01969,PROJ02905,Materials,2025-01-08,59959,EMP0167,Rejected
EXP01970,PROJ04508,Equipment,2025-01-30,267093,EMP0170,Approved
EXP01971,PROJ01804,Equipment,2024-12-11,36095,EMP0193,approved
EXP01972,PROJ00241,Labor,2024-12-15,182563,EMP0260,Pending
EXP01973,PROJ03770,Utilities,2025-02-04,286358,EMP0185,approved
EXP01974,PROJ03721,Equipment,2025-07-27,48338,EMP0227,Approved
EXP01975,PROJ03372,Equipment,2025-04-22,251514,EMP0062,Rejected
EXP01976,PROJ00910,Marketing,2025-04-20,195755,EMP0113,Rejected
EXP01977,PROJ03816,Marketing,2024-05-15,109366,EMP0150,Approved
EXP01978,PROJ01381,Transport,2024-01-30,145049,EMP0255,Approved
EXP01979,PROJ04251,Transport,2024-10-24,44107,EMP0117,Rejected
EXP01980,PROJ02677,Labor,2025-04-30,271500,EMP0243,Rejected
EXP01981,PROJ01270,Marketing,2025-08-08,271696,EMP0134,approved
EXP01982,PROJ01561,Labor,2025-10-04,267561,EMP0237,Approved
EXP01983,PROJ03539,Labor,2024-09-23,68703,EMP0153,Approved
EXP01984,PROJ04818,Equipment,2025-01-16,38744,EMP0225,Approved
EXP01985,PROJ04281,Materials,2024-06-06,229795,EMP0033,approved
EXP01986,PROJ01998,Utilities,2024-12-07,96885,EMP0154,approved
EXP01987,PROJ04684,Equipment,2025-03-14,63981,EMP0222,approved
EXP01988,PROJ00885,Marketing,2024-12-14,287053,EMP0124,Rejected
EXP01989,PROJ03249,Materials,2025-08-22,168243,EMP0057,Rejected
EXP01990,PROJ01817,Marketing,2025-02-25,70940,EMP0004,approved
EXP01991,PROJ04365,Labor,2025-02-22,139389,EMP0046,Rejected
EXP01992,PROJ02167,Materials,2024-11-22,281829,EMP0151,Pending
EXP01993,PROJ04458,Transport,2024-11-07,215691,EMP0169,approved
EXP01994,PROJ03973,Labor,2025-01-14,286176,EMP0064,Rejected
EXP01995,PROJ04066,Labor,2025-04-10,136117,EMP0098,approved
EXP01996,PROJ01943,Equipment,2025-04-16,1523,EMP0256,approved
EXP01997,PROJ04594,Materials,2025-10-22,293281,EMP0026,Pending
EXP01998,PROJ04315,Labor,2025-02-26,269768,EMP0099,approved
EXP01999,PROJ01702,Transport,2024-06-24,102481,EMP0285,Rejected
EXP02000,PROJ04769,Materials,2024-10-16,115117,,Approved
EXP02001,PROJ00948,Utilities,2025-01-01,54255,EMP0147,Approved
EXP02002,PROJ04398,Materials,2024-09-21,298112,EMP0021,approved
EXP02003,PROJ01283,Labor,2025-04-18,155919,EMP0212,approved
EXP02004,PROJ03238,Equipment,2025-09-25,258448,EMP0036,Approved
EXP02005,PROJ01792,Equipment,2025-05-05,94335,EMP0117,Pending
EXP02006,PROJ03095,Transport,2024-08-03,297301,EMP0251,approved
EXP02007,PROJ03101,Transport,2024-11-13,241771,EMP0129,approved
EXP02008,PROJ04480,Equipment,2024-09-22,11254,EMP0248,approved
EXP02009,PROJ01855,Labor,2025-01-08,227274,EMP0244,approved
EXP02010,PROJ03252,Materials,2024-12-11,30997,EMP0059,Pending
EXP02011,PROJ02470,Utilities,2024-12-13,33900,EMP0112,Rejected
EXP02012,PROJ02004,Utilities,2024-10-23,258470,EMP0239,approved
EXP02013,PROJ03991,Transport,2025-03-23,170871,EMP0036,approved
EXP02014,PROJ01782,Transport,2025-06-22,288411,EMP0259,approved
EXP02015,PROJ04168,Marketing,2025-01-04,77723,EMP0114,Pending
EXP02016,PROJ03059,Utilities,2025-02-14,214302,EMP0054,approved
EXP02017,PROJ02873,Equipment,2024-03-06,146141,EMP0030,Approved
EXP02018,PROJ01631,Labor,2024-02-22,225387,EMP0168,Rejected
EXP02019,PROJ03656,Transport,2024-11-15,227280,EMP0204,approved
EXP02020,PROJ01682,Marketing,2025-01-01,22747,EMP0160,Rejected
EXP02021,PROJ00469,Marketing,2024-10-24,48351,EMP0010,Rejected
EXP02022,PROJ03074,Materials,2024-11-04,35085,EMP0219,Rejected
EXP02023,PROJ01221,Materials,2024-12-06,102823,EMP0169,Pending
EXP02024,PROJ02152,Equipment,2025-02-08,96556,EMP0154,Approved
EXP02025,PROJ04038,Labor,2024-09-14,188856,EMP0066,Approved
EXP02026,PROJ00471,Utilities,2024-11-25,283900,EMP0278,Rejected
EXP02027,PROJ04294,Marketing,2024-12-07,234212,EMP0238,Pending
EXP02028,PROJ01072,Labor,2024-12-21,158016,EMP0126,Rejected
EXP02029,PROJ03190,Transport,2024-05-19,212528,EMP0099,Pending
EXP02030,PROJ03950,Transport,2024-12-11,181223,EMP0193,Pending
EXP02031,PROJ01965,Transport,2025-11-08,130986,EMP0257,Rejected
EXP02032,PROJ00102,Labor,2024-09-20,6332,EMP0088,approved
EXP02033,PROJ03412,Materials,2024-08-14,57163,EMP0079,Pending
EXP02034,PROJ03170,Transport,2025-08-10,229195,EMP0114,approved
EXP02035,PROJ04111,Materials,2024-07-04,185931,EMP0181,approved
EXP02036,PROJ00437,Labor,2024-03-19,264296,EMP0132,Approved
EXP02037,PROJ02097,Marketing,2024-08-27,12732,EMP0097,Rejected
EXP02038,PROJ03641,Equipment,2024-04-12,283235,EMP0248,Rejected
EXP02039,PROJ03839,Equipment,2024-12-05,73078,EMP0173,Pending
EXP02040,PROJ01513,Labor,2025-03-20,71563,,Pending
EXP02041,PROJ00822,Labor,2025-01-09,263157,EMP0020,Approved
EXP02042,PROJ02696,Utilities,2025-03-30,17173,EMP0287,Approved
EXP02043,PROJ00114,Marketing,2024-12-30,219081,EMP0041,Approved
EXP02044,PROJ00434,Utilities,2025-01-16,131071,EMP0200,Pending
EXP02045,PROJ03666,Utilities,2024-02-10,13338,EMP0287,Rejected
EXP02046,PROJ04244,Labor,2024-12-08,242564,EMP0276,Approved
EXP02047,PROJ01345,Transport,2024-01-23,296724,EMP0205,Pending
EXP02048,PROJ02847,Transport,2025-10-25,206827,EMP0016,Approved
EXP02049,PROJ00704,Utilities,2024-05-20,111780,EMP0220,approved
EXP02050,PROJ02685,Transport,2024-12-21,230621,EMP0047,approved
EXP02051,PROJ03540,Utilities,2024-08-19,32074,EMP0187,Pending
EXP02052,PROJ02511,Utilities,2025-04-29,144538,EMP0198,Pending
EXP02053,PROJ00207,Materials,2024-08-18,246839,EMP0169,approved
EXP02054,PROJ02975,Transport,2025-06-21,167149,EMP0212,approved
EXP02055,PROJ04825,Materials,2024-04-07,194314,EMP0206,approved
EXP02056,PROJ01599,Materials,2024-08-27,260200,EMP0041,approved
EXP02057,PROJ04128,Utilities,2025-03-04,52597,EMP0243,Pending
EXP02058,PROJ02757,Equipment,2024-06-22,232569,EMP0105,Rejected
EXP02059,PROJ03882,Marketing,2024-08-31,167499,EMP0176,Approved
EXP02060,PROJ02307,Transport,2024-07-21,46723,EMP0289,approved
EXP02061,PROJ04268,Materials,2024-11-18,88056,EMP0299,Approved
EXP02062,PROJ03389,Labor,2024-04-24,225735,EMP0024,approved
EXP02063,PROJ00101,Marketing,2025-02-08,146192,EMP0293,Pending
EXP02064,PROJ00238,Materials,2025-01-24,219177,EMP0221,approved
EXP02065,PROJ01498,Materials,2025-05-05,190302,EMP0071,approved
EXP02066,PROJ03083,Transport,2025-02-24,195607,EMP0251,Rejected
EXP02067,PROJ02772,Utilities,2024-05-15,144694,EMP0099,Approved
EXP02068,PROJ04685,Marketing,2024-08-14,208398,EMP0073,approved
EXP02069,PROJ01953,Utilities,2024-12-05,32962,EMP0254,approved
EXP02070,PROJ04681,Marketing,2024-05-12,191535,EMP0108,Rejected
EXP02071,PROJ04870,Transport,2024-10-25,221888,EMP0279,approved
EXP02072,PROJ04941,Equipment,2025-10-16,178885,EMP0060,Approved
EXP02073,PROJ01431,Transport,2024-06-09,180212,EMP0136,Rejected
EXP02074,PROJ01309,Utilities,2024-08-30,56753,EMP0277,Rejected
EXP02075,PROJ00112,Transport,2025-01-02,18930,EMP0213,Approved
EXP02076,PROJ00630,Materials,2025-03-07,119008,EMP0194,Approved
EXP02077,PROJ02342,Transport,2024-10-22,28353,EMP0187,Rejected
EXP02078,PROJ04683,Materials,2025-03-28,13722,EMP0017,Rejected
EXP02079,PROJ04361,Labor,2024-02-28,269590,EMP0102,approved
EXP02080,PROJ02300,Materials,2024-12-04,45295,,Pending
EXP02081,PROJ04008,Materials,2024-09-25,25793,EMP0136,Rejected
EXP02082,PROJ03691,Utilities,2025-02-12,294126,EMP0227,approved
EXP02083,PROJ02823,Utilities,2025-05-07,69862,EMP0029,Approved
EXP02084,PROJ02604,Materials,2025-06-12,157969,EMP0026,Approved
EXP02085,PROJ04891,Marketing,2024-07-29,237243,EMP0230,approved
EXP02086,PROJ03593,Materials,2024-06-27,222401,EMP0146,Rejected
EXP02087,PROJ03153,Equipment,2025-07-09,111697,EMP0074,Approved
EXP02088,PROJ00538,Marketing,2024-12-31,169559,EMP0057,Approved
EXP02089,PROJ01455,Marketing,2024-08-29,173591,EMP0077,Approved
EXP02090,PROJ00422,Labor,2024-07-16,226963,EMP0050,Approved
EXP02091,PROJ01645,Materials,2024-08-24,276928,EMP0048,approved
EXP02092,PROJ03804,Marketing,2024-10-29,64170,EMP0279,Approved
EXP02093,PROJ02769,Utilities,2025-01-16,74043,EMP0176,Rejected
EXP02094,PROJ04727,Marketing,2024-02-19,224443,EMP0004,Rejected
EXP02095,PROJ04938,Equipment,2024-12-23,165559,EMP0182,approved
EXP02096,PROJ03189,Utilities,2025-04-28,56269,EMP0051,Approved
EXP02097,PROJ03282,Transport,2025-01-05,68314,EMP0166,Rejected
EXP02098,PROJ04383,Labor,2024-09-24,249612,EMP0193,Rejected
EXP02099,PROJ02480,Labor,2025-02-11,246848,EMP0239,Rejected
EXP02100,PROJ03589,Materials,2024-08-23,184638,EMP0014,approved
EXP02101,PROJ00579,Utilities,2024-11-02,262375,EMP0108,approved
EXP02102,PROJ01188,Equipment,2024-08-24,127205,EMP0022,Approved
EXP02103,PROJ01003,Equipment,2025-06-10,199765,EMP0057,Approved
EXP02104,PROJ02550,Materials,2024-04-07,229350,EMP0268,Pending
EXP02105,PROJ04019,Utilities,2024-11-26,256106,EMP0157,approved
EXP02106,PROJ04858,Marketing,2024-02-16,210949,EMP0005,Approved
EXP02107,PROJ04836,Materials,2024-06-16,45080,EMP0259,Rejected
EXP02108,PROJ01636,Equipment,2025-02-16,57143,EMP0035,Approved
EXP02109,PROJ04683,Labor,2024-11-16,118492,EMP0299,Rejected
EXP02110,PROJ00950,Transport,2025-07-31,39520,EMP0054,Pending
EXP02111,PROJ01366,Utilities,2024-12-12,83215,EMP0145,Rejected
EXP02112,PROJ02541,Utilities,2024-12-23,176670,EMP0210,Rejected
EXP02113,PROJ03424,Equipment,2024-09-03,3636,EMP0197,approved
EXP02114,PROJ02400,Labor,2024-07-13,68581,EMP0103,Pending
EXP02115,PROJ02238,Marketing,2024-08-02,16086,EMP0128,approved
EXP02116,PROJ04677,Marketing,2024-11-14,206229,EMP0200,approved
EXP02117,PROJ03180,Materials,2024-01-16,216165,EMP0298,Pending
EXP02118,PROJ00541,Materials,2024-10-17,101400,EMP0079,Rejected
EXP02119,PROJ03982,Transport,2024-07-17,131662,EMP0022,Rejected
EXP02120,PROJ00839,Equipment,2025-01-27,167379,,Approved
EXP02121,PROJ01698,Transport,2025-10-15,47161,EMP0194,Pending
EXP02122,PROJ02420,Labor,2024-08-24,290757,EMP0136,Rejected
EXP02123,PROJ00102,Materials,2024-12-13,197440,EMP0071,Approved
EXP02124,PROJ02838,Utilities,2024-06-17,238213,EMP0008,approved
EXP02125,PROJ03392,Marketing,2025-02-21,179594,EMP0262,Pending
EXP02126,PROJ02307,Utilities,2024-08-18,193457,EMP0037,Pending
EXP02127,PROJ04371,Utilities,2024-12-27,49465,EMP0273,Approved
EXP02128,PROJ02562,Equipment,2024-09-27,215525,EMP0171,Rejected
EXP02129,PROJ01533,Materials,2025-03-15,127772,EMP0189,approved
EXP02130,PROJ03932,Equipment,2025-02-21,64429,EMP0291,approved
EXP02131,PROJ02883,Equipment,2025-02-04,258490,EMP0063,approved
EXP02132,PROJ00251,Labor,2025-01-01,80657,EMP0271,approved
EXP02133,PROJ00035,Utilities,2024-12-18,267291,EMP0030,approved
EXP02134,PROJ04641,Transport,2024-04-11,246703,EMP0263,Rejected
EXP02135,PROJ01087,Materials,2024-06-23,4145,EMP0092,Approved
EXP02136,PROJ02253,Marketing,2024-12-11,171190,EMP0166,Approved
EXP02137,PROJ01607,Equipment,2025-01-07,58303,EMP0222,Approved
EXP02138,PROJ02468,Transport,2025-02-22,156835,EMP0297,Rejected
EXP02139,PROJ04855,Labor,2025-04-18,169213,EMP0043,approved
EXP02140,PROJ02314,Materials,2024-07-27,284591,EMP0290,Approved
EXP02141,PROJ02412,Marketing,2024-12-20,50501,EMP0243,Pending
EXP02142,PROJ01641,Utilities,2024-08-14,175854,EMP0198,Approved
EXP02143,PROJ00783,Labor,2024-12-23,21594,EMP0046,Approved
EXP02144,PROJ03347,Equipment,2024-07-17,6088,EMP0147,Rejected
EXP02145,PROJ04990,Marketing,2024-07-31,112086,EMP0215,Approved
EXP02146,PROJ01092,Marketing,2025-01-16,252226,EMP0040,Rejected
EXP02147,PROJ01917,Equipment,2025-02-06,70883,EMP0011,Approved
EXP02148,PROJ02760,Utilities,2024-02-12,281915,EMP0088,approved
EXP02149,PROJ03974,Labor,2024-12-06,52664,EMP0155,Approved
EXP02150,PROJ02632,Transport,2025-08-01,102264,EMP0006,approved
EXP02151,PROJ02890,Equipment,2025-01-08,264012,EMP0240,Approved
EXP02152,PROJ00831,Equipment,2024-10-24,246856,EMP0064,Approved
EXP02153,PROJ04821,Equipment,2024-11-30,38111,EMP0044,approved
EXP02154,PROJ02220,Equipment,2025-01-02,267910,EMP0148,Pending
EXP02155,PROJ01985,Equipment,2024-10-23,36237,EMP0186,Pending
EXP02156,PROJ04762,Utilities,2025-09-15,184527,EMP0041,approved
EXP02157,PROJ03546,Marketing,2024-10-06,155116,EMP0186,Pending
EXP02158,PROJ03610,Marketing,2025-04-17,81191,EMP0069,Rejected
EXP02159,PROJ00384,Transport,2025-02-03,106357,EMP0105,Pending
EXP02160,PROJ01279,Marketing,2025-03-27,18956,,Approved
EXP02161,PROJ01617,Utilities,2024-08-01,198226,EMP0099,Approved
EXP02162,PROJ04254,Labor,2024-07-14,281940,EMP0108,Rejected
EXP02163,PROJ02519,Marketing,2024-09-04,225797,EMP0082,Pending
EXP02164,PROJ01697,Marketing,2025-05-07,29494,EMP0276,Pending
EXP02165,PROJ03451,Equipment,2024-10-04,35296,EMP0054,approved
EXP02166,PROJ02102,Labor,2024-11-21,299086,EMP0225,Rejected
EXP02167,PROJ04146,Marketing,2025-01-10,259600,EMP0080,Pending
EXP02168,PROJ00112,Equipment,2025-01-12,123683,EMP0059,Approved
EXP02169,PROJ03334,Marketing,2025-01-31,49199,EMP0230,Approved
EXP02170,PROJ02052,Marketing,2024-11-16,280636,EMP0030,Pending
EXP02171,PROJ03723,Equipment,2024-09-08,22683,EMP0222,approved
EXP02172,PROJ04836,Materials,2024-11-22,53225,EMP0194,Pending
EXP02173,PROJ00935,Labor,2024-11-22,255135,EMP0194,Rejected
EXP02174,PROJ03069,Utilities,2025-01-11,232241,EMP0026,Rejected
EXP02175,PROJ00192,Utilities,2024-10-28,39556,EMP0096,Rejected
EXP02176,PROJ03963,Materials,2024-08-29,249371,EMP0156,Approved
EXP02177,PROJ03119,Equipment,2024-12-08,18618,EMP0077,approved
EXP02178,PROJ02096,Materials,2024-09-18,221439,EMP0195,Approved
EXP02179,PROJ00673,Equipment,2024-03-06,286350,EMP0140,approved
EXP02180,PROJ02322,Labor,2025-01-29,109656,EMP0283,approved
EXP02181,PROJ04489,Transport,2024-09-22,49103,EMP0126,Rejected
EXP02182,PROJ01017,Transport,2025-08-06,60041,EMP0214,Approved
EXP02183,PROJ04083,Materials,2025-01-19,265361,EMP0012,Rejected
EXP02184,PROJ02846,Labor,2024-09-15,42142,EMP0058,Pending
EXP02185,PROJ01523,Marketing,2024-10-26,121426,EMP0149,Pending
EXP02186,PROJ00666,Equipment,2025-01-19,230818,EMP0124,Approved
EXP02187,PROJ02057,Labor,2025-03-02,235361,EMP0033,Pending
EXP02188,PROJ04148,Materials,2024-12-15,4361,EMP0058,Pending
EXP02189,PROJ00686,Utilities,2025-07-21,198928,EMP0266,approved
EXP02190,PROJ00468,Labor,2025-07-26,179596,EMP0053,Pending
EXP02191,PROJ02634,Marketing,2024-10-24,209694,EMP0188,approved
EXP02192,PROJ00277,Transport,2025-10-01,197187,EMP0062,Approved
EXP02193,PROJ03536,Utilities,2025-12-06,80247,EMP0133,Pending
EXP02194,PROJ02580,Marketing,2024-09-22,49366,EMP0072,Rejected
EXP02195,PROJ00548,Materials,2025-02-01,64474,EMP0285,Rejected
EXP02196,PROJ04371,Transport,2024-12-02,247611,EMP0121,approved
EXP02197,PROJ03023,Marketing,2024-09-28,174722,EMP0162,Pending
EXP02198,PROJ03814,Utilities,2025-01-17,278188,EMP0004,Pending
EXP02199,PROJ01703,Utilities,2024-10-23,244462,EMP0196,approved
EXP02200,PROJ02817,Materials,2025-02-02,50021,,Rejected
EXP02201,PROJ02143,Marketing,2025-04-05,105099,EMP0291,approved
EXP02202,PROJ04350,Equipment,2024-10-22,101098,EMP0138,Pending
EXP02203,PROJ02481,Materials,2025-01-16,33222,EMP0181,Approved
EXP02204,PROJ02626,Marketing,2024-10-10,211559,EMP0029,approved
EXP02205,PROJ04113,Utilities,2025-02-02,229408,EMP0272,Approved
EXP02206,PROJ02504,Transport,2024-12-21,256753,EMP0121,approved
EXP02207,PROJ01920,Transport,2025-04-06,258398,EMP0260,Pending
EXP02208,PROJ03012,Equipment,2024-03-20,17097,EMP0195,Pending
EXP02209,PROJ03265,Materials,2024-03-29,271303,EMP0247,approved
EXP02210,PROJ03947,Labor,2024-11-07,30945,EMP0183,approved
EXP02211,PROJ00891,Labor,2024-05-03,166998,EMP0011,Rejected
EXP02212,PROJ04214,Labor,2025-01-04,206291,EMP0120,Rejected
EXP02213,PROJ00580,Equipment,2025-08-18,271957,EMP0083,Approved
EXP02214,PROJ01739,Equipment,2025-08-18,21231,EMP0086,approved
EXP02215,PROJ04874,Equipment,2025-02-06,249324,EMP0115,Approved
EXP02216,PROJ03685,Transport,2024-12-27,29566,EMP0074,approved
EXP02217,PROJ04410,Marketing,2025-07-19,37089,EMP0232,Pending
EXP02218,PROJ03337,Equipment,2024-12-25,170100,EMP0282,Approved
EXP02219,PROJ01379,Equipment,2024-12-29,74794,EMP0118,Pending
EXP02220,PROJ03023,Labor,2025-03-30,63836,EMP0274,Approved
EXP02221,PROJ01018,Labor,2025-04-27,287045,EMP0157,approved
EXP02222,PROJ02004,Transport,2024-12-07,97632,EMP0171,Pending
EXP02223,PROJ04841,Equipment,2025-08-15,268617,EMP0153,Approved
EXP02224,PROJ03036,Equipment,2024-11-18,125296,EMP0098,Rejected
EXP02225,PROJ04532,Labor,2025-11-01,119680,EMP0160,Pending
EXP02226,PROJ02108,Equipment,2024-11-08,79917,EMP0024,Pending
EXP02227,PROJ04006,Utilities,2024-12-11,33678,EMP0074,Approved
EXP02228,PROJ02643,Materials,2024-12-17,157637,EMP0239,Approved
EXP02229,PROJ03527,Marketing,2024-07-07,292888,EMP0187,Pending
EXP02230,PROJ01307,Marketing,2024-05-17,103002,EMP0166,Pending
EXP02231,PROJ02281,Utilities,2024-06-29,19433,EMP0231,Pending
EXP02232,PROJ02859,Labor,2025-01-06,104775,EMP0006,Rejected
EXP02233,PROJ01994,Equipment,2025-05-04,25980,EMP0219,approved
EXP02234,PROJ01106,Equipment,2025-06-16,39757,EMP0105,Approved
EXP02235,PROJ00456,Labor,2024-12-01,24544,EMP0271,Pending
EXP02236,PROJ04716,Marketing,2024-12-13,159646,EMP0281,Rejected
EXP02237,PROJ02889,Transport,2025-06-12,155510,EMP0247,approved
EXP02238,PROJ04897,Transport,2024-12-23,43132,EMP0194,Rejected
EXP02239,PROJ03808,Labor,2025-04-22,24501,EMP0102,Approved
EXP02240,PROJ01024,Equipment,2025-06-22,281087,,approved
EXP02241,PROJ01574,Marketing,2025-01-03,133496,EMP0211,Approved
EXP02242,PROJ01773,Marketing,2025-02-05,298890,EMP0102,Pending
EXP02243,PROJ00972,Utilities,2025-11-12,107869,EMP0032,Approved
EXP02244,PROJ03173,Transport,2025-07-14,242251,EMP0095,Pending
EXP02245,PROJ03070,Utilities,2024-11-18,97685,EMP0233,Pending
EXP02246,PROJ03622,Transport,2024-08-18,128265,EMP0103,Approved
EXP02247,PROJ01775,Materials,2025-04-21,164876,EMP0083,Pending
EXP02248,PROJ02986,Labor,2024-11-29,128252,EMP0263,Approved
EXP02249,PROJ03638,Transport,2024-06-17,119548,EMP0053,Approved
EXP02250,PROJ04647,Materials,2024-07-25,255728,EMP0016,Approved
EXP02251,PROJ00075,Equipment,2024-09-25,182019,EMP0212,Rejected
EXP02252,PROJ04361,Equipment,2024-04-09,171480,EMP0290,Approved
EXP02253,PROJ01437,Materials,2024-04-08,9732,EMP0078,Approved
EXP02254,PROJ00438,Utilities,2024-08-20,37220,EMP0022,Approved
EXP02255,PROJ02340,Marketing,2024-07-25,266365,EMP0091,Rejected
EXP02256,PROJ00048,Equipment,2024-11-23,10199,EMP0053,approved
EXP02257,PROJ03605,Utilities,2024-09-30,210042,EMP0207,approved
EXP02258,PROJ00932,Marketing,2024-10-19,264937,EMP0168,Pending
EXP02259,PROJ01580,Marketing,2025-08-26,273537,EMP0202,Rejected
EXP02260,PROJ02301,Marketing,2024-09-30,247782,EMP0254,approved
EXP02261,PROJ03274,Materials,2025-07-22,102747,EMP0300,Rejected
EXP02262,PROJ03221,Transport,2024-06-02,203393,EMP0021,Approved
EXP02263,PROJ00801,Marketing,2024-12-10,181496,EMP0270,Rejected
EXP02264,PROJ00198,Utilities,2025-07-07,87535,EMP0179,approved
EXP02265,PROJ00443,Transport,2024-12-03,91488,EMP0262,Pending
EXP02266,PROJ02180,Materials,2024-06-29,98593,EMP0289,Pending
EXP02267,PROJ04908,Equipment,2024-05-04,157334,EMP0273,Pending
EXP02268,PROJ01141,Equipment,2025-02-20,135865,EMP0026,Rejected
EXP02269,PROJ01557,Marketing,2025-06-14,91846,EMP0232,Pending
EXP02270,PROJ03178,Utilities,2025-01-12,204203,EMP0243,Approved
EXP02271,PROJ02910,Marketing,2024-08-20,277627,EMP0158,Rejected
EXP02272,PROJ01411,Materials,2024-10-03,35548,EMP0055,Pending
EXP02273,PROJ02552,Materials,2025-04-20,58704,EMP0274,Pending
EXP02274,PROJ03184,Transport,2025-01-01,58544,EMP0178,Pending
EXP02275,PROJ02426,Transport,2025-02-16,99621,EMP0040,Pending
EXP02276,PROJ01643,Materials,2025-03-04,290890,EMP0193,Approved
EXP02277,PROJ03833,Materials,2024-12-15,121517,EMP0107,Rejected
EXP02278,PROJ01671,Labor,2024-09-19,87641,EMP0205,Rejected
EXP02279,PROJ00825,Equipment,2025-11-17,76599,EMP0011,Pending
EXP02280,PROJ00972,Transport,2025-10-22,57668,,Approved
EXP02281,PROJ00632,Equipment,2024-11-14,203631,EMP0279,Rejected
EXP02282,PROJ03769,Transport,2024-12-12,105610,EMP0031,Rejected
EXP02283,PROJ02261,Transport,2024-12-13,209623,EMP0107,Approved
EXP02284,PROJ01823,Transport,2025-07-12,136529,EMP0047,Pending
EXP02285,PROJ00233,Equipment,2024-10-20,193192,EMP0125,Rejected
EXP02286,PROJ02395,Transport,2025-02-20,250582,EMP0263,Rejected
EXP02287,PROJ00235,Materials,2025-02-27,236313,EMP0068,approved
EXP02288,PROJ02130,Equipment,2025-04-06,245240,EMP0175,approved
EXP02289,PROJ01093,Utilities,2025-03-31,66916,EMP0019,Approved
EXP02290,PROJ01604,Labor,2024-11-17,2481,EMP0149,approved
EXP02291,PROJ04757,Transport,2025-05-29,118233,EMP0051,approved
EXP02292,PROJ04345,Labor,2024-04-16,277655,EMP0196,Rejected
EXP02293,PROJ04906,Transport,2024-11-30,77760,EMP0052,Pending
EXP02294,PROJ03339,Labor,2025-07-25,265325,EMP0091,Pending
EXP02295,PROJ03281,Utilities,2024-12-13,185354,EMP0121,Pending
EXP02296,PROJ02990,Equipment,2025-01-17,39445,EMP0183,Pending
EXP02297,PROJ04827,Transport,2024-05-29,49538,EMP0183,Pending
EXP02298,PROJ03090,Labor,2024-11-11,50461,EMP0223,approved
EXP02299,PROJ03281,Transport,2025-01-16,253574,EMP0300,Approved
EXP02300,PROJ03229,Marketing,2025-07-31,249829,EMP0177,Pending
EXP02301,PROJ02355,Equipment,2024-08-04,101338,EMP0180,Rejected
EXP02302,PROJ00156,Materials,2024-10-19,131250,EMP0099,Rejected
EXP02303,PROJ00411,Transport,2024-09-29,177453,EMP0229,Approved
EXP02304,PROJ04333,Labor,2025-01-11,119887,EMP0068,Approved
EXP02305,PROJ01459,Equipment,2025-10-18,151823,EMP0182,approved
EXP02306,PROJ02359,Marketing,2024-11-23,276459,EMP0044,approved
EXP02307,PROJ03110,Materials,2025-02-11,169760,EMP0239,approved
EXP02308,PROJ00372,Materials,2025-01-08,27445,EMP0269,Rejected
EXP02309,PROJ04831,Utilities,2024-12-24,117178,EMP0031,approved
EXP02310,PROJ04079,Utilities,2025-05-04,140793,EMP0216,Rejected
EXP02311,PROJ01438,Utilities,2024-07-18,176937,EMP0270,approved
EXP02312,PROJ01411,Utilities,2025-02-14,295366,EMP0257,Pending
EXP02313,PROJ00961,Labor,2024-10-21,235243,EMP0010,Pending
EXP02314,PROJ03602,Utilities,2024-08-06,110171,EMP0259,Approved
EXP02315,PROJ01445,Labor,2025-05-31,153928,EMP0236,Pending
EXP02316,PROJ03764,Equipment,2025-02-27,46331,EMP0082,Rejected
EXP02317,PROJ01820,Equipment,2025-08-08,9927,EMP0276,Rejected
EXP02318,PROJ00355,Equipment,2024-03-27,186671,EMP0014,Rejected
EXP02319,PROJ00980,Transport,2025-02-27,286231,EMP0213,Approved
EXP02320,PROJ01570,Transport,2025-03-05,64267,,Approved
EXP02321,PROJ02941,Labor,2024-07-13,50631,EMP0246,Approved
EXP02322,PROJ01893,Utilities,2024-08-18,272748,EMP0225,Rejected
EXP02323,PROJ03282,Transport,2025-03-19,191320,EMP0182,approved
EXP02324,PROJ00059,Labor,2024-08-14,244473,EMP0026,Rejected
EXP02325,PROJ04762,Equipment,2024-07-31,225948,EMP0022,Rejected
EXP02326,PROJ01454,Utilities,2024-12-21,283054,EMP0149,Approved
EXP02327,PROJ00703,Equipment,2025-08-28,18260,EMP0042,approved
EXP02328,PROJ00436,Transport,2024-07-08,237025,EMP0191,approved
EXP02329,PROJ01241,Labor,2024-09-05,74816,EMP0084,Rejected
EXP02330,PROJ01334,Equipment,2025-03-22,140389,EMP0177,Rejected
EXP02331,PROJ04109,Utilities,2024-12-20,62833,EMP0274,Approved
EXP02332,PROJ01416,Equipment,2024-10-08,165692,EMP0213,approved
EXP02333,PROJ01981,Transport,2025-06-01,43759,EMP0267,approved
EXP02334,PROJ00289,Labor,2025-08-23,286129,EMP0113,Approved
EXP02335,PROJ03284,Marketing,2024-04-20,280373,EMP0059,approved
EXP02336,PROJ00310,Materials,2024-01-26,78447,EMP0248,Pending
EXP02337,PROJ01404,Utilities,2024-11-28,242822,EMP0232,Rejected
EXP02338,PROJ03871,Utilities,2025-05-11,216154,EMP0098,Approved
EXP02339,PROJ04186,Labor,2024-07-11,114914,EMP0159,Approved
EXP02340,PROJ00538,Utilities,2024-11-20,25147,EMP0134,Approved
EXP02341,PROJ03438,Labor,2024-08-15,244456,EMP0266,Pending
EXP02342,PROJ00184,Materials,2025-01-31,281861,EMP0140,Approved
EXP02343,PROJ00910,Marketing,2025-03-21,202937,EMP0298,approved
EXP02344,PROJ01296,Labor,2024-12-26,240838,EMP0017,Approved
EXP02345,PROJ01738,Materials,2024-06-28,295359,EMP0214,approved
EXP02346,PROJ00511,Labor,2024-09-20,110391,EMP0027,Pending
EXP02347,PROJ03073,Equipment,2024-09-19,106839,EMP0157,Approved
EXP02348,PROJ04085,Materials,2024-12-24,152912,EMP0004,Rejected
EXP02349,PROJ01008,Marketing,2024-03-10,185634,EMP0084,Rejected
EXP02350,PROJ01152,Equipment,2025-11-02,208026,EMP0282,Rejected
EXP02351,PROJ03140,Transport,2025-03-11,24778,EMP0094,approved
EXP02352,PROJ04273,Marketing,2024-11-26,18667,EMP0283,approved
EXP02353,PROJ03051,Transport,2024-01-29,61273,EMP0230,Approved
EXP02354,PROJ01074,Labor,2025-02-23,22701,EMP0075,Rejected
EXP02355,PROJ02899,Labor,2024-09-02,259926,EMP0260,Approved
EXP02356,PROJ01882,Labor,2025-02-16,65301,EMP0280,Rejected
EXP02357,PROJ01291,Utilities,2024-05-17,58987,EMP0299,Approved
EXP02358,PROJ03217,Marketing,2024-02-11,73196,EMP0202,Approved
EXP02359,PROJ03913,Marketing,2024-06-27,275514,EMP0060,Pending
EXP02360,PROJ01517,Transport,2025-02-17,185756,,Pending
EXP02361,PROJ00718,Materials,2024-09-28,174438,EMP0001,approved
EXP02362,PROJ01114,Utilities,2025-02-27,162453,EMP0108,Approved
EXP02363,PROJ00942,Marketing,2024-09-11,266796,EMP0222,Approved
EXP02364,PROJ01525,Transport,2025-07-15,77756,EMP0071,Approved
EXP02365,PROJ01968,Marketing,2024-12-08,19222,EMP0127,approved
EXP02366,PROJ01111,Marketing,2025-07-03,236329,EMP0285,approved
EXP02367,PROJ03885,Marketing,2025-02-27,183820,EMP0174,Rejected
EXP02368,PROJ01998,Transport,2025-01-07,266764,EMP0224,approved
EXP02369,PROJ04914,Labor,2025-06-29,41411,EMP0159,Rejected
EXP02370,PROJ00476,Transport,2025-01-02,124554,EMP0025,Rejected
EXP02371,PROJ02986,Marketing,2024-12-10,78618,EMP0084,approved
EXP02372,PROJ03665,Utilities,2024-07-22,294759,EMP0216,Pending
EXP02373,PROJ00705,Utilities,2024-12-23,27885,EMP0103,Pending
EXP02374,PROJ00697,Labor,2025-03-21,184157,EMP0234,Rejected
EXP02375,PROJ02781,Transport,2025-01-13,200592,EMP0235,Approved
EXP02376,PROJ04952,Utilities,2025-03-31,201416,EMP0293,Pending
EXP02377,PROJ02669,Transport,2024-09-29,217786,EMP0197,Pending
EXP02378,PROJ03618,Labor,2025-06-12,289329,EMP0231,Rejected
EXP02379,PROJ02633,Labor,2024-06-19,126956,EMP0128,approved
EXP02380,PROJ03659,Materials,2025-03-03,206886,EMP0117,Approved
EXP02381,PROJ03315,Materials,2024-10-27,133119,EMP0118,Approved
EXP02382,PROJ04380,Utilities,2024-09-22,114021,EMP0052,approved
EXP02383,PROJ00365,Materials,2024-12-14,209819,EMP0055,approved
EXP02384,PROJ04370,Equipment,2025-02-03,224496,EMP0239,approved
EXP02385,PROJ01696,Labor,2024-04-10,249612,EMP0241,approved
EXP02386,PROJ01172,Materials,2025-07-20,198229,EMP0234,approved
EXP02387,PROJ04381,Labor,2024-09-03,169151,EMP0126,Pending
EXP02388,PROJ02077,Labor,2024-10-14,225015,EMP0218,approved
EXP02389,PROJ04447,Materials,2024-12-18,88331,EMP0016,Approved
EXP02390,PROJ04521,Materials,2024-10-19,237631,EMP0147,Rejected
EXP02391,PROJ02309,Utilities,2025-07-18,208541,EMP0115,Rejected
EXP02392,PROJ00126,Labor,2024-07-01,18223,EMP0056,Rejected
EXP02393,PROJ04649,Labor,2025-08-22,252159,EMP0287,Pending
EXP02394,PROJ00826,Materials,2025-02-15,152684,EMP0042,Pending
EXP02395,PROJ04515,Materials,2025-04-03,295784,EMP0153,Approved
EXP02396,PROJ04143,Materials,2024-12-07,180630,EMP0286,Rejected
EXP02397,PROJ03766,Marketing,2024-11-08,104388,EMP0075,Pending
EXP02398,PROJ04793,Equipment,2024-06-06,64954,EMP0155,Pending
EXP02399,PROJ01523,Labor,2024-07-25,217422,EMP0095,Rejected
EXP02400,PROJ01871,Labor,2024-04-06,284005,,Approved
EXP02401,PROJ02107,Materials,2024-10-19,148891,EMP0263,Pending
EXP02402,PROJ03580,Equipment,2024-01-29,162396,EMP0161,Rejected
EXP02403,PROJ03968,Labor,2025-01-09,187423,EMP0035,approved
EXP02404,PROJ00531,Materials,2025-02-09,29544,EMP0172,approved
EXP02405,PROJ02657,Labor,2025-05-08,221226,EMP0086,approved
EXP02406,PROJ01913,Transport,2025-02-03,266968,EMP0004,Rejected
EXP02407,PROJ04048,Marketing,2024-11-15,153578,EMP0017,Rejected
EXP02408,PROJ00792,Materials,2024-08-15,137878,EMP0249,Pending
EXP02409,PROJ02217,Utilities,2025-04-23,217108,EMP0043,Approved
EXP02410,PROJ00522,Equipment,2024-02-16,248514,EMP0157,Pending
EXP02411,PROJ04219,Equipment,2024-07-01,150772,EMP0209,Pending
EXP02412,PROJ01051,Transport,2025-06-16,65070,EMP0081,approved
EXP02413,PROJ00583,Marketing,2024-11-01,251505,EMP0279,Approved
EXP02414,PROJ04168,Utilities,2024-11-26,139643,EMP0084,Rejected
EXP02415,PROJ01899,Utilities,2024-12-15,12330,EMP0180,Rejected
EXP02416,PROJ02434,Equipment,2025-02-15,251746,EMP0170,approved
EXP02417,PROJ01206,Equipment,2024-11-10,135126,EMP0010,Approved
EXP02418,PROJ03922,Equipment,2024-02-15,226789,EMP0095,approved
EXP02419,PROJ04754,Equipment,2025-06-28,31769,EMP0069,Rejected
EXP02420,PROJ02801,Transport,2025-04-25,241361,EMP0044,Pending
EXP02421,PROJ01094,Utilities,2024-01-15,182415,EMP0124,Rejected
EXP02422,PROJ02231,Materials,2025-05-09,111547,EMP0240,Rejected
EXP02423,PROJ01734,Equipment,2024-02-25,92196,EMP0274,Rejected
EXP02424,PROJ02908,Labor,2024-12-13,119890,EMP0273,approved
EXP02425,PROJ03782,Labor,2024-09-15,228336,EMP0136,Approved
EXP02426,PROJ00437,Utilities,2024-07-24,130280,EMP0207,approved
EXP02427,PROJ04111,Transport,2024-07-05,188381,EMP0063,Rejected
EXP02428,PROJ01129,Equipment,2024-06-21,37433,EMP0072,Approved
EXP02429,PROJ04973,Utilities,2025-06-16,55041,EMP0012,Rejected
EXP02430,PROJ00794,Transport,2024-10-08,52195,EMP0177,Approved
EXP02431,PROJ04342,Marketing,2024-12-01,28275,EMP0100,Pending
EXP02432,PROJ04169,Transport,2024-12-20,245585,EMP0018,Rejected
EXP02433,PROJ02831,Utilities,2024-07-20,34507,EMP0206,approved
EXP02434,PROJ01572,Marketing,2025-04-22,160165,EMP0037,Rejected
EXP02435,PROJ00202,Utilities,2025-02-06,256227,EMP0118,approved
EXP02436,PROJ03018,Materials,2024-07-18,211982,EMP0240,Approved
EXP02437,PROJ03480,Transport,2024-10-27,27421,EMP0162,approved
EXP02438,PROJ03931,Materials,2025-01-08,97866,EMP0277,Pending
EXP02439,PROJ01550,Marketing,2025-08-15,106504,EMP0268,Pending
EXP02440,PROJ04483,Marketing,2024-04-16,78953,,Rejected
EXP02441,PROJ03064,Equipment,2025-04-25,161426,EMP0249,Pending
EXP02442,PROJ02124,Utilities,2024-10-07,258575,EMP0025,Approved
EXP02443,PROJ02797,Materials,2024-10-22,143309,EMP0204,Pending
EXP02444,PROJ02293,Materials,2025-07-05,110936,EMP0156,Pending
EXP02445,PROJ02601,Transport,2025-10-04,111304,EMP0201,Approved
EXP02446,PROJ04327,Utilities,2024-11-25,20057,EMP0081,Pending
EXP02447,PROJ04357,Equipment,2024-12-15,154413,EMP0062,approved
EXP02448,PROJ03604,Equipment,2024-12-02,210141,EMP0158,approved
EXP02449,PROJ02048,Transport,2024-06-09,86771,EMP0238,Rejected
EXP02450,PROJ00762,Transport,2024-11-11,295091,EMP0280,Rejected
EXP02451,PROJ04325,Materials,2024-06-29,48221,EMP0031,Rejected
EXP02452,PROJ00359,Equipment,2025-09-27,56632,EMP0099,Pending
EXP02453,PROJ00789,Utilities,2024-08-01,6154,EMP0208,Rejected
EXP02454,PROJ03015,Materials,2024-08-15,266812,EMP0192,Approved
EXP02455,PROJ01012,Marketing,2025-05-29,252351,EMP0064,Approved
EXP02456,PROJ04164,Labor,2024-11-27,83800,EMP0170,approved
EXP02457,PROJ04747,Materials,2024-09-04,149765,EMP0195,Approved
EXP02458,PROJ00823,Equipment,2025-02-04,262096,EMP0133,Pending
EXP02459,PROJ04575,Marketing,2025-01-25,167952,EMP0071,Rejected
EXP02460,PROJ03455,Equipment,2024-11-20,206531,EMP0159,Pending
EXP02461,PROJ02816,Equipment,2024-12-08,15456,EMP0231,Pending
EXP02462,PROJ01450,Marketing,2024-12-12,148661,EMP0077,Rejected
EXP02463,PROJ01855,Materials,2024-05-09,247075,EMP0256,Approved
EXP02464,PROJ04304,Materials,2025-05-31,115577,EMP0087,Pending
EXP02465,PROJ03055,Utilities,2025-05-02,247043,EMP0174,Approved
EXP02466,PROJ03247,Transport,2025-07-18,120822,EMP0162,Rejected
EXP02467,PROJ02324,Labor,2025-01-05,6665,EMP0011,approved
EXP02468,PROJ01047,Labor,2025-03-21,125609,EMP0029,Rejected
EXP02469,PROJ00897,Transport,2025-07-14,198241,EMP0045,Rejected
EXP02470,PROJ00188,Transport,2025-02-17,195835,EMP0174,approved
EXP02471,PROJ00681,Marketing,2025-06-07,52194,EMP0032,approved
EXP02472,PROJ00333,Equipment,2024-10-01,162158,EMP0016,Rejected
EXP02473,PROJ04358,Transport,2024-12-06,30835,EMP0242,Pending
EXP02474,PROJ00021,Equipment,2024-04-19,263991,EMP0141,approved
EXP02475,PROJ03686,Labor,2024-12-05,3889,EMP0198,Approved
EXP02476,PROJ02804,Labor,2024-10-20,55181,EMP0072,Approved
EXP02477,PROJ00341,Equipment,2024-11-27,89558,EMP0256,Pending
EXP02478,PROJ01696,Transport,2024-02-15,27983,EMP0054,approved
EXP02479,PROJ00279,Labor,2025-01-12,251393,EMP0047,Rejected
EXP02480,PROJ02806,Labor,2025-02-23,206198,,Rejected
EXP02481,PROJ03168,Transport,2025-05-04,96816,EMP0294,Approved
EXP02482,PROJ00970,Equipment,2024-07-04,16951,EMP0191,Rejected
EXP02483,PROJ04391,Transport,2024-12-23,39983,EMP0194,Rejected
EXP02484,PROJ00665,Marketing,2024-11-20,246867,EMP0226,Approved
EXP02485,PROJ00998,Materials,2024-12-22,236073,EMP0215,Pending
EXP02486,PROJ04069,Marketing,2024-05-09,226295,EMP0234,Pending
EXP02487,PROJ03830,Materials,2024-12-27,136681,EMP0154,approved
EXP02488,PROJ02227,Marketing,2025-02-23,194186,EMP0059,Rejected
EXP02489,PROJ00369,Equipment,2025-10-26,84800,EMP0116,Rejected
EXP02490,PROJ03773,Equipment,2025-07-29,254885,EMP0176,Approved
EXP02491,PROJ04632,Materials,2024-06-23,28112,EMP0011,Approved
EXP02492,PROJ04107,Equipment,2024-03-08,52684,EMP0183,Pending
EXP02493,PROJ04610,Labor,2025-03-21,245954,EMP0117,Rejected
EXP02494,PROJ04599,Materials,2025-09-15,104239,EMP0268,approved
EXP02495,PROJ00825,Equipment,2025-02-06,125574,EMP0215,Approved
EXP02496,PROJ00067,Utilities,2025-09-01,153870,EMP0171,Rejected
EXP02497,PROJ03571,Utilities,2024-04-18,70711,EMP0029,Rejected
EXP02498,PROJ03262,Materials,2025-09-19,121854,EMP0106,Approved
EXP02499,PROJ00313,Equipment,2024-04-07,277777,EMP0241,Approved
EXP02500,PROJ01857,Utilities,2024-06-07,160525,EMP0283,Pending
EXP02501,PROJ04909,Transport,2025-02-24,140822,EMP0154,Approved
EXP02502,PROJ04484,Labor,2024-09-10,90591,EMP0213,Pending
EXP02503,PROJ02775,Materials,2025-03-12,145031,EMP0275,Approved
EXP02504,PROJ03525,Labor,2024-07-08,190475,EMP0110,Approved
EXP02505,PROJ00855,Materials,2025-02-04,275439,EMP0213,approved
EXP02506,PROJ00210,Utilities,2024-02-03,27904,EMP0056,Pending
EXP02507,PROJ00199,Equipment,2025-03-24,83976,EMP0159,Rejected
EXP02508,PROJ03383,Utilities,2025-03-29,54216,EMP0072,Pending
EXP02509,PROJ02524,Transport,2025-11-10,113740,EMP0189,Approved
EXP02510,PROJ03258,Equipment,2025-01-30,65528,EMP0158,Approved
EXP02511,PROJ04429,Marketing,2025-01-02,175620,EMP0285,approved
EXP02512,PROJ01364,Utilities,2024-11-03,79581,EMP0226,Approved
EXP02513,PROJ04664,Labor,2024-09-29,206939,EMP0053,Approved
EXP02514,PROJ04372,Transport,2025-04-15,160142,EMP0280,Approved
EXP02515,PROJ00770,Transport,2025-09-24,23033,EMP0073,Approved
EXP02516,PROJ00577,Transport,2024-05-06,129267,EMP0230,Approved
EXP02517,PROJ00240,Equipment,2024-10-02,6372,EMP0102,approved
EXP02518,PROJ03527,Marketing,2024-10-22,258660,EMP0210,approved
EXP02519,PROJ01285,Equipment,2024-11-02,51507,EMP0130,Approved
EXP02520,PROJ00548,Materials,2024-12-12,279384,,Pending
EXP02521,PROJ03552,Labor,2024-12-30,23252,EMP0239,approved
EXP02522,PROJ03216,Transport,2025-07-23,272732,EMP0152,approved
EXP02523,PROJ01279,Utilities,2024-05-06,174904,EMP0198,approved
EXP02524,PROJ04785,Marketing,2024-08-30,183512,EMP0122,Rejected
EXP02525,PROJ02836,Equipment,2024-11-05,19129,EMP0055,approved
EXP02526,PROJ03063,Labor,2024-06-05,225548,EMP0237,Approved
EXP02527,PROJ01018,Marketing,2025-06-24,297391,EMP0012,approved
EXP02528,PROJ01138,Utilities,2025-06-19,198441,EMP0271,Approved
EXP02529,PROJ03750,Transport,2025-03-29,7880,EMP0170,Approved
EXP02530,PROJ04680,Equipment,2025-01-05,192897,EMP0257,Rejected
EXP02531,PROJ03989,Labor,2024-12-03,287083,EMP0288,Pending
EXP02532,PROJ00413,Transport,2025-02-04,124345,EMP0183,approved
EXP02533,PROJ02485,Materials,2025-02-25,225860,EMP0013,approved
EXP02534,PROJ02937,Equipment,2025-06-22,202651,EMP0101,Pending
EXP02535,PROJ04099,Materials,2025-08-08,61922,EMP0087,approved
EXP02536,PROJ02678,Labor,2024-12-06,27460,EMP0258,approved
EXP02537,PROJ00522,Labor,2024-04-12,32347,EMP0138,Approved
EXP02538,PROJ01096,Transport,2024-11-26,250138,EMP0235,Pending
EXP02539,PROJ01954,Utilities,2025-03-06,218998,EMP0132,Pending
EXP02540,PROJ01691,Utilities,2025-03-30,92198,EMP0067,approved
EXP02541,PROJ02220,Materials,2024-02-09,281232,EMP0086,Pending
EXP02542,PROJ01662,Equipment,2025-04-06,282227,EMP0089,approved
EXP02543,PROJ00089,Transport,2025-04-21,62298,EMP0070,approved
EXP02544,PROJ04355,Marketing,2024-12-15,105309,EMP0192,Pending
EXP02545,PROJ00680,Transport,2024-10-10,138396,EMP0300,Approved
EXP02546,PROJ02536,Equipment,2024-09-29,240371,EMP0201,Pending
EXP02547,PROJ01819,Utilities,2024-05-23,30054,EMP0148,approved
EXP02548,PROJ03431,Materials,2024-09-01,87278,EMP0213,Rejected
EXP02549,PROJ01645,Utilities,2025-01-13,181019,EMP0069,Pending
EXP02550,PROJ01592,Transport,2024-11-09,242331,EMP0054,Approved
EXP02551,PROJ03752,Equipment,2025-06-08,163951,EMP0089,Rejected
EXP02552,PROJ00874,Materials,2024-04-21,228670,EMP0026,Rejected
EXP02553,PROJ04747,Utilities,2024-10-14,127647,EMP0254,Approved
EXP02554,PROJ03048,Equipment,2024-09-03,85559,EMP0267,Rejected
EXP02555,PROJ00956,Labor,2024-12-21,270257,EMP0012,Approved
EXP02556,PROJ00976,Transport,2024-07-27,185947,EMP0266,Pending
EXP02557,PROJ01369,Materials,2024-12-14,51888,EMP0226,Rejected
EXP02558,PROJ04827,Marketing,2024-03-04,137460,EMP0279,Approved
EXP02559,PROJ01825,Labor,2024-06-22,219340,EMP0211,Pending
EXP02560,PROJ04553,Equipment,2025-03-25,288575,,Pending
EXP02561,PROJ02493,Materials,2024-09-21,135574,EMP0242,approved
EXP02562,PROJ03692,Transport,2024-07-28,221269,EMP0280,Approved
EXP02563,PROJ02660,Labor,2025-05-07,266456,EMP0209,Approved
EXP02564,PROJ00222,Marketing,2025-06-30,239913,EMP0178,Rejected
EXP02565,PROJ00864,Materials,2024-11-29,3080,EMP0246,approved
EXP02566,PROJ04164,Equipment,2025-07-27,11193,EMP0110,Approved
EXP02567,PROJ03245,Utilities,2024-06-23,118926,EMP0274,approved
EXP02568,PROJ04696,Utilities,2024-12-02,88810,EMP0001,Approved
EXP02569,PROJ02448,Transport,2024-08-23,4027,EMP0014,approved
EXP02570,PROJ03291,Transport,2024-06-30,166809,EMP0015,Approved
EXP02571,PROJ03827,Materials,2025-07-17,172237,EMP0128,approved
EXP02572,PROJ04736,Labor,2024-08-01,46628,EMP0298,Approved
EXP02573,PROJ03793,Transport,2025-05-30,83640,EMP0233,Approved
EXP02574,PROJ04451,Utilities,2024-08-08,63268,EMP0082,Rejected
EXP02575,PROJ01732,Labor,2024-11-11,117815,EMP0075,Pending
EXP02576,PROJ01725,Utilities,2024-09-11,96909,EMP0062,Rejected
EXP02577,PROJ04303,Labor,2024-12-09,239926,EMP0215,Rejected
EXP02578,PROJ01213,Transport,2025-02-11,132193,EMP0074,Approved
EXP02579,PROJ01791,Labor,2024-09-01,175866,EMP0136,Approved
EXP02580,PROJ04449,Marketing,2024-10-17,42035,EMP0155,Rejected
EXP02581,PROJ04413,Transport,2024-12-08,34783,EMP0029,Pending
EXP02582,PROJ04180,Transport,2025-07-16,202176,EMP0050,Approved
EXP02583,PROJ01109,Materials,2024-09-21,147647,EMP0077,approved
EXP02584,PROJ00745,Transport,2024-04-09,106961,EMP0085,Rejected
EXP02585,PROJ01589,Labor,2024-12-25,10495,EMP0264,Approved
EXP02586,PROJ03102,Marketing,2024-05-17,81525,EMP0021,Pending
EXP02587,PROJ03500,Marketing,2024-12-27,272105,EMP0016,Rejected
EXP02588,PROJ01472,Transport,2024-08-28,94229,EMP0186,Pending
EXP02589,PROJ03578,Materials,2024-05-15,158173,EMP0124,Rejected
EXP02590,PROJ01562,Marketing,2024-09-03,297926,EMP0090,approved
EXP02591,PROJ02945,Utilities,2025-01-29,230028,EMP0184,approved
EXP02592,PROJ03225,Marketing,2024-03-17,126393,EMP0227,approved
EXP02593,PROJ03170,Equipment,2025-06-23,230405,EMP0055,Approved
EXP02594,PROJ02816,Transport,2024-12-24,57351,EMP0084,approved
EXP02595,PROJ04422,Marketing,2025-03-31,73588,EMP0296,Pending
EXP02596,PROJ02761,Utilities,2024-11-22,298842,EMP0004,approved
EXP02597,PROJ04903,Marketing,2024-10-31,274794,EMP0026,Approved
EXP02598,PROJ01525,Marketing,2025-09-19,3805,EMP0220,approved
EXP02599,PROJ04029,Labor,2024-11-16,180346,EMP0254,Rejected
EXP02600,PROJ04813,Marketing,2024-04-19,297590,,Rejected
EXP02601,PROJ01292,Utilities,2024-09-21,11974,EMP0158,Rejected
EXP02602,PROJ00749,Marketing,2024-05-09,2279,EMP0244,Rejected
EXP02603,PROJ02370,Labor,2024-04-15,263017,EMP0257,Pending
EXP02604,PROJ00599,Labor,2025-05-10,72014,EMP0094,Pending
EXP02605,PROJ00644,Marketing,2024-11-15,38451,EMP0261,Rejected
EXP02606,PROJ04519,Materials,2025-01-16,281010,EMP0243,Rejected
EXP02607,PROJ03333,Equipment,2024-08-02,44420,EMP0011,approved
EXP02608,PROJ03455,Materials,2025-03-16,17866,EMP0222,approved
EXP02609,PROJ03649,Transport,2025-07-15,239967,EMP0140,Rejected
EXP02610,PROJ01819,Labor,2025-02-27,294544,EMP0273,approved
EXP02611,PROJ03538,Utilities,2024-08-09,190636,EMP0277,Rejected
EXP02612,PROJ00942,Materials,2024-12-13,59599,EMP0154,Pending
EXP02613,PROJ02844,Equipment,2024-10-02,273024,EMP0285,Approved
EXP02614,PROJ02292,Labor,2025-01-26,154353,EMP0231,Approved
EXP02615,PROJ02752,Materials,2025-01-15,36338,EMP0078,Approved
EXP02616,PROJ01177,Labor,2025-02-04,171458,EMP0179,Pending
EXP02617,PROJ03845,Transport,2025-10-12,86597,EMP0156,Rejected
EXP02618,PROJ04851,Labor,2025-02-08,223166,EMP0068,Rejected
EXP02619,PROJ04015,Materials,2025-01-26,48077,EMP0120,Pending
EXP02620,PROJ04897,Marketing,2025-01-20,274986,EMP0111,Approved
EXP02621,PROJ03302,Equipment,2024-05-08,37536,EMP0130,Rejected
EXP02622,PROJ03503,Equipment,2025-01-26,40619,EMP0290,Rejected
EXP02623,PROJ03171,Materials,2025-01-28,191770,EMP0186,Pending
EXP02624,PROJ02027,Materials,2024-09-19,196084,EMP0111,approved
EXP02625,PROJ01799,Transport,2024-09-15,195156,EMP0269,Rejected
EXP02626,PROJ01322,Marketing,2025-01-02,121767,EMP0136,Rejected
EXP02627,PROJ03025,Utilities,2024-09-10,8738,EMP0168,approved
EXP02628,PROJ00975,Equipment,2025-02-07,203142,EMP0242,approved
EXP02629,PROJ00567,Materials,2024-06-08,11377,EMP0130,approved
EXP02630,PROJ01300,Transport,2025-03-09,47905,EMP0006,Approved
EXP02631,PROJ04445,Equipment,2024-10-27,146876,EMP0031,Approved
EXP02632,PROJ01720,Labor,2024-07-11,63096,EMP0171,Rejected
EXP02633,PROJ01644,Marketing,2025-01-22,76686,EMP0066,Rejected
EXP02634,PROJ01132,Utilities,2024-07-24,68468,EMP0240,Rejected
EXP02635,PROJ03969,Equipment,2024-10-27,10878,EMP0152,Pending
EXP02636,PROJ02121,Labor,2025-06-05,195327,EMP0208,approved
EXP02637,PROJ00439,Materials,2024-12-20,74784,EMP0155,Rejected
EXP02638,PROJ02150,Transport,2024-08-07,154374,EMP0165,Approved
EXP02639,PROJ03641,Utilities,2024-02-29,190447,EMP0292,Pending
EXP02640,PROJ01847,Materials,2024-09-19,92859,,Pending
EXP02641,PROJ04282,Transport,2024-09-25,201453,EMP0205,Pending
EXP02642,PROJ00424,Labor,2024-11-21,95560,EMP0206,approved
EXP02643,PROJ00812,Marketing,2024-10-14,119971,EMP0228,Pending
EXP02644,PROJ01952,Utilities,2024-11-05,271040,EMP0083,Rejected
EXP02645,PROJ01837,Labor,2024-06-25,207456,EMP0253,Pending
EXP02646,PROJ02236,Utilities,2024-02-20,13205,EMP0277,approved
EXP02647,PROJ04849,Labor,2024-07-24,240898,EMP0003,Approved
EXP02648,PROJ01403,Utilities,2024-07-27,104463,EMP0207,Approved
EXP02649,PROJ01569,Labor,2024-11-04,169385,EMP0022,Approved
EXP02650,PROJ00230,Materials,2024-08-02,50203,EMP0191,Rejected
EXP02651,PROJ03553,Labor,2024-11-07,43857,EMP0055,Pending
EXP02652,PROJ03868,Labor,2025-02-11,26855,EMP0118,Pending
EXP02653,PROJ00884,Materials,2025-06-05,154170,EMP0254,Pending
EXP02654,PROJ02372,Materials,2025-07-21,181215,EMP0198,Approved
EXP02655,PROJ02814,Transport,2024-11-04,60932,EMP0237,approved
EXP02656,PROJ03458,Utilities,2025-03-10,62832,EMP0079,approved
EXP02657,PROJ03496,Transport,2024-10-14,156634,EMP0035,Pending
EXP02658,PROJ01701,Labor,2024-02-11,33802,EMP0019,Rejected
EXP02659,PROJ00201,Labor,2025-02-18,83582,EMP0168,Approved
EXP02660,PROJ01401,Transport,2025-03-01,164174,EMP0225,Approved
EXP02661,PROJ01540,Transport,2025-02-14,163661,EMP0022,approved
EXP02662,PROJ02398,Utilities,2024-04-11,145407,EMP0231,Pending
EXP02663,PROJ03958,Marketing,2024-03-03,56643,EMP0035,approved
EXP02664,PROJ00103,Labor,2024-12-03,224706,EMP0107,approved
EXP02665,PROJ01644,Utilities,2024-12-06,252382,EMP0298,approved
EXP02666,PROJ01534,Transport,2024-12-17,104698,EMP0065,Pending
EXP02667,PROJ02228,Marketing,2025-09-19,86966,EMP0252,approved
EXP02668,PROJ02300,Transport,2024-11-27,146175,EMP0102,Approved
EXP02669,PROJ01490,Equipment,2025-03-12,151742,EMP0175,Approved
EXP02670,PROJ02370,Equipment,2025-01-21,218418,EMP0110,Rejected
EXP02671,PROJ03749,Labor,2024-12-09,296274,EMP0273,Rejected
EXP02672,PROJ00067,Marketing,2024-12-20,93403,EMP0190,Rejected
EXP02673,PROJ03665,Equipment,2024-11-24,62262,EMP0108,Approved
EXP02674,PROJ02256,Marketing,2024-12-28,136390,EMP0251,Rejected
EXP02675,PROJ00490,Marketing,2024-11-10,73590,EMP0078,Rejected
EXP02676,PROJ02858,Labor,2025-01-26,156989,EMP0216,approved
EXP02677,PROJ00555,Transport,2025-02-12,58521,EMP0141,Rejected
EXP02678,PROJ00262,Utilities,2025-03-25,52934,EMP0180,Rejected
EXP02679,PROJ01980,Equipment,2024-02-25,210479,EMP0217,Approved
EXP02680,PROJ01564,Transport,2025-12-10,231004,,Rejected
EXP02681,PROJ01821,Equipment,2025-02-14,204397,EMP0273,Pending
EXP02682,PROJ04791,Materials,2025-03-31,34341,EMP0134,Pending
EXP02683,PROJ04594,Materials,2024-09-25,150023,EMP0045,Approved
EXP02684,PROJ00719,Marketing,2024-11-28,93827,EMP0094,Rejected
EXP02685,PROJ02718,Labor,2025-05-13,128874,EMP0297,Rejected
EXP02686,PROJ03230,Labor,2024-10-13,270071,EMP0261,Approved
EXP02687,PROJ02482,Marketing,2024-08-26,223184,EMP0018,Rejected
EXP02688,PROJ04372,Transport,2025-04-16,212869,EMP0157,Pending
EXP02689,PROJ01575,Transport,2024-05-18,140222,EMP0267,Approved
EXP02690,PROJ02968,Transport,2024-12-18,117270,EMP0138,Pending
EXP02691,PROJ02237,Materials,2024-08-15,289842,EMP0130,approved
EXP02692,PROJ01450,Labor,2025-05-17,298417,EMP0274,Pending
EXP02693,PROJ04587,Utilities,2024-11-05,158407,EMP0209,Rejected
EXP02694,PROJ01613,Equipment,2024-09-09,198785,EMP0299,approved
EXP02695,PROJ03590,Utilities,2025-09-26,106158,EMP0076,Approved
EXP02696,PROJ03389,Utilities,2024-04-24,282154,EMP0176,Pending
EXP02697,PROJ00572,Equipment,2024-12-18,9756,EMP0129,Approved
EXP02698,PROJ02170,Labor,2024-06-10,228176,EMP0195,approved
EXP02699,PROJ00984,Transport,2024-04-09,258272,EMP0192,Approved
EXP02700,PROJ02232,Materials,2025-07-19,184089,EMP0045,Pending
EXP02701,PROJ03214,Equipment,2024-04-22,251237,EMP0097,Pending
EXP02702,PROJ01356,Materials,2024-12-09,118066,EMP0153,Approved
EXP02703,PROJ01328,Materials,2025-02-24,285627,EMP0059,approved
EXP02704,PROJ03551,Marketing,2024-05-19,244963,EMP0012,Approved
EXP02705,PROJ02591,Equipment,2024-11-03,220450,EMP0060,Pending
EXP02706,PROJ04496,Transport,2025-03-12,185615,EMP0155,Approved
EXP02707,PROJ00843,Transport,2025-01-31,205033,EMP0098,Pending
EXP02708,PROJ03494,Materials,2024-12-19,59163,EMP0221,Approved
EXP02709,PROJ00687,Materials,2024-11-15,222938,EMP0151,Rejected
EXP02710,PROJ04722,Utilities,2024-04-05,50390,EMP0292,Pending
EXP02711,PROJ04610,Utilities,2025-01-25,186901,EMP0054,Pending
EXP02712,PROJ04698,Labor,2025-03-22,58661,EMP0134,Pending
EXP02713,PROJ04229,Marketing,2024-11-01,247935,EMP0151,Approved
EXP02714,PROJ00361,Transport,2025-03-01,31477,EMP0237,Pending
EXP02715,PROJ00580,Equipment,2025-07-21,171895,EMP0195,Approved
EXP02716,PROJ01877,Labor,2024-11-18,17192,EMP0077,Pending
EXP02717,PROJ00445,Labor,2024-10-27,30488,EMP0049,Rejected
EXP02718,PROJ04103,Utilities,2025-07-21,90788,EMP0205,Rejected
EXP02719,PROJ04686,Transport,2024-11-25,147711,EMP0193,approved
EXP02720,PROJ00056,Labor,2024-12-22,114047,,Approved
EXP02721,PROJ01910,Labor,2025-03-27,37957,EMP0112,Pending
EXP02722,PROJ00052,Transport,2025-02-26,290930,EMP0034,Rejected
EXP02723,PROJ03916,Materials,2024-12-13,94788,EMP0299,Approved
EXP02724,PROJ04775,Labor,2024-12-08,81239,EMP0190,approved
EXP02725,PROJ03408,Transport,2025-08-13,62762,EMP0155,Approved
EXP02726,PROJ04539,Transport,2024-07-26,25497,EMP0280,Pending
EXP02727,PROJ01644,Equipment,2025-02-22,240512,EMP0006,Pending
EXP02728,PROJ01811,Utilities,2024-07-28,38220,EMP0145,approved
EXP02729,PROJ02895,Equipment,2024-12-28,135592,EMP0119,Pending
EXP02730,PROJ00859,Labor,2024-09-06,247577,EMP0023,approved
EXP02731,PROJ01225,Utilities,2024-06-04,203081,EMP0018,Approved
EXP02732,PROJ03377,Equipment,2024-09-25,204121,EMP0180,approved
EXP02733,PROJ04304,Materials,2025-11-14,94227,EMP0039,Approved
EXP02734,PROJ04049,Labor,2024-10-24,48358,EMP0275,Pending
EXP02735,PROJ03255,Materials,2025-06-13,175561,EMP0271,Pending
EXP02736,PROJ00281,Materials,2025-05-18,88471,EMP0200,Pending
EXP02737,PROJ04359,Equipment,2024-12-01,185083,EMP0193,Rejected
EXP02738,PROJ04664,Transport,2024-11-28,280779,EMP0052,Rejected
EXP02739,PROJ00191,Marketing,2024-08-04,53787,EMP0191,Approved
EXP02740,PROJ02097,Equipment,2024-04-14,28878,EMP0020,approved
EXP02741,PROJ02510,Labor,2024-10-06,151982,EMP0283,Pending
EXP02742,PROJ04679,Marketing,2024-12-03,9744,EMP0073,approved
EXP02743,PROJ04403,Transport,2025-01-18,35825,EMP0157,Pending
EXP02744,PROJ00392,Transport,2024-12-28,295947,EMP0234,Pending
EXP02745,PROJ02617,Equipment,2025-02-15,286025,EMP0008,Rejected
EXP02746,PROJ04324,Equipment,2024-07-10,250573,EMP0179,Approved
EXP02747,PROJ03458,Equipment,2025-04-06,242294,EMP0003,Rejected
EXP02748,PROJ02311,Utilities,2024-11-27,296678,EMP0218,approved
EXP02749,PROJ03582,Utilities,2025-05-19,31381,EMP0209,Pending
EXP02750,PROJ04633,Equipment,2024-06-30,185980,EMP0234,Rejected
EXP02751,PROJ01701,Equipment,2024-02-25,144082,EMP0131,Approved
EXP02752,PROJ01985,Transport,2024-09-10,34797,EMP0216,approved
EXP02753,PROJ00483,Labor,2024-11-15,62780,EMP0269,Approved
EXP02754,PROJ04814,Labor,2025-02-23,210043,EMP0221,approved
EXP02755,PROJ04329,Utilities,2025-02-08,248053,EMP0196,Rejected
EXP02756,PROJ04320,Utilities,2024-02-01,32382,EMP0254,Rejected
EXP02757,PROJ03920,Equipment,2024-10-13,2283,EMP0170,approved
EXP02758,PROJ02192,Equipment,2025-05-04,57769,EMP0077,Approved
EXP02759,PROJ01279,Materials,2024-07-11,291119,EMP0073,Approved
EXP02760,PROJ00773,Utilities,2024-08-02,144716,,Rejected
EXP02761,PROJ01110,Labor,2024-10-17,26325,EMP0160,Rejected
EXP02762,PROJ00426,Utilities,2024-11-02,298033,EMP0118,Pending
EXP02763,PROJ04016,Transport,2025-04-22,222881,EMP0004,approved
EXP02764,PROJ02218,Transport,2025-05-01,163208,EMP0268,Pending
EXP02765,PROJ04816,Transport,2024-06-16,242758,EMP0092,Rejected
EXP02766,PROJ00683,Marketing,2024-10-18,52901,EMP0107,approved
EXP02767,PROJ04845,Marketing,2024-10-31,256860,EMP0106,Rejected
EXP02768,PROJ04205,Transport,2024-08-30,123140,EMP0036,approved
EXP02769,PROJ01210,Marketing,2024-05-14,103947,EMP0260,Approved
EXP02770,PROJ00451,Materials,2024-08-19,223997,EMP0068,Rejected
EXP02771,PROJ00408,Utilities,2025-01-09,62297,EMP0218,Rejected
EXP02772,PROJ04934,Utilities,2025-05-25,281857,EMP0265,Pending
EXP02773,PROJ00316,Labor,2024-12-25,243257,EMP0228,Rejected
EXP02774,PROJ00577,Equipment,2024-02-28,210844,EMP0039,Pending
EXP02775,PROJ03703,Utilities,2025-04-30,69537,EMP0097,Approved
EXP02776,PROJ01342,Materials,2025-05-03,274228,EMP0238,Approved
EXP02777,PROJ00329,Marketing,2024-08-21,252900,EMP0089,approved
EXP02778,PROJ00737,Labor,2024-10-12,179227,EMP0194,Rejected
EXP02779,PROJ02760,Materials,2024-06-09,7281,EMP0215,Rejected
EXP02780,PROJ03680,Utilities,2024-10-31,59499,EMP0271,Approved
EXP02781,PROJ02612,Marketing,2024-10-06,242677,EMP0084,Pending
EXP02782,PROJ04786,Labor,2024-07-16,92911,EMP0113,approved
EXP02783,PROJ03799,Materials,2024-11-03,45140,EMP0101,Approved
EXP02784,PROJ00953,Labor,2025-06-05,205209,EMP0024,Approved
EXP02785,PROJ03147,Labor,2024-09-17,236240,EMP0263,Pending
EXP02786,PROJ04658,Labor,2024-04-10,230101,EMP0285,Rejected
EXP02787,PROJ04029,Utilities,2025-02-28,39273,EMP0178,approved
EXP02788,PROJ01714,Marketing,2024-05-29,23541,EMP0046,Rejected
EXP02789,PROJ04469,Equipment,2025-10-23,47565,EMP0257,Rejected
EXP02790,PROJ02778,Transport,2025-03-13,209482,EMP0219,Rejected
EXP02791,PROJ04412,Materials,2024-11-02,101118,EMP0239,Approved
EXP02792,PROJ03091,Equipment,2024-04-29,184581,EMP0033,Pending
EXP02793,PROJ02041,Marketing,2025-08-14,158930,EMP0240,Rejected
EXP02794,PROJ04206,Marketing,2024-11-17,68179,EMP0051,Pending
EXP02795,PROJ04649,Labor,2024-08-19,290934,EMP0037,Approved
EXP02796,PROJ01508,Utilities,2025-03-23,99224,EMP0111,approved
EXP02797,PROJ00893,Marketing,2024-12-17,25942,EMP0143,Pending
EXP02798,PROJ02711,Transport,2025-02-24,268458,EMP0142,Approved
EXP02799,PROJ00053,Utilities,2024-06-22,24571,EMP0063,Approved
EXP02800,PROJ04467,Materials,2025-02-06,74083,,Pending
EXP02801,PROJ02697,Equipment,2025-05-28,224198,EMP0053,approved
EXP02802,PROJ02686,Utilities,2024-12-18,168640,EMP0099,Approved
EXP02803,PROJ03079,Utilities,2025-08-20,109245,EMP0171,Rejected
EXP02804,PROJ03639,Marketing,2024-10-07,179744,EMP0292,Approved
EXP02805,PROJ04257,Labor,2025-06-25,263366,EMP0184,approved
EXP02806,PROJ03939,Labor,2024-07-23,217419,EMP0092,Approved
EXP02807,PROJ02605,Utilities,2024-12-13,177200,EMP0105,Pending
EXP02808,PROJ03650,Labor,2024-10-16,99094,EMP0146,Rejected
EXP02809,PROJ01601,Equipment,2024-12-20,53491,EMP0265,Pending
EXP02810,PROJ04565,Materials,2024-11-24,176743,EMP0078,Rejected
EXP02811,PROJ02185,Marketing,2024-06-29,17222,EMP0215,approved
EXP02812,PROJ02664,Transport,2025-04-16,158840,EMP0269,approved
EXP02813,PROJ01915,Marketing,2024-11-29,187652,EMP0234,Pending
EXP02814,PROJ02861,Equipment,2024-07-05,14418,EMP0140,Rejected
EXP02815,PROJ04678,Utilities,2024-12-22,206457,EMP0190,Approved
EXP02816,PROJ00269,Labor,2025-03-22,149421,EMP0122,Pending
EXP02817,PROJ00923,Materials,2025-05-05,107543,EMP0284,Pending
EXP02818,PROJ03064,Equipment,2024-12-05,121324,EMP0217,Pending
EXP02819,PROJ00732,Marketing,2024-08-22,212534,EMP0152,approved
EXP02820,PROJ04523,Marketing,2024-11-29,284987,EMP0292,Pending
EXP02821,PROJ01217,Marketing,2025-01-23,8587,EMP0096,approved
EXP02822,PROJ03587,Labor,2025-03-16,75695,EMP0005,Pending
EXP02823,PROJ00266,Utilities,2025-05-12,260625,EMP0147,Pending
EXP02824,PROJ02192,Marketing,2024-07-05,239689,EMP0018,Approved
EXP02825,PROJ03482,Utilities,2024-04-11,289093,EMP0102,Rejected
EXP02826,PROJ01491,Marketing,2024-10-17,100469,EMP0110,Rejected
EXP02827,PROJ02755,Utilities,2024-07-29,284880,EMP0222,Approved
EXP02828,PROJ03576,Utilities,2025-04-06,54375,EMP0282,Approved
EXP02829,PROJ03360,Materials,2024-08-23,58814,EMP0028,Approved
EXP02830,PROJ00950,Utilities,2025-04-07,112832,EMP0067,approved
EXP02831,PROJ02395,Transport,2025-02-20,113331,EMP0278,Pending
EXP02832,PROJ03173,Equipment,2024-09-05,285070,EMP0282,Approved
EXP02833,PROJ01532,Transport,2024-11-08,153713,EMP0025,Pending
EXP02834,PROJ04689,Equipment,2024-11-06,49712,EMP0223,approved
EXP02835,PROJ04951,Marketing,2024-02-14,185473,EMP0048,Pending
EXP02836,PROJ04474,Equipment,2024-10-18,8945,EMP0046,Pending
EXP02837,PROJ00806,Labor,2025-04-02,152753,EMP0175,Pending
EXP02838,PROJ01526,Marketing,2025-03-31,132269,EMP0174,Pending
EXP02839,PROJ01247,Equipment,2024-09-10,177494,EMP0081,Rejected
EXP02840,PROJ04984,Materials,2024-04-21,6203,,Rejected
EXP02841,PROJ02290,Transport,2024-06-21,154129,EMP0107,Rejected
EXP02842,PROJ00568,Marketing,2025-01-07,131604,EMP0299,Pending
EXP02843,PROJ04535,Materials,2025-09-19,121102,EMP0212,approved
EXP02844,PROJ00245,Marketing,2025-04-01,97755,EMP0194,Approved
EXP02845,PROJ03592,Marketing,2025-03-25,151081,EMP0202,Approved
EXP02846,PROJ04363,Utilities,2024-05-16,103407,EMP0047,Approved
EXP02847,PROJ04367,Utilities,2025-04-25,27012,EMP0138,Pending
EXP02848,PROJ00779,Marketing,2025-01-04,54314,EMP0235,Rejected
EXP02849,PROJ03148,Marketing,2025-03-30,199497,EMP0277,Approved
EXP02850,PROJ00922,Utilities,2024-10-21,29600,EMP0116,Pending
EXP02851,PROJ01066,Utilities,2025-01-13,118190,EMP0245,Rejected
EXP02852,PROJ00579,Materials,2024-08-07,33890,EMP0285,Rejected
EXP02853,PROJ00197,Utilities,2025-04-03,169019,EMP0077,Rejected
EXP02854,PROJ04756,Labor,2024-10-25,296846,EMP0257,Pending
EXP02855,PROJ01434,Equipment,2024-11-12,238135,EMP0141,Approved
EXP02856,PROJ00652,Materials,2024-08-04,141386,EMP0219,approved
EXP02857,PROJ03255,Utilities,2025-01-12,17282,EMP0163,approved
EXP02858,PROJ02584,Marketing,2024-09-15,153577,EMP0181,Approved
EXP02859,PROJ03043,Transport,2025-07-28,207427,EMP0227,Pending
EXP02860,PROJ02556,Utilities,2024-11-23,9519,EMP0247,approved
EXP02861,PROJ00925,Equipment,2024-09-20,27927,EMP0010,Pending
EXP02862,PROJ01515,Labor,2024-12-02,260379,EMP0264,approved
EXP02863,PROJ00488,Equipment,2025-03-19,66889,EMP0266,Rejected
EXP02864,PROJ03234,Marketing,2024-07-26,206469,EMP0111,Rejected
EXP02865,PROJ02880,Transport,2025-05-09,93028,EMP0245,Rejected
EXP02866,PROJ00217,Marketing,2025-03-16,276916,EMP0284,approved
EXP02867,PROJ02933,Utilities,2024-05-18,290509,EMP0076,Pending
EXP02868,PROJ03706,Equipment,2024-07-21,197696,EMP0088,approved
EXP02869,PROJ01723,Utilities,2024-11-29,131640,EMP0275,Pending
EXP02870,PROJ03266,Transport,2025-02-25,186687,EMP0208,Pending
EXP02871,PROJ04529,Marketing,2025-01-08,59401,EMP0070,Approved
EXP02872,PROJ00235,Materials,2025-05-06,56938,EMP0160,Pending
EXP02873,PROJ04879,Materials,2025-03-23,249378,EMP0300,Rejected
EXP02874,PROJ04779,Transport,2024-08-13,176082,EMP0174,Pending
EXP02875,PROJ04084,Marketing,2024-10-13,212298,EMP0106,Approved
EXP02876,PROJ04628,Labor,2024-09-12,177501,EMP0243,Approved
EXP02877,PROJ03210,Transport,2024-10-03,80830,EMP0053,Rejected
EXP02878,PROJ02421,Marketing,2025-06-02,52549,EMP0122,approved
EXP02879,PROJ03254,Transport,2024-11-09,264511,EMP0200,Pending
EXP02880,PROJ00608,Utilities,2024-09-29,146830,,approved
EXP02881,PROJ02455,Marketing,2025-07-22,147053,EMP0229,Pending
EXP02882,PROJ04701,Equipment,2025-05-10,143224,EMP0223,Approved
EXP02883,PROJ01725,Labor,2024-05-28,40747,EMP0219,Pending
EXP02884,PROJ01927,Equipment,2024-12-15,24445,EMP0050,Pending
EXP02885,PROJ02880,Transport,2024-09-14,165191,EMP0208,approved
EXP02886,PROJ00928,Transport,2024-05-20,18045,EMP0281,approved
EXP02887,PROJ04700,Equipment,2025-09-15,283845,EMP0161,approved
EXP02888,PROJ01610,Marketing,2024-07-05,118004,EMP0048,Approved
EXP02889,PROJ00089,Transport,2024-07-29,160521,EMP0177,Pending
EXP02890,PROJ04620,Materials,2024-06-07,165647,EMP0016,approved
EXP02891,PROJ02859,Marketing,2024-12-07,224034,EMP0151,Pending
EXP02892,PROJ04519,Materials,2025-01-09,100625,EMP0277,Approved
EXP02893,PROJ02158,Transport,2024-05-24,33230,EMP0043,Pending
EXP02894,PROJ02843,Equipment,2024-08-20,16308,EMP0188,Approved
EXP02895,PROJ00216,Utilities,2025-06-07,71001,EMP0213,Rejected
EXP02896,PROJ00987,Transport,2025-03-01,236585,EMP0136,approved
EXP02897,PROJ01307,Transport,2024-07-22,157396,EMP0146,Pending
EXP02898,PROJ01984,Utilities,2025-02-26,100058,EMP0004,Rejected
EXP02899,PROJ03221,Materials,2024-08-28,23920,EMP0222,Approved
EXP02900,PROJ00424,Marketing,2024-10-26,35479,EMP0069,Approved
EXP02901,PROJ00915,Transport,2024-11-23,236787,EMP0243,Pending
EXP02902,PROJ02053,Transport,2025-03-29,28227,EMP0118,Pending
EXP02903,PROJ04412,Utilities,2024-10-30,270183,EMP0260,Approved
EXP02904,PROJ02972,Utilities,2024-06-17,126969,EMP0172,approved
EXP02905,PROJ02821,Marketing,2025-11-20,132322,EMP0032,Pending
EXP02906,PROJ04601,Marketing,2024-08-13,205594,EMP0235,Rejected
EXP02907,PROJ00201,Utilities,2025-01-22,29131,EMP0113,Pending
EXP02908,PROJ02230,Equipment,2025-01-19,188549,EMP0079,Approved
EXP02909,PROJ03537,Labor,2025-01-08,47993,EMP0282,Pending
EXP02910,PROJ04877,Labor,2024-10-10,230319,EMP0268,Pending
EXP02911,PROJ04486,Utilities,2024-11-11,197501,EMP0152,approved
EXP02912,PROJ02375,Marketing,2024-10-07,67427,EMP0168,Pending
EXP02913,PROJ03210,Labor,2024-09-18,189712,EMP0234,Approved
EXP02914,PROJ01276,Utilities,2025-01-13,117100,EMP0209,Pending
EXP02915,PROJ01898,Utilities,2025-05-26,187984,EMP0239,Rejected
EXP02916,PROJ01363,Materials,2024-06-18,22892,EMP0163,Approved
EXP02917,PROJ00525,Utilities,2024-07-09,193098,EMP0163,Approved
EXP02918,PROJ04028,Transport,2025-12-03,46358,EMP0026,Rejected
EXP02919,PROJ01148,Labor,2024-04-05,17171,EMP0263,Rejected
EXP02920,PROJ01532,Equipment,2024-11-28,44617,,Rejected
EXP02921,PROJ00732,Transport,2024-11-18,171555,EMP0134,Pending
EXP02922,PROJ00041,Marketing,2025-01-07,32201,EMP0120,Approved
EXP02923,PROJ04138,Marketing,2024-07-24,140503,EMP0125,Approved
EXP02924,PROJ04113,Utilities,2025-01-23,36218,EMP0118,approved
EXP02925,PROJ04167,Equipment,2024-12-02,257854,EMP0045,Rejected
EXP02926,PROJ01297,Labor,2025-01-12,270420,EMP0258,Approved
EXP02927,PROJ01642,Transport,2025-07-06,15296,EMP0116,approved
EXP02928,PROJ01863,Equipment,2025-02-01,42418,EMP0006,Approved
EXP02929,PROJ04842,Transport,2024-07-28,130032,EMP0076,approved
EXP02930,PROJ00113,Materials,2024-12-11,187307,EMP0050,Approved
EXP02931,PROJ00955,Utilities,2025-05-11,6704,EMP0055,approved
EXP02932,PROJ02449,Materials,2024-09-16,218833,EMP0015,Rejected
EXP02933,PROJ02840,Labor,2024-12-25,178589,EMP0033,approved
EXP02934,PROJ03313,Transport,2024-09-10,218374,EMP0149,Approved
EXP02935,PROJ04516,Equipment,2024-08-13,170102,EMP0107,approved
EXP02936,PROJ01835,Transport,2025-02-23,12137,EMP0034,Approved
EXP02937,PROJ04254,Materials,2024-05-10,173280,EMP0127,Pending
EXP02938,PROJ03363,Equipment,2025-01-30,226792,EMP0128,Approved
EXP02939,PROJ04731,Materials,2025-03-20,223717,EMP0196,Approved
EXP02940,PROJ04836,Utilities,2025-04-25,104055,EMP0006,Pending
EXP02941,PROJ02005,Marketing,2025-01-31,207695,EMP0257,approved
EXP02942,PROJ00198,Marketing,2025-09-06,87361,EMP0291,approved
EXP02943,PROJ03000,Labor,2024-05-29,56521,EMP0285,Rejected
EXP02944,PROJ03897,Transport,2025-06-25,21975,EMP0126,Approved
EXP02945,PROJ04140,Labor,2024-12-08,194171,EMP0073,Approved
EXP02946,PROJ03591,Labor,2024-10-21,85716,EMP0098,Pending
EXP02947,PROJ02875,Marketing,2024-12-04,132700,EMP0052,Pending
EXP02948,PROJ01903,Materials,2024-10-15,39244,EMP0277,Pending
EXP02949,PROJ03978,Labor,2025-02-03,97482,EMP0189,approved
EXP02950,PROJ02938,Marketing,2025-07-13,203897,EMP0282,Rejected
EXP02951,PROJ03562,Transport,2025-01-20,297123,EMP0126,Rejected
EXP02952,PROJ01154,Marketing,2025-02-01,218543,EMP0231,Pending
EXP02953,PROJ01694,Materials,2024-09-02,124324,EMP0070,Rejected
EXP02954,PROJ03363,Transport,2025-01-10,280338,EMP0300,Rejected
EXP02955,PROJ00889,Materials,2024-05-12,51967,EMP0236,Pending
EXP02956,PROJ00462,Transport,2024-11-02,179179,EMP0176,approved
EXP02957,PROJ03685,Utilities,2024-12-21,106318,EMP0196,Pending
EXP02958,PROJ00279,Equipment,2025-01-15,141245,EMP0089,Approved
EXP02959,PROJ00612,Utilities,2025-03-05,41314,EMP0216,approved
EXP02960,PROJ04405,Transport,2024-11-14,147651,,Approved
EXP02961,PROJ02393,Equipment,2024-05-20,158466,EMP0256,Pending
EXP02962,PROJ02805,Labor,2024-06-02,97799,EMP0111,Rejected
EXP02963,PROJ04888,Materials,2025-04-09,128239,EMP0013,Approved
EXP02964,PROJ02595,Transport,2024-07-10,198880,EMP0265,approved
EXP02965,PROJ04660,Transport,2024-08-27,285331,EMP0148,Rejected
EXP02966,PROJ04951,Labor,2024-03-13,77844,EMP0009,Rejected
EXP02967,PROJ01182,Marketing,2024-12-13,268052,EMP0056,Approved
EXP02968,PROJ01450,Materials,2025-07-08,23967,EMP0272,Approved
EXP02969,PROJ01245,Labor,2024-11-23,294503,EMP0285,Rejected
EXP02970,PROJ00693,Utilities,2025-07-20,234360,EMP0061,Approved
EXP02971,PROJ04936,Utilities,2025-01-11,288788,EMP0179,Approved
EXP02972,PROJ03246,Equipment,2024-10-27,284689,EMP0289,Rejected
EXP02973,PROJ04053,Labor,2024-09-11,2693,EMP0032,Pending
EXP02974,PROJ00920,Equipment,2024-11-12,17415,EMP0161,Rejected
EXP02975,PROJ04281,Utilities,2024-06-23,203963,EMP0078,Pending
EXP02976,PROJ01430,Marketing,2024-10-08,54798,EMP0225,Rejected
EXP02977,PROJ02853,Materials,2024-06-20,248801,EMP0213,Rejected
EXP02978,PROJ02500,Materials,2024-09-03,97473,EMP0285,Approved
EXP02979,PROJ04207,Transport,2025-05-12,248284,EMP0200,Rejected
EXP02980,PROJ00506,Utilities,2025-02-20,101692,EMP0041,Approved
EXP02981,PROJ03788,Equipment,2025-04-10,153095,EMP0165,Pending
EXP02982,PROJ04262,Transport,2025-01-03,222181,EMP0152,approved
EXP02983,PROJ00613,Labor,2024-09-29,20297,EMP0125,Pending
EXP02984,PROJ04917,Equipment,2025-05-29,212714,EMP0025,Rejected
EXP02985,PROJ00333,Equipment,2025-01-30,194804,EMP0264,Pending
EXP02986,PROJ04844,Materials,2025-03-04,79200,EMP0074,Rejected
EXP02987,PROJ00478,Equipment,2025-10-02,38955,EMP0035,Approved
EXP02988,PROJ03060,Transport,2025-06-18,130715,EMP0098,Pending
EXP02989,PROJ04671,Labor,2025-08-29,230674,EMP0197,Approved
EXP02990,PROJ03765,Equipment,2025-02-13,123070,EMP0103,Pending
EXP02991,PROJ00837,Materials,2025-06-24,272478,EMP0177,Approved
EXP02992,PROJ02238,Transport,2024-10-04,56643,EMP0033,approved
EXP02993,PROJ02567,Utilities,2024-04-15,3472,EMP0194,approved
EXP02994,PROJ04852,Utilities,2024-08-01,273056,EMP0165,Rejected
EXP02995,PROJ00021,Materials,2024-03-12,85509,EMP0044,Approved
EXP02996,PROJ00372,Transport,2024-11-26,202472,EMP0131,approved
EXP02997,PROJ01969,Labor,2024-12-10,59017,EMP0075,Pending
EXP02998,PROJ04178,Labor,2024-12-26,68072,EMP0005,approved
EXP02999,PROJ04250,Equipment,2024-04-27,32756,EMP0196,Rejected
EXP03000,PROJ04051,Equipment,2024-08-05,294994,,Rejected
