inventory_id,product_id,supplier_id,warehouse,stock_quantity,reorder_level,last_updated,inventory_status
INV00001,PRD00322,SUP0115,Delhi WH,777,21,15-12-2025,available
INV00002,PRD00908,SUP0140,Hyderabad WH,186,123,19-01-2025,Available
INV00003,PRD00685,SUP0488,Bengaluru WH,568,137,06-05-2025,Available
INV00004,PRD00272,SUP0042,Bengaluru WH,566,170,20-09-2025,Low Stock
INV00005,PRD00668,SUP0367,Mumbai WH,105,69,28-03-2025,Available
INV00006,PRD00612,SUP0192,Chennai WH,623,146,02-06-2025,available
INV00007,PRD00420,SUP0105,Delhi WH,918,62,21-05-2025,available
INV00008,PRD00216,SUP0384,Hyderabad WH,354,189,02-12-2025,Low Stock
INV00009,PRD01770,SUP0065,Hyderabad WH,908,133,24-07-2025,Available
INV00010,PRD01214,SUP0048,Bengaluru WH,622,88,22-09-2025,Out of Stock
INV00011,PRD00315,SUP0395,Chennai WH,61,29,21-12-2025,Available
INV00012,PRD01462,SUP0453,Delhi WH,273,176,18-08-2025,Out of Stock
INV00013,PRD01830,SUP0292,Delhi WH,255,128,24-12-2025,Low Stock
INV00014,PRD00347,SUP0306,Chennai WH,441,99,07-11-2025,available
INV00015,PRD01660,SUP0158,Hyderabad WH,221,79,06-02-2025,available
INV00016,PRD01868,SUP0435,Mumbai WH,554,85,13-06-2025,Available
INV00017,PRD00868,SUP0008,Delhi WH,951,147,13-04-2025,Available
INV00018,PRD00756,SUP0354,Bengaluru WH,89,32,11-12-2025,Out of Stock
INV00019,PRD01906,SUP0285,Mumbai WH,198,125,18-04-2025,Low Stock
INV00020,PRD01949,SUP0153,Chennai WH,507,111,02-05-2025,Available
INV00021,PRD00461,SUP0076,Mumbai WH,994,135,21-01-2025,Available
INV00022,PRD01587,SUP0035,Bengaluru WH,987,86,11-12-2025,Available
INV00023,PRD01379,SUP0329,Mumbai WH,676,78,01-11-2025,Low Stock
INV00024,PRD00912,SUP0051,Mumbai WH,613,159,08-12-2025,Available
INV00025,PRD00177,SUP0034,Chennai WH,541,49,24-06-2025,Available
INV00026,PRD01593,SUP0070,Mumbai WH,994,167,23-09-2025,Low Stock
INV00027,PRD00580,SUP0072,Chennai WH,373,187,10-07-2025,Out of Stock
INV00028,PRD00110,SUP0005,Delhi WH,324,83,04-07-2025,Available
INV00029,PRD01505,SUP0497,Chennai WH,417,149,04-05-2025,Available
INV00030,PRD01229,SUP0154,Chennai WH,221,164,19-03-2025,Low Stock
INV00031,PRD01546,SUP0259,Bengaluru WH,62,39,12-10-2025,Available
INV00032,PRD01958,SUP0414,Bengaluru WH,308,177,04-04-2025,Available
INV00033,PRD01385,SUP0179,Mumbai WH,841,143,02-08-2025,available
INV00034,PRD01890,SUP0217,Bengaluru WH,644,32,12-07-2025,Available
INV00035,PRD01718,SUP0308,Chennai WH,339,106,10-12-2025,available
INV00036,PRD01159,SUP0084,Chennai WH,559,156,09-06-2025,available
INV00037,PRD00741,SUP0022,Delhi WH,251,179,22-08-2025,Low Stock
INV00038,PRD01503,SUP0446,Hyderabad WH,332,80,28-08-2025,Low Stock
INV00039,PRD01530,SUP0267,Hyderabad WH,673,123,06-05-2025,available
INV00040,PRD00853,SUP0318,Delhi WH,45,137,19-04-2025,Low Stock
INV00041,PRD00225,SUP0043,Delhi WH,362,160,20-08-2025,available
INV00042,PRD01091,SUP0416,Bengaluru WH,47,124,07-02-2025,Out of Stock
INV00043,PRD00044,SUP0314,Bengaluru WH,441,37,04-09-2025,Available
INV00044,PRD01072,SUP0500,Bengaluru WH,195,58,05-10-2025,Available
INV00045,PRD01945,SUP0401,Hyderabad WH,510,190,25-09-2025,Low Stock
INV00046,PRD00636,SUP0103,Bengaluru WH,745,193,16-07-2025,Low Stock
INV00047,PRD00315,SUP0112,Delhi WH,320,170,28-05-2025,Out of Stock
INV00048,PRD00406,SUP0480,Delhi WH,807,185,13-01-2025,Available
INV00049,PRD01338,SUP0171,Hyderabad WH,427,25,10-02-2025,Low Stock
INV00050,PRD01147,SUP0038,Hyderabad WH,873,173,18-08-2025,Out of Stock
INV00051,PRD00777,SUP0013,Delhi WH,992,85,16-05-2025,Out of Stock
INV00052,PRD00211,SUP0324,Hyderabad WH,876,35,27-02-2025,Out of Stock
INV00053,PRD00733,SUP0486,Mumbai WH,468,82,20-06-2025,Out of Stock
INV00054,PRD00850,SUP0312,Hyderabad WH,870,134,02-12-2025,Low Stock
INV00055,PRD01664,SUP0245,Mumbai WH,722,79,02-07-2025,Low Stock
INV00056,PRD01627,SUP0480,Mumbai WH,764,81,18-02-2025,available
INV00057,PRD01152,SUP0245,Hyderabad WH,599,196,13-10-2025,Out of Stock
INV00058,PRD01307,SUP0479,Chennai WH,749,23,07-01-2025,available
INV00059,PRD01891,SUP0450,Delhi WH,563,116,02-12-2025,Out of Stock
INV00060,PRD00183,SUP0201,Chennai WH,816,107,09-05-2025,Available
INV00061,PRD00877,SUP0346,Hyderabad WH,888,115,26-07-2025,Available
INV00062,PRD00517,SUP0171,Bengaluru WH,678,35,28-11-2025,Available
INV00063,PRD00354,SUP0314,Mumbai WH,120,59,02-10-2025,Available
INV00064,PRD00838,SUP0113,Delhi WH,467,138,05-12-2025,Out of Stock
INV00065,PRD00866,SUP0129,Mumbai WH,522,36,16-05-2025,Low Stock
INV00066,PRD00841,SUP0245,Delhi WH,31,41,24-11-2025,available
INV00067,PRD00673,SUP0446,Chennai WH,694,64,12-04-2025,Out of Stock
INV00068,PRD00984,SUP0175,Mumbai WH,170,190,14-07-2025,Out of Stock
INV00069,PRD01182,SUP0471,Hyderabad WH,272,74,19-05-2025,available
INV00070,PRD01276,SUP0432,Bengaluru WH,662,73,19-07-2025,Out of Stock
INV00071,PRD01626,SUP0487,Hyderabad WH,558,148,20-07-2025,Available
INV00072,PRD01687,SUP0244,Mumbai WH,315,85,24-08-2025,Available
INV00073,PRD01557,SUP0495,Mumbai WH,396,71,04-04-2025,available
INV00074,PRD01769,SUP0166,Mumbai WH,35,146,21-04-2025,Low Stock
INV00075,PRD01962,SUP0021,Bengaluru WH,559,141,07-08-2025,available
INV00076,PRD01539,SUP0384,Bengaluru WH,620,177,28-08-2025,Available
INV00077,PRD00709,SUP0450,Hyderabad WH,116,72,09-03-2025,Available
INV00078,PRD00885,SUP0043,Chennai WH,424,94,28-01-2025,Available
INV00079,PRD00278,SUP0354,Delhi WH,612,192,05-08-2025,Low Stock
INV00080,PRD00167,SUP0454,Chennai WH,496,95,13-11-2025,Available
INV00081,PRD00621,SUP0290,Hyderabad WH,584,75,02-09-2025,Available
INV00082,PRD00817,SUP0423,Hyderabad WH,56,154,03-03-2025,Out of Stock
INV00083,PRD00914,SUP0472,Chennai WH,271,127,10-09-2025,available
INV00084,PRD00041,SUP0079,Hyderabad WH,203,93,13-10-2025,Low Stock
INV00085,PRD01227,SUP0204,Bengaluru WH,125,130,02-11-2025,Available
INV00086,PRD01310,SUP0421,Chennai WH,157,104,22-08-2025,Available
INV00087,PRD01450,SUP0344,Bengaluru WH,210,173,08-10-2025,Available
INV00088,PRD01710,SUP0293,Mumbai WH,669,82,27-10-2025,Available
INV00089,PRD01388,SUP0284,Chennai WH,287,28,18-11-2025,Low Stock
INV00090,PRD00945,SUP0275,Mumbai WH,51,46,12-10-2025,Low Stock
INV00091,PRD00753,SUP0157,Delhi WH,548,142,03-04-2025,available
INV00092,PRD00744,SUP0128,Delhi WH,397,183,06-04-2025,Low Stock
INV00093,PRD01718,SUP0166,Chennai WH,796,38,11-05-2025,Available
INV00094,PRD01341,SUP0137,Delhi WH,132,128,22-08-2025,Available
INV00095,PRD00030,SUP0032,Chennai WH,580,69,28-01-2025,Low Stock
INV00096,PRD00730,SUP0011,Hyderabad WH,742,78,09-11-2025,Low Stock
INV00097,PRD01719,SUP0471,Delhi WH,785,80,27-12-2025,available
INV00098,PRD01741,SUP0199,Chennai WH,254,139,04-09-2025,Out of Stock
INV00099,PRD00692,SUP0409,Chennai WH,97,139,09-04-2025,Out of Stock
INV00100,PRD01215,SUP0074,Chennai WH,915,138,08-03-2025,Out of Stock
INV00101,PRD01287,SUP0118,Bengaluru WH,733,155,04-07-2025,Available
INV00102,PRD00335,SUP0005,Delhi WH,257,45,10-10-2025,Available
INV00103,PRD00266,SUP0197,Hyderabad WH,95,71,25-11-2025,Low Stock
INV00104,PRD00243,SUP0498,Bengaluru WH,739,177,20-09-2025,Out of Stock
INV00105,PRD00694,SUP0489,Delhi WH,457,42,16-06-2025,Low Stock
INV00106,PRD01088,SUP0049,Hyderabad WH,293,144,11-02-2025,Available
INV00107,PRD01181,SUP0256,Chennai WH,134,170,15-02-2025,Low Stock
INV00108,PRD00474,SUP0118,Hyderabad WH,151,153,11-07-2025,available
INV00109,PRD01149,SUP0038,Chennai WH,267,36,27-05-2025,Low Stock
INV00110,PRD01124,SUP0171,Bengaluru WH,157,168,15-03-2025,available
INV00111,PRD00735,SUP0389,Chennai WH,717,60,02-09-2025,available
INV00112,PRD01446,SUP0133,Hyderabad WH,460,40,19-04-2025,Low Stock
INV00113,PRD00761,SUP0048,Bengaluru WH,708,181,14-02-2025,Available
INV00114,PRD00960,SUP0440,Bengaluru WH,113,111,14-09-2025,Low Stock
INV00115,PRD01353,SUP0158,Chennai WH,441,117,16-11-2025,Available
INV00116,PRD01937,SUP0310,Delhi WH,42,191,21-09-2025,available
INV00117,PRD00902,SUP0072,Delhi WH,262,53,19-04-2025,Available
INV00118,PRD01985,SUP0193,Chennai WH,454,71,15-10-2025,Out of Stock
INV00119,PRD00190,SUP0014,Chennai WH,859,29,11-12-2025,Low Stock
INV00120,PRD00061,SUP0015,Chennai WH,944,143,09-01-2025,Out of Stock
INV00121,PRD00813,SUP0268,Mumbai WH,739,140,25-04-2025,available
INV00122,PRD01755,SUP0144,Delhi WH,686,191,06-03-2025,Out of Stock
INV00123,PRD01455,SUP0105,Delhi WH,758,199,22-01-2025,available
INV00124,PRD01194,SUP0256,Chennai WH,878,93,15-01-2025,Available
INV00125,PRD00907,SUP0301,Hyderabad WH,411,84,03-01-2025,Available
INV00126,PRD01729,SUP0018,Delhi WH,526,79,16-08-2025,Out of Stock
INV00127,PRD01547,SUP0210,Mumbai WH,20,50,18-12-2025,available
INV00128,PRD00453,SUP0351,Bengaluru WH,775,85,11-04-2025,Available
INV00129,PRD01931,SUP0087,Mumbai WH,120,156,23-11-2025,available
INV00130,PRD00160,SUP0425,Delhi WH,985,72,01-07-2025,Low Stock
INV00131,PRD00188,SUP0096,Hyderabad WH,766,42,01-12-2025,Out of Stock
INV00132,PRD01085,SUP0091,Bengaluru WH,285,154,02-11-2025,available
INV00133,PRD01478,SUP0021,Chennai WH,681,108,01-01-2025,Out of Stock
INV00134,PRD00138,SUP0068,Bengaluru WH,503,61,20-02-2025,Out of Stock
INV00135,PRD01094,SUP0256,Bengaluru WH,184,131,06-10-2025,available
INV00136,PRD01243,SUP0148,Chennai WH,29,106,11-06-2025,Low Stock
INV00137,PRD00373,SUP0012,Mumbai WH,663,27,02-12-2025,available
INV00138,PRD01577,SUP0320,Mumbai WH,114,135,19-12-2025,Low Stock
INV00139,PRD01514,SUP0421,Mumbai WH,801,195,28-09-2025,available
INV00140,PRD00478,SUP0045,Mumbai WH,752,91,21-05-2025,Low Stock
INV00141,PRD00876,SUP0302,Mumbai WH,895,120,27-03-2025,available
INV00142,PRD01718,SUP0463,Mumbai WH,485,22,03-03-2025,available
INV00143,PRD01458,SUP0458,Hyderabad WH,217,127,18-04-2025,available
INV00144,PRD00465,SUP0464,Hyderabad WH,969,102,09-10-2025,Out of Stock
INV00145,PRD00571,SUP0292,Delhi WH,875,147,18-01-2025,available
INV00146,PRD00301,SUP0380,Chennai WH,661,49,25-09-2025,available
INV00147,PRD00477,SUP0368,Bengaluru WH,461,123,28-03-2025,Low Stock
INV00148,PRD01050,SUP0298,Bengaluru WH,258,30,22-10-2025,available
INV00149,PRD00659,SUP0186,Bengaluru WH,411,26,18-08-2025,Out of Stock
INV00150,PRD00383,SUP0300,Mumbai WH,711,162,05-03-2025,Out of Stock
INV00151,PRD00888,SUP0103,Bengaluru WH,45,156,13-10-2025,Low Stock
INV00152,PRD01727,SUP0376,Chennai WH,415,31,25-03-2025,Low Stock
INV00153,PRD01421,SUP0251,Mumbai WH,961,139,07-08-2025,Available
INV00154,PRD00191,SUP0305,Mumbai WH,388,151,17-09-2025,available
INV00155,PRD00840,SUP0359,Bengaluru WH,318,188,07-01-2025,Out of Stock
INV00156,PRD00272,SUP0024,Bengaluru WH,483,184,17-12-2025,Low Stock
INV00157,PRD00499,SUP0327,Mumbai WH,340,79,17-09-2025,Out of Stock
INV00158,PRD01023,SUP0469,Hyderabad WH,943,123,02-10-2025,Low Stock
INV00159,PRD00883,SUP0221,Mumbai WH,438,87,12-01-2025,Out of Stock
INV00160,PRD00365,SUP0312,Chennai WH,348,32,13-11-2025,Available
INV00161,PRD00740,SUP0269,Delhi WH,428,47,25-10-2025,available
INV00162,PRD01354,SUP0196,Bengaluru WH,679,141,07-09-2025,Out of Stock
INV00163,PRD01176,SUP0321,Delhi WH,861,41,28-09-2025,Out of Stock
INV00164,PRD01493,SUP0384,Chennai WH,251,70,22-10-2025,Available
INV00165,PRD00541,SUP0044,Mumbai WH,34,87,12-09-2025,available
INV00166,PRD01195,SUP0335,Delhi WH,89,46,03-06-2025,Out of Stock
INV00167,PRD00034,SUP0287,Bengaluru WH,284,175,05-06-2025,available
INV00168,PRD01280,SUP0132,Bengaluru WH,442,62,16-11-2025,Out of Stock
INV00169,PRD01729,SUP0214,Mumbai WH,261,31,22-05-2025,Out of Stock
INV00170,PRD00958,SUP0346,Chennai WH,583,140,01-06-2025,available
INV00171,PRD00472,SUP0222,Chennai WH,212,80,21-12-2025,Available
INV00172,PRD01153,SUP0006,Hyderabad WH,758,163,17-06-2025,Available
INV00173,PRD00827,SUP0234,Hyderabad WH,725,123,11-09-2025,Available
INV00174,PRD01394,SUP0270,Mumbai WH,482,105,03-02-2025,available
INV00175,PRD00140,SUP0126,Bengaluru WH,231,155,04-07-2025,available
INV00176,PRD00443,SUP0236,Bengaluru WH,991,52,02-02-2025,available
INV00177,PRD00228,SUP0473,Mumbai WH,715,194,22-02-2025,Low Stock
INV00178,PRD00982,SUP0442,Delhi WH,102,110,21-03-2025,Low Stock
INV00179,PRD01169,SUP0240,Delhi WH,838,65,10-10-2025,Low Stock
INV00180,PRD00415,SUP0097,Chennai WH,407,52,26-04-2025,Available
INV00181,PRD00003,SUP0144,Mumbai WH,670,121,21-09-2025,Out of Stock
INV00182,PRD00526,SUP0387,Mumbai WH,637,61,15-03-2025,Low Stock
INV00183,PRD01439,SUP0317,Chennai WH,250,153,05-11-2025,Available
INV00184,PRD00347,SUP0451,Delhi WH,820,120,21-12-2025,available
INV00185,PRD00524,SUP0168,Hyderabad WH,965,32,15-05-2025,Low Stock
INV00186,PRD00405,SUP0405,Hyderabad WH,807,37,15-10-2025,available
INV00187,PRD00971,SUP0076,Bengaluru WH,2,131,25-07-2025,available
INV00188,PRD01113,SUP0270,Chennai WH,928,192,08-11-2025,Out of Stock
INV00189,PRD00230,SUP0438,Chennai WH,774,39,06-08-2025,available
INV00190,PRD00381,SUP0217,Bengaluru WH,43,116,02-06-2025,available
INV00191,PRD00027,SUP0172,Delhi WH,696,28,01-05-2025,available
INV00192,PRD00521,SUP0432,Bengaluru WH,709,151,19-08-2025,Out of Stock
INV00193,PRD01082,SUP0122,Hyderabad WH,626,88,20-08-2025,Available
INV00194,PRD01639,SUP0370,Mumbai WH,741,148,04-11-2025,Available
INV00195,PRD01465,SUP0363,Delhi WH,634,160,19-09-2025,Available
INV00196,PRD00374,SUP0424,Mumbai WH,215,102,12-05-2025,Low Stock
INV00197,PRD00067,SUP0076,Bengaluru WH,583,31,04-04-2025,available
INV00198,PRD00084,SUP0136,Bengaluru WH,888,151,28-05-2025,available
INV00199,PRD00371,SUP0054,Hyderabad WH,187,156,10-11-2025,Out of Stock
INV00200,PRD00396,SUP0024,Delhi WH,524,61,15-09-2025,available
INV00201,PRD00583,SUP0322,Hyderabad WH,616,196,20-06-2025,Out of Stock
INV00202,PRD01500,SUP0326,Chennai WH,808,197,12-08-2025,Out of Stock
INV00203,PRD01028,SUP0241,Delhi WH,921,40,07-10-2025,Available
INV00204,PRD00743,SUP0082,Chennai WH,794,181,02-04-2025,Out of Stock
INV00205,PRD00430,SUP0159,Delhi WH,377,182,28-02-2025,Out of Stock
INV00206,PRD01719,SUP0014,Bengaluru WH,38,54,12-03-2025,Low Stock
INV00207,PRD00147,SUP0197,Chennai WH,109,173,27-10-2025,Low Stock
INV00208,PRD00165,SUP0224,Delhi WH,53,20,20-01-2025,available
INV00209,PRD00485,SUP0165,Chennai WH,3,179,26-09-2025,Available
INV00210,PRD01966,SUP0492,Mumbai WH,79,26,11-05-2025,Available
INV00211,PRD01338,SUP0304,Delhi WH,443,51,25-01-2025,Low Stock
INV00212,PRD00913,SUP0039,Mumbai WH,374,89,06-03-2025,Out of Stock
INV00213,PRD01456,SUP0221,Mumbai WH,14,167,23-04-2025,Out of Stock
INV00214,PRD00138,SUP0151,Delhi WH,681,128,08-01-2025,Low Stock
INV00215,PRD00904,SUP0160,Mumbai WH,665,86,08-07-2025,Low Stock
INV00216,PRD00706,SUP0149,Bengaluru WH,725,63,11-12-2025,available
INV00217,PRD00620,SUP0336,Bengaluru WH,191,172,18-08-2025,Available
INV00218,PRD01879,SUP0312,Hyderabad WH,334,168,23-11-2025,available
INV00219,PRD00946,SUP0158,Mumbai WH,609,114,03-01-2025,Out of Stock
INV00220,PRD01021,SUP0085,Mumbai WH,128,198,12-12-2025,Available
INV00221,PRD00092,SUP0272,Delhi WH,505,67,06-12-2025,Available
INV00222,PRD01336,SUP0258,Mumbai WH,4,96,24-06-2025,Low Stock
INV00223,PRD01687,SUP0298,Hyderabad WH,511,116,07-11-2025,Out of Stock
INV00224,PRD01711,SUP0351,Hyderabad WH,321,181,15-10-2025,available
INV00225,PRD00386,SUP0098,Bengaluru WH,240,33,24-08-2025,Available
INV00226,PRD00662,SUP0380,Delhi WH,955,138,17-03-2025,available
INV00227,PRD00782,SUP0196,Chennai WH,329,155,09-03-2025,Low Stock
INV00228,PRD00318,SUP0113,Hyderabad WH,709,103,22-05-2025,available
INV00229,PRD00936,SUP0146,Delhi WH,787,76,03-09-2025,available
INV00230,PRD01676,SUP0368,Delhi WH,979,32,26-10-2025,available
INV00231,PRD01267,SUP0001,Mumbai WH,437,49,22-12-2025,Out of Stock
INV00232,PRD00463,SUP0098,Bengaluru WH,968,152,24-08-2025,available
INV00233,PRD01399,SUP0183,Chennai WH,847,176,22-07-2025,Low Stock
INV00234,PRD01161,SUP0463,Hyderabad WH,51,77,14-03-2025,Available
INV00235,PRD01754,SUP0484,Mumbai WH,260,193,02-09-2025,Out of Stock
INV00236,PRD00925,SUP0062,Mumbai WH,550,77,24-03-2025,Out of Stock
INV00237,PRD00824,SUP0067,Delhi WH,766,200,15-06-2025,Available
INV00238,PRD01723,SUP0432,Chennai WH,208,107,10-04-2025,Out of Stock
INV00239,PRD01278,SUP0394,Hyderabad WH,693,157,04-01-2025,Out of Stock
INV00240,PRD01470,SUP0317,Mumbai WH,383,140,20-09-2025,Out of Stock
INV00241,PRD01756,SUP0374,Chennai WH,352,187,15-08-2025,Out of Stock
INV00242,PRD00379,SUP0392,Delhi WH,215,173,20-10-2025,Available
INV00243,PRD00271,SUP0245,Chennai WH,91,127,23-02-2025,Low Stock
INV00244,PRD00268,SUP0199,Delhi WH,316,35,14-09-2025,Out of Stock
INV00245,PRD01066,SUP0170,Bengaluru WH,822,172,07-11-2025,available
INV00246,PRD00005,SUP0304,Mumbai WH,646,21,10-01-2025,Low Stock
INV00247,PRD00900,SUP0275,Bengaluru WH,153,142,15-04-2025,available
INV00248,PRD00993,SUP0126,Delhi WH,264,94,16-11-2025,Out of Stock
INV00249,PRD01224,SUP0266,Hyderabad WH,727,195,16-02-2025,available
INV00250,PRD00872,SUP0153,Delhi WH,343,197,10-04-2025,Low Stock
INV00251,PRD00414,SUP0124,Hyderabad WH,988,115,05-05-2025,Out of Stock
INV00252,PRD00591,SUP0394,Mumbai WH,314,175,04-01-2025,Available
INV00253,PRD01987,SUP0081,Chennai WH,201,184,28-05-2025,Out of Stock
INV00254,PRD00875,SUP0415,Hyderabad WH,802,174,05-08-2025,Low Stock
INV00255,PRD01897,SUP0354,Delhi WH,810,55,22-03-2025,Out of Stock
INV00256,PRD01075,SUP0315,Mumbai WH,884,80,26-05-2025,Low Stock
INV00257,PRD00708,SUP0327,Chennai WH,494,75,02-11-2025,Available
INV00258,PRD00401,SUP0364,Chennai WH,142,53,19-01-2025,Out of Stock
INV00259,PRD01285,SUP0429,Mumbai WH,458,90,15-08-2025,Out of Stock
INV00260,PRD01789,SUP0104,Hyderabad WH,748,62,01-09-2025,available
INV00261,PRD01199,SUP0299,Chennai WH,118,153,09-11-2025,available
INV00262,PRD00526,SUP0495,Bengaluru WH,67,154,25-05-2025,Low Stock
INV00263,PRD01969,SUP0043,Chennai WH,224,60,15-05-2025,Available
INV00264,PRD01636,SUP0284,Chennai WH,712,189,23-03-2025,Low Stock
INV00265,PRD01804,SUP0263,Chennai WH,966,69,26-01-2025,Out of Stock
INV00266,PRD00991,SUP0382,Hyderabad WH,677,102,01-08-2025,Out of Stock
INV00267,PRD00265,SUP0046,Hyderabad WH,142,99,26-04-2025,Low Stock
INV00268,PRD01478,SUP0064,Bengaluru WH,410,159,21-06-2025,Low Stock
INV00269,PRD00667,SUP0078,Bengaluru WH,232,124,19-02-2025,Out of Stock
INV00270,PRD00531,SUP0092,Chennai WH,251,139,25-04-2025,available
INV00271,PRD01803,SUP0088,Bengaluru WH,124,129,10-02-2025,Low Stock
INV00272,PRD01069,SUP0026,Delhi WH,98,90,02-07-2025,Out of Stock
INV00273,PRD01099,SUP0021,Mumbai WH,879,179,03-07-2025,Low Stock
INV00274,PRD01775,SUP0426,Hyderabad WH,134,24,21-08-2025,available
INV00275,PRD00778,SUP0177,Delhi WH,866,192,02-01-2025,Low Stock
INV00276,PRD01467,SUP0144,Delhi WH,633,103,17-09-2025,Low Stock
INV00277,PRD01750,SUP0331,Bengaluru WH,634,47,01-01-2025,Out of Stock
INV00278,PRD01620,SUP0262,Bengaluru WH,209,28,20-08-2025,Available
INV00279,PRD01061,SUP0362,Chennai WH,426,196,10-10-2025,Out of Stock
INV00280,PRD00987,SUP0177,Bengaluru WH,511,67,08-01-2025,available
INV00281,PRD01943,SUP0017,Mumbai WH,494,42,02-08-2025,available
INV00282,PRD01918,SUP0197,Bengaluru WH,687,79,22-11-2025,Out of Stock
INV00283,PRD00792,SUP0375,Chennai WH,510,177,17-07-2025,Out of Stock
INV00284,PRD01819,SUP0109,Hyderabad WH,199,32,03-11-2025,Low Stock
INV00285,PRD00690,SUP0445,Chennai WH,140,186,03-11-2025,Available
INV00286,PRD00616,SUP0485,Delhi WH,573,26,22-05-2025,Low Stock
INV00287,PRD00205,SUP0288,Delhi WH,162,131,21-08-2025,Available
INV00288,PRD00598,SUP0291,Hyderabad WH,844,56,05-05-2025,Available
INV00289,PRD00293,SUP0178,Chennai WH,549,100,21-09-2025,Low Stock
INV00290,PRD00437,SUP0446,Mumbai WH,225,120,01-06-2025,Low Stock
INV00291,PRD01350,SUP0219,Mumbai WH,204,42,09-06-2025,available
INV00292,PRD00427,SUP0095,Bengaluru WH,461,143,19-04-2025,Available
INV00293,PRD00640,SUP0389,Mumbai WH,980,176,09-07-2025,Low Stock
INV00294,PRD01644,SUP0387,Bengaluru WH,989,54,18-01-2025,Out of Stock
INV00295,PRD01757,SUP0002,Bengaluru WH,462,36,13-01-2025,Low Stock
INV00296,PRD00737,SUP0091,Bengaluru WH,650,187,18-08-2025,Out of Stock
INV00297,PRD01694,SUP0415,Bengaluru WH,856,45,09-11-2025,Out of Stock
INV00298,PRD01083,SUP0132,Delhi WH,686,200,01-09-2025,Low Stock
INV00299,PRD00390,SUP0002,Bengaluru WH,221,51,11-02-2025,available
INV00300,PRD01210,SUP0257,Hyderabad WH,241,162,07-05-2025,Available
INV00301,PRD01838,SUP0057,Chennai WH,83,45,18-10-2025,available
INV00302,PRD00230,SUP0068,Delhi WH,884,44,26-09-2025,available
INV00303,PRD00233,SUP0370,Bengaluru WH,324,141,24-03-2025,available
INV00304,PRD01685,SUP0202,Mumbai WH,75,60,17-07-2025,Out of Stock
INV00305,PRD01788,SUP0339,Chennai WH,778,123,21-03-2025,Available
INV00306,PRD01222,SUP0297,Delhi WH,637,111,26-07-2025,Low Stock
INV00307,PRD00245,SUP0090,Mumbai WH,57,147,16-10-2025,Out of Stock
INV00308,PRD01349,SUP0003,Delhi WH,755,168,15-07-2025,Out of Stock
INV00309,PRD00095,SUP0059,Chennai WH,866,110,24-09-2025,Low Stock
INV00310,PRD01601,SUP0395,Mumbai WH,660,117,01-02-2025,Low Stock
INV00311,PRD00320,SUP0180,Delhi WH,496,126,24-02-2025,Out of Stock
INV00312,PRD01520,SUP0159,Delhi WH,89,90,05-03-2025,Low Stock
INV00313,PRD01940,SUP0083,Mumbai WH,502,84,19-08-2025,Out of Stock
INV00314,PRD00488,SUP0033,Bengaluru WH,405,186,03-11-2025,available
INV00315,PRD00570,SUP0265,Chennai WH,906,121,09-05-2025,Low Stock
INV00316,PRD01317,SUP0320,Delhi WH,31,32,01-11-2025,Available
INV00317,PRD01534,SUP0448,Hyderabad WH,589,48,16-06-2025,available
INV00318,PRD01608,SUP0305,Delhi WH,950,83,08-06-2025,Low Stock
INV00319,PRD00650,SUP0473,Mumbai WH,528,52,21-06-2025,Available
INV00320,PRD00288,SUP0100,Bengaluru WH,544,98,19-01-2025,available
INV00321,PRD01848,SUP0107,Mumbai WH,464,65,06-10-2025,Out of Stock
INV00322,PRD00592,SUP0162,Hyderabad WH,426,183,18-09-2025,Out of Stock
INV00323,PRD01183,SUP0416,Chennai WH,91,185,08-04-2025,Low Stock
INV00324,PRD00200,SUP0260,Chennai WH,868,42,14-05-2025,Low Stock
INV00325,PRD00743,SUP0265,Delhi WH,943,84,03-01-2025,Out of Stock
INV00326,PRD00684,SUP0156,Bengaluru WH,860,106,11-09-2025,available
INV00327,PRD00559,SUP0158,Mumbai WH,762,128,26-03-2025,Out of Stock
INV00328,PRD00930,SUP0271,Bengaluru WH,104,26,22-10-2025,available
INV00329,PRD00414,SUP0074,Bengaluru WH,594,188,13-06-2025,Out of Stock
INV00330,PRD01129,SUP0401,Delhi WH,863,61,21-10-2025,available
INV00331,PRD01479,SUP0052,Chennai WH,50,156,23-03-2025,Low Stock
INV00332,PRD00040,SUP0325,Hyderabad WH,574,176,10-12-2025,Out of Stock
INV00333,PRD00451,SUP0311,Mumbai WH,260,167,09-12-2025,available
INV00334,PRD01815,SUP0311,Delhi WH,344,29,06-09-2025,Out of Stock
INV00335,PRD00280,SUP0247,Chennai WH,330,56,01-12-2025,available
INV00336,PRD00913,SUP0396,Delhi WH,560,67,04-07-2025,Available
INV00337,PRD01850,SUP0161,Hyderabad WH,557,180,17-01-2025,Low Stock
INV00338,PRD01255,SUP0472,Mumbai WH,413,165,17-01-2025,available
INV00339,PRD01520,SUP0106,Delhi WH,524,110,13-11-2025,Available
INV00340,PRD01859,SUP0452,Chennai WH,967,94,06-11-2025,Out of Stock
INV00341,PRD00502,SUP0100,Mumbai WH,282,85,16-10-2025,Available
INV00342,PRD00361,SUP0388,Mumbai WH,689,101,09-07-2025,Available
INV00343,PRD01288,SUP0374,Bengaluru WH,709,156,15-12-2025,Out of Stock
INV00344,PRD01621,SUP0128,Bengaluru WH,188,57,28-12-2025,Low Stock
INV00345,PRD00249,SUP0032,Mumbai WH,427,106,18-06-2025,Out of Stock
INV00346,PRD00651,SUP0092,Mumbai WH,388,33,09-12-2025,Low Stock
INV00347,PRD00482,SUP0258,Mumbai WH,739,107,27-09-2025,Out of Stock
INV00348,PRD01825,SUP0145,Bengaluru WH,882,152,09-10-2025,Low Stock
INV00349,PRD00700,SUP0231,Delhi WH,687,169,16-04-2025,Low Stock
INV00350,PRD01764,SUP0054,Bengaluru WH,673,159,07-01-2025,Available
INV00351,PRD01417,SUP0188,Bengaluru WH,67,199,19-09-2025,Out of Stock
INV00352,PRD01236,SUP0388,Bengaluru WH,61,182,28-10-2025,Available
INV00353,PRD01276,SUP0417,Bengaluru WH,470,152,22-12-2025,Available
INV00354,PRD00963,SUP0461,Hyderabad WH,813,67,07-09-2025,Available
INV00355,PRD01786,SUP0335,Delhi WH,720,176,04-09-2025,Available
INV00356,PRD01634,SUP0421,Mumbai WH,960,175,22-01-2025,Out of Stock
INV00357,PRD01955,SUP0435,Bengaluru WH,693,47,01-02-2025,Out of Stock
INV00358,PRD01064,SUP0224,Bengaluru WH,731,47,03-09-2025,Out of Stock
INV00359,PRD01599,SUP0202,Mumbai WH,453,56,24-10-2025,Out of Stock
INV00360,PRD01960,SUP0482,Bengaluru WH,664,160,09-01-2025,Low Stock
INV00361,PRD00971,SUP0492,Bengaluru WH,931,143,10-07-2025,available
INV00362,PRD00105,SUP0155,Chennai WH,653,131,10-09-2025,Low Stock
INV00363,PRD00185,SUP0287,Bengaluru WH,994,90,28-08-2025,Out of Stock
INV00364,PRD00551,SUP0235,Delhi WH,189,43,11-04-2025,available
INV00365,PRD01235,SUP0495,Mumbai WH,783,107,24-03-2025,Out of Stock
INV00366,PRD01583,SUP0298,Delhi WH,663,44,11-04-2025,Available
INV00367,PRD01015,SUP0059,Chennai WH,776,134,15-06-2025,Out of Stock
INV00368,PRD00068,SUP0247,Delhi WH,838,25,24-04-2025,Available
INV00369,PRD01189,SUP0172,Chennai WH,686,147,04-03-2025,Available
INV00370,PRD00594,SUP0389,Mumbai WH,654,54,19-10-2025,Low Stock
INV00371,PRD00012,SUP0148,Delhi WH,514,199,22-12-2025,available
INV00372,PRD01825,SUP0452,Bengaluru WH,945,38,01-07-2025,Available
INV00373,PRD01099,SUP0288,Delhi WH,117,85,09-05-2025,available
INV00374,PRD00396,SUP0420,Bengaluru WH,320,114,26-09-2025,available
INV00375,PRD00664,SUP0327,Mumbai WH,492,149,06-01-2025,Low Stock
INV00376,PRD01769,SUP0078,Mumbai WH,129,115,24-07-2025,available
INV00377,PRD01416,SUP0020,Mumbai WH,498,66,16-05-2025,available
INV00378,PRD00740,SUP0391,Delhi WH,357,159,18-02-2025,Out of Stock
INV00379,PRD01078,SUP0090,Mumbai WH,225,29,03-12-2025,Available
INV00380,PRD00041,SUP0070,Delhi WH,556,78,19-04-2025,Out of Stock
INV00381,PRD00008,SUP0201,Bengaluru WH,655,29,12-04-2025,Low Stock
INV00382,PRD01089,SUP0185,Bengaluru WH,564,114,15-01-2025,Out of Stock
INV00383,PRD01030,SUP0140,Hyderabad WH,473,69,20-02-2025,Out of Stock
INV00384,PRD01782,SUP0191,Hyderabad WH,749,95,12-06-2025,available
INV00385,PRD01264,SUP0329,Mumbai WH,701,82,11-09-2025,Low Stock
INV00386,PRD01532,SUP0153,Bengaluru WH,313,134,15-09-2025,Low Stock
INV00387,PRD01401,SUP0099,Delhi WH,70,70,26-02-2025,Low Stock
INV00388,PRD00558,SUP0339,Bengaluru WH,896,159,02-12-2025,Available
INV00389,PRD01748,SUP0493,Bengaluru WH,418,171,17-04-2025,Available
INV00390,PRD01419,SUP0153,Delhi WH,71,20,08-06-2025,available
INV00391,PRD01933,SUP0374,Chennai WH,781,127,11-02-2025,available
INV00392,PRD00291,SUP0019,Chennai WH,667,28,03-04-2025,Out of Stock
INV00393,PRD00394,SUP0072,Hyderabad WH,733,198,10-05-2025,available
INV00394,PRD01003,SUP0348,Bengaluru WH,176,169,10-10-2025,Out of Stock
INV00395,PRD00941,SUP0234,Mumbai WH,249,39,22-02-2025,available
INV00396,PRD00024,SUP0166,Hyderabad WH,874,111,04-01-2025,available
INV00397,PRD00285,SUP0391,Delhi WH,840,80,24-10-2025,Out of Stock
INV00398,PRD01626,SUP0311,Mumbai WH,896,178,07-09-2025,available
INV00399,PRD01847,SUP0417,Mumbai WH,976,181,26-09-2025,Low Stock
INV00400,PRD01355,SUP0094,Bengaluru WH,779,49,16-08-2025,Out of Stock
INV00401,PRD00099,SUP0081,Bengaluru WH,78,116,26-08-2025,Low Stock
INV00402,PRD01208,SUP0310,Delhi WH,778,70,24-07-2025,Available
INV00403,PRD01761,SUP0446,Chennai WH,855,164,12-01-2025,Available
INV00404,PRD00099,SUP0159,Mumbai WH,838,141,08-09-2025,Available
INV00405,PRD00185,SUP0094,Mumbai WH,220,113,28-04-2025,Available
INV00406,PRD01640,SUP0335,Mumbai WH,67,166,16-12-2025,Out of Stock
INV00407,PRD01187,SUP0343,Bengaluru WH,668,164,28-11-2025,Out of Stock
INV00408,PRD00546,SUP0396,Chennai WH,496,191,20-07-2025,Low Stock
INV00409,PRD00758,SUP0040,Mumbai WH,406,90,09-12-2025,Available
INV00410,PRD01220,SUP0154,Bengaluru WH,415,104,12-05-2025,available
INV00411,PRD01860,SUP0157,Chennai WH,845,42,17-01-2025,available
INV00412,PRD00468,SUP0339,Hyderabad WH,740,179,06-11-2025,Out of Stock
INV00413,PRD00046,SUP0094,Mumbai WH,398,199,01-05-2025,Out of Stock
INV00414,PRD01658,SUP0144,Mumbai WH,367,45,23-05-2025,available
INV00415,PRD01465,SUP0261,Bengaluru WH,53,69,09-07-2025,available
INV00416,PRD01528,SUP0065,Mumbai WH,56,61,25-07-2025,available
INV00417,PRD00007,SUP0492,Hyderabad WH,383,42,06-08-2025,Out of Stock
INV00418,PRD00412,SUP0276,Chennai WH,10,22,23-12-2025,Out of Stock
INV00419,PRD01808,SUP0460,Delhi WH,852,132,27-05-2025,Out of Stock
INV00420,PRD01052,SUP0103,Delhi WH,600,34,19-09-2025,available
INV00421,PRD01668,SUP0100,Chennai WH,79,87,07-10-2025,Out of Stock
INV00422,PRD00599,SUP0347,Mumbai WH,90,37,28-05-2025,available
INV00423,PRD00344,SUP0176,Mumbai WH,95,26,08-11-2025,Low Stock
INV00424,PRD01591,SUP0197,Chennai WH,766,159,20-04-2025,available
INV00425,PRD01971,SUP0269,Hyderabad WH,357,54,19-04-2025,Low Stock
INV00426,PRD01949,SUP0108,Bengaluru WH,72,87,04-03-2025,available
INV00427,PRD01018,SUP0120,Bengaluru WH,806,191,19-10-2025,Out of Stock
INV00428,PRD01998,SUP0173,Mumbai WH,616,127,24-01-2025,Available
INV00429,PRD01552,SUP0210,Hyderabad WH,392,37,28-12-2025,Out of Stock
INV00430,PRD00948,SUP0290,Chennai WH,922,38,08-10-2025,Low Stock
INV00431,PRD01995,SUP0113,Chennai WH,59,84,28-08-2025,Available
INV00432,PRD01906,SUP0438,Hyderabad WH,984,137,02-03-2025,Available
INV00433,PRD01258,SUP0144,Bengaluru WH,250,37,06-07-2025,available
INV00434,PRD00084,SUP0139,Bengaluru WH,727,178,04-01-2025,Out of Stock
INV00435,PRD00637,SUP0475,Delhi WH,220,178,26-11-2025,available
INV00436,PRD01710,SUP0068,Chennai WH,30,92,23-09-2025,Low Stock
INV00437,PRD00504,SUP0272,Bengaluru WH,411,156,27-03-2025,Low Stock
INV00438,PRD00365,SUP0499,Mumbai WH,267,195,13-08-2025,available
INV00439,PRD00895,SUP0156,Bengaluru WH,346,33,28-05-2025,Available
INV00440,PRD00357,SUP0104,Delhi WH,421,64,12-02-2025,available
INV00441,PRD00036,SUP0417,Mumbai WH,407,57,22-05-2025,Out of Stock
INV00442,PRD00714,SUP0104,Mumbai WH,477,71,02-10-2025,Low Stock
INV00443,PRD01266,SUP0182,Bengaluru WH,425,87,17-06-2025,Low Stock
INV00444,PRD00833,SUP0351,Mumbai WH,398,45,08-07-2025,Available
INV00445,PRD00353,SUP0457,Hyderabad WH,989,77,15-05-2025,Out of Stock
INV00446,PRD01718,SUP0389,Mumbai WH,959,58,17-04-2025,Available
INV00447,PRD01840,SUP0069,Mumbai WH,97,168,03-07-2025,Out of Stock
INV00448,PRD01712,SUP0143,Mumbai WH,595,106,05-12-2025,available
INV00449,PRD01035,SUP0172,Bengaluru WH,970,74,27-09-2025,available
INV00450,PRD01229,SUP0250,Chennai WH,112,166,27-05-2025,Available
INV00451,PRD01625,SUP0431,Bengaluru WH,615,143,03-10-2025,Low Stock
INV00452,PRD00990,SUP0073,Chennai WH,70,172,15-06-2025,Out of Stock
INV00453,PRD01931,SUP0366,Chennai WH,939,164,21-08-2025,Out of Stock
INV00454,PRD01095,SUP0116,Delhi WH,659,153,10-12-2025,available
INV00455,PRD00417,SUP0296,Hyderabad WH,996,160,11-10-2025,available
INV00456,PRD01841,SUP0182,Mumbai WH,576,69,12-02-2025,available
INV00457,PRD00997,SUP0154,Chennai WH,983,113,09-02-2025,available
INV00458,PRD01859,SUP0036,Delhi WH,767,93,04-09-2025,Low Stock
INV00459,PRD00119,SUP0197,Delhi WH,395,126,07-05-2025,available
INV00460,PRD01623,SUP0036,Mumbai WH,450,27,04-11-2025,available
INV00461,PRD00398,SUP0358,Mumbai WH,184,131,22-01-2025,Available
INV00462,PRD00467,SUP0389,Bengaluru WH,411,80,20-06-2025,available
INV00463,PRD01877,SUP0003,Chennai WH,234,77,20-10-2025,available
INV00464,PRD01105,SUP0460,Chennai WH,383,49,17-04-2025,Out of Stock
INV00465,PRD00615,SUP0363,Bengaluru WH,28,85,10-05-2025,Available
INV00466,PRD00850,SUP0367,Hyderabad WH,824,152,11-01-2025,Low Stock
INV00467,PRD01352,SUP0371,Bengaluru WH,60,37,18-10-2025,Available
INV00468,PRD00811,SUP0209,Chennai WH,888,118,03-11-2025,Low Stock
INV00469,PRD00589,SUP0093,Chennai WH,362,132,27-01-2025,available
INV00470,PRD01703,SUP0151,Hyderabad WH,973,57,10-02-2025,Out of Stock
INV00471,PRD00140,SUP0313,Bengaluru WH,782,183,16-12-2025,Low Stock
INV00472,PRD01713,SUP0303,Chennai WH,236,43,19-11-2025,Out of Stock
INV00473,PRD00501,SUP0160,Hyderabad WH,377,29,06-03-2025,Available
INV00474,PRD00699,SUP0300,Delhi WH,528,196,17-08-2025,available
INV00475,PRD00753,SUP0189,Hyderabad WH,74,177,19-11-2025,Out of Stock
INV00476,PRD00653,SUP0499,Delhi WH,682,133,19-09-2025,Out of Stock
INV00477,PRD01859,SUP0378,Chennai WH,24,154,22-06-2025,Low Stock
INV00478,PRD00233,SUP0023,Hyderabad WH,824,133,23-09-2025,Out of Stock
INV00479,PRD01363,SUP0241,Chennai WH,207,23,05-03-2025,Low Stock
INV00480,PRD01441,SUP0167,Chennai WH,984,146,10-12-2025,Out of Stock
INV00481,PRD00767,SUP0432,Hyderabad WH,773,158,22-10-2025,Available
INV00482,PRD01848,SUP0054,Delhi WH,285,32,21-04-2025,available
INV00483,PRD00507,SUP0090,Mumbai WH,364,155,17-03-2025,Out of Stock
INV00484,PRD00138,SUP0044,Delhi WH,647,191,23-08-2025,available
INV00485,PRD01727,SUP0254,Chennai WH,835,118,27-04-2025,Low Stock
INV00486,PRD01590,SUP0161,Delhi WH,311,178,05-08-2025,Low Stock
INV00487,PRD01571,SUP0218,Hyderabad WH,228,190,23-08-2025,available
INV00488,PRD00130,SUP0043,Hyderabad WH,846,190,18-01-2025,Low Stock
INV00489,PRD01797,SUP0301,Delhi WH,291,114,27-08-2025,Low Stock
INV00490,PRD00434,SUP0280,Bengaluru WH,0,144,22-01-2025,Available
INV00491,PRD00443,SUP0211,Bengaluru WH,72,56,18-10-2025,Out of Stock
INV00492,PRD01467,SUP0024,Chennai WH,389,53,23-11-2025,Out of Stock
INV00493,PRD00983,SUP0431,Mumbai WH,669,194,14-11-2025,Available
INV00494,PRD01790,SUP0208,Chennai WH,263,184,04-02-2025,available
INV00495,PRD01681,SUP0034,Hyderabad WH,864,20,14-05-2025,Available
INV00496,PRD00537,SUP0440,Delhi WH,737,132,05-07-2025,Low Stock
INV00497,PRD00795,SUP0141,Chennai WH,577,199,28-11-2025,Low Stock
INV00498,PRD00539,SUP0005,Hyderabad WH,762,152,25-09-2025,Available
INV00499,PRD00560,SUP0270,Delhi WH,745,40,14-11-2025,Available
INV00500,PRD01138,SUP0023,Mumbai WH,13,89,26-03-2025,Available
INV00501,PRD00277,SUP0039,Bengaluru WH,363,138,16-09-2025,Low Stock
INV00502,PRD01466,SUP0368,Chennai WH,63,84,15-12-2025,available
INV00503,PRD00238,SUP0416,Bengaluru WH,281,34,03-09-2025,available
INV00504,PRD00124,SUP0028,Hyderabad WH,883,162,16-07-2025,Available
INV00505,PRD01467,SUP0465,Chennai WH,126,149,18-02-2025,Available
INV00506,PRD00632,SUP0235,Chennai WH,63,168,22-01-2025,Available
INV00507,PRD00680,SUP0018,Hyderabad WH,879,187,11-06-2025,Out of Stock
INV00508,PRD00790,SUP0295,Bengaluru WH,182,77,23-01-2025,Low Stock
INV00509,PRD01996,SUP0346,Mumbai WH,641,87,13-03-2025,Available
INV00510,PRD01719,SUP0165,Hyderabad WH,899,86,14-03-2025,available
INV00511,PRD01705,SUP0196,Mumbai WH,693,183,16-03-2025,Low Stock
INV00512,PRD00570,SUP0498,Delhi WH,532,76,03-02-2025,Available
INV00513,PRD00325,SUP0309,Delhi WH,951,170,17-03-2025,Available
INV00514,PRD01586,SUP0255,Chennai WH,361,161,20-03-2025,available
INV00515,PRD01348,SUP0166,Hyderabad WH,707,75,17-06-2025,available
INV00516,PRD01243,SUP0411,Bengaluru WH,658,63,05-11-2025,Available
INV00517,PRD00711,SUP0305,Chennai WH,786,189,03-06-2025,Out of Stock
INV00518,PRD00339,SUP0014,Hyderabad WH,704,27,01-03-2025,Out of Stock
INV00519,PRD01526,SUP0191,Chennai WH,969,170,09-12-2025,Out of Stock
INV00520,PRD01954,SUP0372,Chennai WH,495,52,12-04-2025,available
INV00521,PRD01422,SUP0192,Hyderabad WH,247,39,20-05-2025,Available
INV00522,PRD00736,SUP0219,Chennai WH,614,141,19-09-2025,available
INV00523,PRD01718,SUP0464,Chennai WH,410,60,11-08-2025,available
INV00524,PRD01246,SUP0011,Mumbai WH,448,96,26-06-2025,Available
INV00525,PRD01035,SUP0407,Mumbai WH,65,53,28-09-2025,Low Stock
INV00526,PRD00980,SUP0315,Delhi WH,6,163,09-10-2025,Out of Stock
INV00527,PRD01138,SUP0390,Delhi WH,791,44,11-06-2025,available
INV00528,PRD01738,SUP0269,Bengaluru WH,448,178,16-11-2025,available
INV00529,PRD01961,SUP0127,Delhi WH,869,187,19-06-2025,available
INV00530,PRD00943,SUP0402,Mumbai WH,946,104,28-07-2025,Out of Stock
INV00531,PRD00592,SUP0022,Chennai WH,151,103,14-12-2025,available
INV00532,PRD00892,SUP0482,Delhi WH,875,197,16-12-2025,Low Stock
INV00533,PRD01937,SUP0340,Delhi WH,569,98,18-08-2025,Low Stock
INV00534,PRD00963,SUP0416,Mumbai WH,371,92,27-03-2025,Low Stock
INV00535,PRD01466,SUP0149,Hyderabad WH,689,104,28-01-2025,Out of Stock
INV00536,PRD00394,SUP0263,Mumbai WH,278,129,22-05-2025,Out of Stock
INV00537,PRD00428,SUP0149,Chennai WH,711,192,03-04-2025,Low Stock
INV00538,PRD00070,SUP0327,Hyderabad WH,983,118,23-01-2025,Available
INV00539,PRD00564,SUP0155,Mumbai WH,672,55,04-07-2025,Low Stock
INV00540,PRD00686,SUP0276,Delhi WH,245,200,22-06-2025,available
INV00541,PRD00047,SUP0202,Delhi WH,870,153,05-10-2025,available
INV00542,PRD00626,SUP0469,Delhi WH,795,147,18-04-2025,available
INV00543,PRD01865,SUP0309,Bengaluru WH,24,133,08-06-2025,Out of Stock
INV00544,PRD01699,SUP0126,Delhi WH,162,177,10-10-2025,Available
INV00545,PRD01964,SUP0264,Chennai WH,189,66,12-11-2025,Out of Stock
INV00546,PRD01887,SUP0295,Bengaluru WH,988,101,22-05-2025,Out of Stock
INV00547,PRD00475,SUP0235,Bengaluru WH,737,120,02-04-2025,available
INV00548,PRD00334,SUP0247,Delhi WH,337,75,09-04-2025,Available
INV00549,PRD00827,SUP0168,Bengaluru WH,658,188,04-04-2025,available
INV00550,PRD01392,SUP0182,Mumbai WH,344,21,12-03-2025,Low Stock
INV00551,PRD00372,SUP0433,Mumbai WH,18,98,19-09-2025,Low Stock
INV00552,PRD01455,SUP0414,Hyderabad WH,153,52,01-02-2025,Available
INV00553,PRD00972,SUP0176,Mumbai WH,650,188,15-04-2025,Out of Stock
INV00554,PRD01089,SUP0235,Mumbai WH,631,88,10-03-2025,Available
INV00555,PRD00683,SUP0430,Chennai WH,994,174,10-06-2025,Out of Stock
INV00556,PRD00349,SUP0162,Bengaluru WH,828,97,21-06-2025,Available
INV00557,PRD01656,SUP0076,Mumbai WH,385,46,23-08-2025,Low Stock
INV00558,PRD00603,SUP0193,Hyderabad WH,805,52,21-02-2025,Low Stock
INV00559,PRD01321,SUP0322,Hyderabad WH,261,128,17-10-2025,Out of Stock
INV00560,PRD01128,SUP0111,Hyderabad WH,146,24,28-03-2025,Low Stock
INV00561,PRD00601,SUP0122,Mumbai WH,243,119,14-09-2025,Available
INV00562,PRD00263,SUP0065,Hyderabad WH,96,88,01-05-2025,available
INV00563,PRD00043,SUP0469,Bengaluru WH,622,122,04-10-2025,available
INV00564,PRD01631,SUP0487,Chennai WH,2,83,25-03-2025,Out of Stock
INV00565,PRD01689,SUP0325,Chennai WH,212,32,22-08-2025,available
INV00566,PRD01005,SUP0365,Hyderabad WH,899,194,18-01-2025,Available
INV00567,PRD01971,SUP0054,Hyderabad WH,908,76,05-02-2025,Out of Stock
INV00568,PRD00675,SUP0209,Chennai WH,771,187,06-03-2025,Out of Stock
INV00569,PRD00015,SUP0122,Delhi WH,436,198,14-03-2025,Available
INV00570,PRD01908,SUP0269,Chennai WH,381,85,04-05-2025,Available
INV00571,PRD01377,SUP0436,Delhi WH,377,142,17-08-2025,available
INV00572,PRD01744,SUP0217,Hyderabad WH,646,88,15-08-2025,Available
INV00573,PRD01569,SUP0011,Delhi WH,636,94,24-10-2025,Out of Stock
INV00574,PRD01564,SUP0188,Bengaluru WH,45,32,09-06-2025,Out of Stock
INV00575,PRD00103,SUP0362,Chennai WH,82,60,02-05-2025,Available
INV00576,PRD01378,SUP0280,Chennai WH,346,112,05-03-2025,available
INV00577,PRD01600,SUP0119,Chennai WH,424,48,24-12-2025,available
INV00578,PRD01395,SUP0444,Chennai WH,172,110,02-06-2025,available
INV00579,PRD01309,SUP0016,Mumbai WH,891,106,27-07-2025,Out of Stock
INV00580,PRD01650,SUP0170,Hyderabad WH,178,45,24-10-2025,Out of Stock
INV00581,PRD01347,SUP0142,Chennai WH,617,155,19-12-2025,Available
INV00582,PRD00016,SUP0088,Bengaluru WH,950,38,08-09-2025,Available
INV00583,PRD01493,SUP0382,Mumbai WH,612,36,04-09-2025,Available
INV00584,PRD00642,SUP0091,Hyderabad WH,401,119,28-11-2025,Available
INV00585,PRD01109,SUP0093,Delhi WH,881,67,19-04-2025,Low Stock
INV00586,PRD00392,SUP0271,Hyderabad WH,800,112,03-08-2025,Low Stock
INV00587,PRD01664,SUP0427,Mumbai WH,698,171,27-12-2025,available
INV00588,PRD00737,SUP0063,Mumbai WH,230,178,11-02-2025,Available
INV00589,PRD00297,SUP0011,Mumbai WH,334,169,18-01-2025,Available
INV00590,PRD00502,SUP0129,Hyderabad WH,439,104,14-08-2025,Available
INV00591,PRD00454,SUP0200,Chennai WH,699,22,11-05-2025,Available
INV00592,PRD01106,SUP0130,Chennai WH,621,152,12-03-2025,Available
INV00593,PRD00862,SUP0488,Mumbai WH,764,25,02-01-2025,Out of Stock
INV00594,PRD00108,SUP0021,Bengaluru WH,379,57,09-10-2025,available
INV00595,PRD00161,SUP0447,Hyderabad WH,481,120,11-03-2025,Available
INV00596,PRD00240,SUP0069,Bengaluru WH,184,28,21-09-2025,Out of Stock
INV00597,PRD01287,SUP0449,Delhi WH,664,141,15-04-2025,Out of Stock
INV00598,PRD01662,SUP0099,Hyderabad WH,844,163,04-08-2025,Available
INV00599,PRD01156,SUP0205,Chennai WH,43,118,01-06-2025,available
INV00600,PRD01837,SUP0183,Hyderabad WH,283,167,14-02-2025,Available
INV00601,PRD01264,SUP0197,Bengaluru WH,532,84,02-07-2025,Out of Stock
INV00602,PRD01753,SUP0195,Bengaluru WH,676,191,17-08-2025,Available
INV00603,PRD00336,SUP0110,Mumbai WH,197,101,25-07-2025,Out of Stock
INV00604,PRD00951,SUP0082,Hyderabad WH,814,168,28-07-2025,Out of Stock
INV00605,PRD00614,SUP0266,Hyderabad WH,843,191,14-09-2025,Out of Stock
INV00606,PRD00693,SUP0348,Mumbai WH,240,191,07-05-2025,available
INV00607,PRD01749,SUP0360,Bengaluru WH,9,123,21-07-2025,Available
INV00608,PRD01699,SUP0382,Bengaluru WH,60,20,01-12-2025,Available
INV00609,PRD01067,SUP0154,Bengaluru WH,452,64,06-01-2025,Low Stock
INV00610,PRD01266,SUP0281,Hyderabad WH,817,191,24-07-2025,Available
INV00611,PRD01481,SUP0036,Bengaluru WH,101,123,12-09-2025,available
INV00612,PRD01597,SUP0364,Bengaluru WH,543,21,09-11-2025,available
INV00613,PRD01972,SUP0456,Bengaluru WH,232,124,06-03-2025,available
INV00614,PRD01974,SUP0106,Chennai WH,703,107,26-10-2025,Out of Stock
INV00615,PRD00522,SUP0155,Bengaluru WH,787,128,13-04-2025,Out of Stock
INV00616,PRD01094,SUP0414,Bengaluru WH,721,22,08-06-2025,available
INV00617,PRD01370,SUP0070,Chennai WH,49,151,08-11-2025,Out of Stock
INV00618,PRD01764,SUP0238,Chennai WH,229,123,27-10-2025,Available
INV00619,PRD00650,SUP0036,Bengaluru WH,473,120,07-03-2025,available
INV00620,PRD00894,SUP0349,Mumbai WH,111,82,17-12-2025,Available
INV00621,PRD00252,SUP0306,Hyderabad WH,278,145,13-10-2025,Available
INV00622,PRD01848,SUP0459,Hyderabad WH,865,128,03-03-2025,Out of Stock
INV00623,PRD01159,SUP0066,Delhi WH,596,79,25-12-2025,Out of Stock
INV00624,PRD00655,SUP0220,Bengaluru WH,9,149,06-09-2025,available
INV00625,PRD01274,SUP0015,Bengaluru WH,992,132,02-05-2025,available
INV00626,PRD01660,SUP0043,Mumbai WH,406,169,26-03-2025,Out of Stock
INV00627,PRD00495,SUP0210,Mumbai WH,759,65,03-03-2025,available
INV00628,PRD00425,SUP0173,Bengaluru WH,253,82,20-11-2025,Available
INV00629,PRD00442,SUP0216,Delhi WH,429,86,11-05-2025,Low Stock
INV00630,PRD01320,SUP0121,Hyderabad WH,287,81,17-02-2025,Available
INV00631,PRD00567,SUP0283,Hyderabad WH,999,62,26-05-2025,available
INV00632,PRD01287,SUP0136,Chennai WH,597,55,15-12-2025,Low Stock
INV00633,PRD00661,SUP0122,Hyderabad WH,236,143,08-07-2025,Out of Stock
INV00634,PRD00420,SUP0364,Mumbai WH,650,125,01-04-2025,available
INV00635,PRD01215,SUP0349,Mumbai WH,507,171,19-05-2025,Available
INV00636,PRD00345,SUP0039,Delhi WH,461,21,28-12-2025,Out of Stock
INV00637,PRD00825,SUP0153,Bengaluru WH,314,172,14-01-2025,Available
INV00638,PRD00130,SUP0216,Delhi WH,418,61,09-03-2025,Available
INV00639,PRD00473,SUP0291,Delhi WH,680,70,23-01-2025,Out of Stock
INV00640,PRD00818,SUP0283,Bengaluru WH,797,86,19-11-2025,Available
INV00641,PRD00482,SUP0029,Mumbai WH,451,58,13-09-2025,Out of Stock
INV00642,PRD00750,SUP0213,Chennai WH,27,85,15-10-2025,Available
INV00643,PRD00815,SUP0038,Delhi WH,51,149,27-09-2025,Available
INV00644,PRD00989,SUP0026,Hyderabad WH,340,199,06-07-2025,Available
INV00645,PRD01170,SUP0172,Hyderabad WH,557,42,02-05-2025,Available
INV00646,PRD01082,SUP0073,Delhi WH,782,85,07-03-2025,available
INV00647,PRD01101,SUP0067,Hyderabad WH,267,66,06-08-2025,Available
INV00648,PRD00466,SUP0108,Chennai WH,657,135,04-11-2025,available
INV00649,PRD00397,SUP0173,Delhi WH,79,95,12-03-2025,Out of Stock
INV00650,PRD00012,SUP0350,Mumbai WH,346,58,09-01-2025,Available
INV00651,PRD00921,SUP0166,Mumbai WH,244,169,27-11-2025,available
INV00652,PRD00465,SUP0298,Bengaluru WH,225,42,06-10-2025,available
INV00653,PRD01675,SUP0366,Delhi WH,131,45,28-11-2025,Out of Stock
INV00654,PRD01845,SUP0287,Mumbai WH,720,172,13-03-2025,available
INV00655,PRD00024,SUP0364,Chennai WH,99,112,21-10-2025,Available
INV00656,PRD00741,SUP0347,Hyderabad WH,609,117,16-02-2025,Out of Stock
INV00657,PRD01731,SUP0484,Delhi WH,297,55,15-02-2025,Low Stock
INV00658,PRD01153,SUP0257,Delhi WH,524,144,22-10-2025,Available
INV00659,PRD01948,SUP0310,Delhi WH,121,108,15-07-2025,available
INV00660,PRD00799,SUP0086,Mumbai WH,608,91,26-08-2025,Low Stock
INV00661,PRD00338,SUP0151,Mumbai WH,526,72,20-04-2025,Available
INV00662,PRD01979,SUP0420,Bengaluru WH,11,24,08-05-2025,available
INV00663,PRD01274,SUP0468,Chennai WH,419,104,21-11-2025,Available
INV00664,PRD01443,SUP0102,Mumbai WH,70,194,04-05-2025,Out of Stock
INV00665,PRD00713,SUP0312,Chennai WH,775,82,05-05-2025,available
INV00666,PRD00192,SUP0308,Hyderabad WH,503,118,24-12-2025,Available
INV00667,PRD01663,SUP0180,Chennai WH,423,182,12-03-2025,available
INV00668,PRD00698,SUP0346,Mumbai WH,298,86,05-09-2025,available
INV00669,PRD01216,SUP0352,Mumbai WH,237,196,05-06-2025,Available
INV00670,PRD00410,SUP0012,Hyderabad WH,205,125,08-02-2025,Low Stock
INV00671,PRD01986,SUP0474,Bengaluru WH,462,156,24-08-2025,Low Stock
INV00672,PRD01597,SUP0345,Chennai WH,929,173,01-11-2025,Available
INV00673,PRD00490,SUP0439,Delhi WH,828,136,19-12-2025,Out of Stock
INV00674,PRD00845,SUP0345,Hyderabad WH,376,74,08-02-2025,Available
INV00675,PRD00782,SUP0250,Mumbai WH,332,142,15-02-2025,Out of Stock
INV00676,PRD00741,SUP0169,Bengaluru WH,708,49,07-07-2025,Low Stock
INV00677,PRD01063,SUP0297,Hyderabad WH,509,40,03-05-2025,Available
INV00678,PRD00539,SUP0063,Mumbai WH,749,34,12-01-2025,Low Stock
INV00679,PRD01112,SUP0015,Mumbai WH,765,121,10-01-2025,Available
INV00680,PRD00806,SUP0160,Mumbai WH,933,53,27-05-2025,Low Stock
INV00681,PRD01820,SUP0430,Bengaluru WH,177,31,17-11-2025,available
INV00682,PRD01627,SUP0061,Chennai WH,552,196,07-01-2025,available
INV00683,PRD01401,SUP0064,Bengaluru WH,410,137,13-05-2025,Out of Stock
INV00684,PRD01046,SUP0027,Mumbai WH,378,191,21-04-2025,Low Stock
INV00685,PRD01184,SUP0396,Bengaluru WH,43,140,25-10-2025,Low Stock
INV00686,PRD01268,SUP0177,Hyderabad WH,865,94,07-09-2025,Available
INV00687,PRD01076,SUP0124,Mumbai WH,205,49,17-07-2025,Low Stock
INV00688,PRD01310,SUP0149,Hyderabad WH,82,24,02-04-2025,available
INV00689,PRD01915,SUP0038,Delhi WH,247,130,10-06-2025,Low Stock
INV00690,PRD00575,SUP0169,Hyderabad WH,324,169,03-07-2025,available
INV00691,PRD01494,SUP0312,Chennai WH,642,53,15-04-2025,Out of Stock
INV00692,PRD00551,SUP0251,Delhi WH,905,120,23-09-2025,Out of Stock
INV00693,PRD00157,SUP0286,Mumbai WH,274,97,12-09-2025,Available
INV00694,PRD01720,SUP0345,Hyderabad WH,769,81,05-10-2025,Low Stock
INV00695,PRD00783,SUP0209,Bengaluru WH,174,121,04-06-2025,Low Stock
INV00696,PRD00761,SUP0489,Hyderabad WH,114,127,28-08-2025,Available
INV00697,PRD00672,SUP0470,Bengaluru WH,487,63,16-04-2025,available
INV00698,PRD00554,SUP0132,Bengaluru WH,749,89,15-02-2025,Low Stock
INV00699,PRD00963,SUP0146,Mumbai WH,46,156,07-05-2025,available
INV00700,PRD01402,SUP0120,Chennai WH,153,91,12-09-2025,Out of Stock
INV00701,PRD00269,SUP0212,Hyderabad WH,540,172,01-11-2025,Out of Stock
INV00702,PRD00186,SUP0153,Mumbai WH,473,35,17-05-2025,Out of Stock
INV00703,PRD00229,SUP0095,Chennai WH,78,96,15-02-2025,available
INV00704,PRD01139,SUP0164,Delhi WH,828,146,26-02-2025,Available
INV00705,PRD01240,SUP0145,Bengaluru WH,408,117,09-02-2025,Out of Stock
INV00706,PRD00722,SUP0149,Delhi WH,157,173,17-11-2025,available
INV00707,PRD00179,SUP0231,Hyderabad WH,711,167,07-08-2025,Available
INV00708,PRD01811,SUP0492,Bengaluru WH,42,127,15-11-2025,Out of Stock
INV00709,PRD01141,SUP0368,Hyderabad WH,484,49,09-01-2025,Low Stock
INV00710,PRD01202,SUP0343,Mumbai WH,681,91,09-05-2025,Low Stock
INV00711,PRD01668,SUP0230,Delhi WH,365,28,01-03-2025,Available
INV00712,PRD01482,SUP0362,Chennai WH,951,100,20-04-2025,Available
INV00713,PRD00864,SUP0001,Chennai WH,921,171,07-09-2025,Available
INV00714,PRD00107,SUP0295,Delhi WH,905,180,04-09-2025,Available
INV00715,PRD01265,SUP0473,Mumbai WH,162,60,18-05-2025,Available
INV00716,PRD00053,SUP0390,Chennai WH,364,23,07-02-2025,Available
INV00717,PRD01194,SUP0410,Bengaluru WH,295,192,03-12-2025,Out of Stock
INV00718,PRD00852,SUP0114,Hyderabad WH,860,93,13-01-2025,Out of Stock
INV00719,PRD00776,SUP0146,Bengaluru WH,615,126,22-01-2025,Available
INV00720,PRD01359,SUP0361,Hyderabad WH,586,195,04-12-2025,Available
INV00721,PRD01332,SUP0014,Delhi WH,32,71,08-01-2025,Low Stock
INV00722,PRD01015,SUP0005,Mumbai WH,160,58,04-12-2025,Out of Stock
INV00723,PRD00657,SUP0312,Delhi WH,906,160,05-12-2025,available
INV00724,PRD00069,SUP0258,Bengaluru WH,947,80,07-10-2025,Low Stock
INV00725,PRD01514,SUP0345,Hyderabad WH,753,50,09-08-2025,Available
INV00726,PRD00611,SUP0318,Bengaluru WH,941,77,26-06-2025,Low Stock
INV00727,PRD00606,SUP0394,Chennai WH,318,21,10-02-2025,available
INV00728,PRD00790,SUP0129,Bengaluru WH,281,37,01-05-2025,Low Stock
INV00729,PRD00975,SUP0426,Bengaluru WH,187,128,05-04-2025,Low Stock
INV00730,PRD01955,SUP0350,Hyderabad WH,70,129,24-06-2025,Out of Stock
INV00731,PRD01431,SUP0311,Bengaluru WH,597,181,11-03-2025,Low Stock
INV00732,PRD00122,SUP0371,Bengaluru WH,351,66,28-01-2025,Available
INV00733,PRD00079,SUP0451,Bengaluru WH,569,133,26-09-2025,available
INV00734,PRD00909,SUP0359,Chennai WH,608,39,17-08-2025,Low Stock
INV00735,PRD00846,SUP0240,Delhi WH,460,195,17-02-2025,Available
INV00736,PRD01637,SUP0445,Mumbai WH,76,193,03-05-2025,Low Stock
INV00737,PRD01852,SUP0096,Hyderabad WH,897,61,06-04-2025,available
INV00738,PRD01397,SUP0206,Chennai WH,212,99,16-10-2025,available
INV00739,PRD01203,SUP0271,Mumbai WH,460,61,07-04-2025,available
INV00740,PRD00331,SUP0467,Hyderabad WH,813,28,19-01-2025,Available
INV00741,PRD00310,SUP0092,Chennai WH,810,109,27-02-2025,Low Stock
INV00742,PRD01429,SUP0040,Chennai WH,391,123,08-01-2025,available
INV00743,PRD01041,SUP0183,Mumbai WH,338,36,25-12-2025,Out of Stock
INV00744,PRD01668,SUP0358,Chennai WH,424,81,08-01-2025,available
INV00745,PRD00580,SUP0117,Bengaluru WH,451,153,10-06-2025,Available
INV00746,PRD00103,SUP0185,Chennai WH,461,122,28-06-2025,Available
INV00747,PRD01699,SUP0464,Mumbai WH,912,77,17-02-2025,available
INV00748,PRD01112,SUP0394,Chennai WH,661,27,21-02-2025,available
INV00749,PRD00513,SUP0085,Delhi WH,565,103,10-08-2025,Low Stock
INV00750,PRD01321,SUP0441,Bengaluru WH,852,143,14-03-2025,Out of Stock
INV00751,PRD00123,SUP0103,Bengaluru WH,72,148,10-12-2025,Available
INV00752,PRD01645,SUP0152,Delhi WH,147,35,20-09-2025,Available
INV00753,PRD01000,SUP0349,Delhi WH,919,34,22-12-2025,Low Stock
INV00754,PRD01967,SUP0490,Bengaluru WH,334,132,09-05-2025,Low Stock
INV00755,PRD01991,SUP0186,Bengaluru WH,415,112,17-02-2025,Available
INV00756,PRD00222,SUP0255,Hyderabad WH,18,181,01-12-2025,available
INV00757,PRD01933,SUP0385,Hyderabad WH,709,156,27-10-2025,Out of Stock
INV00758,PRD01013,SUP0199,Mumbai WH,134,102,01-02-2025,Available
INV00759,PRD00558,SUP0193,Bengaluru WH,589,146,25-02-2025,Low Stock
INV00760,PRD01702,SUP0047,Delhi WH,204,134,16-03-2025,Low Stock
INV00761,PRD01652,SUP0474,Chennai WH,862,39,17-12-2025,Low Stock
INV00762,PRD00736,SUP0239,Hyderabad WH,627,117,17-10-2025,Available
INV00763,PRD01170,SUP0477,Mumbai WH,554,36,06-02-2025,Available
INV00764,PRD00375,SUP0068,Mumbai WH,728,65,20-06-2025,available
INV00765,PRD01443,SUP0253,Delhi WH,830,85,10-06-2025,Available
INV00766,PRD01401,SUP0381,Delhi WH,265,177,14-10-2025,available
INV00767,PRD00333,SUP0258,Bengaluru WH,415,95,08-02-2025,Low Stock
INV00768,PRD01375,SUP0039,Hyderabad WH,60,60,21-09-2025,available
INV00769,PRD01120,SUP0425,Chennai WH,520,76,13-07-2025,available
INV00770,PRD00484,SUP0093,Bengaluru WH,666,49,04-02-2025,Out of Stock
INV00771,PRD01260,SUP0348,Delhi WH,74,156,26-09-2025,Low Stock
INV00772,PRD01802,SUP0068,Delhi WH,370,46,14-08-2025,Available
INV00773,PRD00100,SUP0410,Chennai WH,839,46,09-07-2025,Low Stock
INV00774,PRD01914,SUP0212,Bengaluru WH,104,167,22-02-2025,Available
INV00775,PRD00704,SUP0188,Bengaluru WH,597,195,12-05-2025,available
INV00776,PRD01324,SUP0014,Mumbai WH,914,139,27-01-2025,available
INV00777,PRD01548,SUP0364,Delhi WH,707,60,26-11-2025,Out of Stock
INV00778,PRD00949,SUP0404,Bengaluru WH,975,53,02-05-2025,Available
INV00779,PRD00896,SUP0144,Mumbai WH,792,96,18-06-2025,Low Stock
INV00780,PRD01452,SUP0415,Bengaluru WH,890,114,19-01-2025,Available
INV00781,PRD00784,SUP0090,Delhi WH,262,95,17-03-2025,available
INV00782,PRD01524,SUP0188,Hyderabad WH,3,51,26-07-2025,Available
INV00783,PRD00909,SUP0035,Bengaluru WH,860,159,24-05-2025,available
INV00784,PRD01620,SUP0358,Mumbai WH,695,162,18-02-2025,Available
INV00785,PRD00665,SUP0301,Delhi WH,243,62,11-11-2025,Out of Stock
INV00786,PRD00517,SUP0212,Hyderabad WH,215,48,23-04-2025,Available
INV00787,PRD01128,SUP0090,Chennai WH,616,137,26-07-2025,Low Stock
INV00788,PRD01647,SUP0177,Mumbai WH,478,184,05-06-2025,Available
INV00789,PRD01657,SUP0210,Delhi WH,409,119,25-09-2025,Out of Stock
INV00790,PRD00928,SUP0239,Mumbai WH,596,141,12-12-2025,Available
INV00791,PRD01734,SUP0174,Chennai WH,288,161,02-01-2025,Available
INV00792,PRD00046,SUP0496,Delhi WH,346,152,19-03-2025,Low Stock
INV00793,PRD01979,SUP0054,Mumbai WH,631,179,27-05-2025,Low Stock
INV00794,PRD00613,SUP0309,Mumbai WH,545,114,07-03-2025,Out of Stock
INV00795,PRD00233,SUP0356,Chennai WH,382,182,08-11-2025,Out of Stock
INV00796,PRD01153,SUP0253,Mumbai WH,931,73,05-01-2025,available
INV00797,PRD01726,SUP0438,Hyderabad WH,216,77,27-10-2025,Out of Stock
INV00798,PRD01284,SUP0301,Delhi WH,16,184,26-06-2025,Low Stock
INV00799,PRD01585,SUP0381,Chennai WH,797,197,03-01-2025,Available
INV00800,PRD01975,SUP0008,Bengaluru WH,195,198,05-05-2025,Out of Stock
INV00801,PRD00321,SUP0450,Mumbai WH,982,70,26-08-2025,Available
INV00802,PRD00807,SUP0350,Delhi WH,559,23,13-12-2025,Out of Stock
INV00803,PRD00102,SUP0348,Bengaluru WH,39,118,13-03-2025,Out of Stock
INV00804,PRD00853,SUP0326,Chennai WH,270,90,11-10-2025,available
INV00805,PRD00265,SUP0090,Hyderabad WH,128,117,12-01-2025,available
INV00806,PRD00649,SUP0473,Bengaluru WH,812,101,02-10-2025,Out of Stock
INV00807,PRD01711,SUP0260,Mumbai WH,964,90,06-01-2025,Out of Stock
INV00808,PRD01738,SUP0226,Hyderabad WH,421,184,18-07-2025,Available
INV00809,PRD01131,SUP0460,Bengaluru WH,871,101,10-12-2025,Available
INV00810,PRD00152,SUP0454,Chennai WH,715,104,15-12-2025,Out of Stock
INV00811,PRD01017,SUP0249,Mumbai WH,46,186,25-05-2025,Low Stock
INV00812,PRD00474,SUP0215,Mumbai WH,117,89,22-09-2025,Low Stock
INV00813,PRD00225,SUP0029,Bengaluru WH,489,110,28-03-2025,Out of Stock
INV00814,PRD00033,SUP0491,Mumbai WH,350,86,27-04-2025,available
INV00815,PRD00811,SUP0297,Mumbai WH,608,132,06-04-2025,available
INV00816,PRD00600,SUP0288,Delhi WH,755,157,10-05-2025,Available
INV00817,PRD01247,SUP0219,Mumbai WH,728,98,18-03-2025,Available
INV00818,PRD00576,SUP0188,Chennai WH,677,172,04-01-2025,Out of Stock
INV00819,PRD01714,SUP0444,Chennai WH,140,100,15-12-2025,Out of Stock
INV00820,PRD01200,SUP0012,Mumbai WH,444,196,23-07-2025,Out of Stock
INV00821,PRD01559,SUP0368,Mumbai WH,156,109,09-02-2025,Low Stock
INV00822,PRD00216,SUP0315,Delhi WH,610,79,13-01-2025,Out of Stock
INV00823,PRD00104,SUP0109,Hyderabad WH,346,105,26-09-2025,available
INV00824,PRD01417,SUP0296,Mumbai WH,878,141,16-05-2025,Low Stock
INV00825,PRD00782,SUP0184,Hyderabad WH,656,96,05-09-2025,Available
INV00826,PRD00359,SUP0492,Delhi WH,266,72,24-07-2025,Out of Stock
INV00827,PRD00323,SUP0163,Chennai WH,446,127,08-10-2025,Available
INV00828,PRD01401,SUP0247,Hyderabad WH,851,22,20-08-2025,Available
INV00829,PRD00019,SUP0227,Bengaluru WH,653,170,27-06-2025,available
INV00830,PRD01352,SUP0260,Hyderabad WH,338,137,09-07-2025,available
INV00831,PRD01421,SUP0427,Mumbai WH,95,172,11-02-2025,available
INV00832,PRD00062,SUP0212,Hyderabad WH,479,41,25-06-2025,available
INV00833,PRD00204,SUP0384,Bengaluru WH,645,145,02-12-2025,Available
INV00834,PRD01686,SUP0046,Hyderabad WH,168,164,01-11-2025,available
INV00835,PRD00023,SUP0451,Hyderabad WH,7,44,23-06-2025,Low Stock
INV00836,PRD00595,SUP0431,Mumbai WH,909,183,16-11-2025,Low Stock
INV00837,PRD01174,SUP0003,Delhi WH,86,184,16-09-2025,Out of Stock
INV00838,PRD00968,SUP0403,Delhi WH,743,47,04-04-2025,Available
INV00839,PRD00679,SUP0460,Delhi WH,164,183,07-09-2025,Low Stock
INV00840,PRD01661,SUP0466,Mumbai WH,720,173,15-04-2025,Out of Stock
INV00841,PRD01421,SUP0480,Mumbai WH,195,122,02-11-2025,Low Stock
INV00842,PRD00368,SUP0377,Hyderabad WH,822,185,03-11-2025,Low Stock
INV00843,PRD01540,SUP0242,Delhi WH,85,81,17-08-2025,Low Stock
INV00844,PRD01117,SUP0155,Chennai WH,928,83,27-06-2025,available
INV00845,PRD01170,SUP0073,Bengaluru WH,391,162,06-04-2025,Available
INV00846,PRD00241,SUP0400,Delhi WH,478,190,24-06-2025,Available
INV00847,PRD01141,SUP0262,Delhi WH,661,155,10-06-2025,Available
INV00848,PRD01945,SUP0244,Chennai WH,318,114,08-09-2025,available
INV00849,PRD01416,SUP0047,Mumbai WH,265,185,04-03-2025,Available
INV00850,PRD01484,SUP0287,Bengaluru WH,988,49,19-07-2025,Out of Stock
INV00851,PRD00526,SUP0223,Delhi WH,534,158,22-03-2025,Out of Stock
INV00852,PRD00222,SUP0187,Chennai WH,130,157,28-11-2025,Available
INV00853,PRD01038,SUP0259,Hyderabad WH,695,92,17-02-2025,Low Stock
INV00854,PRD00886,SUP0213,Mumbai WH,594,78,27-11-2025,Low Stock
INV00855,PRD00676,SUP0498,Bengaluru WH,392,91,23-07-2025,Out of Stock
INV00856,PRD00958,SUP0247,Mumbai WH,500,96,03-10-2025,Available
INV00857,PRD00216,SUP0078,Chennai WH,782,70,12-07-2025,Available
INV00858,PRD01442,SUP0404,Bengaluru WH,148,66,19-12-2025,available
INV00859,PRD00443,SUP0017,Delhi WH,8,115,15-02-2025,available
INV00860,PRD01891,SUP0183,Bengaluru WH,931,47,05-09-2025,Low Stock
INV00861,PRD01634,SUP0322,Chennai WH,428,130,21-01-2025,available
INV00862,PRD01660,SUP0402,Hyderabad WH,883,43,03-12-2025,available
INV00863,PRD01230,SUP0473,Hyderabad WH,285,162,26-08-2025,Low Stock
INV00864,PRD00081,SUP0488,Chennai WH,373,107,12-12-2025,available
INV00865,PRD00534,SUP0475,Mumbai WH,363,75,22-03-2025,Available
INV00866,PRD00239,SUP0102,Hyderabad WH,793,183,01-01-2025,Low Stock
INV00867,PRD00781,SUP0033,Bengaluru WH,727,35,24-01-2025,Available
INV00868,PRD01402,SUP0438,Hyderabad WH,440,25,06-04-2025,Out of Stock
INV00869,PRD01314,SUP0454,Chennai WH,200,62,07-04-2025,Available
INV00870,PRD00126,SUP0382,Bengaluru WH,848,44,16-02-2025,available
INV00871,PRD00425,SUP0096,Bengaluru WH,70,76,20-02-2025,Low Stock
INV00872,PRD01573,SUP0071,Mumbai WH,589,146,13-03-2025,available
INV00873,PRD00693,SUP0110,Hyderabad WH,547,94,08-03-2025,Available
INV00874,PRD01924,SUP0125,Delhi WH,294,97,24-10-2025,Low Stock
INV00875,PRD01058,SUP0180,Delhi WH,684,27,03-02-2025,Low Stock
INV00876,PRD00966,SUP0369,Bengaluru WH,975,45,08-08-2025,available
INV00877,PRD00296,SUP0428,Delhi WH,334,44,04-12-2025,Low Stock
INV00878,PRD01538,SUP0047,Chennai WH,369,58,11-02-2025,Low Stock
INV00879,PRD00818,SUP0020,Chennai WH,205,127,28-12-2025,available
INV00880,PRD01926,SUP0054,Bengaluru WH,350,117,15-09-2025,Out of Stock
INV00881,PRD00327,SUP0436,Bengaluru WH,803,67,05-01-2025,Available
INV00882,PRD01957,SUP0174,Hyderabad WH,950,156,23-11-2025,Available
INV00883,PRD00585,SUP0048,Bengaluru WH,652,153,27-07-2025,Low Stock
INV00884,PRD01594,SUP0097,Bengaluru WH,443,130,07-08-2025,Low Stock
INV00885,PRD00782,SUP0393,Chennai WH,207,110,13-09-2025,available
INV00886,PRD00953,SUP0067,Chennai WH,371,167,22-11-2025,Available
INV00887,PRD01461,SUP0290,Bengaluru WH,476,165,21-01-2025,Out of Stock
INV00888,PRD01584,SUP0345,Hyderabad WH,411,161,02-05-2025,Out of Stock
INV00889,PRD00931,SUP0383,Mumbai WH,804,182,12-02-2025,Low Stock
INV00890,PRD01511,SUP0498,Hyderabad WH,831,30,08-03-2025,Out of Stock
INV00891,PRD00341,SUP0325,Delhi WH,185,120,11-08-2025,Low Stock
INV00892,PRD00754,SUP0318,Bengaluru WH,752,41,24-03-2025,available
INV00893,PRD00677,SUP0299,Hyderabad WH,453,197,10-07-2025,available
INV00894,PRD00535,SUP0317,Mumbai WH,649,128,17-12-2025,available
INV00895,PRD00922,SUP0246,Chennai WH,405,94,25-01-2025,Available
INV00896,PRD00940,SUP0235,Bengaluru WH,44,157,19-05-2025,Available
INV00897,PRD01322,SUP0402,Delhi WH,78,134,16-03-2025,Out of Stock
INV00898,PRD00370,SUP0424,Mumbai WH,133,165,04-01-2025,Low Stock
INV00899,PRD00095,SUP0422,Delhi WH,701,110,17-07-2025,Low Stock
INV00900,PRD01888,SUP0154,Hyderabad WH,947,173,26-06-2025,Out of Stock
INV00901,PRD01943,SUP0450,Chennai WH,949,75,02-07-2025,Low Stock
INV00902,PRD00157,SUP0154,Hyderabad WH,510,63,19-04-2025,available
INV00903,PRD00768,SUP0331,Chennai WH,37,121,19-06-2025,Out of Stock
INV00904,PRD00148,SUP0033,Mumbai WH,513,141,05-05-2025,available
INV00905,PRD01673,SUP0325,Bengaluru WH,741,131,13-06-2025,available
INV00906,PRD00005,SUP0273,Bengaluru WH,357,115,07-09-2025,Available
INV00907,PRD01384,SUP0093,Hyderabad WH,704,84,20-05-2025,Out of Stock
INV00908,PRD01525,SUP0130,Hyderabad WH,460,55,02-08-2025,Available
INV00909,PRD00251,SUP0051,Hyderabad WH,422,199,20-04-2025,Available
INV00910,PRD01744,SUP0280,Hyderabad WH,167,127,09-11-2025,Low Stock
INV00911,PRD01165,SUP0432,Bengaluru WH,130,190,20-06-2025,available
INV00912,PRD00385,SUP0479,Bengaluru WH,866,61,18-10-2025,Low Stock
INV00913,PRD00117,SUP0476,Chennai WH,1,174,14-08-2025,available
INV00914,PRD00428,SUP0209,Hyderabad WH,127,20,25-04-2025,available
INV00915,PRD01716,SUP0462,Bengaluru WH,620,70,04-09-2025,available
INV00916,PRD00456,SUP0298,Bengaluru WH,873,78,04-02-2025,Low Stock
INV00917,PRD00602,SUP0418,Mumbai WH,938,91,05-08-2025,available
INV00918,PRD01411,SUP0129,Hyderabad WH,228,29,25-02-2025,available
INV00919,PRD00403,SUP0048,Chennai WH,256,119,17-02-2025,available
INV00920,PRD00152,SUP0500,Bengaluru WH,743,198,09-10-2025,Available
INV00921,PRD01717,SUP0030,Delhi WH,346,25,09-04-2025,Available
INV00922,PRD00224,SUP0279,Delhi WH,418,124,13-04-2025,Out of Stock
INV00923,PRD01533,SUP0436,Mumbai WH,950,98,26-06-2025,available
INV00924,PRD00518,SUP0045,Delhi WH,57,141,01-09-2025,Out of Stock
INV00925,PRD00198,SUP0225,Mumbai WH,518,141,15-05-2025,Low Stock
INV00926,PRD00090,SUP0112,Delhi WH,306,191,09-01-2025,Low Stock
INV00927,PRD01515,SUP0243,Mumbai WH,409,79,28-12-2025,Low Stock
INV00928,PRD01252,SUP0097,Chennai WH,292,131,21-10-2025,Out of Stock
INV00929,PRD01642,SUP0166,Hyderabad WH,679,176,26-02-2025,Available
INV00930,PRD01137,SUP0245,Chennai WH,844,116,10-10-2025,available
INV00931,PRD01097,SUP0244,Chennai WH,689,45,12-06-2025,Low Stock
INV00932,PRD01954,SUP0226,Bengaluru WH,244,93,19-09-2025,Out of Stock
INV00933,PRD01846,SUP0177,Delhi WH,586,195,04-09-2025,Low Stock
INV00934,PRD01276,SUP0337,Hyderabad WH,632,140,13-07-2025,Out of Stock
INV00935,PRD00327,SUP0007,Mumbai WH,74,21,25-05-2025,Out of Stock
INV00936,PRD00972,SUP0362,Delhi WH,494,56,03-03-2025,Available
INV00937,PRD01588,SUP0408,Delhi WH,146,139,21-10-2025,available
INV00938,PRD01662,SUP0315,Mumbai WH,272,91,02-12-2025,Available
INV00939,PRD00106,SUP0129,Mumbai WH,802,113,15-06-2025,available
INV00940,PRD00008,SUP0079,Chennai WH,463,159,22-12-2025,Low Stock
INV00941,PRD01870,SUP0258,Bengaluru WH,754,51,19-04-2025,Available
INV00942,PRD00627,SUP0305,Bengaluru WH,927,29,13-05-2025,Out of Stock
INV00943,PRD01707,SUP0194,Bengaluru WH,284,69,05-03-2025,available
INV00944,PRD00857,SUP0006,Bengaluru WH,293,142,02-10-2025,Available
INV00945,PRD01429,SUP0429,Mumbai WH,618,58,01-03-2025,Out of Stock
INV00946,PRD00003,SUP0285,Delhi WH,580,26,08-03-2025,Out of Stock
INV00947,PRD00386,SUP0423,Hyderabad WH,64,35,28-08-2025,Available
INV00948,PRD00781,SUP0409,Mumbai WH,95,96,04-05-2025,Out of Stock
INV00949,PRD01396,SUP0147,Delhi WH,830,30,08-10-2025,Out of Stock
INV00950,PRD00203,SUP0472,Delhi WH,181,67,26-09-2025,available
INV00951,PRD01453,SUP0014,Delhi WH,655,186,14-08-2025,Available
INV00952,PRD01907,SUP0120,Bengaluru WH,98,103,21-12-2025,Low Stock
INV00953,PRD01123,SUP0138,Mumbai WH,882,74,12-03-2025,Out of Stock
INV00954,PRD01825,SUP0070,Chennai WH,949,196,02-11-2025,available
INV00955,PRD00825,SUP0374,Bengaluru WH,402,177,21-02-2025,Low Stock
INV00956,PRD01047,SUP0013,Chennai WH,663,29,19-04-2025,Available
INV00957,PRD01183,SUP0173,Bengaluru WH,303,179,05-03-2025,Available
INV00958,PRD01960,SUP0361,Delhi WH,797,89,07-03-2025,Available
INV00959,PRD00470,SUP0465,Hyderabad WH,906,164,24-03-2025,Low Stock
INV00960,PRD01605,SUP0177,Mumbai WH,251,143,13-05-2025,Out of Stock
INV00961,PRD00989,SUP0253,Delhi WH,950,110,16-08-2025,Available
INV00962,PRD01820,SUP0402,Delhi WH,304,110,02-06-2025,Out of Stock
INV00963,PRD00993,SUP0254,Hyderabad WH,301,32,27-07-2025,available
INV00964,PRD00834,SUP0449,Chennai WH,417,48,02-07-2025,available
INV00965,PRD00032,SUP0033,Bengaluru WH,649,120,04-09-2025,Low Stock
INV00966,PRD00171,SUP0471,Hyderabad WH,630,171,22-12-2025,Low Stock
INV00967,PRD01756,SUP0439,Bengaluru WH,660,113,02-04-2025,available
INV00968,PRD01143,SUP0373,Delhi WH,908,123,23-10-2025,Available
INV00969,PRD01463,SUP0151,Hyderabad WH,822,35,20-07-2025,available
INV00970,PRD00709,SUP0334,Bengaluru WH,645,80,22-11-2025,available
INV00971,PRD01776,SUP0091,Chennai WH,569,154,04-01-2025,Low Stock
INV00972,PRD01825,SUP0329,Bengaluru WH,2,134,25-07-2025,Out of Stock
INV00973,PRD01001,SUP0167,Hyderabad WH,611,93,25-04-2025,available
INV00974,PRD00385,SUP0435,Mumbai WH,233,70,11-09-2025,Available
INV00975,PRD00337,SUP0054,Mumbai WH,24,171,07-10-2025,Available
INV00976,PRD00917,SUP0081,Delhi WH,623,71,16-06-2025,available
INV00977,PRD01927,SUP0471,Hyderabad WH,45,192,20-06-2025,Available
INV00978,PRD01302,SUP0144,Mumbai WH,350,144,28-09-2025,available
INV00979,PRD00518,SUP0190,Hyderabad WH,712,30,09-09-2025,Available
INV00980,PRD00055,SUP0209,Mumbai WH,839,170,03-01-2025,Out of Stock
INV00981,PRD00476,SUP0392,Mumbai WH,227,146,28-03-2025,Out of Stock
INV00982,PRD01430,SUP0374,Delhi WH,717,94,18-05-2025,available
INV00983,PRD00668,SUP0001,Delhi WH,595,107,07-06-2025,Available
INV00984,PRD01812,SUP0328,Delhi WH,386,180,27-08-2025,Available
INV00985,PRD01247,SUP0235,Hyderabad WH,715,193,08-10-2025,Low Stock
INV00986,PRD01429,SUP0338,Mumbai WH,189,193,20-05-2025,Low Stock
INV00987,PRD00345,SUP0230,Chennai WH,362,40,23-02-2025,Out of Stock
INV00988,PRD00215,SUP0222,Chennai WH,669,103,20-03-2025,Out of Stock
INV00989,PRD01722,SUP0469,Chennai WH,483,39,06-06-2025,Low Stock
INV00990,PRD01759,SUP0269,Bengaluru WH,190,185,06-03-2025,Low Stock
INV00991,PRD00985,SUP0187,Hyderabad WH,125,75,07-02-2025,Available
INV00992,PRD00135,SUP0402,Delhi WH,776,86,07-03-2025,Out of Stock
INV00993,PRD00762,SUP0055,Chennai WH,916,85,28-05-2025,available
INV00994,PRD00915,SUP0168,Delhi WH,158,26,21-03-2025,available
INV00995,PRD00974,SUP0463,Bengaluru WH,603,171,05-06-2025,available
INV00996,PRD01822,SUP0083,Mumbai WH,655,133,03-09-2025,Out of Stock
INV00997,PRD01613,SUP0112,Mumbai WH,235,99,15-04-2025,Low Stock
INV00998,PRD00606,SUP0354,Delhi WH,320,111,04-10-2025,Low Stock
INV00999,PRD01650,SUP0199,Delhi WH,309,162,15-01-2025,Out of Stock
INV01000,PRD01593,SUP0496,Hyderabad WH,206,59,09-03-2025,Out of Stock
INV01001,PRD01004,SUP0371,Chennai WH,978,145,21-10-2025,Available
INV01002,PRD01550,SUP0390,Delhi WH,824,54,20-03-2025,Out of Stock
INV01003,PRD00980,SUP0500,Hyderabad WH,1000,36,07-01-2025,Low Stock
INV01004,PRD00654,SUP0428,Chennai WH,334,114,11-11-2025,Available
INV01005,PRD00956,SUP0478,Mumbai WH,271,46,25-01-2025,Out of Stock
INV01006,PRD01217,SUP0126,Delhi WH,631,69,20-01-2025,Available
INV01007,PRD01205,SUP0309,Bengaluru WH,731,186,23-04-2025,Out of Stock
INV01008,PRD00314,SUP0186,Delhi WH,628,63,18-12-2025,Available
INV01009,PRD00504,SUP0407,Hyderabad WH,204,54,04-04-2025,Available
INV01010,PRD01199,SUP0337,Mumbai WH,151,110,08-05-2025,Available
INV01011,PRD00730,SUP0003,Chennai WH,998,120,11-11-2025,Out of Stock
INV01012,PRD00168,SUP0301,Bengaluru WH,987,129,26-03-2025,available
INV01013,PRD00005,SUP0167,Hyderabad WH,58,99,21-04-2025,Low Stock
INV01014,PRD01353,SUP0296,Hyderabad WH,653,179,26-01-2025,available
INV01015,PRD00853,SUP0213,Bengaluru WH,173,23,07-07-2025,Out of Stock
INV01016,PRD00119,SUP0139,Mumbai WH,36,186,26-05-2025,Low Stock
INV01017,PRD01893,SUP0499,Bengaluru WH,135,164,22-01-2025,Out of Stock
INV01018,PRD00138,SUP0392,Chennai WH,116,46,25-09-2025,Available
INV01019,PRD01155,SUP0418,Bengaluru WH,231,30,18-08-2025,Low Stock
INV01020,PRD01557,SUP0436,Bengaluru WH,8,148,14-01-2025,Out of Stock
INV01021,PRD00770,SUP0142,Delhi WH,438,91,16-12-2025,Low Stock
INV01022,PRD01044,SUP0320,Hyderabad WH,490,117,13-10-2025,available
INV01023,PRD01991,SUP0197,Delhi WH,148,30,26-04-2025,Low Stock
INV01024,PRD01954,SUP0127,Mumbai WH,821,165,27-09-2025,Available
INV01025,PRD00208,SUP0024,Hyderabad WH,828,21,22-10-2025,Out of Stock
INV01026,PRD00850,SUP0161,Bengaluru WH,874,70,12-07-2025,available
INV01027,PRD00175,SUP0119,Mumbai WH,929,125,17-09-2025,Low Stock
INV01028,PRD01286,SUP0133,Bengaluru WH,337,53,06-05-2025,Available
INV01029,PRD00237,SUP0026,Delhi WH,33,32,23-07-2025,available
INV01030,PRD01790,SUP0013,Delhi WH,710,125,12-02-2025,Available
INV01031,PRD01376,SUP0351,Chennai WH,872,123,19-07-2025,Available
INV01032,PRD01688,SUP0198,Bengaluru WH,25,47,04-06-2025,Out of Stock
INV01033,PRD00418,SUP0231,Delhi WH,851,100,10-12-2025,available
INV01034,PRD00151,SUP0098,Hyderabad WH,706,188,04-07-2025,Out of Stock
INV01035,PRD01958,SUP0098,Hyderabad WH,468,160,05-05-2025,available
INV01036,PRD01170,SUP0314,Delhi WH,705,175,25-08-2025,Available
INV01037,PRD01943,SUP0426,Bengaluru WH,368,109,22-06-2025,Available
INV01038,PRD00940,SUP0286,Chennai WH,542,101,11-08-2025,Low Stock
INV01039,PRD00871,SUP0396,Delhi WH,935,122,23-09-2025,Low Stock
INV01040,PRD01568,SUP0108,Chennai WH,342,59,26-04-2025,available
INV01041,PRD01832,SUP0157,Hyderabad WH,37,96,24-01-2025,available
INV01042,PRD00794,SUP0294,Delhi WH,600,20,13-08-2025,Available
INV01043,PRD00881,SUP0261,Mumbai WH,137,26,01-12-2025,Low Stock
INV01044,PRD01089,SUP0372,Bengaluru WH,121,86,02-07-2025,Available
INV01045,PRD00162,SUP0410,Delhi WH,657,41,27-11-2025,Out of Stock
INV01046,PRD00089,SUP0083,Bengaluru WH,760,110,28-09-2025,Out of Stock
INV01047,PRD00501,SUP0456,Mumbai WH,828,145,19-08-2025,Out of Stock
INV01048,PRD01661,SUP0435,Hyderabad WH,249,83,16-09-2025,available
INV01049,PRD01437,SUP0306,Delhi WH,724,165,17-02-2025,Available
INV01050,PRD01540,SUP0436,Bengaluru WH,528,60,27-06-2025,Available
INV01051,PRD00532,SUP0411,Delhi WH,454,188,16-10-2025,available
INV01052,PRD00683,SUP0234,Hyderabad WH,465,25,25-06-2025,available
INV01053,PRD00514,SUP0133,Chennai WH,721,198,21-11-2025,Out of Stock
INV01054,PRD00598,SUP0062,Chennai WH,434,23,09-09-2025,Low Stock
INV01055,PRD00009,SUP0442,Delhi WH,495,49,06-04-2025,Low Stock
INV01056,PRD00112,SUP0075,Hyderabad WH,864,38,13-06-2025,available
INV01057,PRD00046,SUP0302,Hyderabad WH,498,104,04-10-2025,available
INV01058,PRD00765,SUP0308,Hyderabad WH,914,104,07-12-2025,Available
INV01059,PRD00388,SUP0338,Hyderabad WH,686,187,21-07-2025,Out of Stock
INV01060,PRD01401,SUP0359,Mumbai WH,806,110,14-03-2025,Available
INV01061,PRD01129,SUP0398,Mumbai WH,950,91,13-12-2025,Available
INV01062,PRD00519,SUP0466,Bengaluru WH,896,86,23-07-2025,available
INV01063,PRD00490,SUP0350,Chennai WH,188,131,14-09-2025,Low Stock
INV01064,PRD00260,SUP0439,Chennai WH,624,29,10-04-2025,Low Stock
INV01065,PRD00725,SUP0245,Hyderabad WH,710,133,11-02-2025,Out of Stock
INV01066,PRD01266,SUP0031,Hyderabad WH,68,112,14-02-2025,available
INV01067,PRD00974,SUP0278,Mumbai WH,250,22,20-08-2025,Low Stock
INV01068,PRD01140,SUP0140,Hyderabad WH,557,191,14-07-2025,Available
INV01069,PRD00907,SUP0392,Delhi WH,912,151,18-12-2025,Out of Stock
INV01070,PRD00250,SUP0180,Chennai WH,99,48,28-03-2025,Out of Stock
INV01071,PRD01021,SUP0204,Delhi WH,241,69,12-06-2025,Out of Stock
INV01072,PRD00494,SUP0304,Bengaluru WH,781,75,19-07-2025,available
INV01073,PRD00538,SUP0177,Bengaluru WH,818,89,04-10-2025,Out of Stock
INV01074,PRD00513,SUP0398,Chennai WH,64,94,03-08-2025,Low Stock
INV01075,PRD00714,SUP0471,Bengaluru WH,352,198,13-02-2025,Out of Stock
INV01076,PRD00184,SUP0091,Delhi WH,231,119,01-02-2025,available
INV01077,PRD01335,SUP0110,Bengaluru WH,146,47,22-11-2025,Available
INV01078,PRD00150,SUP0194,Hyderabad WH,701,112,17-04-2025,Low Stock
INV01079,PRD00218,SUP0289,Delhi WH,135,127,12-04-2025,available
INV01080,PRD00128,SUP0204,Hyderabad WH,995,30,05-07-2025,Available
INV01081,PRD01956,SUP0094,Mumbai WH,362,62,09-06-2025,Available
INV01082,PRD00052,SUP0407,Bengaluru WH,163,149,19-08-2025,Out of Stock
INV01083,PRD01786,SUP0251,Bengaluru WH,369,84,06-12-2025,available
INV01084,PRD01191,SUP0379,Delhi WH,810,43,21-12-2025,available
INV01085,PRD00573,SUP0169,Hyderabad WH,875,138,24-11-2025,Out of Stock
INV01086,PRD00530,SUP0181,Hyderabad WH,864,137,15-03-2025,Low Stock
INV01087,PRD00662,SUP0482,Mumbai WH,524,99,15-05-2025,available
INV01088,PRD01230,SUP0121,Hyderabad WH,348,100,27-09-2025,Out of Stock
INV01089,PRD01834,SUP0388,Mumbai WH,78,57,11-09-2025,Low Stock
INV01090,PRD01575,SUP0276,Delhi WH,665,160,13-08-2025,Low Stock
INV01091,PRD01992,SUP0372,Delhi WH,164,58,12-09-2025,Out of Stock
INV01092,PRD00972,SUP0354,Delhi WH,182,119,16-08-2025,Low Stock
INV01093,PRD01886,SUP0242,Hyderabad WH,753,170,16-05-2025,Out of Stock
INV01094,PRD01665,SUP0012,Bengaluru WH,223,100,16-10-2025,Low Stock
INV01095,PRD00648,SUP0203,Mumbai WH,948,109,15-11-2025,Low Stock
INV01096,PRD00842,SUP0343,Hyderabad WH,435,131,27-09-2025,Out of Stock
INV01097,PRD01568,SUP0303,Hyderabad WH,560,136,11-08-2025,Low Stock
INV01098,PRD01050,SUP0257,Hyderabad WH,327,177,08-02-2025,Available
INV01099,PRD01083,SUP0197,Delhi WH,133,24,22-06-2025,Available
INV01100,PRD00930,SUP0032,Mumbai WH,968,173,12-06-2025,available
INV01101,PRD01330,SUP0343,Delhi WH,539,70,27-10-2025,Available
INV01102,PRD01340,SUP0500,Hyderabad WH,860,52,12-07-2025,available
INV01103,PRD00525,SUP0021,Hyderabad WH,524,162,10-09-2025,available
INV01104,PRD00175,SUP0167,Hyderabad WH,584,44,23-01-2025,available
INV01105,PRD01471,SUP0194,Hyderabad WH,758,126,28-05-2025,Low Stock
INV01106,PRD00997,SUP0340,Bengaluru WH,930,96,22-04-2025,Available
INV01107,PRD01510,SUP0035,Bengaluru WH,710,148,13-09-2025,Out of Stock
INV01108,PRD01571,SUP0129,Bengaluru WH,842,31,17-03-2025,Available
INV01109,PRD00986,SUP0074,Chennai WH,203,197,09-06-2025,available
INV01110,PRD01525,SUP0238,Mumbai WH,222,180,28-04-2025,available
INV01111,PRD00476,SUP0307,Hyderabad WH,211,37,17-05-2025,Low Stock
INV01112,PRD00033,SUP0087,Mumbai WH,768,150,22-06-2025,Available
INV01113,PRD01251,SUP0439,Chennai WH,531,80,02-06-2025,Low Stock
INV01114,PRD01866,SUP0372,Mumbai WH,488,109,06-08-2025,Out of Stock
INV01115,PRD00891,SUP0150,Mumbai WH,488,67,26-05-2025,Available
INV01116,PRD01163,SUP0105,Bengaluru WH,945,169,06-04-2025,available
INV01117,PRD00294,SUP0369,Chennai WH,464,154,01-06-2025,Available
INV01118,PRD01212,SUP0202,Chennai WH,879,191,07-10-2025,Low Stock
INV01119,PRD01320,SUP0347,Hyderabad WH,501,155,25-07-2025,Low Stock
INV01120,PRD00313,SUP0053,Hyderabad WH,718,58,14-02-2025,Available
INV01121,PRD01887,SUP0470,Chennai WH,111,81,13-10-2025,Out of Stock
INV01122,PRD01178,SUP0484,Bengaluru WH,716,144,26-08-2025,Low Stock
INV01123,PRD00435,SUP0224,Bengaluru WH,352,148,20-05-2025,Low Stock
INV01124,PRD00465,SUP0282,Bengaluru WH,963,164,09-04-2025,Low Stock
INV01125,PRD00408,SUP0064,Hyderabad WH,957,179,17-07-2025,Low Stock
INV01126,PRD00583,SUP0126,Mumbai WH,896,52,25-09-2025,Out of Stock
INV01127,PRD01094,SUP0023,Chennai WH,826,54,02-07-2025,available
INV01128,PRD01968,SUP0237,Delhi WH,19,98,18-05-2025,available
INV01129,PRD00302,SUP0008,Hyderabad WH,584,41,20-11-2025,Low Stock
INV01130,PRD01010,SUP0313,Delhi WH,575,136,27-05-2025,Out of Stock
INV01131,PRD01964,SUP0046,Mumbai WH,562,185,24-12-2025,Low Stock
INV01132,PRD00821,SUP0042,Mumbai WH,813,73,01-09-2025,Low Stock
INV01133,PRD00499,SUP0034,Bengaluru WH,890,82,19-07-2025,Available
INV01134,PRD00435,SUP0492,Chennai WH,980,62,06-07-2025,Out of Stock
INV01135,PRD01425,SUP0478,Chennai WH,107,128,02-10-2025,Out of Stock
INV01136,PRD00842,SUP0474,Delhi WH,377,180,22-12-2025,Available
INV01137,PRD01366,SUP0121,Chennai WH,399,193,10-06-2025,Low Stock
INV01138,PRD00491,SUP0326,Chennai WH,190,175,28-12-2025,Low Stock
INV01139,PRD00799,SUP0233,Mumbai WH,580,85,02-06-2025,Available
INV01140,PRD00652,SUP0358,Chennai WH,703,178,14-07-2025,available
INV01141,PRD00079,SUP0356,Chennai WH,869,137,12-12-2025,Available
INV01142,PRD01725,SUP0147,Delhi WH,993,171,05-05-2025,Out of Stock
INV01143,PRD00254,SUP0360,Bengaluru WH,47,40,15-09-2025,available
INV01144,PRD00236,SUP0339,Chennai WH,833,144,21-11-2025,available
INV01145,PRD00815,SUP0207,Hyderabad WH,0,107,15-10-2025,Out of Stock
INV01146,PRD01013,SUP0282,Mumbai WH,984,184,13-09-2025,available
INV01147,PRD01270,SUP0305,Delhi WH,680,20,06-06-2025,Available
INV01148,PRD01730,SUP0032,Mumbai WH,905,54,23-03-2025,Available
INV01149,PRD00955,SUP0099,Chennai WH,786,194,08-11-2025,Out of Stock
INV01150,PRD01456,SUP0301,Bengaluru WH,235,134,26-03-2025,Available
INV01151,PRD01698,SUP0086,Mumbai WH,643,157,18-06-2025,available
INV01152,PRD00448,SUP0157,Mumbai WH,460,94,02-03-2025,available
INV01153,PRD00925,SUP0246,Delhi WH,895,30,21-07-2025,Out of Stock
INV01154,PRD00461,SUP0408,Chennai WH,800,190,25-12-2025,Low Stock
INV01155,PRD01294,SUP0329,Hyderabad WH,553,199,05-08-2025,available
INV01156,PRD00937,SUP0336,Bengaluru WH,824,108,20-11-2025,Available
INV01157,PRD00045,SUP0091,Chennai WH,201,129,18-06-2025,available
INV01158,PRD01513,SUP0380,Delhi WH,371,80,26-06-2025,Available
INV01159,PRD00303,SUP0133,Hyderabad WH,526,86,14-01-2025,available
INV01160,PRD00271,SUP0382,Mumbai WH,638,50,23-01-2025,Available
INV01161,PRD00398,SUP0394,Bengaluru WH,426,155,07-03-2025,Available
INV01162,PRD00651,SUP0341,Mumbai WH,159,99,18-07-2025,available
INV01163,PRD01965,SUP0008,Delhi WH,736,120,17-02-2025,Available
INV01164,PRD00755,SUP0432,Delhi WH,348,34,15-07-2025,Low Stock
INV01165,PRD00888,SUP0267,Mumbai WH,519,113,15-09-2025,Low Stock
INV01166,PRD00032,SUP0365,Bengaluru WH,317,48,27-03-2025,Low Stock
INV01167,PRD00483,SUP0403,Delhi WH,859,39,04-10-2025,available
INV01168,PRD00661,SUP0431,Delhi WH,152,151,14-02-2025,available
INV01169,PRD00827,SUP0114,Bengaluru WH,117,115,08-01-2025,Low Stock
INV01170,PRD00170,SUP0041,Bengaluru WH,23,86,14-09-2025,Low Stock
INV01171,PRD01111,SUP0387,Bengaluru WH,802,68,19-04-2025,Available
INV01172,PRD01555,SUP0301,Mumbai WH,559,116,20-07-2025,Out of Stock
INV01173,PRD01526,SUP0384,Hyderabad WH,986,178,15-11-2025,Available
INV01174,PRD01804,SUP0344,Mumbai WH,742,105,26-09-2025,Out of Stock
INV01175,PRD01014,SUP0087,Bengaluru WH,807,23,25-06-2025,Out of Stock
INV01176,PRD01736,SUP0168,Delhi WH,221,191,20-05-2025,Out of Stock
INV01177,PRD00266,SUP0228,Hyderabad WH,112,114,19-03-2025,available
INV01178,PRD00640,SUP0337,Chennai WH,761,192,10-04-2025,available
INV01179,PRD00686,SUP0205,Hyderabad WH,859,160,25-06-2025,available
INV01180,PRD01854,SUP0355,Bengaluru WH,982,82,19-04-2025,Out of Stock
INV01181,PRD00115,SUP0005,Hyderabad WH,382,37,18-09-2025,Low Stock
INV01182,PRD01985,SUP0097,Delhi WH,522,173,10-05-2025,Available
INV01183,PRD00813,SUP0038,Mumbai WH,29,181,02-10-2025,Available
INV01184,PRD01029,SUP0467,Hyderabad WH,998,161,14-02-2025,Low Stock
INV01185,PRD01294,SUP0396,Delhi WH,622,122,26-07-2025,Out of Stock
INV01186,PRD01579,SUP0433,Mumbai WH,69,107,08-03-2025,available
INV01187,PRD00088,SUP0071,Mumbai WH,449,118,07-12-2025,Out of Stock
INV01188,PRD01612,SUP0231,Bengaluru WH,644,117,27-11-2025,Available
INV01189,PRD01026,SUP0451,Delhi WH,943,121,21-05-2025,Out of Stock
INV01190,PRD00900,SUP0221,Delhi WH,405,175,17-03-2025,Available
INV01191,PRD01744,SUP0483,Bengaluru WH,661,22,04-09-2025,available
INV01192,PRD00094,SUP0225,Bengaluru WH,517,164,08-03-2025,Available
INV01193,PRD00462,SUP0132,Chennai WH,201,132,28-12-2025,available
INV01194,PRD01071,SUP0146,Mumbai WH,463,177,11-11-2025,Out of Stock
INV01195,PRD00495,SUP0022,Hyderabad WH,820,76,02-05-2025,available
INV01196,PRD00435,SUP0475,Mumbai WH,820,89,24-12-2025,available
INV01197,PRD01465,SUP0250,Chennai WH,127,77,01-03-2025,available
INV01198,PRD00086,SUP0327,Chennai WH,664,176,06-10-2025,Available
INV01199,PRD01125,SUP0001,Bengaluru WH,665,180,13-08-2025,available
INV01200,PRD01587,SUP0298,Delhi WH,155,179,08-05-2025,Low Stock
INV01201,PRD00545,SUP0142,Chennai WH,227,67,07-10-2025,available
INV01202,PRD01389,SUP0029,Bengaluru WH,60,48,27-03-2025,available
INV01203,PRD00607,SUP0302,Chennai WH,856,196,18-04-2025,Available
INV01204,PRD01207,SUP0011,Mumbai WH,217,144,27-03-2025,available
INV01205,PRD00512,SUP0299,Hyderabad WH,74,86,25-01-2025,Low Stock
INV01206,PRD01182,SUP0247,Hyderabad WH,828,129,17-06-2025,available
INV01207,PRD00973,SUP0291,Hyderabad WH,678,59,08-12-2025,available
INV01208,PRD00172,SUP0172,Mumbai WH,469,175,13-10-2025,available
INV01209,PRD00313,SUP0246,Bengaluru WH,600,86,20-03-2025,Available
INV01210,PRD01041,SUP0002,Bengaluru WH,198,54,09-11-2025,Available
INV01211,PRD01819,SUP0287,Mumbai WH,779,81,26-05-2025,Out of Stock
INV01212,PRD00706,SUP0435,Delhi WH,755,189,22-04-2025,Available
INV01213,PRD01989,SUP0452,Chennai WH,461,97,23-02-2025,Low Stock
INV01214,PRD01674,SUP0213,Chennai WH,613,123,10-02-2025,Low Stock
INV01215,PRD00405,SUP0313,Mumbai WH,743,134,13-05-2025,available
INV01216,PRD01900,SUP0393,Chennai WH,172,142,15-06-2025,Low Stock
INV01217,PRD00423,SUP0336,Mumbai WH,526,103,18-02-2025,available
INV01218,PRD00488,SUP0096,Chennai WH,316,95,01-01-2025,available
INV01219,PRD00632,SUP0295,Delhi WH,594,25,20-03-2025,Low Stock
INV01220,PRD00473,SUP0110,Mumbai WH,67,170,09-03-2025,available
INV01221,PRD00971,SUP0208,Bengaluru WH,279,40,04-08-2025,available
INV01222,PRD01034,SUP0053,Mumbai WH,730,163,04-12-2025,Out of Stock
INV01223,PRD00991,SUP0466,Hyderabad WH,754,124,21-12-2025,Out of Stock
INV01224,PRD00348,SUP0172,Hyderabad WH,271,110,02-10-2025,available
INV01225,PRD00087,SUP0405,Delhi WH,557,163,13-02-2025,Low Stock
INV01226,PRD00693,SUP0259,Chennai WH,714,200,06-09-2025,available
INV01227,PRD00233,SUP0415,Bengaluru WH,716,116,07-01-2025,Out of Stock
INV01228,PRD01958,SUP0480,Delhi WH,15,110,20-10-2025,Low Stock
INV01229,PRD00782,SUP0395,Bengaluru WH,222,26,17-10-2025,Low Stock
INV01230,PRD01798,SUP0402,Hyderabad WH,849,81,08-02-2025,Available
INV01231,PRD00366,SUP0192,Chennai WH,477,24,15-12-2025,Low Stock
INV01232,PRD00006,SUP0420,Chennai WH,306,170,28-01-2025,Low Stock
INV01233,PRD00578,SUP0401,Hyderabad WH,572,171,16-01-2025,available
INV01234,PRD00093,SUP0333,Chennai WH,946,58,09-07-2025,Low Stock
INV01235,PRD01706,SUP0406,Mumbai WH,681,189,07-07-2025,Out of Stock
INV01236,PRD00741,SUP0480,Bengaluru WH,193,111,19-04-2025,Out of Stock
INV01237,PRD01697,SUP0320,Mumbai WH,420,91,25-04-2025,Available
INV01238,PRD00392,SUP0163,Chennai WH,43,157,22-01-2025,Low Stock
INV01239,PRD00616,SUP0069,Chennai WH,285,34,01-05-2025,Available
INV01240,PRD01885,SUP0151,Hyderabad WH,563,173,27-12-2025,Available
INV01241,PRD01038,SUP0328,Chennai WH,88,149,03-08-2025,available
INV01242,PRD00839,SUP0024,Hyderabad WH,251,133,12-09-2025,available
INV01243,PRD01555,SUP0400,Chennai WH,707,120,18-03-2025,Low Stock
INV01244,PRD00386,SUP0177,Hyderabad WH,98,141,25-06-2025,Low Stock
INV01245,PRD01905,SUP0060,Delhi WH,352,142,17-05-2025,available
INV01246,PRD00680,SUP0463,Mumbai WH,898,167,09-09-2025,Low Stock
INV01247,PRD00398,SUP0199,Mumbai WH,626,121,15-04-2025,Out of Stock
INV01248,PRD01289,SUP0040,Hyderabad WH,657,80,12-01-2025,Out of Stock
INV01249,PRD01685,SUP0446,Chennai WH,758,57,27-01-2025,Low Stock
INV01250,PRD01425,SUP0268,Delhi WH,571,88,21-10-2025,available
INV01251,PRD00518,SUP0364,Bengaluru WH,286,113,01-10-2025,available
INV01252,PRD00455,SUP0212,Delhi WH,432,98,12-12-2025,Low Stock
INV01253,PRD01749,SUP0021,Hyderabad WH,333,67,11-03-2025,Out of Stock
INV01254,PRD01763,SUP0059,Bengaluru WH,956,126,14-12-2025,Out of Stock
INV01255,PRD01207,SUP0478,Mumbai WH,404,150,26-02-2025,Available
INV01256,PRD01642,SUP0207,Bengaluru WH,566,134,07-10-2025,Out of Stock
INV01257,PRD00194,SUP0389,Bengaluru WH,358,31,18-06-2025,Out of Stock
INV01258,PRD01688,SUP0101,Mumbai WH,858,26,21-03-2025,available
INV01259,PRD01877,SUP0094,Delhi WH,599,150,23-04-2025,available
INV01260,PRD01365,SUP0346,Chennai WH,241,79,13-07-2025,Low Stock
INV01261,PRD00579,SUP0257,Hyderabad WH,322,106,18-06-2025,Low Stock
INV01262,PRD01539,SUP0060,Chennai WH,529,137,06-08-2025,Low Stock
INV01263,PRD00631,SUP0239,Bengaluru WH,952,59,20-09-2025,Low Stock
INV01264,PRD00831,SUP0187,Bengaluru WH,130,148,11-07-2025,Out of Stock
INV01265,PRD00661,SUP0023,Bengaluru WH,554,64,27-06-2025,Out of Stock
INV01266,PRD00494,SUP0068,Bengaluru WH,352,100,23-11-2025,Low Stock
INV01267,PRD01347,SUP0234,Delhi WH,739,42,01-07-2025,Available
INV01268,PRD00169,SUP0446,Bengaluru WH,377,174,05-09-2025,Available
INV01269,PRD01982,SUP0071,Hyderabad WH,937,49,18-03-2025,available
INV01270,PRD01024,SUP0206,Bengaluru WH,696,156,23-12-2025,Available
INV01271,PRD00070,SUP0480,Hyderabad WH,714,130,15-08-2025,available
INV01272,PRD00275,SUP0447,Hyderabad WH,159,180,12-12-2025,Low Stock
INV01273,PRD00928,SUP0082,Delhi WH,686,96,22-01-2025,available
INV01274,PRD01816,SUP0484,Hyderabad WH,249,123,26-12-2025,Out of Stock
INV01275,PRD01148,SUP0371,Chennai WH,628,112,03-03-2025,Available
INV01276,PRD00574,SUP0330,Chennai WH,806,116,01-10-2025,Low Stock
INV01277,PRD01087,SUP0160,Bengaluru WH,657,141,12-06-2025,Out of Stock
INV01278,PRD01269,SUP0288,Mumbai WH,649,174,02-12-2025,available
INV01279,PRD01100,SUP0019,Bengaluru WH,838,177,20-03-2025,Available
INV01280,PRD01394,SUP0155,Delhi WH,416,161,02-03-2025,Low Stock
INV01281,PRD00431,SUP0414,Chennai WH,668,134,16-09-2025,Out of Stock
INV01282,PRD01622,SUP0131,Chennai WH,308,126,18-07-2025,Available
INV01283,PRD01747,SUP0253,Hyderabad WH,302,154,19-06-2025,Available
INV01284,PRD00072,SUP0111,Chennai WH,942,110,06-02-2025,available
INV01285,PRD00689,SUP0265,Delhi WH,126,66,20-10-2025,Available
INV01286,PRD00176,SUP0040,Delhi WH,890,82,19-12-2025,Low Stock
INV01287,PRD00515,SUP0406,Chennai WH,799,126,25-07-2025,Out of Stock
INV01288,PRD00695,SUP0357,Mumbai WH,401,40,25-07-2025,available
INV01289,PRD00445,SUP0153,Bengaluru WH,543,182,12-01-2025,Available
INV01290,PRD00974,SUP0197,Bengaluru WH,29,151,16-05-2025,Out of Stock
INV01291,PRD01937,SUP0088,Chennai WH,255,186,28-06-2025,Available
INV01292,PRD01009,SUP0451,Delhi WH,214,156,03-01-2025,available
INV01293,PRD00470,SUP0120,Bengaluru WH,323,85,25-11-2025,Available
INV01294,PRD01205,SUP0033,Bengaluru WH,784,142,21-07-2025,available
INV01295,PRD01497,SUP0398,Chennai WH,783,101,10-10-2025,Available
INV01296,PRD01621,SUP0102,Hyderabad WH,622,151,01-04-2025,Low Stock
INV01297,PRD01870,SUP0245,Bengaluru WH,866,198,03-04-2025,Out of Stock
INV01298,PRD01771,SUP0116,Hyderabad WH,735,140,05-03-2025,Out of Stock
INV01299,PRD00184,SUP0181,Chennai WH,606,68,20-02-2025,available
INV01300,PRD01807,SUP0229,Hyderabad WH,764,196,12-05-2025,Out of Stock
INV01301,PRD01969,SUP0277,Delhi WH,975,172,19-06-2025,Out of Stock
INV01302,PRD00600,SUP0044,Delhi WH,195,50,25-02-2025,Available
INV01303,PRD00755,SUP0088,Hyderabad WH,897,38,15-07-2025,Low Stock
INV01304,PRD01097,SUP0461,Chennai WH,466,186,18-08-2025,Out of Stock
INV01305,PRD01593,SUP0330,Hyderabad WH,588,38,08-12-2025,available
INV01306,PRD00425,SUP0165,Delhi WH,945,108,17-02-2025,Out of Stock
INV01307,PRD01557,SUP0054,Bengaluru WH,147,20,21-09-2025,Available
INV01308,PRD01969,SUP0224,Bengaluru WH,284,96,28-08-2025,Out of Stock
INV01309,PRD00242,SUP0312,Delhi WH,982,67,13-10-2025,available
INV01310,PRD01905,SUP0400,Chennai WH,678,190,07-12-2025,available
INV01311,PRD00898,SUP0130,Delhi WH,290,71,04-03-2025,Low Stock
INV01312,PRD01924,SUP0495,Hyderabad WH,128,166,23-05-2025,Out of Stock
INV01313,PRD01715,SUP0254,Mumbai WH,496,166,21-09-2025,Available
INV01314,PRD00252,SUP0175,Chennai WH,962,183,27-10-2025,Available
INV01315,PRD01832,SUP0111,Delhi WH,463,193,05-06-2025,Low Stock
INV01316,PRD00461,SUP0192,Delhi WH,684,103,23-07-2025,Low Stock
INV01317,PRD01170,SUP0032,Delhi WH,730,164,01-08-2025,Out of Stock
INV01318,PRD00850,SUP0215,Bengaluru WH,189,104,21-11-2025,Available
INV01319,PRD01897,SUP0358,Bengaluru WH,97,174,09-05-2025,Out of Stock
INV01320,PRD01323,SUP0407,Delhi WH,986,68,25-05-2025,Available
INV01321,PRD00959,SUP0030,Delhi WH,401,112,11-02-2025,Available
INV01322,PRD00570,SUP0157,Chennai WH,165,119,02-07-2025,Available
INV01323,PRD00543,SUP0498,Mumbai WH,447,81,20-02-2025,Out of Stock
INV01324,PRD00227,SUP0312,Mumbai WH,307,185,16-08-2025,Low Stock
INV01325,PRD00030,SUP0007,Mumbai WH,143,74,26-12-2025,available
INV01326,PRD01924,SUP0035,Bengaluru WH,79,20,16-05-2025,Available
INV01327,PRD01777,SUP0118,Bengaluru WH,547,151,01-03-2025,available
INV01328,PRD00888,SUP0094,Chennai WH,687,73,05-04-2025,available
INV01329,PRD00754,SUP0301,Bengaluru WH,208,81,02-07-2025,available
INV01330,PRD01395,SUP0474,Hyderabad WH,894,132,12-06-2025,available
INV01331,PRD01243,SUP0102,Delhi WH,255,126,10-08-2025,available
INV01332,PRD01181,SUP0212,Hyderabad WH,546,190,25-09-2025,Low Stock
INV01333,PRD01462,SUP0331,Bengaluru WH,616,141,16-12-2025,available
INV01334,PRD00256,SUP0270,Hyderabad WH,144,198,04-01-2025,Low Stock
INV01335,PRD01171,SUP0147,Mumbai WH,686,39,04-01-2025,Available
INV01336,PRD00782,SUP0262,Bengaluru WH,267,41,05-05-2025,Available
INV01337,PRD00619,SUP0394,Hyderabad WH,243,99,06-05-2025,Available
INV01338,PRD00355,SUP0418,Delhi WH,301,190,11-06-2025,available
INV01339,PRD01329,SUP0068,Hyderabad WH,2,55,01-09-2025,Out of Stock
INV01340,PRD00744,SUP0049,Delhi WH,319,163,02-05-2025,Out of Stock
INV01341,PRD01612,SUP0131,Mumbai WH,732,142,08-09-2025,Low Stock
INV01342,PRD01559,SUP0351,Hyderabad WH,587,122,05-02-2025,Out of Stock
INV01343,PRD01693,SUP0034,Chennai WH,658,36,20-07-2025,Out of Stock
INV01344,PRD01653,SUP0487,Mumbai WH,270,167,24-03-2025,Out of Stock
INV01345,PRD00151,SUP0064,Delhi WH,419,105,21-12-2025,available
INV01346,PRD00122,SUP0086,Hyderabad WH,762,200,01-04-2025,Out of Stock
INV01347,PRD01203,SUP0236,Chennai WH,82,130,27-03-2025,Available
INV01348,PRD01463,SUP0489,Bengaluru WH,446,42,22-06-2025,available
INV01349,PRD01486,SUP0305,Delhi WH,907,73,05-08-2025,available
INV01350,PRD00600,SUP0009,Chennai WH,457,172,07-09-2025,Available
INV01351,PRD00169,SUP0193,Bengaluru WH,112,91,16-04-2025,available
INV01352,PRD00087,SUP0056,Bengaluru WH,715,53,07-06-2025,Available
INV01353,PRD01856,SUP0285,Hyderabad WH,478,34,01-05-2025,available
INV01354,PRD01416,SUP0483,Delhi WH,619,63,11-11-2025,Out of Stock
INV01355,PRD01749,SUP0133,Mumbai WH,645,41,06-10-2025,Out of Stock
INV01356,PRD00794,SUP0412,Mumbai WH,238,112,15-05-2025,Out of Stock
INV01357,PRD00661,SUP0163,Delhi WH,358,61,03-09-2025,Out of Stock
INV01358,PRD01338,SUP0245,Hyderabad WH,169,24,07-04-2025,Low Stock
INV01359,PRD01273,SUP0103,Delhi WH,447,62,25-05-2025,Out of Stock
INV01360,PRD00555,SUP0117,Mumbai WH,963,68,28-07-2025,available
INV01361,PRD01416,SUP0029,Delhi WH,225,95,13-03-2025,Out of Stock
INV01362,PRD01292,SUP0301,Mumbai WH,294,156,13-04-2025,available
INV01363,PRD00065,SUP0003,Chennai WH,392,48,26-02-2025,Out of Stock
INV01364,PRD00424,SUP0434,Bengaluru WH,949,105,01-07-2025,Low Stock
INV01365,PRD00069,SUP0294,Mumbai WH,73,186,08-11-2025,available
INV01366,PRD00697,SUP0345,Bengaluru WH,723,127,10-12-2025,Available
INV01367,PRD00320,SUP0082,Hyderabad WH,922,176,14-04-2025,Out of Stock
INV01368,PRD00259,SUP0400,Bengaluru WH,455,158,21-02-2025,Out of Stock
INV01369,PRD01824,SUP0016,Bengaluru WH,727,24,05-03-2025,available
INV01370,PRD00018,SUP0387,Chennai WH,390,101,23-05-2025,available
INV01371,PRD00417,SUP0436,Delhi WH,340,103,25-04-2025,available
INV01372,PRD01267,SUP0150,Delhi WH,939,147,06-04-2025,Low Stock
INV01373,PRD01453,SUP0246,Hyderabad WH,334,111,09-03-2025,available
INV01374,PRD00088,SUP0270,Bengaluru WH,601,177,01-03-2025,Available
INV01375,PRD01683,SUP0024,Delhi WH,296,36,22-02-2025,Out of Stock
INV01376,PRD01257,SUP0379,Mumbai WH,894,48,28-07-2025,Low Stock
INV01377,PRD00651,SUP0146,Chennai WH,319,157,04-02-2025,available
INV01378,PRD01363,SUP0159,Mumbai WH,55,200,22-06-2025,available
INV01379,PRD00879,SUP0173,Chennai WH,301,160,19-11-2025,Available
INV01380,PRD00240,SUP0371,Bengaluru WH,979,165,04-07-2025,Low Stock
INV01381,PRD00185,SUP0439,Delhi WH,655,46,06-09-2025,Available
INV01382,PRD00465,SUP0116,Delhi WH,970,162,03-10-2025,Out of Stock
INV01383,PRD00113,SUP0009,Hyderabad WH,921,149,13-08-2025,Low Stock
INV01384,PRD01540,SUP0113,Chennai WH,645,71,10-04-2025,Low Stock
INV01385,PRD00630,SUP0219,Chennai WH,368,72,18-04-2025,Low Stock
INV01386,PRD01833,SUP0043,Delhi WH,788,110,17-05-2025,Out of Stock
INV01387,PRD01416,SUP0383,Bengaluru WH,260,195,09-08-2025,Low Stock
INV01388,PRD00482,SUP0239,Chennai WH,90,165,18-09-2025,Out of Stock
INV01389,PRD01832,SUP0462,Delhi WH,184,161,21-05-2025,Low Stock
INV01390,PRD01851,SUP0147,Bengaluru WH,574,132,27-12-2025,Low Stock
INV01391,PRD00267,SUP0469,Delhi WH,34,158,22-08-2025,available
INV01392,PRD00210,SUP0202,Mumbai WH,396,74,13-10-2025,Low Stock
INV01393,PRD01728,SUP0213,Hyderabad WH,733,67,22-05-2025,Out of Stock
INV01394,PRD01280,SUP0393,Delhi WH,494,99,11-10-2025,Low Stock
INV01395,PRD00116,SUP0399,Hyderabad WH,165,77,24-09-2025,available
INV01396,PRD00075,SUP0108,Mumbai WH,184,137,11-01-2025,Available
INV01397,PRD01834,SUP0361,Delhi WH,141,116,23-04-2025,Out of Stock
INV01398,PRD00026,SUP0487,Mumbai WH,963,155,16-02-2025,Low Stock
INV01399,PRD01396,SUP0210,Hyderabad WH,10,115,03-04-2025,Out of Stock
INV01400,PRD00578,SUP0027,Mumbai WH,493,41,15-05-2025,Out of Stock
INV01401,PRD01692,SUP0468,Delhi WH,313,117,26-10-2025,Out of Stock
INV01402,PRD00833,SUP0249,Delhi WH,646,24,01-08-2025,Low Stock
INV01403,PRD00289,SUP0458,Bengaluru WH,600,24,01-12-2025,Available
INV01404,PRD00258,SUP0323,Delhi WH,80,86,18-02-2025,Out of Stock
INV01405,PRD01454,SUP0463,Hyderabad WH,607,117,19-02-2025,Out of Stock
INV01406,PRD01226,SUP0140,Chennai WH,330,130,03-10-2025,Low Stock
INV01407,PRD00080,SUP0384,Mumbai WH,360,187,07-05-2025,Available
INV01408,PRD01531,SUP0365,Chennai WH,268,145,05-03-2025,Out of Stock
INV01409,PRD00973,SUP0430,Bengaluru WH,357,188,26-01-2025,Low Stock
INV01410,PRD01379,SUP0081,Bengaluru WH,677,68,11-04-2025,available
INV01411,PRD00396,SUP0071,Mumbai WH,463,139,27-07-2025,Out of Stock
INV01412,PRD00734,SUP0278,Delhi WH,636,148,15-07-2025,Out of Stock
INV01413,PRD00461,SUP0264,Hyderabad WH,1,22,17-05-2025,Low Stock
INV01414,PRD01713,SUP0211,Bengaluru WH,666,27,22-05-2025,Low Stock
INV01415,PRD01428,SUP0119,Bengaluru WH,742,25,27-04-2025,Out of Stock
INV01416,PRD01296,SUP0451,Delhi WH,742,162,17-04-2025,available
INV01417,PRD01719,SUP0240,Delhi WH,830,120,17-05-2025,available
INV01418,PRD00811,SUP0426,Mumbai WH,139,149,04-07-2025,available
INV01419,PRD01988,SUP0205,Chennai WH,48,96,28-01-2025,available
INV01420,PRD01459,SUP0088,Chennai WH,559,114,05-10-2025,Low Stock
INV01421,PRD00996,SUP0201,Chennai WH,214,60,01-09-2025,Available
INV01422,PRD00731,SUP0001,Hyderabad WH,994,190,16-03-2025,Available
INV01423,PRD00221,SUP0440,Delhi WH,891,166,02-04-2025,Low Stock
INV01424,PRD01563,SUP0035,Hyderabad WH,209,200,08-04-2025,Low Stock
INV01425,PRD00842,SUP0049,Hyderabad WH,626,99,08-12-2025,available
INV01426,PRD00601,SUP0293,Mumbai WH,486,190,05-07-2025,Out of Stock
INV01427,PRD00141,SUP0286,Chennai WH,514,98,20-04-2025,Out of Stock
INV01428,PRD00475,SUP0041,Bengaluru WH,339,151,17-04-2025,Available
INV01429,PRD00208,SUP0406,Delhi WH,421,200,03-01-2025,available
INV01430,PRD01067,SUP0284,Bengaluru WH,192,38,19-05-2025,Available
INV01431,PRD00193,SUP0470,Bengaluru WH,846,133,10-10-2025,available
INV01432,PRD00783,SUP0199,Chennai WH,921,54,20-11-2025,available
INV01433,PRD00979,SUP0319,Mumbai WH,59,77,26-10-2025,Out of Stock
INV01434,PRD00223,SUP0093,Bengaluru WH,959,118,02-04-2025,Out of Stock
INV01435,PRD00723,SUP0374,Chennai WH,562,25,21-01-2025,Low Stock
INV01436,PRD01666,SUP0368,Hyderabad WH,513,124,07-02-2025,Out of Stock
INV01437,PRD01245,SUP0246,Mumbai WH,185,79,21-07-2025,Available
INV01438,PRD00977,SUP0489,Mumbai WH,664,72,02-05-2025,Available
INV01439,PRD01658,SUP0299,Chennai WH,275,149,04-09-2025,available
INV01440,PRD00489,SUP0328,Delhi WH,891,171,28-05-2025,Out of Stock
INV01441,PRD01961,SUP0454,Bengaluru WH,383,172,20-06-2025,Low Stock
INV01442,PRD00826,SUP0213,Chennai WH,527,197,13-10-2025,Available
INV01443,PRD00916,SUP0317,Hyderabad WH,887,94,22-02-2025,Out of Stock
INV01444,PRD00051,SUP0148,Delhi WH,915,156,25-04-2025,Low Stock
INV01445,PRD01477,SUP0461,Delhi WH,705,179,18-02-2025,Out of Stock
INV01446,PRD01553,SUP0334,Hyderabad WH,825,194,17-11-2025,Available
INV01447,PRD00048,SUP0180,Bengaluru WH,826,99,25-11-2025,Out of Stock
INV01448,PRD00504,SUP0037,Hyderabad WH,541,126,13-12-2025,Low Stock
INV01449,PRD01804,SUP0445,Hyderabad WH,923,55,14-03-2025,available
INV01450,PRD00297,SUP0037,Mumbai WH,189,61,21-03-2025,Available
INV01451,PRD01505,SUP0378,Mumbai WH,953,36,11-11-2025,Low Stock
INV01452,PRD01768,SUP0149,Hyderabad WH,964,33,10-09-2025,Available
INV01453,PRD00833,SUP0382,Hyderabad WH,710,54,28-01-2025,Low Stock
INV01454,PRD00207,SUP0433,Delhi WH,578,45,26-01-2025,Low Stock
INV01455,PRD01343,SUP0053,Chennai WH,856,182,24-01-2025,Available
INV01456,PRD00960,SUP0171,Hyderabad WH,266,92,07-10-2025,Available
INV01457,PRD00285,SUP0422,Mumbai WH,171,98,01-12-2025,Available
INV01458,PRD00285,SUP0067,Mumbai WH,370,86,07-04-2025,Out of Stock
INV01459,PRD00544,SUP0411,Delhi WH,440,193,11-08-2025,available
INV01460,PRD00075,SUP0411,Delhi WH,642,152,28-04-2025,Out of Stock
INV01461,PRD01833,SUP0083,Mumbai WH,237,41,11-07-2025,Low Stock
INV01462,PRD01954,SUP0465,Delhi WH,228,22,24-03-2025,Available
INV01463,PRD00790,SUP0045,Bengaluru WH,912,105,10-12-2025,available
INV01464,PRD01892,SUP0291,Chennai WH,961,91,22-08-2025,Out of Stock
INV01465,PRD01762,SUP0297,Hyderabad WH,107,43,05-06-2025,Available
INV01466,PRD01556,SUP0426,Hyderabad WH,0,58,13-11-2025,Available
INV01467,PRD01037,SUP0143,Chennai WH,709,190,04-05-2025,Out of Stock
INV01468,PRD01692,SUP0391,Delhi WH,471,153,24-02-2025,Available
INV01469,PRD00364,SUP0080,Mumbai WH,953,108,13-04-2025,Available
INV01470,PRD00381,SUP0035,Chennai WH,235,110,22-07-2025,Low Stock
INV01471,PRD00171,SUP0034,Mumbai WH,313,59,09-02-2025,available
INV01472,PRD01852,SUP0462,Hyderabad WH,418,30,20-04-2025,Low Stock
INV01473,PRD01467,SUP0480,Hyderabad WH,831,121,12-11-2025,Out of Stock
INV01474,PRD00942,SUP0052,Delhi WH,674,53,23-11-2025,available
INV01475,PRD01040,SUP0441,Chennai WH,405,172,17-10-2025,Low Stock
INV01476,PRD00481,SUP0402,Chennai WH,879,123,07-02-2025,Out of Stock
INV01477,PRD00225,SUP0239,Delhi WH,165,98,20-11-2025,available
INV01478,PRD00060,SUP0477,Mumbai WH,917,80,04-10-2025,available
INV01479,PRD00454,SUP0143,Chennai WH,991,77,27-04-2025,available
INV01480,PRD00402,SUP0469,Delhi WH,910,39,04-05-2025,Out of Stock
INV01481,PRD00616,SUP0308,Delhi WH,843,21,25-08-2025,Low Stock
INV01482,PRD01205,SUP0291,Delhi WH,815,163,28-02-2025,available
INV01483,PRD00845,SUP0333,Delhi WH,245,84,17-03-2025,available
INV01484,PRD01169,SUP0444,Bengaluru WH,995,86,11-04-2025,Low Stock
INV01485,PRD00676,SUP0145,Mumbai WH,569,133,13-09-2025,available
INV01486,PRD01092,SUP0119,Hyderabad WH,574,114,14-01-2025,Out of Stock
INV01487,PRD00284,SUP0254,Mumbai WH,649,28,20-02-2025,Low Stock
INV01488,PRD01471,SUP0400,Mumbai WH,984,26,22-05-2025,Low Stock
INV01489,PRD01927,SUP0480,Hyderabad WH,254,200,25-07-2025,available
INV01490,PRD01623,SUP0412,Delhi WH,927,156,07-04-2025,available
INV01491,PRD00710,SUP0014,Delhi WH,443,93,27-05-2025,available
INV01492,PRD01503,SUP0155,Hyderabad WH,508,51,09-09-2025,Low Stock
INV01493,PRD01253,SUP0056,Delhi WH,853,88,19-12-2025,available
INV01494,PRD01084,SUP0290,Hyderabad WH,53,142,27-06-2025,Out of Stock
INV01495,PRD00082,SUP0196,Hyderabad WH,290,98,04-06-2025,Low Stock
INV01496,PRD00408,SUP0310,Delhi WH,520,72,04-02-2025,Low Stock
INV01497,PRD01327,SUP0294,Mumbai WH,191,68,04-06-2025,available
INV01498,PRD01553,SUP0234,Mumbai WH,907,197,27-11-2025,Out of Stock
INV01499,PRD01579,SUP0358,Chennai WH,824,102,22-12-2025,Out of Stock
INV01500,PRD01714,SUP0281,Bengaluru WH,545,176,17-11-2025,Low Stock
