order_id,project_id,customer_id,order_date,order_status,payment_status,total_amount
ORD00001,PROJ01510,CUS001571,2025-03-14,Shipped,paid,204455
ORD00002,PROJ04426,CUS000961,2025-07-07,Delivered,Partial,44069
ORD00003,PROJ04034,CUS003248,2024-12-10,confirmed,Partial,276001
ORD00004,PROJ03713,CUS001145,2024-04-28,confirmed,Pending,411813
ORD00005,PROJ01874,CUS001613,2024-05-28,Confirmed,Partial,34025
ORD00006,PROJ04173,CUS004149,2024-06-24,Delivered,Pending,463434
ORD00007,PROJ02148,CUS001003,2024-10-03,Delivered,paid,386709
ORD00008,PROJ01441,CUS002398,2024-08-10,Cancelled,Paid,28119
ORD00009,PROJ00497,CUS001408,2024-12-15,confirmed,Paid,406835
ORD00010,PROJ02669,CUS002036,2024-10-10,confirmed,Paid,269205
ORD00011,PROJ00559,CUS002342,2024-11-12,Delivered,Paid,295534
ORD00012,PROJ03245,CUS002859,2024-12-04,Cancelled,Paid,41753
ORD00013,PROJ03500,CUS004861,2025-01-30,Confirmed,Partial,228193
ORD00014,PROJ02108,CUS000830,2025-02-09,Shipped,paid,214198
ORD00015,PROJ03775,CUS004927,2025-03-01,confirmed,paid,17189
ORD00016,PROJ00972,CUS003640,2025-04-08,Shipped,Paid,251732
ORD00017,PROJ01102,CUS003776,2024-07-15,Shipped,Pending,312391
ORD00018,PROJ04507,CUS002797,2024-11-07,Shipped,Partial,51790
ORD00019,PROJ02687,CUS003597,2025-07-13,Confirmed,paid,401718
ORD00020,PROJ00682,CUS000105,2024-11-24,Cancelled,paid,102279
ORD00021,PROJ02048,CUS002868,2025-09-30,Confirmed,Pending,242451
ORD00022,PROJ03681,CUS004220,2025-10-14,confirmed,paid,96079
ORD00023,PROJ02580,CUS003861,2024-07-06,Confirmed,paid,414132
ORD00024,PROJ02752,CUS003645,2025-04-03,confirmed,Paid,371541
ORD00025,PROJ02838,CUS001909,2024-06-02,Cancelled,Paid,98033
ORD00026,PROJ00547,CUS002097,2025-08-01,confirmed,Pending,25170
ORD00027,PROJ03797,CUS003544,2025-11-22,Confirmed,Partial,441025
ORD00028,PROJ00174,CUS003863,2025-02-03,Confirmed,Pending,256164
ORD00029,PROJ00222,CUS002237,2024-05-06,confirmed,paid,176782
ORD00030,PROJ01547,CUS002033,2024-11-01,Shipped,paid,395775
ORD00031,PROJ00349,CUS001243,2024-06-23,Confirmed,Pending,492338
ORD00032,PROJ03793,CUS004695,2024-12-01,confirmed,Paid,371763
ORD00033,PROJ03192,CUS003058,2024-04-27,Cancelled,Partial,361824
ORD00034,PROJ04091,CUS002546,2024-08-15,Cancelled,Pending,332131
ORD00035,PROJ02101,CUS001161,2025-05-26,Shipped,Paid,136871
ORD00036,PROJ03060,CUS002578,2024-02-11,confirmed,Partial,265793
ORD00037,PROJ01230,CUS004604,2024-01-21,Cancelled,Paid,369574
ORD00038,PROJ03912,CUS000558,2025-03-07,Delivered,Partial,120513
ORD00039,PROJ01449,CUS000938,2025-08-27,Delivered,Pending,23666
ORD00040,PROJ04041,CUS003488,2025-07-08,Delivered,Pending,397601
ORD00041,PROJ02232,CUS004245,2024-12-23,Confirmed,Paid,203242
ORD00042,PROJ02636,CUS003616,2024-11-11,Confirmed,Partial,144271
ORD00043,PROJ03129,CUS003284,2024-03-12,Delivered,Pending,132320
ORD00044,PROJ02783,CUS000576,2024-08-28,Shipped,Partial,150872
ORD00045,PROJ04050,CUS004086,2025-02-05,confirmed,Paid,130679
ORD00046,PROJ02220,CUS003351,2024-05-29,Confirmed,Paid,230298
ORD00047,PROJ04004,CUS001551,2024-09-22,confirmed,Partial,319491
ORD00048,PROJ03922,CUS003468,2025-10-19,Shipped,Pending,362092
ORD00049,PROJ02483,CUS003537,2024-12-05,Shipped,Paid,25828
ORD00050,PROJ04555,CUS002862,2025-07-19,Confirmed,Paid,122827
ORD00051,PROJ03869,CUS001017,2024-12-22,Confirmed,paid,412654
ORD00052,PROJ04473,CUS003179,2024-11-26,Delivered,Pending,207193
ORD00053,PROJ03527,CUS000069,2024-07-09,Delivered,Paid,120188
ORD00054,PROJ01672,CUS000425,2025-01-09,Cancelled,paid,276866
ORD00055,PROJ01589,CUS000408,2024-07-20,Confirmed,Partial,491625
ORD00056,PROJ01616,CUS001685,2025-09-16,Cancelled,Partial,472473
ORD00057,PROJ01164,CUS001243,2024-09-22,Cancelled,paid,21638
ORD00058,PROJ02701,CUS001166,2025-09-03,Cancelled,Pending,239073
ORD00059,PROJ01964,CUS001795,2025-02-15,Delivered,paid,126517
ORD00060,PROJ00057,CUS004820,2024-11-03,Cancelled,paid,129244
ORD00061,PROJ01043,CUS000983,2024-04-30,Confirmed,Partial,384983
ORD00062,PROJ02053,CUS004502,2025-06-16,Shipped,Paid,49379
ORD00063,PROJ04026,CUS002584,2024-07-30,Cancelled,Partial,397745
ORD00064,PROJ01562,CUS001010,2024-10-26,Cancelled,paid,298926
ORD00065,PROJ01023,CUS002017,2024-03-05,Cancelled,Paid,252223
ORD00066,PROJ00786,CUS000773,2024-08-22,Shipped,Partial,162043
ORD00067,PROJ00163,CUS004326,2025-05-02,Shipped,Pending,322912
ORD00068,PROJ04047,CUS000825,2024-04-07,Cancelled,Pending,116539
ORD00069,PROJ02232,CUS000296,2025-09-03,Shipped,Paid,458617
ORD00070,PROJ01205,CUS003099,2025-04-26,Confirmed,Partial,51296
ORD00071,PROJ04646,CUS004902,2024-04-25,Shipped,Partial,486106
ORD00072,PROJ02361,CUS003113,2025-01-31,Cancelled,Pending,44661
ORD00073,PROJ03703,CUS002860,2025-03-05,Shipped,Partial,347319
ORD00074,PROJ03233,CUS004725,2025-01-06,confirmed,Pending,368902
ORD00075,PROJ02748,CUS001814,2025-04-17,confirmed,Pending,228788
ORD00076,PROJ01585,CUS002340,2024-11-11,Confirmed,Partial,262018
ORD00077,PROJ04749,CUS004043,2024-12-10,Delivered,Pending,437763
ORD00078,PROJ00634,CUS001746,2024-05-07,confirmed,Partial,336681
ORD00079,PROJ03688,CUS003261,2024-03-01,Delivered,Paid,198636
ORD00080,PROJ00677,CUS003723,2025-01-31,Shipped,Partial,73695
ORD00081,PROJ00625,CUS001007,2025-02-06,confirmed,Paid,214659
ORD00082,PROJ02666,CUS000371,2025-06-15,Confirmed,paid,397371
ORD00083,PROJ03723,CUS002064,2024-10-06,Delivered,Partial,292558
ORD00084,PROJ02189,CUS001698,2025-08-03,confirmed,Pending,386589
ORD00085,PROJ02839,CUS001025,2024-10-12,Shipped,Paid,334035
ORD00086,PROJ02333,CUS004610,2024-12-09,Confirmed,Paid,379396
ORD00087,PROJ01116,CUS003863,2025-05-26,Confirmed,Paid,110502
ORD00088,PROJ01813,CUS003332,2024-09-22,Shipped,Partial,90967
ORD00089,PROJ01094,CUS002886,2025-07-24,confirmed,paid,37247
ORD00090,PROJ01968,CUS002153,2024-11-20,Shipped,Partial,495022
ORD00091,PROJ02887,CUS000265,2024-11-21,Delivered,paid,11811
ORD00092,PROJ04483,CUS003112,2024-05-25,Delivered,paid,383632
ORD00093,PROJ03634,CUS003582,2024-10-17,Confirmed,Paid,319129
ORD00094,PROJ02025,CUS000112,2024-09-29,Confirmed,Paid,248182
ORD00095,PROJ01960,CUS001281,2024-12-03,confirmed,Pending,421401
ORD00096,PROJ03296,CUS003872,2024-11-08,confirmed,Paid,135301
ORD00097,PROJ01471,CUS003966,2024-09-11,confirmed,Paid,225840
ORD00098,PROJ03253,CUS001591,2024-02-11,confirmed,Paid,482069
ORD00099,PROJ04438,CUS000462,2025-04-07,Confirmed,Pending,429288
ORD00100,PROJ01122,CUS004928,2025-05-21,Delivered,Pending,443523
ORD00101,PROJ03852,CUS000107,2025-04-08,Delivered,paid,458716
ORD00102,PROJ04201,CUS003380,2024-07-18,Shipped,Paid,343817
ORD00103,PROJ00052,CUS001596,2024-12-06,Shipped,Pending,362372
ORD00104,PROJ00445,CUS003804,2025-03-01,Confirmed,Pending,20085
ORD00105,PROJ01210,CUS003685,2024-04-30,Cancelled,Partial,31322
ORD00106,PROJ01813,CUS001241,2025-01-24,confirmed,Partial,75734
ORD00107,PROJ01189,CUS002681,2024-10-25,Delivered,Partial,149695
ORD00108,PROJ04107,CUS004565,2024-03-09,Cancelled,paid,316630
ORD00109,PROJ01346,CUS004011,2025-06-02,Cancelled,paid,31579
ORD00110,PROJ01295,CUS001915,2025-02-09,confirmed,paid,274982
ORD00111,PROJ00708,CUS001561,2025-03-18,Shipped,paid,86493
ORD00112,PROJ03667,CUS000773,2025-01-01,Confirmed,Pending,41131
ORD00113,PROJ02199,CUS004901,2025-03-04,Shipped,Partial,32913
ORD00114,PROJ04159,CUS002440,2025-03-06,Delivered,Partial,104375
ORD00115,PROJ02815,CUS002581,2024-06-25,confirmed,Pending,218475
ORD00116,PROJ04463,CUS003050,2024-04-10,Confirmed,Partial,280802
ORD00117,PROJ03878,CUS002293,2024-08-31,confirmed,paid,364544
ORD00118,PROJ04645,CUS000155,2025-02-07,confirmed,Paid,449456
ORD00119,PROJ03788,CUS000020,2024-11-30,Confirmed,Pending,46671
ORD00120,PROJ01512,CUS004058,2024-12-14,confirmed,paid,185587
ORD00121,PROJ03643,CUS002993,2024-08-27,Cancelled,Partial,192638
ORD00122,PROJ00449,CUS004730,2025-08-06,Confirmed,Partial,432911
ORD00123,PROJ02996,CUS004549,2025-01-10,Cancelled,paid,338157
ORD00124,PROJ04333,CUS004610,2025-07-12,Cancelled,paid,429540
ORD00125,PROJ04503,CUS003550,2025-06-26,Shipped,paid,456021
ORD00126,PROJ03092,CUS000389,2024-04-05,Confirmed,paid,325619
ORD00127,PROJ02195,CUS001072,2024-11-19,Delivered,Partial,408005
ORD00128,PROJ01646,CUS002267,2025-02-20,Delivered,Pending,263847
ORD00129,PROJ01310,CUS003168,2024-05-20,Shipped,Partial,478312
ORD00130,PROJ02632,CUS000790,2024-09-07,Confirmed,Partial,22552
ORD00131,PROJ03631,CUS002430,2024-11-04,Delivered,paid,476834
ORD00132,PROJ00938,CUS001753,2024-11-18,confirmed,paid,160574
ORD00133,PROJ03444,CUS002095,2024-03-12,Shipped,Paid,169995
ORD00134,PROJ02014,CUS000193,2024-11-28,confirmed,Pending,147434
ORD00135,PROJ04358,CUS003540,2025-03-18,Cancelled,Partial,186233
ORD00136,PROJ03889,CUS000920,2024-05-03,Cancelled,Partial,165635
ORD00137,PROJ03336,CUS002951,2025-03-12,Shipped,Pending,5105
ORD00138,PROJ02690,CUS004666,2024-07-23,Delivered,Pending,339355
ORD00139,PROJ02892,CUS003863,2024-12-15,confirmed,Pending,414563
ORD00140,PROJ03752,CUS000341,2025-04-28,Confirmed,Paid,420146
ORD00141,PROJ02170,CUS004541,2024-12-12,confirmed,Pending,370859
ORD00142,PROJ02936,CUS001869,2025-05-31,confirmed,Paid,269448
ORD00143,PROJ04256,CUS002165,2025-04-07,Delivered,Paid,68221
ORD00144,PROJ04275,CUS004003,2025-02-04,Cancelled,Pending,62296
ORD00145,PROJ04219,CUS002450,2024-07-09,Shipped,Paid,356968
ORD00146,PROJ00210,CUS004504,2024-01-25,Cancelled,Paid,404317
ORD00147,PROJ03495,CUS002121,2025-01-24,confirmed,Paid,428414
ORD00148,PROJ02216,CUS000069,2025-02-04,Confirmed,paid,159392
ORD00149,PROJ01896,CUS001130,2024-12-02,confirmed,Partial,273178
ORD00150,PROJ00611,CUS003894,2024-08-06,Cancelled,Pending,60858
ORD00151,PROJ02169,CUS000632,2024-05-06,Delivered,Pending,354870
ORD00152,PROJ01668,CUS002914,2025-02-06,Shipped,Partial,268683
ORD00153,PROJ04992,CUS001372,2024-10-27,confirmed,Pending,112432
ORD00154,PROJ03153,CUS004034,2024-12-19,Cancelled,paid,392068
ORD00155,PROJ01200,CUS001513,2024-09-16,confirmed,Pending,309553
ORD00156,PROJ04477,CUS002673,2024-11-17,Shipped,Paid,496766
ORD00157,PROJ02771,CUS001334,2024-10-15,Shipped,Pending,242660
ORD00158,PROJ01394,CUS000038,2025-01-24,Cancelled,Paid,275236
ORD00159,PROJ04525,CUS000444,2025-07-05,Delivered,Partial,27150
ORD00160,PROJ01875,CUS000953,2024-06-16,Cancelled,Paid,222833
ORD00161,PROJ02387,CUS003342,2025-02-01,Confirmed,Partial,57207
ORD00162,PROJ02671,CUS003340,2024-10-27,Cancelled,Paid,58952
ORD00163,PROJ02488,CUS003639,2024-12-30,Cancelled,paid,117002
ORD00164,PROJ03929,CUS002217,2025-02-17,Confirmed,Partial,283809
ORD00165,PROJ00303,CUS003355,2025-04-11,Shipped,Pending,78496
ORD00166,PROJ00960,CUS002316,2025-03-20,Delivered,Paid,409978
ORD00167,PROJ00024,CUS000210,2024-07-12,Confirmed,paid,223759
ORD00168,PROJ03051,CUS003336,2025-07-06,confirmed,Pending,68514
ORD00169,PROJ04600,CUS000890,2025-05-26,Confirmed,Paid,332378
ORD00170,PROJ04624,CUS004234,2024-10-12,confirmed,Partial,381195
ORD00171,PROJ00060,CUS000225,2025-04-01,Delivered,paid,184445
ORD00172,PROJ01657,CUS003351,2024-11-06,Shipped,Partial,179878
ORD00173,PROJ03181,CUS003692,2024-09-06,Shipped,Pending,99637
ORD00174,PROJ01345,CUS003421,2024-02-22,confirmed,Pending,67427
ORD00175,PROJ02411,CUS002421,2024-04-04,Delivered,Partial,127064
ORD00176,PROJ03481,CUS003492,2024-07-28,Delivered,Paid,25839
ORD00177,PROJ04784,CUS000445,2025-08-10,Delivered,Partial,361989
ORD00178,PROJ02816,CUS004218,2024-10-06,Shipped,paid,125052
ORD00179,PROJ01528,CUS004213,2024-07-01,Cancelled,paid,472338
ORD00180,PROJ04518,CUS003573,2025-03-27,Confirmed,Pending,228468
ORD00181,PROJ00774,CUS004008,2024-08-10,Cancelled,Partial,112904
ORD00182,PROJ03849,CUS002783,2024-11-07,Shipped,Pending,274521
ORD00183,PROJ03309,CUS000768,2025-03-25,Shipped,paid,420050
ORD00184,PROJ02767,CUS002037,2025-02-28,confirmed,Paid,223477
ORD00185,PROJ04902,CUS000036,2024-12-14,Cancelled,Partial,31165
ORD00186,PROJ04079,CUS002866,2025-04-02,Shipped,Pending,154553
ORD00187,PROJ00916,CUS004069,2025-08-07,Confirmed,paid,54888
ORD00188,PROJ02452,CUS000494,2025-01-27,confirmed,Partial,451562
ORD00189,PROJ02366,CUS000852,2025-02-08,Cancelled,Paid,409805
ORD00190,PROJ00138,CUS000463,2024-03-21,Confirmed,Paid,66048
ORD00191,PROJ03375,CUS000540,2025-06-30,Confirmed,Partial,51653
ORD00192,PROJ02318,CUS003886,2025-04-08,Delivered,Partial,342591
ORD00193,PROJ03388,CUS003425,2024-07-16,Shipped,Pending,363142
ORD00194,PROJ01552,CUS004786,2024-06-26,Shipped,paid,351895
ORD00195,PROJ01475,CUS000546,2025-10-22,Shipped,Pending,278257
ORD00196,PROJ01145,CUS001143,2025-07-04,confirmed,Partial,274893
ORD00197,PROJ01052,CUS003684,2025-02-04,Delivered,Paid,76573
ORD00198,PROJ00460,CUS004783,2025-04-15,Confirmed,paid,85321
ORD00199,PROJ00928,CUS004151,2024-07-06,Delivered,Paid,159928
ORD00200,PROJ00123,CUS004123,2024-10-04,Cancelled,Partial,98313
ORD00201,PROJ01857,CUS000330,2024-02-28,Delivered,Paid,407188
ORD00202,PROJ04760,CUS004648,2024-12-23,Cancelled,Paid,224597
ORD00203,PROJ02806,CUS000572,2025-03-18,Confirmed,Pending,151487
ORD00204,PROJ04569,CUS004974,2024-08-25,Shipped,paid,224780
ORD00205,PROJ01104,CUS003684,2024-12-24,Delivered,Pending,385893
ORD00206,PROJ03357,CUS003865,2025-01-26,Confirmed,Partial,94273
ORD00207,PROJ01574,CUS001784,2024-11-16,Delivered,Paid,389949
ORD00208,PROJ02482,CUS003621,2025-03-28,Confirmed,Paid,303507
ORD00209,PROJ04918,CUS000434,2024-11-06,Shipped,paid,280814
ORD00210,PROJ04405,CUS000861,2024-10-24,confirmed,Pending,15305
ORD00211,PROJ00355,CUS001817,2024-03-02,Delivered,Paid,299611
ORD00212,PROJ02449,CUS004809,2024-09-20,Delivered,Partial,415118
ORD00213,PROJ02989,CUS001797,2024-06-16,Cancelled,Partial,403467
ORD00214,PROJ01757,CUS001761,2025-03-10,Cancelled,paid,125695
ORD00215,PROJ03179,CUS002239,2025-04-03,Cancelled,Paid,332196
ORD00216,PROJ04910,CUS001587,2025-02-01,Shipped,Pending,401682
ORD00217,PROJ03465,CUS002895,2024-12-31,Shipped,Pending,368599
ORD00218,PROJ01771,CUS004382,2025-09-30,Confirmed,Paid,416607
ORD00219,PROJ00569,CUS001206,2024-02-28,Cancelled,Partial,273168
ORD00220,PROJ04100,CUS000140,2024-11-20,Delivered,Partial,477444
ORD00221,PROJ03008,CUS000244,2024-03-18,Delivered,Paid,426504
ORD00222,PROJ00210,CUS000594,2024-03-13,Cancelled,paid,206860
ORD00223,PROJ00671,CUS000982,2024-12-31,confirmed,Paid,322707
ORD00224,PROJ00461,CUS001790,2025-01-19,Shipped,Partial,138025
ORD00225,PROJ00069,CUS001331,2025-01-04,confirmed,Partial,224584
ORD00226,PROJ04292,CUS000343,2024-03-27,confirmed,Paid,440744
ORD00227,PROJ02749,CUS003673,2025-07-21,Confirmed,paid,389440
ORD00228,PROJ00029,CUS003870,2024-05-09,Cancelled,paid,350455
ORD00229,PROJ00602,CUS002517,2024-08-20,Delivered,Partial,436522
ORD00230,PROJ02609,CUS002096,2024-07-05,Confirmed,Partial,122210
ORD00231,PROJ01574,CUS004240,2024-12-01,Cancelled,Pending,275440
ORD00232,PROJ00127,CUS001390,2025-02-18,Delivered,paid,320447
ORD00233,PROJ01778,CUS002435,2024-10-03,Cancelled,Partial,407829
ORD00234,PROJ00147,CUS001469,2024-06-25,confirmed,Partial,269363
ORD00235,PROJ02489,CUS002326,2025-01-07,Shipped,Pending,218001
ORD00236,PROJ00751,CUS000833,2024-11-18,confirmed,Pending,201835
ORD00237,PROJ00901,CUS002299,2025-02-03,Cancelled,Partial,358949
ORD00238,PROJ00212,CUS004028,2024-12-25,Shipped,Partial,37842
ORD00239,PROJ02244,CUS004860,2024-07-05,Shipped,paid,236280
ORD00240,PROJ04185,CUS003978,2025-01-16,Confirmed,Paid,471415
ORD00241,PROJ00806,CUS002976,2025-06-05,confirmed,paid,479541
ORD00242,PROJ00104,CUS003022,2024-11-03,Delivered,Partial,42175
ORD00243,PROJ01514,CUS004302,2024-11-18,Shipped,Partial,318759
ORD00244,PROJ02061,CUS003681,2024-01-11,Confirmed,paid,58454
ORD00245,PROJ01816,CUS002558,2024-11-01,Confirmed,paid,45920
ORD00246,PROJ00006,CUS004589,2024-11-23,Confirmed,paid,455797
ORD00247,PROJ03683,CUS003580,2025-01-29,Shipped,paid,426225
ORD00248,PROJ03902,CUS002483,2025-02-02,confirmed,Paid,30263
ORD00249,PROJ04593,CUS001520,2025-01-07,Confirmed,Pending,57335
ORD00250,PROJ03249,CUS004806,2025-08-06,Cancelled,Pending,16304
ORD00251,PROJ02340,CUS003094,2024-12-02,Shipped,Pending,429744
ORD00252,PROJ00270,CUS001145,2024-11-07,confirmed,Partial,46302
ORD00253,PROJ02418,CUS000595,2025-06-26,confirmed,Pending,265486
ORD00254,PROJ03080,CUS003012,2024-11-09,Confirmed,Pending,438684
ORD00255,PROJ02710,CUS002581,2025-06-29,confirmed,Pending,367305
ORD00256,PROJ03062,CUS000365,2025-01-25,Delivered,paid,82290
ORD00257,PROJ04426,CUS000120,2025-03-15,Cancelled,paid,325933
ORD00258,PROJ00446,CUS004264,2025-08-14,Shipped,Partial,12767
ORD00259,PROJ01917,CUS004814,2025-01-31,Shipped,paid,417437
ORD00260,PROJ02485,CUS000029,2025-02-19,confirmed,Pending,227952
ORD00261,PROJ04778,CUS004655,2025-11-04,Confirmed,paid,392197
ORD00262,PROJ02744,CUS002695,2024-11-23,Confirmed,Partial,30251
ORD00263,PROJ04075,CUS000701,2024-08-25,Cancelled,Paid,96358
ORD00264,PROJ03032,CUS001470,2024-08-18,Cancelled,Paid,58145
ORD00265,PROJ01353,CUS001266,2024-10-03,Cancelled,paid,376499
ORD00266,PROJ02746,CUS003034,2024-11-04,Shipped,Paid,439328
ORD00267,PROJ00420,CUS004384,2025-03-17,Delivered,Paid,55992
ORD00268,PROJ02749,CUS001934,2025-05-05,confirmed,Paid,209373
ORD00269,PROJ03916,CUS004825,2025-03-03,Delivered,paid,317985
ORD00270,PROJ03888,CUS001874,2024-11-05,confirmed,Pending,199639
ORD00271,PROJ04868,CUS003714,2025-03-03,Confirmed,Pending,138267
ORD00272,PROJ04698,CUS004413,2025-09-07,Shipped,Pending,251567
ORD00273,PROJ02476,CUS002788,2025-01-31,Delivered,paid,97707
ORD00274,PROJ01162,CUS002755,2025-08-12,Shipped,paid,426924
ORD00275,PROJ02206,CUS001672,2025-02-27,confirmed,Paid,353358
ORD00276,PROJ03261,CUS001581,2024-12-17,Delivered,Partial,26041
ORD00277,PROJ01372,CUS003651,2024-12-31,Cancelled,Paid,292922
ORD00278,PROJ02081,CUS001790,2025-01-23,Delivered,paid,102460
ORD00279,PROJ02645,CUS003004,2024-06-25,confirmed,Partial,490999
ORD00280,PROJ02761,CUS001860,2024-10-22,Shipped,paid,217972
ORD00281,PROJ02210,CUS000236,2025-08-09,Cancelled,Paid,244929
ORD00282,PROJ02743,CUS003559,2024-06-06,Shipped,Paid,134375
ORD00283,PROJ03164,CUS001188,2025-02-09,Delivered,paid,188963
ORD00284,PROJ01794,CUS004311,2025-06-18,Delivered,Paid,44825
ORD00285,PROJ02829,CUS004964,2024-10-23,Cancelled,paid,272275
ORD00286,PROJ04195,CUS002458,2025-07-05,Cancelled,Paid,327228
ORD00287,PROJ04749,CUS000215,2025-02-02,confirmed,paid,325910
ORD00288,PROJ01480,CUS004793,2025-01-13,Confirmed,Partial,365300
ORD00289,PROJ01219,CUS000656,2024-12-28,Confirmed,Partial,187135
ORD00290,PROJ01678,CUS001988,2024-10-05,Cancelled,Pending,83183
ORD00291,PROJ03854,CUS004989,2025-02-18,confirmed,Pending,160342
ORD00292,PROJ03829,CUS000199,2024-09-15,Cancelled,Paid,336845
ORD00293,PROJ04272,CUS003937,2024-10-29,Delivered,paid,320022
ORD00294,PROJ00692,CUS004794,2024-11-17,Delivered,Paid,20927
ORD00295,PROJ02321,CUS004029,2024-11-05,Cancelled,Pending,394101
ORD00296,PROJ04331,CUS000576,2024-11-11,Delivered,Pending,233785
ORD00297,PROJ01139,CUS001215,2025-03-12,Delivered,paid,495322
ORD00298,PROJ02322,CUS000292,2025-06-18,Cancelled,Paid,257683
ORD00299,PROJ04382,CUS000907,2025-01-30,Delivered,Paid,374131
ORD00300,PROJ04323,CUS002228,2024-05-13,confirmed,Pending,278935
ORD00301,PROJ01618,CUS002711,2024-08-25,Shipped,Partial,499298
ORD00302,PROJ00189,CUS001727,2024-11-05,Confirmed,Pending,295299
ORD00303,PROJ01643,CUS003495,2024-11-02,Cancelled,Pending,228352
ORD00304,PROJ03113,CUS001250,2024-01-22,Cancelled,Pending,233504
ORD00305,PROJ00737,CUS001077,2024-06-02,Confirmed,paid,116897
ORD00306,PROJ02202,CUS003897,2024-11-04,Cancelled,paid,400556
ORD00307,PROJ02386,CUS003299,2024-09-07,Shipped,Pending,432392
ORD00308,PROJ00100,CUS001351,2024-12-20,Delivered,Partial,471113
ORD00309,PROJ01293,CUS000128,2024-08-02,Cancelled,Partial,475220
ORD00310,PROJ00534,CUS002650,2025-08-29,confirmed,Partial,198838
ORD00311,PROJ00335,CUS002998,2024-12-26,confirmed,Pending,368906
ORD00312,PROJ01598,CUS000621,2024-05-26,Shipped,Pending,252534
ORD00313,PROJ03472,CUS003038,2024-08-05,Cancelled,paid,366240
ORD00314,PROJ02660,CUS001011,2025-04-16,Delivered,Paid,493318
ORD00315,PROJ02661,CUS003650,2024-11-07,Delivered,Partial,424594
ORD00316,PROJ02358,CUS004967,2025-02-27,Confirmed,Pending,280730
ORD00317,PROJ02284,CUS003329,2025-01-12,Delivered,Partial,136342
ORD00318,PROJ03330,CUS002063,2025-01-26,Delivered,Paid,19182
ORD00319,PROJ02083,CUS004137,2024-10-27,confirmed,paid,362291
ORD00320,PROJ02897,CUS003749,2025-02-04,Delivered,Partial,419654
ORD00321,PROJ01964,CUS004886,2025-02-11,Delivered,Partial,185486
ORD00322,PROJ04730,CUS004712,2025-06-05,Delivered,paid,349421
ORD00323,PROJ03404,CUS000028,2024-11-24,Confirmed,Partial,252191
ORD00324,PROJ04809,CUS003252,2024-05-02,confirmed,Partial,200585
ORD00325,PROJ03863,CUS004428,2024-09-18,confirmed,Paid,146173
ORD00326,PROJ02575,CUS001655,2025-03-06,Delivered,Pending,35259
ORD00327,PROJ01162,CUS002573,2024-06-16,Delivered,Partial,458935
ORD00328,PROJ01647,CUS001616,2024-11-27,confirmed,Partial,433006
ORD00329,PROJ00052,CUS001029,2024-11-10,Delivered,Pending,246224
ORD00330,PROJ02759,CUS001316,2025-02-27,Cancelled,Pending,157728
ORD00331,PROJ03366,CUS003706,2025-01-20,confirmed,Partial,484120
ORD00332,PROJ01066,CUS000175,2025-03-04,confirmed,Partial,387772
ORD00333,PROJ03738,CUS001853,2025-02-28,Confirmed,Partial,257557
ORD00334,PROJ00756,CUS003940,2024-01-21,Cancelled,Paid,382180
ORD00335,PROJ03347,CUS003634,2024-08-13,Confirmed,Pending,496282
ORD00336,PROJ00820,CUS003707,2025-03-31,Delivered,Paid,413147
ORD00337,PROJ03231,CUS002964,2025-07-17,confirmed,Pending,376171
ORD00338,PROJ01693,CUS002045,2024-10-02,Cancelled,Partial,255511
ORD00339,PROJ03655,CUS002232,2025-01-06,confirmed,Partial,164333
ORD00340,PROJ04641,CUS003865,2024-03-19,Confirmed,Paid,291983
ORD00341,PROJ00045,CUS002917,2024-10-31,confirmed,Paid,359833
ORD00342,PROJ04910,CUS003773,2025-03-19,Delivered,Pending,278231
ORD00343,PROJ03440,CUS002709,2024-10-10,Shipped,paid,253493
ORD00344,PROJ04394,CUS003642,2025-02-05,Confirmed,Pending,165781
ORD00345,PROJ02192,CUS002610,2025-06-18,Delivered,Partial,455386
ORD00346,PROJ00201,CUS003380,2025-01-01,Shipped,Pending,297020
ORD00347,PROJ02350,CUS003006,2024-11-23,Cancelled,Partial,403543
ORD00348,PROJ03232,CUS003878,2025-03-11,Cancelled,Paid,319218
ORD00349,PROJ02576,CUS001872,2025-03-31,Delivered,paid,23969
ORD00350,PROJ02832,CUS002591,2024-11-20,Confirmed,paid,336414
ORD00351,PROJ04658,CUS000086,2024-05-19,Cancelled,Partial,389360
ORD00352,PROJ03389,CUS000868,2024-03-05,Confirmed,Paid,39590
ORD00353,PROJ04686,CUS003912,2025-01-02,Delivered,Partial,129459
ORD00354,PROJ02895,CUS000229,2025-01-21,Cancelled,Paid,417892
ORD00355,PROJ03653,CUS003887,2024-12-13,Cancelled,Partial,309207
ORD00356,PROJ02930,CUS002267,2024-12-02,Cancelled,Partial,193050
ORD00357,PROJ02394,CUS003937,2025-03-30,Cancelled,paid,167769
ORD00358,PROJ00310,CUS003342,2024-02-27,Shipped,Paid,132469
ORD00359,PROJ03076,CUS003189,2025-01-18,Cancelled,paid,58359
ORD00360,PROJ02000,CUS000547,2025-04-22,Shipped,Pending,413193
ORD00361,PROJ03784,CUS001510,2024-06-29,Cancelled,paid,483566
ORD00362,PROJ04304,CUS003900,2024-11-04,Delivered,Partial,48450
ORD00363,PROJ04321,CUS000336,2024-09-10,confirmed,paid,6250
ORD00364,PROJ01420,CUS004954,2024-01-21,Delivered,Partial,313870
ORD00365,PROJ04843,CUS001203,2025-03-22,confirmed,paid,445127
ORD00366,PROJ04371,CUS003150,2025-01-01,Shipped,Pending,302829
ORD00367,PROJ00831,CUS003482,2025-02-06,Delivered,Pending,271127
ORD00368,PROJ02153,CUS000939,2024-10-24,confirmed,Pending,66430
ORD00369,PROJ04676,CUS004636,2024-12-19,Shipped,paid,67504
ORD00370,PROJ03273,CUS002972,2025-02-27,confirmed,Pending,216927
ORD00371,PROJ03463,CUS003094,2025-04-26,confirmed,Paid,363051
ORD00372,PROJ03064,CUS003833,2024-12-15,Delivered,Paid,174754
ORD00373,PROJ00324,CUS003273,2024-11-15,confirmed,paid,348787
ORD00374,PROJ01945,CUS001834,2025-01-04,Confirmed,paid,122617
ORD00375,PROJ03097,CUS000916,2025-07-05,Cancelled,Pending,460985
ORD00376,PROJ04638,CUS004266,2025-03-02,Shipped,Paid,277951
ORD00377,PROJ01946,CUS001337,2025-01-09,Delivered,Partial,424942
ORD00378,PROJ02732,CUS000398,2024-10-05,Confirmed,paid,443928
ORD00379,PROJ01679,CUS001115,2024-06-03,Cancelled,paid,277708
ORD00380,PROJ04493,CUS004657,2024-07-21,confirmed,Pending,318088
ORD00381,PROJ02357,CUS004960,2025-01-24,Shipped,paid,124006
ORD00382,PROJ03710,CUS004947,2024-09-13,Shipped,Partial,494042
ORD00383,PROJ01571,CUS003510,2025-06-29,confirmed,paid,64810
ORD00384,PROJ00323,CUS000602,2025-01-27,Cancelled,paid,410798
ORD00385,PROJ00743,CUS001375,2025-01-31,Cancelled,Pending,143258
ORD00386,PROJ00654,CUS000036,2025-01-02,Confirmed,Paid,380802
ORD00387,PROJ03731,CUS002150,2024-11-01,Cancelled,Pending,393920
ORD00388,PROJ02560,CUS003898,2024-11-22,confirmed,paid,28041
ORD00389,PROJ02118,CUS003351,2024-10-08,Delivered,Paid,225545
ORD00390,PROJ01906,CUS000638,2024-12-21,Delivered,Pending,380044
ORD00391,PROJ04402,CUS002701,2025-02-06,confirmed,Paid,472986
ORD00392,PROJ03768,CUS000508,2024-10-23,Cancelled,Partial,116777
ORD00393,PROJ00229,CUS003463,2024-12-29,Confirmed,Pending,279123
ORD00394,PROJ03017,CUS000090,2025-01-15,Confirmed,paid,399731
ORD00395,PROJ04177,CUS001747,2025-04-30,Cancelled,Partial,370685
ORD00396,PROJ00394,CUS002070,2025-01-07,Cancelled,paid,98462
ORD00397,PROJ02475,CUS001968,2024-11-15,Shipped,Partial,318011
ORD00398,PROJ04490,CUS001420,2024-05-26,Shipped,Pending,357323
ORD00399,PROJ02776,CUS002521,2024-05-28,confirmed,Pending,424336
ORD00400,PROJ02684,CUS004126,2024-10-12,Confirmed,paid,216615
ORD00401,PROJ02640,CUS004488,2025-03-18,Delivered,Partial,285283
ORD00402,PROJ02502,CUS001490,2025-02-19,Delivered,Pending,425289
ORD00403,PROJ01679,CUS003063,2024-09-13,Cancelled,Paid,68774
ORD00404,PROJ00829,CUS004189,2024-06-21,Confirmed,paid,366924
ORD00405,PROJ04804,CUS004477,2024-08-05,confirmed,Pending,60100
ORD00406,PROJ04642,CUS000747,2025-04-07,Confirmed,Partial,13493
ORD00407,PROJ04801,CUS004422,2024-05-10,Confirmed,Pending,386577
ORD00408,PROJ01714,CUS001825,2024-10-18,confirmed,Pending,362182
ORD00409,PROJ00303,CUS004184,2025-03-05,Shipped,Partial,498437
ORD00410,PROJ01921,CUS000573,2025-10-21,Confirmed,Partial,381617
ORD00411,PROJ02798,CUS002118,2025-02-25,confirmed,Pending,485295
ORD00412,PROJ01989,CUS004093,2024-06-19,Confirmed,paid,331449
ORD00413,PROJ00573,CUS004791,2025-06-17,Delivered,Pending,46350
ORD00414,PROJ02533,CUS002693,2024-12-19,Shipped,Partial,23200
ORD00415,PROJ01692,CUS003734,2024-10-26,Cancelled,Paid,96584
ORD00416,PROJ03767,CUS004538,2025-01-23,Delivered,Paid,248736
ORD00417,PROJ04618,CUS000299,2024-02-14,Confirmed,paid,119911
ORD00418,PROJ04619,CUS000903,2025-05-21,Shipped,Pending,294083
ORD00419,PROJ02003,CUS003341,2025-08-10,Shipped,paid,221727
ORD00420,PROJ03627,CUS000312,2025-07-07,Confirmed,paid,7781
ORD00421,PROJ02715,CUS000953,2025-06-01,Confirmed,paid,177273
ORD00422,PROJ01933,CUS000027,2025-01-18,Shipped,paid,352847
ORD00423,PROJ01594,CUS002779,2025-09-17,confirmed,paid,498166
ORD00424,PROJ00542,CUS003646,2024-05-24,Delivered,paid,497184
ORD00425,PROJ02825,CUS000396,2025-01-01,Confirmed,Paid,40177
ORD00426,PROJ03945,CUS003835,2024-06-21,Shipped,Partial,276392
ORD00427,PROJ00726,CUS002513,2024-09-13,Shipped,Paid,371795
ORD00428,PROJ02030,CUS003643,2024-10-27,Delivered,Pending,19573
ORD00429,PROJ01481,CUS001997,2024-12-09,Shipped,Paid,57210
ORD00430,PROJ03249,CUS004592,2025-01-02,Shipped,Partial,319183
ORD00431,PROJ03887,CUS001271,2024-12-12,confirmed,Paid,299316
ORD00432,PROJ04760,CUS000815,2025-03-30,Delivered,Partial,341033
ORD00433,PROJ00680,CUS002081,2024-06-27,Shipped,Paid,45965
ORD00434,PROJ03653,CUS004332,2025-01-12,Delivered,Pending,66793
ORD00435,PROJ04118,CUS004466,2025-05-17,Cancelled,Paid,445096
ORD00436,PROJ00718,CUS003372,2024-08-16,Cancelled,Pending,87092
ORD00437,PROJ02319,CUS003573,2024-11-18,Delivered,Pending,495121
ORD00438,PROJ00127,CUS004906,2025-01-03,confirmed,Pending,104973
ORD00439,PROJ03755,CUS001016,2025-01-05,Confirmed,paid,160972
ORD00440,PROJ02117,CUS003612,2025-07-08,Shipped,Paid,434303
ORD00441,PROJ04057,CUS002633,2024-12-14,Delivered,paid,102351
ORD00442,PROJ02455,CUS004519,2024-11-14,Cancelled,Paid,69269
ORD00443,PROJ00271,CUS001548,2024-02-19,Cancelled,Pending,167421
ORD00444,PROJ01564,CUS002340,2024-07-28,confirmed,Pending,96248
ORD00445,PROJ01765,CUS003087,2024-10-05,Cancelled,Partial,152898
ORD00446,PROJ02040,CUS004599,2024-03-27,Shipped,Pending,495362
ORD00447,PROJ02260,CUS000080,2024-11-16,Shipped,paid,376661
ORD00448,PROJ03181,CUS003269,2024-07-04,confirmed,Partial,361923
ORD00449,PROJ02134,CUS003487,2024-12-05,Confirmed,Pending,84699
ORD00450,PROJ00523,CUS003490,2024-07-08,confirmed,paid,179672
ORD00451,PROJ03293,CUS002750,2024-09-24,Cancelled,Pending,23685
ORD00452,PROJ00338,CUS000583,2024-07-04,confirmed,paid,429862
ORD00453,PROJ02948,CUS000587,2025-05-29,Delivered,Partial,486940
ORD00454,PROJ03718,CUS001982,2025-04-29,Confirmed,Pending,241715
ORD00455,PROJ01849,CUS000682,2024-11-21,Shipped,paid,154776
ORD00456,PROJ03567,CUS003509,2025-06-22,Cancelled,paid,7990
ORD00457,PROJ03099,CUS003015,2025-07-22,Cancelled,Partial,312996
ORD00458,PROJ03383,CUS002910,2025-06-28,confirmed,Pending,96452
ORD00459,PROJ04304,CUS001500,2025-11-21,Cancelled,Pending,187353
ORD00460,PROJ00496,CUS001808,2025-03-20,confirmed,Paid,448176
ORD00461,PROJ04366,CUS001194,2024-03-04,confirmed,Partial,43404
ORD00462,PROJ04871,CUS000178,2025-03-03,Shipped,paid,79469
ORD00463,PROJ03921,CUS003652,2024-05-22,Confirmed,paid,409744
ORD00464,PROJ01502,CUS002881,2025-08-13,Shipped,Paid,236024
ORD00465,PROJ01886,CUS000645,2025-01-26,confirmed,Pending,254592
ORD00466,PROJ03874,CUS002979,2024-05-12,Cancelled,Pending,461126
ORD00467,PROJ02581,CUS004854,2024-12-21,Cancelled,Paid,435151
ORD00468,PROJ01384,CUS003140,2025-03-10,Shipped,paid,39704
ORD00469,PROJ04869,CUS000859,2024-02-18,confirmed,Pending,243955
ORD00470,PROJ00220,CUS001029,2025-06-11,Cancelled,Partial,391060
ORD00471,PROJ03459,CUS001569,2024-07-05,Confirmed,paid,264438
ORD00472,PROJ02791,CUS004951,2025-02-21,Delivered,Partial,233665
ORD00473,PROJ00094,CUS002814,2024-11-22,Confirmed,paid,372544
ORD00474,PROJ02191,CUS003156,2024-08-12,Shipped,Partial,34924
ORD00475,PROJ00921,CUS000546,2024-12-24,Cancelled,Partial,398970
ORD00476,PROJ03455,CUS004695,2024-08-04,confirmed,Partial,317904
ORD00477,PROJ00270,CUS004958,2024-08-08,Delivered,Pending,177180
ORD00478,PROJ03748,CUS003470,2024-11-18,Shipped,Pending,170324
ORD00479,PROJ02455,CUS004220,2024-04-27,confirmed,paid,401406
ORD00480,PROJ02667,CUS000135,2024-10-10,confirmed,paid,327290
ORD00481,PROJ04541,CUS000432,2024-07-02,Delivered,Partial,338177
ORD00482,PROJ03035,CUS002215,2024-08-17,confirmed,Pending,173342
ORD00483,PROJ00888,CUS001581,2024-08-07,Confirmed,Partial,75293
ORD00484,PROJ00481,CUS001326,2025-06-12,Shipped,Pending,230435
ORD00485,PROJ03357,CUS004700,2024-10-10,Confirmed,paid,392236
ORD00486,PROJ01738,CUS004909,2024-12-09,Delivered,Pending,470993
ORD00487,PROJ04994,CUS002083,2025-01-05,Cancelled,paid,80097
ORD00488,PROJ03302,CUS003223,2024-11-07,Shipped,Pending,155887
ORD00489,PROJ04588,CUS003705,2024-09-29,Confirmed,paid,81414
ORD00490,PROJ03583,CUS003848,2024-05-24,Confirmed,Paid,169523
ORD00491,PROJ01913,CUS001770,2025-05-21,Shipped,Pending,320393
ORD00492,PROJ00955,CUS001537,2024-11-27,Shipped,Pending,351149
ORD00493,PROJ00275,CUS004838,2025-05-15,Cancelled,Partial,238714
ORD00494,PROJ02176,CUS002721,2024-12-10,Delivered,Partial,156968
ORD00495,PROJ00938,CUS001516,2024-06-03,Shipped,Paid,434268
ORD00496,PROJ04500,CUS004318,2024-07-20,Delivered,paid,454484
ORD00497,PROJ02159,CUS002087,2024-08-05,Confirmed,Paid,51361
ORD00498,PROJ04530,CUS002764,2025-03-10,confirmed,paid,103948
ORD00499,PROJ02670,CUS001428,2025-03-05,Confirmed,paid,283877
ORD00500,PROJ04994,CUS002456,2025-04-05,Cancelled,paid,251127
ORD00501,PROJ03015,CUS002029,2025-06-30,confirmed,Paid,299696
ORD00502,PROJ01009,CUS004813,2024-10-05,Cancelled,Pending,182115
ORD00503,PROJ04024,CUS001092,2024-09-24,confirmed,Pending,285014
ORD00504,PROJ03694,CUS002568,2024-12-02,Shipped,Paid,164446
ORD00505,PROJ01666,CUS001984,2024-05-31,Cancelled,Partial,110504
ORD00506,PROJ04716,CUS002275,2025-01-28,Delivered,paid,201018
ORD00507,PROJ01896,CUS002050,2025-01-10,Delivered,Paid,10760
ORD00508,PROJ00396,CUS003015,2025-07-22,Delivered,Pending,54740
ORD00509,PROJ03145,CUS002644,2025-03-06,Confirmed,Paid,139075
ORD00510,PROJ01640,CUS001195,2025-05-16,Shipped,Pending,155989
ORD00511,PROJ02552,CUS003732,2024-11-03,Cancelled,paid,106041
ORD00512,PROJ03048,CUS004797,2024-04-17,Delivered,Partial,334902
ORD00513,PROJ01794,CUS004613,2025-09-28,confirmed,paid,36073
ORD00514,PROJ03759,CUS000064,2024-05-18,Delivered,Partial,460672
ORD00515,PROJ01009,CUS002220,2024-07-17,Shipped,Paid,65512
ORD00516,PROJ04579,CUS003523,2025-03-29,Delivered,Paid,55903
ORD00517,PROJ03648,CUS001097,2024-11-12,Confirmed,Paid,90644
ORD00518,PROJ03488,CUS001969,2024-10-26,Cancelled,Pending,227393
ORD00519,PROJ00135,CUS002161,2025-08-01,confirmed,Paid,26057
ORD00520,PROJ04930,CUS000899,2024-07-02,Confirmed,Paid,267293
ORD00521,PROJ03145,CUS001023,2024-11-12,confirmed,Partial,126568
ORD00522,PROJ02532,CUS004422,2024-12-12,Cancelled,paid,231351
ORD00523,PROJ03216,CUS001905,2025-05-29,confirmed,paid,95327
ORD00524,PROJ02057,CUS000562,2024-08-30,Delivered,Pending,481756
ORD00525,PROJ00562,CUS002604,2024-11-06,Confirmed,paid,99076
ORD00526,PROJ03722,CUS004484,2024-10-10,Cancelled,paid,137706
ORD00527,PROJ01806,CUS002766,2024-09-11,Delivered,Partial,250293
ORD00528,PROJ01457,CUS001659,2024-12-21,Delivered,Paid,361538
ORD00529,PROJ00144,CUS004523,2024-07-24,Confirmed,paid,498129
ORD00530,PROJ04562,CUS002808,2024-12-29,Delivered,Paid,148046
ORD00531,PROJ03490,CUS004156,2025-06-01,Confirmed,Paid,410827
ORD00532,PROJ02320,CUS001499,2025-07-31,Cancelled,paid,237489
ORD00533,PROJ03345,CUS001843,2025-02-13,Cancelled,Paid,82890
ORD00534,PROJ02091,CUS004181,2024-12-10,confirmed,paid,312481
ORD00535,PROJ02134,CUS003200,2025-03-13,Confirmed,Paid,21796
ORD00536,PROJ03910,CUS004648,2025-04-12,Shipped,Partial,197868
ORD00537,PROJ00230,CUS003007,2024-07-28,Shipped,Partial,39512
ORD00538,PROJ00063,CUS003003,2024-11-26,Confirmed,Paid,81594
ORD00539,PROJ00893,CUS002818,2025-03-10,Delivered,Pending,195588
ORD00540,PROJ02553,CUS002953,2025-01-16,Shipped,paid,283239
ORD00541,PROJ01309,CUS001494,2024-09-23,confirmed,Pending,162445
ORD00542,PROJ03990,CUS000860,2024-12-24,Shipped,Pending,99447
ORD00543,PROJ03925,CUS004423,2025-12-13,Delivered,Pending,324735
ORD00544,PROJ02922,CUS001281,2025-04-23,Cancelled,paid,67441
ORD00545,PROJ01740,CUS004595,2024-12-21,Shipped,Pending,204100
ORD00546,PROJ01170,CUS000744,2024-01-16,Shipped,Paid,117624
ORD00547,PROJ03821,CUS002018,2024-10-24,confirmed,Paid,458803
ORD00548,PROJ03063,CUS001138,2024-07-12,Confirmed,Pending,469882
ORD00549,PROJ01258,CUS004751,2024-12-21,Confirmed,Partial,357226
ORD00550,PROJ00719,CUS003375,2024-10-25,Delivered,Paid,274312
ORD00551,PROJ00989,CUS001493,2024-10-22,Delivered,paid,24615
ORD00552,PROJ02586,CUS002115,2025-05-18,confirmed,Partial,71801
ORD00553,PROJ02493,CUS003172,2025-03-25,Confirmed,Paid,194065
ORD00554,PROJ04605,CUS000243,2024-10-22,Confirmed,Paid,361470
ORD00555,PROJ04418,CUS004244,2025-02-20,Confirmed,paid,98457
ORD00556,PROJ03679,CUS001103,2025-01-13,Confirmed,Paid,69170
ORD00557,PROJ02701,CUS003736,2025-07-31,Confirmed,Partial,197395
ORD00558,PROJ00461,CUS002996,2025-02-16,Cancelled,Paid,484076
ORD00559,PROJ03067,CUS003958,2025-04-12,Cancelled,Pending,351655
ORD00560,PROJ04754,CUS004736,2024-12-16,Shipped,Paid,35809
ORD00561,PROJ04875,CUS001975,2025-01-29,Cancelled,Partial,89111
ORD00562,PROJ00934,CUS003992,2024-07-24,Delivered,paid,381720
ORD00563,PROJ03022,CUS004889,2025-04-27,Confirmed,paid,445583
ORD00564,PROJ02807,CUS001730,2024-09-23,confirmed,Partial,183450
ORD00565,PROJ02991,CUS001419,2025-01-15,Shipped,Partial,443606
ORD00566,PROJ03494,CUS000054,2025-04-06,Confirmed,Pending,271743
ORD00567,PROJ02913,CUS001852,2025-11-15,confirmed,paid,358605
ORD00568,PROJ02628,CUS003135,2024-11-02,Cancelled,Partial,399492
ORD00569,PROJ02858,CUS003835,2024-11-23,Shipped,Paid,430438
ORD00570,PROJ04365,CUS002005,2024-10-24,Shipped,Partial,460904
ORD00571,PROJ03692,CUS000348,2024-11-07,Confirmed,paid,228421
ORD00572,PROJ02243,CUS002732,2025-02-18,Cancelled,Paid,393348
ORD00573,PROJ03067,CUS002112,2025-03-26,Delivered,Paid,210938
ORD00574,PROJ03627,CUS001278,2024-05-06,confirmed,Paid,419174
ORD00575,PROJ02124,CUS001626,2024-12-19,Confirmed,Paid,412075
ORD00576,PROJ00370,CUS000342,2025-04-11,Shipped,Paid,296097
ORD00577,PROJ00207,CUS004120,2024-10-28,Confirmed,Paid,170783
ORD00578,PROJ02304,CUS003396,2024-04-19,confirmed,paid,203283
ORD00579,PROJ04998,CUS001736,2025-08-17,Shipped,Paid,204760
ORD00580,PROJ02047,CUS003702,2025-03-25,Shipped,Paid,184059
ORD00581,PROJ00534,CUS003719,2025-04-27,Cancelled,Pending,282968
ORD00582,PROJ03396,CUS000448,2024-12-22,Cancelled,Partial,414819
ORD00583,PROJ03189,CUS003081,2025-03-02,Delivered,paid,445017
ORD00584,PROJ04220,CUS002502,2024-09-15,Cancelled,paid,395291
ORD00585,PROJ02586,CUS001415,2025-09-03,Confirmed,Paid,355165
ORD00586,PROJ02361,CUS000506,2024-06-30,Cancelled,Paid,8310
ORD00587,PROJ01050,CUS000568,2024-09-25,Cancelled,Pending,203336
ORD00588,PROJ04990,CUS000623,2024-08-01,Confirmed,Pending,245214
ORD00589,PROJ04444,CUS002127,2024-08-01,Shipped,paid,497917
ORD00590,PROJ02768,CUS002600,2025-01-11,Cancelled,Partial,78649
ORD00591,PROJ00578,CUS002217,2024-09-08,Cancelled,Partial,77895
ORD00592,PROJ01552,CUS001881,2024-08-13,Cancelled,Partial,129817
ORD00593,PROJ00396,CUS004605,2024-12-19,Cancelled,paid,87536
ORD00594,PROJ01982,CUS001067,2024-09-25,Delivered,paid,58118
ORD00595,PROJ02288,CUS002734,2025-01-03,Delivered,Pending,373144
ORD00596,PROJ01302,CUS002336,2025-04-06,Confirmed,Pending,174300
ORD00597,PROJ02746,CUS004510,2024-10-13,Cancelled,Partial,319315
ORD00598,PROJ02178,CUS003182,2024-08-04,confirmed,Partial,229330
ORD00599,PROJ02911,CUS004264,2025-01-25,Delivered,Pending,407226
ORD00600,PROJ02859,CUS002241,2025-01-11,Shipped,Pending,327224
ORD00601,PROJ01410,CUS001727,2025-02-07,Confirmed,Pending,91580
ORD00602,PROJ01208,CUS002007,2024-12-31,Shipped,Paid,447331
ORD00603,PROJ04950,CUS000790,2024-02-04,Shipped,Pending,361496
ORD00604,PROJ04941,CUS004253,2025-11-27,Cancelled,paid,65709
ORD00605,PROJ01102,CUS002119,2024-11-06,confirmed,Partial,49407
ORD00606,PROJ03048,CUS002904,2024-05-12,Shipped,Paid,404025
ORD00607,PROJ03858,CUS000010,2024-11-14,confirmed,paid,129891
ORD00608,PROJ04367,CUS001092,2024-11-12,Shipped,Partial,431131
ORD00609,PROJ02715,CUS000223,2025-05-27,Cancelled,paid,392103
ORD00610,PROJ01979,CUS000900,2024-04-25,Delivered,Pending,436828
ORD00611,PROJ02039,CUS000709,2025-06-11,confirmed,Paid,465549
ORD00612,PROJ03590,CUS001660,2025-03-10,Confirmed,Paid,29220
ORD00613,PROJ04763,CUS001756,2024-09-28,Delivered,Pending,469368
ORD00614,PROJ01739,CUS003885,2025-07-18,Shipped,paid,321691
ORD00615,PROJ04701,CUS003885,2025-07-16,Shipped,Pending,248915
ORD00616,PROJ03410,CUS003422,2024-03-18,Shipped,Partial,219018
ORD00617,PROJ00670,CUS001318,2025-03-17,Delivered,Partial,136504
ORD00618,PROJ00815,CUS004748,2024-10-29,Delivered,Partial,365458
ORD00619,PROJ04043,CUS000170,2025-07-27,confirmed,paid,389148
ORD00620,PROJ04336,CUS004280,2025-10-19,Shipped,Partial,283474
ORD00621,PROJ01920,CUS002598,2025-07-02,Confirmed,Paid,310989
ORD00622,PROJ03408,CUS002685,2025-03-27,Confirmed,Partial,275765
ORD00623,PROJ02572,CUS003815,2024-11-15,Shipped,paid,78911
ORD00624,PROJ04323,CUS004216,2025-08-12,confirmed,paid,372984
ORD00625,PROJ03689,CUS004178,2025-10-20,confirmed,Partial,336084
ORD00626,PROJ02853,CUS001172,2024-08-09,Shipped,Partial,13024
ORD00627,PROJ04868,CUS000973,2025-03-15,Shipped,paid,75559
ORD00628,PROJ04491,CUS004923,2025-03-05,Delivered,Pending,33361
ORD00629,PROJ04191,CUS004789,2024-09-07,confirmed,Partial,60256
ORD00630,PROJ00552,CUS003022,2024-12-09,Shipped,Pending,235178
ORD00631,PROJ00847,CUS001241,2025-01-19,Confirmed,Partial,127807
ORD00632,PROJ04716,CUS004665,2024-12-29,Delivered,paid,349485
ORD00633,PROJ03872,CUS004717,2025-03-28,Confirmed,paid,130054
ORD00634,PROJ04735,CUS004111,2025-02-18,confirmed,paid,14889
ORD00635,PROJ03847,CUS003845,2024-09-29,Cancelled,Paid,289813
ORD00636,PROJ03792,CUS002124,2025-08-25,Cancelled,Paid,482976
ORD00637,PROJ02452,CUS001232,2025-02-07,Shipped,Pending,246627
ORD00638,PROJ01078,CUS001678,2025-04-12,Delivered,Partial,211462
ORD00639,PROJ00898,CUS002968,2025-10-31,Shipped,Paid,282339
ORD00640,PROJ00978,CUS001072,2024-10-31,Delivered,Partial,314845
ORD00641,PROJ04649,CUS000054,2024-09-01,Delivered,Partial,40051
ORD00642,PROJ01278,CUS002993,2024-05-15,confirmed,Paid,488607
ORD00643,PROJ01534,CUS001868,2025-06-14,Cancelled,paid,84812
ORD00644,PROJ03942,CUS004526,2024-07-19,confirmed,Paid,313188
ORD00645,PROJ00134,CUS001887,2024-06-02,Cancelled,Pending,217210
ORD00646,PROJ03072,CUS002494,2025-02-07,Cancelled,Pending,156535
ORD00647,PROJ03714,CUS003403,2024-06-23,Shipped,Pending,50858
ORD00648,PROJ01109,CUS000217,2024-11-06,Cancelled,paid,143341
ORD00649,PROJ04460,CUS001448,2025-01-17,Delivered,Pending,327620
ORD00650,PROJ02745,CUS000793,2025-03-09,Delivered,Pending,60977
ORD00651,PROJ03711,CUS002105,2024-12-07,Confirmed,Partial,311837
ORD00652,PROJ00742,CUS002807,2024-05-18,Delivered,Partial,226312
ORD00653,PROJ03688,CUS001642,2025-06-13,Shipped,paid,308923
ORD00654,PROJ02264,CUS003826,2024-12-12,Cancelled,paid,417087
ORD00655,PROJ03243,CUS002608,2024-03-19,Confirmed,paid,497626
ORD00656,PROJ02636,CUS001781,2025-07-26,Confirmed,Pending,456282
ORD00657,PROJ02866,CUS003389,2024-12-22,Cancelled,paid,176426
ORD00658,PROJ00968,CUS004677,2024-05-19,Delivered,paid,16712
ORD00659,PROJ02946,CUS000369,2024-07-18,confirmed,Partial,290749
ORD00660,PROJ02181,CUS004088,2024-05-30,Delivered,Partial,152720
ORD00661,PROJ02679,CUS001254,2024-12-08,Shipped,Paid,194030
ORD00662,PROJ02137,CUS004065,2024-12-20,Cancelled,Paid,188910
ORD00663,PROJ03025,CUS001180,2024-12-09,Cancelled,Paid,85736
ORD00664,PROJ03188,CUS002295,2025-09-23,Confirmed,paid,167603
ORD00665,PROJ02970,CUS002395,2025-02-28,Shipped,Paid,379459
ORD00666,PROJ00269,CUS001404,2025-10-05,confirmed,Partial,22613
ORD00667,PROJ00461,CUS002826,2025-04-08,Cancelled,paid,106506
ORD00668,PROJ04891,CUS000178,2024-11-10,Cancelled,Paid,119457
ORD00669,PROJ01393,CUS000163,2025-02-19,Cancelled,Pending,173137
ORD00670,PROJ01933,CUS001605,2025-09-12,confirmed,Pending,64890
ORD00671,PROJ03486,CUS001335,2025-01-16,Shipped,Pending,481714
ORD00672,PROJ00347,CUS002383,2025-03-21,Confirmed,Paid,54367
ORD00673,PROJ01744,CUS000991,2024-03-23,Shipped,Paid,240623
ORD00674,PROJ00231,CUS003184,2024-11-11,Cancelled,Partial,384481
ORD00675,PROJ04319,CUS001248,2025-02-03,confirmed,Pending,346854
ORD00676,PROJ02356,CUS004615,2024-08-10,Shipped,Paid,189525
ORD00677,PROJ04251,CUS000918,2024-11-07,Delivered,Paid,446702
ORD00678,PROJ02216,CUS002081,2024-12-17,confirmed,Pending,19657
ORD00679,PROJ00498,CUS002004,2024-10-16,confirmed,paid,391366
ORD00680,PROJ03432,CUS002279,2025-04-26,confirmed,Pending,302910
ORD00681,PROJ02052,CUS001311,2024-10-03,confirmed,Pending,393848
ORD00682,PROJ00072,CUS001089,2025-01-30,Cancelled,Pending,274563
ORD00683,PROJ02872,CUS000756,2024-12-09,Delivered,Partial,59001
ORD00684,PROJ04044,CUS001013,2025-01-07,Shipped,Partial,48534
ORD00685,PROJ03128,CUS004362,2025-05-30,Shipped,Paid,20612
ORD00686,PROJ00653,CUS003586,2025-03-03,Cancelled,Paid,73989
ORD00687,PROJ03809,CUS004387,2025-05-04,Delivered,Partial,112483
ORD00688,PROJ04818,CUS000294,2024-11-18,Cancelled,Pending,322754
ORD00689,PROJ00796,CUS002147,2024-03-19,Delivered,Pending,397888
ORD00690,PROJ01493,CUS002715,2024-10-19,Cancelled,paid,398573
ORD00691,PROJ00721,CUS002287,2024-05-25,Delivered,Paid,428671
ORD00692,PROJ02342,CUS002766,2025-08-22,Confirmed,paid,494755
ORD00693,PROJ01622,CUS004163,2024-07-26,Delivered,paid,199371
ORD00694,PROJ04899,CUS000936,2025-05-16,Confirmed,Partial,440394
ORD00695,PROJ03933,CUS002739,2025-02-06,confirmed,Pending,351787
ORD00696,PROJ03997,CUS002830,2025-02-16,confirmed,Partial,310079
ORD00697,PROJ02900,CUS003895,2025-03-12,confirmed,paid,146851
ORD00698,PROJ01353,CUS002245,2024-10-21,Shipped,Paid,284749
ORD00699,PROJ03875,CUS000709,2025-03-06,Cancelled,Pending,244811
ORD00700,PROJ04712,CUS002000,2024-10-11,Cancelled,Partial,403318
ORD00701,PROJ03640,CUS004467,2024-10-28,Delivered,Pending,251739
ORD00702,PROJ03128,CUS001219,2025-08-25,Confirmed,paid,251919
ORD00703,PROJ00180,CUS000355,2024-10-25,Cancelled,Pending,90427
ORD00704,PROJ04122,CUS004068,2024-05-13,Cancelled,Paid,447305
ORD00705,PROJ03541,CUS003974,2024-09-23,confirmed,Paid,87479
ORD00706,PROJ04237,CUS002094,2024-11-15,Cancelled,Pending,178993
ORD00707,PROJ02748,CUS000455,2024-08-12,Cancelled,paid,179053
ORD00708,PROJ02474,CUS002024,2025-04-02,Delivered,paid,74914
ORD00709,PROJ04743,CUS003657,2024-11-27,Delivered,Paid,198157
ORD00710,PROJ01643,CUS003312,2024-11-03,confirmed,Paid,346900
ORD00711,PROJ02028,CUS004001,2025-03-05,Confirmed,Paid,218576
ORD00712,PROJ03889,CUS002907,2025-01-18,Shipped,Partial,119838
ORD00713,PROJ03803,CUS002000,2024-12-30,Shipped,Paid,232516
ORD00714,PROJ01984,CUS003120,2025-01-15,Shipped,Paid,57576
ORD00715,PROJ02504,CUS003259,2025-06-05,Shipped,Pending,160296
ORD00716,PROJ02652,CUS002466,2024-09-26,confirmed,Paid,435686
ORD00717,PROJ01049,CUS003043,2024-07-17,confirmed,Partial,138595
ORD00718,PROJ03367,CUS004770,2024-09-24,confirmed,paid,203992
ORD00719,PROJ00245,CUS004114,2024-07-07,Cancelled,Partial,21394
ORD00720,PROJ03258,CUS000786,2025-10-04,Delivered,Paid,344960
ORD00721,PROJ02459,CUS002723,2024-11-24,confirmed,Paid,373271
ORD00722,PROJ01909,CUS003817,2024-04-24,Confirmed,Paid,296959
ORD00723,PROJ01723,CUS003344,2025-03-03,confirmed,paid,136291
ORD00724,PROJ01727,CUS000074,2025-02-12,Shipped,Paid,278008
ORD00725,PROJ03830,CUS000380,2025-05-11,confirmed,Partial,93162
ORD00726,PROJ00515,CUS000211,2024-09-27,confirmed,Partial,223649
ORD00727,PROJ01792,CUS000966,2025-06-02,Cancelled,paid,221337
ORD00728,PROJ02360,CUS001408,2025-02-23,Delivered,Pending,174749
ORD00729,PROJ04880,CUS000121,2025-04-11,Confirmed,Partial,312203
ORD00730,PROJ03133,CUS003031,2024-11-25,confirmed,Pending,177366
ORD00731,PROJ01420,CUS001611,2024-01-08,Cancelled,Partial,429178
ORD00732,PROJ02875,CUS000310,2024-10-06,confirmed,paid,145191
ORD00733,PROJ00969,CUS004103,2024-10-22,Cancelled,Pending,446466
ORD00734,PROJ01087,CUS004123,2024-05-13,Confirmed,Partial,147726
ORD00735,PROJ01599,CUS000731,2024-02-19,Delivered,Paid,176044
ORD00736,PROJ00493,CUS003816,2025-04-25,Confirmed,Partial,469552
ORD00737,PROJ04601,CUS002145,2024-08-12,confirmed,Pending,266604
ORD00738,PROJ03196,CUS003660,2025-04-16,Cancelled,Pending,162026
ORD00739,PROJ02967,CUS002137,2024-10-27,confirmed,paid,105049
ORD00740,PROJ00833,CUS001167,2025-01-02,confirmed,Pending,308316
ORD00741,PROJ01663,CUS000540,2024-08-17,Cancelled,paid,329842
ORD00742,PROJ00254,CUS001441,2024-06-13,Shipped,paid,210301
ORD00743,PROJ04167,CUS000362,2025-01-04,Cancelled,Pending,166421
ORD00744,PROJ04463,CUS004681,2024-03-29,Confirmed,Pending,35023
ORD00745,PROJ03745,CUS004089,2024-04-05,Confirmed,paid,472208
ORD00746,PROJ03230,CUS000832,2025-04-13,Shipped,Paid,68141
ORD00747,PROJ04741,CUS004548,2024-12-19,confirmed,paid,315837
ORD00748,PROJ02690,CUS002799,2024-02-19,confirmed,Paid,482535
ORD00749,PROJ00284,CUS000356,2025-02-10,Confirmed,paid,244275
ORD00750,PROJ04163,CUS003122,2024-04-11,confirmed,Pending,234603
ORD00751,PROJ04910,CUS000223,2024-08-16,confirmed,Paid,405853
ORD00752,PROJ04143,CUS003946,2024-03-05,Shipped,Partial,354228
ORD00753,PROJ02371,CUS004798,2024-04-01,Confirmed,paid,62765
ORD00754,PROJ04290,CUS001073,2024-01-19,Confirmed,Partial,177355
ORD00755,PROJ01967,CUS004066,2025-03-28,Cancelled,Paid,28017
ORD00756,PROJ01600,CUS002509,2024-03-28,Confirmed,Paid,444453
ORD00757,PROJ03333,CUS000170,2024-11-20,Cancelled,Partial,388612
ORD00758,PROJ03713,CUS004064,2025-05-21,Shipped,paid,271511
ORD00759,PROJ02680,CUS000717,2024-08-02,Shipped,Partial,153998
ORD00760,PROJ02644,CUS000487,2024-12-26,Confirmed,Paid,200671
ORD00761,PROJ02657,CUS003032,2025-05-13,confirmed,paid,14016
ORD00762,PROJ04263,CUS004950,2024-06-25,confirmed,paid,280322
ORD00763,PROJ01445,CUS000869,2024-11-23,Shipped,Partial,75877
ORD00764,PROJ02347,CUS001734,2025-02-05,Confirmed,Pending,179895
ORD00765,PROJ01528,CUS003100,2024-07-05,confirmed,paid,435296
ORD00766,PROJ01503,CUS004074,2024-03-24,Shipped,paid,325958
ORD00767,PROJ04657,CUS000982,2024-12-14,Cancelled,paid,332309
ORD00768,PROJ01139,CUS002133,2025-03-22,Cancelled,Pending,162361
ORD00769,PROJ02058,CUS003427,2024-05-17,Shipped,Paid,394906
ORD00770,PROJ03067,CUS003316,2025-01-11,Delivered,Pending,206510
ORD00771,PROJ03799,CUS004464,2025-04-04,Shipped,Pending,377806
ORD00772,PROJ03665,CUS004397,2025-03-20,Confirmed,paid,392397
ORD00773,PROJ00825,CUS001984,2024-10-23,Shipped,Paid,319367
ORD00774,PROJ03758,CUS002949,2024-03-12,confirmed,Partial,209770
ORD00775,PROJ02442,CUS004081,2024-09-30,Cancelled,Pending,480846
ORD00776,PROJ02815,CUS003330,2024-06-17,Cancelled,paid,348862
ORD00777,PROJ00732,CUS001489,2025-04-27,Shipped,Pending,28190
ORD00778,PROJ04581,CUS001888,2025-01-15,confirmed,Paid,337563
ORD00779,PROJ01981,CUS004052,2024-07-29,confirmed,paid,292712
ORD00780,PROJ02697,CUS000868,2025-01-18,Shipped,Paid,404585
ORD00781,PROJ02304,CUS000124,2025-02-10,Shipped,Pending,267944
ORD00782,PROJ02414,CUS002849,2024-12-26,Cancelled,paid,435400
ORD00783,PROJ03758,CUS001443,2024-03-13,Shipped,Paid,86605
ORD00784,PROJ01920,CUS004136,2024-07-28,Shipped,Pending,396233
ORD00785,PROJ03837,CUS002959,2024-03-30,Cancelled,Partial,331196
ORD00786,PROJ02485,CUS000263,2025-07-02,confirmed,Pending,349984
ORD00787,PROJ04117,CUS002415,2024-12-04,confirmed,paid,446570
ORD00788,PROJ02073,CUS004710,2024-05-12,Cancelled,Partial,120692
ORD00789,PROJ04693,CUS004959,2025-01-01,Cancelled,paid,99726
ORD00790,PROJ01714,CUS002101,2024-05-22,Cancelled,Paid,428458
ORD00791,PROJ03889,CUS001294,2024-02-14,Confirmed,Partial,320771
ORD00792,PROJ01837,CUS004644,2025-05-29,Delivered,Paid,191306
ORD00793,PROJ00449,CUS001031,2025-03-23,confirmed,paid,430692
ORD00794,PROJ00228,CUS004887,2024-03-25,Delivered,Pending,163884
ORD00795,PROJ04729,CUS004495,2024-08-01,Delivered,Pending,345902
ORD00796,PROJ03042,CUS001092,2025-01-17,confirmed,Partial,139740
ORD00797,PROJ01451,CUS003692,2024-11-03,Delivered,Partial,63405
ORD00798,PROJ00248,CUS001971,2024-08-01,confirmed,Partial,118319
ORD00799,PROJ03525,CUS000798,2024-06-09,Delivered,Pending,126867
ORD00800,PROJ01074,CUS000171,2024-10-17,Cancelled,paid,323917
ORD00801,PROJ03858,CUS002307,2025-01-02,Shipped,Pending,398167
ORD00802,PROJ01558,CUS003151,2025-04-15,Confirmed,Paid,308522
ORD00803,PROJ00672,CUS002295,2024-12-23,confirmed,Pending,245852
ORD00804,PROJ03180,CUS000029,2024-01-21,Delivered,paid,305916
ORD00805,PROJ03645,CUS004090,2025-01-19,Cancelled,Partial,85091
ORD00806,PROJ01634,CUS000731,2025-07-04,Cancelled,Paid,10791
ORD00807,PROJ02808,CUS000127,2025-04-15,Delivered,Paid,81272
ORD00808,PROJ02360,CUS002022,2025-05-30,Cancelled,paid,214818
ORD00809,PROJ02929,CUS003794,2024-10-13,Shipped,Pending,479487
ORD00810,PROJ03733,CUS001196,2025-03-06,Cancelled,Paid,472560
ORD00811,PROJ03543,CUS004033,2024-09-12,confirmed,Partial,443832
ORD00812,PROJ03455,CUS000330,2025-01-10,Delivered,Pending,105478
ORD00813,PROJ04332,CUS000531,2025-06-15,confirmed,Paid,153234
ORD00814,PROJ03939,CUS004654,2024-06-07,confirmed,Pending,274136
ORD00815,PROJ04958,CUS000662,2024-03-31,Confirmed,Paid,162064
ORD00816,PROJ01197,CUS002354,2025-01-21,Cancelled,Partial,276702
ORD00817,PROJ01436,CUS002550,2025-07-18,Confirmed,Partial,421740
ORD00818,PROJ01244,CUS004896,2025-06-06,Cancelled,paid,61622
ORD00819,PROJ04198,CUS003245,2024-09-21,Cancelled,Paid,89853
ORD00820,PROJ02086,CUS001150,2024-07-24,Shipped,paid,314194
ORD00821,PROJ00088,CUS003794,2025-07-12,Shipped,Paid,37384
ORD00822,PROJ01441,CUS003465,2024-12-12,Shipped,paid,32993
ORD00823,PROJ03385,CUS001131,2024-12-22,Confirmed,Partial,213137
ORD00824,PROJ00450,CUS002011,2024-02-11,Delivered,Paid,326278
ORD00825,PROJ00683,CUS003006,2024-08-02,confirmed,Paid,52249
ORD00826,PROJ04942,CUS002587,2025-03-29,confirmed,Partial,395563
ORD00827,PROJ04550,CUS001333,2025-06-22,Confirmed,paid,24627
ORD00828,PROJ01182,CUS004282,2025-05-21,Confirmed,Partial,125555
ORD00829,PROJ00220,CUS004534,2024-10-12,Shipped,Paid,495790
ORD00830,PROJ04560,CUS001109,2025-02-26,Cancelled,Partial,445931
ORD00831,PROJ00767,CUS001793,2024-09-16,Confirmed,Pending,292976
ORD00832,PROJ04350,CUS002775,2024-04-11,confirmed,Paid,29747
ORD00833,PROJ00187,CUS003372,2025-05-25,Cancelled,Paid,144779
ORD00834,PROJ04161,CUS002353,2025-01-10,Delivered,Paid,192110
ORD00835,PROJ00409,CUS000340,2024-06-20,confirmed,Pending,398070
ORD00836,PROJ03552,CUS003581,2025-02-06,Delivered,Pending,210844
ORD00837,PROJ00643,CUS000843,2024-08-03,Delivered,Partial,423955
ORD00838,PROJ02967,CUS000064,2025-02-13,Shipped,paid,35729
ORD00839,PROJ02033,CUS001099,2024-12-22,Shipped,paid,277012
ORD00840,PROJ00859,CUS001162,2024-04-23,confirmed,Partial,216822
ORD00841,PROJ00267,CUS003710,2025-03-01,Delivered,Paid,6296
ORD00842,PROJ00033,CUS002808,2024-05-25,Delivered,Paid,168383
ORD00843,PROJ04272,CUS004003,2024-10-23,Delivered,paid,97083
ORD00844,PROJ02029,CUS004896,2025-01-01,Shipped,Pending,48856
ORD00845,PROJ00752,CUS002429,2025-06-29,Delivered,paid,365909
ORD00846,PROJ03242,CUS004418,2025-02-17,confirmed,Pending,361379
ORD00847,PROJ01055,CUS003248,2024-12-08,Shipped,Paid,155933
ORD00848,PROJ01158,CUS001844,2025-03-01,Delivered,Pending,379013
ORD00849,PROJ04338,CUS002030,2025-01-05,confirmed,paid,176794
ORD00850,PROJ04153,CUS001881,2024-12-22,Delivered,Pending,355704
ORD00851,PROJ00565,CUS001038,2025-01-11,Cancelled,paid,114841
ORD00852,PROJ00297,CUS001611,2024-09-05,Cancelled,Paid,478358
ORD00853,PROJ00209,CUS004497,2024-07-19,Delivered,paid,363348
ORD00854,PROJ00104,CUS004193,2024-10-15,confirmed,Pending,30815
ORD00855,PROJ01637,CUS002293,2025-01-08,Cancelled,Paid,327255
ORD00856,PROJ01070,CUS002700,2025-06-21,Shipped,Paid,489063
ORD00857,PROJ00821,CUS004864,2024-08-18,Shipped,Pending,477885
ORD00858,PROJ03039,CUS002753,2025-10-18,Cancelled,Pending,134622
ORD00859,PROJ04516,CUS000216,2025-02-27,confirmed,Partial,355528
ORD00860,PROJ04663,CUS001448,2024-04-03,Confirmed,Pending,338861
ORD00861,PROJ02713,CUS001413,2024-12-24,Cancelled,Pending,404024
ORD00862,PROJ00864,CUS004254,2024-09-30,confirmed,paid,409415
ORD00863,PROJ04260,CUS004651,2024-09-07,confirmed,Paid,466939
ORD00864,PROJ00087,CUS000110,2024-11-21,Shipped,paid,67790
ORD00865,PROJ04460,CUS001340,2024-12-09,Cancelled,Pending,39884
ORD00866,PROJ02988,CUS003397,2025-02-13,Confirmed,Pending,53152
ORD00867,PROJ04746,CUS000445,2024-07-17,Cancelled,Partial,36171
ORD00868,PROJ00156,CUS002552,2024-12-11,Delivered,Pending,139531
ORD00869,PROJ00702,CUS002726,2024-10-26,Confirmed,Pending,40526
ORD00870,PROJ01603,CUS001478,2024-11-08,Delivered,Partial,473226
ORD00871,PROJ03827,CUS004863,2024-11-24,Shipped,Paid,28106
ORD00872,PROJ02567,CUS000581,2024-04-25,Delivered,Pending,394489
ORD00873,PROJ03827,CUS002863,2024-11-17,Confirmed,Partial,284578
ORD00874,PROJ01577,CUS003525,2025-02-04,Confirmed,paid,127508
ORD00875,PROJ00184,CUS003840,2024-05-05,Delivered,Pending,178583
ORD00876,PROJ01953,CUS003768,2025-01-08,Shipped,Pending,304633
ORD00877,PROJ00699,CUS004512,2024-08-29,Shipped,Pending,92722
ORD00878,PROJ04135,CUS002767,2024-12-18,Shipped,paid,15561
ORD00879,PROJ04276,CUS000016,2024-06-15,Delivered,paid,118154
ORD00880,PROJ00653,CUS001781,2025-02-07,Delivered,Partial,476823
ORD00881,PROJ04327,CUS000173,2024-12-22,Confirmed,paid,78066
ORD00882,PROJ03749,CUS003340,2025-01-08,Delivered,Partial,477043
ORD00883,PROJ00426,CUS004997,2024-07-07,Delivered,paid,165780
ORD00884,PROJ03961,CUS000936,2024-12-27,Confirmed,Partial,230942
ORD00885,PROJ01006,CUS003344,2025-02-19,Shipped,paid,11752
ORD00886,PROJ03238,CUS004263,2025-03-14,Cancelled,Pending,269081
ORD00887,PROJ00622,CUS001887,2024-09-18,Shipped,paid,433034
ORD00888,PROJ00940,CUS004227,2024-07-10,Cancelled,Paid,18576
ORD00889,PROJ01285,CUS000005,2024-11-11,Delivered,Partial,414405
ORD00890,PROJ01827,CUS002636,2024-10-24,Confirmed,Pending,257398
ORD00891,PROJ01874,CUS002593,2024-08-26,Delivered,Pending,350056
ORD00892,PROJ00534,CUS003562,2025-08-26,Cancelled,paid,56784
ORD00893,PROJ01069,CUS003718,2025-07-27,confirmed,paid,43555
ORD00894,PROJ02693,CUS000910,2024-07-31,Shipped,Pending,396499
ORD00895,PROJ01143,CUS000948,2025-01-23,confirmed,Paid,45185
ORD00896,PROJ01057,CUS004655,2025-01-25,Confirmed,Partial,282215
ORD00897,PROJ04347,CUS002096,2024-06-17,Confirmed,Partial,446377
ORD00898,PROJ02539,CUS004251,2024-05-16,Delivered,Partial,163679
ORD00899,PROJ04540,CUS004090,2024-05-27,Cancelled,Paid,358984
ORD00900,PROJ02923,CUS001539,2024-08-04,confirmed,Partial,191049
ORD00901,PROJ01939,CUS004478,2024-09-29,Confirmed,Partial,87627
ORD00902,PROJ01248,CUS000465,2025-06-22,confirmed,Partial,296809
ORD00903,PROJ00045,CUS001774,2024-08-20,Shipped,Partial,464806
ORD00904,PROJ03505,CUS003194,2024-05-04,confirmed,Pending,360597
ORD00905,PROJ02217,CUS001091,2024-09-26,confirmed,paid,322475
ORD00906,PROJ04201,CUS002588,2024-09-26,Confirmed,Pending,51705
ORD00907,PROJ01941,CUS000937,2024-02-24,Shipped,Pending,247446
ORD00908,PROJ00492,CUS000588,2024-06-21,Confirmed,Pending,22110
ORD00909,PROJ02011,CUS000901,2024-12-17,Delivered,Partial,148288
ORD00910,PROJ03089,CUS004845,2025-04-11,Confirmed,paid,85351
ORD00911,PROJ00428,CUS002638,2025-01-22,Cancelled,Paid,35187
ORD00912,PROJ01114,CUS000434,2024-10-01,Delivered,Pending,446056
ORD00913,PROJ00293,CUS002629,2024-07-22,confirmed,Pending,400058
ORD00914,PROJ04818,CUS004405,2025-01-11,Shipped,Partial,84798
ORD00915,PROJ01873,CUS003779,2024-11-02,Cancelled,Pending,263442
ORD00916,PROJ00492,CUS003917,2024-06-23,Shipped,Paid,151998
ORD00917,PROJ03357,CUS004965,2024-09-07,Delivered,paid,145413
ORD00918,PROJ00793,CUS002916,2025-01-15,Delivered,Partial,436951
ORD00919,PROJ02266,CUS002268,2024-09-27,Cancelled,Paid,101688
ORD00920,PROJ00489,CUS001303,2024-08-26,Confirmed,paid,316909
ORD00921,PROJ01928,CUS000538,2024-03-01,Delivered,Paid,415319
ORD00922,PROJ03516,CUS004447,2024-01-16,Delivered,Paid,110151
ORD00923,PROJ00989,CUS000449,2024-10-22,Shipped,Paid,246824
ORD00924,PROJ03971,CUS001775,2024-08-14,Confirmed,Paid,299293
ORD00925,PROJ00804,CUS003140,2024-08-11,Shipped,Paid,169979
ORD00926,PROJ01741,CUS003438,2024-12-25,Confirmed,Partial,264092
ORD00927,PROJ01328,CUS002237,2025-09-05,Cancelled,Paid,261242
ORD00928,PROJ04502,CUS001007,2025-04-14,Delivered,Partial,294629
ORD00929,PROJ03119,CUS001118,2024-12-18,Cancelled,Partial,114439
ORD00930,PROJ04126,CUS002973,2024-02-24,Cancelled,Partial,452072
ORD00931,PROJ02412,CUS000807,2025-06-07,confirmed,Partial,145794
ORD00932,PROJ02620,CUS004908,2024-11-12,Cancelled,paid,423181
ORD00933,PROJ00392,CUS004675,2024-11-20,Confirmed,paid,140001
ORD00934,PROJ02555,CUS003086,2024-09-12,Shipped,paid,51079
ORD00935,PROJ04231,CUS000287,2025-04-17,Delivered,Paid,493510
ORD00936,PROJ01450,CUS001785,2024-09-06,Delivered,Paid,336524
ORD00937,PROJ04831,CUS002393,2025-02-21,Confirmed,Pending,23781
ORD00938,PROJ02024,CUS001722,2024-10-31,Cancelled,Pending,417140
ORD00939,PROJ02601,CUS001384,2024-10-04,Delivered,paid,55372
ORD00940,PROJ02428,CUS001541,2024-12-31,Delivered,paid,428191
ORD00941,PROJ01071,CUS004613,2024-12-19,Delivered,Paid,412926
ORD00942,PROJ00803,CUS002666,2025-09-04,confirmed,paid,464676
ORD00943,PROJ00087,CUS002628,2024-12-25,Cancelled,paid,71007
ORD00944,PROJ02567,CUS002663,2024-08-26,Cancelled,Pending,298284
ORD00945,PROJ02581,CUS000737,2025-01-20,confirmed,Paid,401706
ORD00946,PROJ01981,CUS001021,2025-11-08,confirmed,Paid,456465
ORD00947,PROJ04731,CUS001192,2025-09-17,Delivered,Partial,491213
ORD00948,PROJ03680,CUS001486,2025-01-05,Cancelled,Pending,336257
ORD00949,PROJ04255,CUS002231,2024-09-06,Confirmed,Pending,184258
ORD00950,PROJ01712,CUS003091,2025-03-19,Cancelled,paid,131900
ORD00951,PROJ00044,CUS003726,2024-09-04,Delivered,Partial,441449
ORD00952,PROJ01692,CUS000851,2025-03-31,Cancelled,paid,467461
ORD00953,PROJ01085,CUS004252,2025-01-27,Cancelled,Partial,52641
ORD00954,PROJ02769,CUS000213,2024-12-29,Cancelled,paid,384897
ORD00955,PROJ01352,CUS000275,2024-07-20,Confirmed,Pending,194055
ORD00956,PROJ02902,CUS004714,2024-07-22,Shipped,paid,295856
ORD00957,PROJ00150,CUS003513,2024-02-26,Shipped,paid,219970
ORD00958,PROJ04311,CUS001406,2024-08-22,Cancelled,Paid,164925
ORD00959,PROJ01729,CUS002856,2025-06-07,Cancelled,Paid,283271
ORD00960,PROJ03803,CUS003096,2025-02-03,Shipped,Pending,87597
ORD00961,PROJ00572,CUS002792,2025-01-08,Shipped,paid,49600
ORD00962,PROJ04476,CUS000870,2025-07-17,Cancelled,paid,410036
ORD00963,PROJ01865,CUS001270,2025-01-16,confirmed,Pending,312777
ORD00964,PROJ01892,CUS002498,2025-07-13,Cancelled,Paid,201435
ORD00965,PROJ00703,CUS002784,2024-09-28,confirmed,Paid,342336
ORD00966,PROJ01213,CUS000876,2024-12-23,confirmed,paid,345227
ORD00967,PROJ01955,CUS001356,2025-07-21,Shipped,Paid,492825
ORD00968,PROJ03080,CUS003632,2024-11-07,Confirmed,Pending,108661
ORD00969,PROJ04962,CUS002764,2025-05-31,Shipped,Partial,471842
ORD00970,PROJ02110,CUS003984,2025-05-05,confirmed,Partial,310516
ORD00971,PROJ04553,CUS002516,2025-01-11,Cancelled,Paid,440937
ORD00972,PROJ01258,CUS001154,2024-04-15,Delivered,Pending,306476
ORD00973,PROJ03656,CUS002096,2025-04-12,Delivered,paid,223941
ORD00974,PROJ04657,CUS003650,2024-10-30,Shipped,Partial,178822
ORD00975,PROJ00532,CUS000630,2025-03-18,Delivered,paid,167451
ORD00976,PROJ04854,CUS000769,2024-11-02,confirmed,Paid,284053
ORD00977,PROJ00937,CUS000334,2024-06-01,Cancelled,Partial,415207
ORD00978,PROJ03411,CUS001078,2025-06-23,confirmed,paid,134834
ORD00979,PROJ02197,CUS001037,2024-04-21,Confirmed,Partial,29622
ORD00980,PROJ00049,CUS004663,2024-07-25,Cancelled,Partial,141762
ORD00981,PROJ02851,CUS002397,2024-10-26,Confirmed,Paid,383402
ORD00982,PROJ02111,CUS004873,2025-02-14,Delivered,paid,426886
ORD00983,PROJ04683,CUS002351,2024-08-20,Confirmed,paid,142240
ORD00984,PROJ04170,CUS004050,2024-10-14,confirmed,Pending,350495
ORD00985,PROJ00147,CUS004722,2024-05-30,Shipped,Partial,407636
ORD00986,PROJ03085,CUS001383,2025-01-03,Shipped,Paid,309826
ORD00987,PROJ00214,CUS004506,2024-11-08,Shipped,paid,39194
ORD00988,PROJ01974,CUS000245,2024-12-06,Cancelled,Partial,268089
ORD00989,PROJ01969,CUS004898,2024-11-16,Shipped,paid,292621
ORD00990,PROJ04239,CUS002219,2024-10-18,Delivered,Pending,372787
ORD00991,PROJ02991,CUS001648,2025-02-12,Cancelled,Pending,60143
ORD00992,PROJ00670,CUS004581,2025-11-19,confirmed,paid,411241
ORD00993,PROJ01012,CUS002870,2025-02-28,Delivered,Partial,194005
ORD00994,PROJ04713,CUS000396,2025-04-01,confirmed,Paid,224188
ORD00995,PROJ04129,CUS002661,2024-07-18,Cancelled,Pending,64815
ORD00996,PROJ01175,CUS004833,2024-12-28,Delivered,Partial,256429
ORD00997,PROJ01452,CUS003962,2024-08-30,confirmed,paid,184485
ORD00998,PROJ01622,CUS001351,2024-08-04,Confirmed,Partial,37923
ORD00999,PROJ01585,CUS000186,2024-12-16,Shipped,paid,439614
ORD01000,PROJ02155,CUS001163,2025-01-19,Delivered,Paid,433843
ORD01001,PROJ03392,CUS004983,2025-07-14,Cancelled,Paid,372904
ORD01002,PROJ04370,CUS000556,2024-08-16,Shipped,Partial,463056
ORD01003,PROJ04863,CUS004692,2024-03-08,confirmed,paid,19800
ORD01004,PROJ02261,CUS001063,2025-01-29,Confirmed,Partial,309487
ORD01005,PROJ00974,CUS000635,2024-10-16,confirmed,Pending,87609
ORD01006,PROJ03697,CUS004961,2025-06-08,Cancelled,Pending,344340
ORD01007,PROJ00755,CUS001370,2024-09-19,confirmed,Pending,5442
ORD01008,PROJ02694,CUS004467,2024-09-08,Shipped,Pending,472283
ORD01009,PROJ01501,CUS003248,2024-06-17,Shipped,Pending,499295
ORD01010,PROJ01215,CUS000617,2025-06-14,Shipped,Partial,362262
ORD01011,PROJ00963,CUS002884,2025-10-21,Confirmed,Partial,100134
ORD01012,PROJ02711,CUS000584,2025-01-04,Delivered,paid,321616
ORD01013,PROJ00112,CUS000100,2024-12-26,Delivered,Paid,321013
ORD01014,PROJ02292,CUS002500,2025-02-17,confirmed,Partial,134310
ORD01015,PROJ04409,CUS004570,2024-09-28,Delivered,Paid,53499
ORD01016,PROJ01775,CUS003990,2024-11-25,Shipped,Partial,477095
ORD01017,PROJ02134,CUS002365,2025-04-13,Cancelled,paid,471827
ORD01018,PROJ03121,CUS001203,2024-09-29,confirmed,Paid,107144
ORD01019,PROJ00855,CUS003392,2024-11-15,Delivered,paid,76006
ORD01020,PROJ00133,CUS004078,2024-11-13,confirmed,Paid,288457
ORD01021,PROJ02583,CUS003221,2025-04-14,Cancelled,paid,366656
ORD01022,PROJ01453,CUS000749,2024-10-26,Confirmed,paid,264859
ORD01023,PROJ02181,CUS004561,2024-11-19,Confirmed,paid,476015
ORD01024,PROJ04454,CUS001367,2025-02-25,Confirmed,paid,88374
ORD01025,PROJ02368,CUS001368,2024-08-24,Shipped,Pending,446252
ORD01026,PROJ01406,CUS002064,2024-06-11,Confirmed,Partial,473224
ORD01027,PROJ02520,CUS003148,2024-05-10,Shipped,Partial,16152
ORD01028,PROJ00417,CUS004535,2025-03-08,Delivered,Pending,449669
ORD01029,PROJ04886,CUS004763,2025-03-28,Shipped,Partial,449473
ORD01030,PROJ02036,CUS002303,2025-01-05,Cancelled,Pending,383894
ORD01031,PROJ03028,CUS001190,2025-01-17,Confirmed,Paid,216445
ORD01032,PROJ04745,CUS000244,2025-01-15,Delivered,Partial,255712
ORD01033,PROJ01576,CUS001985,2025-01-16,Delivered,Partial,84160
ORD01034,PROJ04434,CUS004592,2025-02-05,Confirmed,Pending,379026
ORD01035,PROJ01902,CUS001962,2024-11-15,Cancelled,Pending,439136
ORD01036,PROJ00720,CUS001670,2024-04-10,Cancelled,Partial,194064
ORD01037,PROJ03944,CUS002958,2024-07-16,Cancelled,Pending,142753
ORD01038,PROJ04118,CUS002678,2024-07-02,confirmed,paid,446599
ORD01039,PROJ04891,CUS001720,2024-07-30,Shipped,Pending,287453
ORD01040,PROJ02695,CUS002561,2025-03-03,Shipped,paid,23845
ORD01041,PROJ00172,CUS000450,2025-05-20,Cancelled,paid,191087
ORD01042,PROJ04864,CUS000128,2024-11-08,Shipped,Paid,226207
ORD01043,PROJ02063,CUS003402,2024-10-09,Delivered,Pending,173646
ORD01044,PROJ01120,CUS003546,2024-11-20,Shipped,Partial,254755
ORD01045,PROJ04562,CUS004045,2024-07-13,Shipped,Paid,42053
ORD01046,PROJ04702,CUS000811,2024-10-25,confirmed,Pending,262330
ORD01047,PROJ04713,CUS000289,2024-07-13,Cancelled,Partial,147822
ORD01048,PROJ00968,CUS004224,2024-03-03,Cancelled,Pending,356900
ORD01049,PROJ02056,CUS002128,2024-05-12,Cancelled,Paid,368361
ORD01050,PROJ02911,CUS002096,2025-06-18,Delivered,paid,97388
ORD01051,PROJ01461,CUS000783,2025-04-11,Confirmed,paid,306909
ORD01052,PROJ01605,CUS000039,2024-08-27,Confirmed,Paid,54425
ORD01053,PROJ02195,CUS001139,2024-11-11,Cancelled,Paid,268478
ORD01054,PROJ01949,CUS003728,2024-08-19,Shipped,paid,234589
ORD01055,PROJ03514,CUS004009,2024-10-31,Delivered,paid,485226
ORD01056,PROJ00357,CUS004801,2024-09-13,Delivered,Paid,440199
ORD01057,PROJ03316,CUS000568,2024-12-16,Delivered,Partial,452003
ORD01058,PROJ00866,CUS003975,2024-06-02,Shipped,Paid,171320
ORD01059,PROJ03331,CUS002133,2024-10-24,Cancelled,paid,216791
ORD01060,PROJ04446,CUS001207,2025-07-12,Confirmed,Pending,133440
ORD01061,PROJ03583,CUS001821,2024-10-31,Confirmed,paid,216411
ORD01062,PROJ02815,CUS000632,2024-05-11,Shipped,paid,132755
ORD01063,PROJ00936,CUS004166,2025-03-14,Shipped,Pending,210159
ORD01064,PROJ03168,CUS001854,2024-10-06,Confirmed,paid,11021
ORD01065,PROJ04561,CUS004953,2025-03-23,Delivered,Partial,293634
ORD01066,PROJ02882,CUS004253,2025-02-03,Confirmed,Paid,315117
ORD01067,PROJ03172,CUS001129,2025-07-10,Delivered,Partial,364737
ORD01068,PROJ02557,CUS000311,2025-06-28,Confirmed,paid,243456
ORD01069,PROJ02080,CUS003511,2024-03-17,Cancelled,Paid,454363
ORD01070,PROJ02681,CUS001257,2024-05-31,Delivered,Pending,101515
ORD01071,PROJ04948,CUS002338,2024-02-03,Cancelled,paid,154272
ORD01072,PROJ03471,CUS002927,2024-07-24,Delivered,Paid,472394
ORD01073,PROJ00290,CUS002884,2024-09-10,Shipped,Paid,99984
ORD01074,PROJ00214,CUS001677,2025-01-12,Confirmed,Partial,276664
ORD01075,PROJ04192,CUS002188,2024-12-19,Cancelled,Pending,89456
ORD01076,PROJ00801,CUS003385,2024-12-25,Confirmed,Paid,381789
ORD01077,PROJ00960,CUS002202,2024-02-06,Shipped,Pending,323954
ORD01078,PROJ04575,CUS004227,2025-10-02,Delivered,Partial,264903
ORD01079,PROJ04331,CUS003808,2025-03-06,Shipped,Paid,409125
ORD01080,PROJ03970,CUS002690,2024-12-04,Shipped,Pending,481398
ORD01081,PROJ01449,CUS004501,2025-10-13,Confirmed,Pending,384697
ORD01082,PROJ03979,CUS001418,2025-01-22,Cancelled,Paid,307749
ORD01083,PROJ03139,CUS000540,2024-10-08,Confirmed,Paid,258116
ORD01084,PROJ02178,CUS001083,2024-11-06,Confirmed,paid,441570
ORD01085,PROJ04101,CUS004405,2024-05-28,Shipped,Paid,266290
ORD01086,PROJ03814,CUS001294,2025-01-19,Cancelled,Paid,76698
ORD01087,PROJ00852,CUS002131,2025-09-24,Shipped,Pending,400469
ORD01088,PROJ00433,CUS004157,2024-11-05,Shipped,paid,114590
ORD01089,PROJ00515,CUS002876,2025-04-06,Delivered,Paid,275954
ORD01090,PROJ00356,CUS004282,2024-05-12,Cancelled,Paid,341521
ORD01091,PROJ04502,CUS002364,2025-08-21,Delivered,Pending,449409
ORD01092,PROJ01798,CUS003496,2024-07-24,Delivered,Pending,449222
ORD01093,PROJ03160,CUS000983,2024-06-03,Delivered,Partial,425672
ORD01094,PROJ03531,CUS004188,2024-03-22,Confirmed,paid,172670
ORD01095,PROJ00190,CUS002070,2024-09-23,Confirmed,Paid,271183
ORD01096,PROJ00912,CUS001449,2025-01-07,Confirmed,Paid,10950
ORD01097,PROJ03113,CUS003696,2025-11-05,Cancelled,Partial,131841
ORD01098,PROJ01327,CUS002600,2024-11-14,confirmed,paid,289561
ORD01099,PROJ00588,CUS004222,2025-03-29,Cancelled,Pending,246648
ORD01100,PROJ04997,CUS003551,2025-02-14,confirmed,Partial,412308
ORD01101,PROJ02220,CUS000154,2024-09-10,Confirmed,paid,318620
ORD01102,PROJ03420,CUS000242,2024-08-29,Shipped,Paid,372633
ORD01103,PROJ03964,CUS001489,2025-09-01,Delivered,Paid,397260
ORD01104,PROJ03471,CUS004104,2024-06-27,Shipped,paid,181744
ORD01105,PROJ04533,CUS001892,2024-09-07,confirmed,Paid,41954
ORD01106,PROJ01767,CUS002507,2024-06-05,Delivered,Paid,73093
ORD01107,PROJ00835,CUS003397,2025-03-01,Confirmed,Paid,426967
ORD01108,PROJ03330,CUS004400,2024-08-03,Delivered,Paid,127289
ORD01109,PROJ01155,CUS003734,2024-07-28,Delivered,Pending,167751
ORD01110,PROJ04141,CUS000337,2024-10-19,Shipped,Paid,487407
ORD01111,PROJ03936,CUS000468,2024-12-26,confirmed,Partial,407892
ORD01112,PROJ02568,CUS000913,2024-11-09,Delivered,Pending,69657
ORD01113,PROJ01015,CUS000166,2024-03-17,confirmed,paid,419475
ORD01114,PROJ02782,CUS003459,2024-04-11,Delivered,paid,165877
ORD01115,PROJ00075,CUS003433,2025-07-21,Cancelled,Pending,8540
ORD01116,PROJ04610,CUS000348,2025-03-19,Cancelled,Paid,153378
ORD01117,PROJ01115,CUS000209,2025-06-13,confirmed,paid,389483
ORD01118,PROJ02442,CUS001539,2024-09-28,Confirmed,Partial,245862
ORD01119,PROJ02916,CUS004505,2024-02-20,Cancelled,paid,322963
ORD01120,PROJ01399,CUS003126,2024-09-27,Shipped,Pending,167253
ORD01121,PROJ04155,CUS000966,2024-05-25,confirmed,Partial,234458
ORD01122,PROJ02804,CUS003457,2024-07-31,Confirmed,Partial,341410
ORD01123,PROJ03943,CUS002177,2025-05-08,Confirmed,paid,281189
ORD01124,PROJ01718,CUS001358,2025-02-10,Delivered,Paid,484847
ORD01125,PROJ01470,CUS001031,2024-09-11,Shipped,paid,491462
ORD01126,PROJ02917,CUS003267,2024-09-04,confirmed,Paid,168283
ORD01127,PROJ04574,CUS001121,2025-06-04,Shipped,Paid,324031
ORD01128,PROJ03194,CUS003582,2024-06-14,Shipped,Partial,360243
ORD01129,PROJ02599,CUS003143,2025-01-30,Confirmed,Paid,34453
ORD01130,PROJ04137,CUS004060,2025-03-08,Confirmed,Paid,388234
ORD01131,PROJ02041,CUS003711,2025-05-31,confirmed,paid,437698
ORD01132,PROJ00570,CUS000705,2024-01-10,Delivered,Paid,392196
ORD01133,PROJ02531,CUS003041,2024-06-03,Confirmed,Paid,359553
ORD01134,PROJ01191,CUS001481,2024-12-08,Cancelled,Pending,299084
ORD01135,PROJ04302,CUS003870,2024-10-27,Delivered,Paid,119154
ORD01136,PROJ00601,CUS004366,2025-02-06,confirmed,Pending,16362
ORD01137,PROJ03470,CUS001033,2024-08-12,Confirmed,Paid,361759
ORD01138,PROJ02209,CUS001364,2025-03-06,Cancelled,Partial,48126
ORD01139,PROJ01811,CUS000803,2024-06-11,Confirmed,Partial,61716
ORD01140,PROJ02427,CUS004970,2025-01-04,Delivered,paid,249430
ORD01141,PROJ01481,CUS004558,2024-12-02,Delivered,paid,355768
ORD01142,PROJ02736,CUS000530,2024-12-26,Shipped,paid,191330
ORD01143,PROJ00764,CUS003456,2025-04-02,confirmed,paid,353872
ORD01144,PROJ03526,CUS004977,2025-09-17,confirmed,paid,5087
ORD01145,PROJ01994,CUS004786,2024-06-16,Shipped,Pending,185975
ORD01146,PROJ04199,CUS003086,2024-12-13,Shipped,Partial,263408
ORD01147,PROJ02410,CUS004469,2025-01-19,Shipped,paid,276499
ORD01148,PROJ00459,CUS003047,2025-02-11,Delivered,Partial,304748
ORD01149,PROJ00835,CUS002714,2024-09-13,Delivered,paid,290208
ORD01150,PROJ01416,CUS004468,2024-06-08,Delivered,Pending,247980
ORD01151,PROJ04890,CUS001180,2024-09-19,Confirmed,Partial,406612
ORD01152,PROJ00799,CUS004404,2025-04-30,Shipped,Paid,111673
ORD01153,PROJ03734,CUS001731,2025-03-03,Confirmed,Paid,116718
ORD01154,PROJ01890,CUS001561,2024-11-03,Delivered,Paid,368716
ORD01155,PROJ02704,CUS002147,2025-05-13,Confirmed,Pending,129271
ORD01156,PROJ02944,CUS000943,2024-05-17,Shipped,Partial,25160
ORD01157,PROJ00480,CUS000088,2025-01-07,Confirmed,paid,272005
ORD01158,PROJ02634,CUS004372,2024-12-17,confirmed,Paid,174282
ORD01159,PROJ01186,CUS002099,2025-02-07,Cancelled,Paid,148045
ORD01160,PROJ00043,CUS003686,2024-08-14,Cancelled,Pending,10396
ORD01161,PROJ04276,CUS004061,2025-07-22,Shipped,paid,410089
ORD01162,PROJ01291,CUS000842,2025-06-13,Delivered,paid,280315
ORD01163,PROJ01219,CUS004057,2025-02-03,Delivered,Pending,44786
ORD01164,PROJ02845,CUS002102,2025-05-07,confirmed,Paid,72034
ORD01165,PROJ01098,CUS004545,2024-12-10,Shipped,Paid,224030
ORD01166,PROJ04407,CUS000290,2025-03-15,Cancelled,paid,108983
ORD01167,PROJ04595,CUS004862,2025-10-07,Cancelled,Paid,356499
ORD01168,PROJ04838,CUS004702,2024-04-25,Confirmed,paid,469677
ORD01169,PROJ02816,CUS004793,2024-09-03,Shipped,Partial,284607
ORD01170,PROJ03411,CUS000133,2025-01-01,Delivered,paid,134025
ORD01171,PROJ01329,CUS001232,2024-12-15,Cancelled,Pending,294441
ORD01172,PROJ04303,CUS000108,2024-12-18,Cancelled,Pending,20122
ORD01173,PROJ00702,CUS004067,2024-08-05,Shipped,Partial,256628
ORD01174,PROJ02413,CUS001681,2025-09-16,confirmed,paid,365737
ORD01175,PROJ03703,CUS001692,2025-05-03,confirmed,Paid,29542
ORD01176,PROJ02277,CUS001365,2024-12-12,Delivered,Paid,275576
ORD01177,PROJ01153,CUS001523,2024-06-28,Delivered,paid,133000
ORD01178,PROJ04350,CUS004625,2024-05-04,Shipped,Pending,12812
ORD01179,PROJ03399,CUS001190,2025-05-27,Delivered,Partial,240614
ORD01180,PROJ03741,CUS004814,2025-07-03,Delivered,Partial,117466
ORD01181,PROJ03198,CUS001567,2024-10-05,Confirmed,paid,262635
ORD01182,PROJ03224,CUS002265,2025-01-23,confirmed,Pending,338096
ORD01183,PROJ01768,CUS001530,2025-06-07,Delivered,paid,298595
ORD01184,PROJ00027,CUS000380,2024-07-08,confirmed,paid,251400
ORD01185,PROJ00539,CUS002026,2025-01-19,Confirmed,paid,281510
ORD01186,PROJ02969,CUS002292,2025-01-26,Confirmed,paid,456943
ORD01187,PROJ03516,CUS003746,2024-01-11,Shipped,Paid,9984
ORD01188,PROJ01719,CUS001038,2024-03-21,Confirmed,Pending,55990
ORD01189,PROJ00090,CUS004378,2024-05-04,Confirmed,paid,315109
ORD01190,PROJ03452,CUS002050,2024-07-20,Cancelled,Paid,191344
ORD01191,PROJ00415,CUS003475,2024-12-15,Confirmed,paid,79181
ORD01192,PROJ01627,CUS000078,2025-01-04,Shipped,Paid,227460
ORD01193,PROJ00966,CUS003944,2025-10-07,confirmed,paid,215734
ORD01194,PROJ03318,CUS000052,2024-12-24,confirmed,paid,148481
ORD01195,PROJ04463,CUS001170,2024-07-09,Cancelled,Pending,459057
ORD01196,PROJ01081,CUS003016,2025-06-24,Confirmed,Partial,89623
ORD01197,PROJ04017,CUS002875,2024-04-16,Shipped,paid,206233
ORD01198,PROJ04416,CUS002766,2025-09-10,Cancelled,Paid,144191
ORD01199,PROJ00033,CUS002819,2025-04-19,Delivered,paid,266583
ORD01200,PROJ04851,CUS004633,2024-12-30,Confirmed,Paid,343372
ORD01201,PROJ02346,CUS000199,2025-01-12,Delivered,Partial,43679
ORD01202,PROJ00481,CUS001298,2025-05-28,Shipped,Pending,324232
ORD01203,PROJ02381,CUS000160,2024-11-25,Shipped,Paid,80951
ORD01204,PROJ04372,CUS000002,2024-11-27,Cancelled,paid,496716
ORD01205,PROJ03702,CUS002948,2024-03-22,Delivered,Partial,185574
ORD01206,PROJ01304,CUS004785,2024-02-03,Shipped,Pending,440152
ORD01207,PROJ04487,CUS000813,2025-01-20,Confirmed,Paid,467483
ORD01208,PROJ03330,CUS003207,2024-06-18,Cancelled,Paid,184791
ORD01209,PROJ03292,CUS003914,2025-02-02,Confirmed,Partial,443745
ORD01210,PROJ04301,CUS003147,2025-03-01,Delivered,Pending,277207
ORD01211,PROJ03205,CUS002353,2024-12-09,Delivered,Pending,479074
ORD01212,PROJ03654,CUS000124,2024-12-09,Cancelled,Partial,268667
ORD01213,PROJ00659,CUS004111,2025-06-20,Delivered,paid,295116
ORD01214,PROJ03106,CUS002854,2025-09-09,Cancelled,Partial,493143
ORD01215,PROJ01716,CUS002761,2024-09-29,Confirmed,paid,91159
ORD01216,PROJ00062,CUS000460,2024-09-06,Confirmed,paid,32970
ORD01217,PROJ00098,CUS000860,2024-11-17,Shipped,Paid,224382
ORD01218,PROJ04501,CUS002569,2024-12-07,confirmed,Pending,409967
ORD01219,PROJ01232,CUS003304,2025-03-29,confirmed,Paid,291681
ORD01220,PROJ03873,CUS001347,2024-12-23,Shipped,Partial,52787
ORD01221,PROJ04801,CUS001687,2024-03-27,Confirmed,Pending,105928
ORD01222,PROJ01323,CUS000839,2024-12-12,Delivered,Partial,436322
ORD01223,PROJ03344,CUS003055,2025-09-12,Cancelled,Pending,347393
ORD01224,PROJ03256,CUS002946,2024-02-29,Delivered,Pending,179376
ORD01225,PROJ04729,CUS003349,2024-12-04,Cancelled,Partial,212630
ORD01226,PROJ01090,CUS002111,2024-07-13,Shipped,paid,472372
ORD01227,PROJ00921,CUS004647,2025-05-18,Shipped,Partial,451420
ORD01228,PROJ03266,CUS001309,2024-07-03,confirmed,Paid,155456
ORD01229,PROJ00153,CUS001138,2024-12-26,Delivered,paid,177996
ORD01230,PROJ00624,CUS003712,2025-01-06,Shipped,Partial,114889
ORD01231,PROJ01884,CUS000728,2024-10-20,Delivered,Paid,425224
ORD01232,PROJ00223,CUS000324,2024-03-01,Confirmed,Partial,49072
ORD01233,PROJ01351,CUS001162,2024-07-16,Confirmed,Paid,476058
ORD01234,PROJ03272,CUS001811,2024-03-14,confirmed,paid,72513
ORD01235,PROJ02123,CUS004378,2025-03-20,Delivered,Paid,89037
ORD01236,PROJ00297,CUS002304,2024-12-11,Confirmed,Paid,166759
ORD01237,PROJ02837,CUS000251,2024-07-10,Shipped,paid,15017
ORD01238,PROJ03090,CUS001456,2024-05-08,confirmed,Partial,238741
ORD01239,PROJ01192,CUS002546,2024-09-24,confirmed,Pending,466483
ORD01240,PROJ01125,CUS003824,2024-01-12,Confirmed,Paid,212463
ORD01241,PROJ01507,CUS004632,2025-04-10,Cancelled,Partial,224580
ORD01242,PROJ02423,CUS004488,2025-03-20,Confirmed,Pending,42852
ORD01243,PROJ01936,CUS004225,2025-01-04,Shipped,paid,407480
ORD01244,PROJ03938,CUS000692,2024-11-09,Delivered,Paid,392157
ORD01245,PROJ03550,CUS004360,2024-06-29,Cancelled,paid,106055
ORD01246,PROJ01329,CUS003453,2025-01-03,Shipped,Partial,99634
ORD01247,PROJ04891,CUS003099,2024-09-12,Delivered,Pending,251549
ORD01248,PROJ02004,CUS004681,2024-10-26,Confirmed,Pending,326874
ORD01249,PROJ01494,CUS003751,2024-09-20,Shipped,paid,401710
ORD01250,PROJ00744,CUS002487,2024-10-18,Cancelled,paid,413987
ORD01251,PROJ01663,CUS003615,2024-09-20,Delivered,Partial,461940
ORD01252,PROJ00609,CUS004550,2024-10-27,Confirmed,Paid,488605
ORD01253,PROJ02970,CUS000580,2025-01-11,Delivered,Paid,457717
ORD01254,PROJ03871,CUS002642,2024-06-27,Cancelled,Paid,95083
ORD01255,PROJ00477,CUS002802,2024-11-19,Cancelled,paid,341943
ORD01256,PROJ04601,CUS003739,2024-08-09,Cancelled,paid,264005
ORD01257,PROJ01575,CUS000814,2024-05-16,Cancelled,Paid,51407
ORD01258,PROJ03507,CUS002159,2025-03-08,Delivered,Paid,491890
ORD01259,PROJ04000,CUS003189,2024-11-15,Cancelled,Partial,220751
ORD01260,PROJ00531,CUS000425,2025-03-03,Delivered,Partial,244459
ORD01261,PROJ02408,CUS003110,2024-11-09,Cancelled,Partial,65886
ORD01262,PROJ01909,CUS003880,2025-07-05,Confirmed,paid,170371
ORD01263,PROJ00653,CUS001938,2025-02-12,Confirmed,Pending,43718
ORD01264,PROJ01978,CUS002867,2024-11-02,Confirmed,Paid,194579
ORD01265,PROJ00608,CUS002792,2024-12-15,confirmed,Pending,366003
ORD01266,PROJ04145,CUS001396,2025-03-19,Cancelled,Partial,129009
ORD01267,PROJ03076,CUS003532,2024-07-08,confirmed,Pending,391191
ORD01268,PROJ03533,CUS004780,2024-09-28,Shipped,Pending,283192
ORD01269,PROJ03267,CUS003766,2025-02-26,Cancelled,paid,217685
ORD01270,PROJ00038,CUS002638,2025-04-03,Delivered,paid,437960
ORD01271,PROJ03964,CUS002695,2025-10-15,Shipped,Pending,368229
ORD01272,PROJ04216,CUS003507,2025-03-11,Confirmed,Pending,235426
ORD01273,PROJ01346,CUS003348,2025-07-03,Confirmed,paid,498295
ORD01274,PROJ00496,CUS002083,2025-01-02,Cancelled,paid,410113
ORD01275,PROJ01906,CUS003034,2025-01-23,Confirmed,Paid,194840
ORD01276,PROJ04685,CUS001703,2025-08-19,Confirmed,Paid,318858
ORD01277,PROJ01861,CUS003259,2024-08-06,Cancelled,Pending,276667
ORD01278,PROJ03749,CUS002854,2024-04-22,Confirmed,Paid,310747
ORD01279,PROJ00112,CUS003294,2025-02-07,Cancelled,Pending,309559
ORD01280,PROJ02368,CUS004126,2025-01-09,Shipped,paid,307414
ORD01281,PROJ00733,CUS004200,2024-11-25,Delivered,Paid,338616
ORD01282,PROJ04556,CUS003293,2024-11-14,Confirmed,Partial,496928
ORD01283,PROJ03761,CUS000951,2024-10-17,Delivered,Paid,162694
ORD01284,PROJ03922,CUS000545,2024-08-02,Shipped,Pending,87444
ORD01285,PROJ04000,CUS003909,2024-07-08,Cancelled,Pending,382225
ORD01286,PROJ04775,CUS003667,2024-11-25,Delivered,Partial,252148
ORD01287,PROJ01371,CUS001030,2024-06-06,Delivered,paid,481207
ORD01288,PROJ01787,CUS002417,2024-12-16,Shipped,paid,361509
ORD01289,PROJ02560,CUS001737,2024-11-04,confirmed,Paid,281989
ORD01290,PROJ01706,CUS002151,2024-10-30,confirmed,Pending,39168
ORD01291,PROJ03047,CUS002974,2024-10-23,Confirmed,Partial,369420
ORD01292,PROJ00923,CUS001668,2024-06-11,Delivered,Paid,301413
ORD01293,PROJ01055,CUS002586,2025-02-27,Delivered,paid,350558
ORD01294,PROJ01098,CUS000322,2025-01-28,Cancelled,Paid,267714
ORD01295,PROJ02011,CUS004733,2025-01-13,confirmed,Pending,271423
ORD01296,PROJ03232,CUS002044,2024-11-12,Delivered,Partial,149989
ORD01297,PROJ01951,CUS000039,2025-07-17,Confirmed,Partial,381756
ORD01298,PROJ03071,CUS000704,2025-08-14,Shipped,paid,279302
ORD01299,PROJ01215,CUS004663,2025-05-15,confirmed,Paid,207076
ORD01300,PROJ04207,CUS001322,2025-04-14,confirmed,Partial,263281
ORD01301,PROJ03198,CUS000155,2024-09-09,confirmed,Paid,72563
ORD01302,PROJ04125,CUS001847,2024-12-02,confirmed,Pending,51052
ORD01303,PROJ00006,CUS003425,2025-02-21,confirmed,Pending,275038
ORD01304,PROJ01887,CUS000264,2024-10-04,Delivered,Partial,81504
ORD01305,PROJ01633,CUS000881,2024-02-17,Shipped,Paid,68696
ORD01306,PROJ00240,CUS002213,2024-06-05,Cancelled,paid,82360
ORD01307,PROJ02904,CUS002458,2025-02-10,Confirmed,paid,33735
ORD01308,PROJ02292,CUS000540,2025-01-20,Shipped,Paid,219829
ORD01309,PROJ02420,CUS002792,2024-09-14,Shipped,paid,412595
ORD01310,PROJ01350,CUS001133,2024-10-15,Shipped,paid,23855
ORD01311,PROJ02055,CUS000466,2024-12-13,Shipped,Partial,434399
ORD01312,PROJ04960,CUS000521,2025-02-24,Confirmed,Partial,84673
ORD01313,PROJ00935,CUS001729,2025-06-06,Cancelled,Partial,310817
ORD01314,PROJ03716,CUS003844,2024-11-26,confirmed,Paid,359823
ORD01315,PROJ01906,CUS003766,2025-01-24,confirmed,Pending,110985
ORD01316,PROJ01219,CUS003597,2024-10-15,Cancelled,Pending,57302
ORD01317,PROJ01776,CUS001190,2025-05-04,Shipped,paid,118971
ORD01318,PROJ01282,CUS002685,2025-01-01,Shipped,Pending,314901
ORD01319,PROJ04599,CUS004344,2024-06-13,Confirmed,Paid,183788
ORD01320,PROJ01757,CUS000098,2024-09-03,Delivered,Pending,104787
ORD01321,PROJ00166,CUS004231,2024-11-19,Shipped,paid,463520
ORD01322,PROJ02304,CUS001424,2024-04-11,Delivered,Paid,27351
ORD01323,PROJ04107,CUS004981,2024-02-26,Delivered,Paid,131046
ORD01324,PROJ03221,CUS004436,2024-08-01,Shipped,Partial,111559
ORD01325,PROJ04708,CUS000957,2025-02-11,Delivered,Pending,297150
ORD01326,PROJ01364,CUS004661,2025-04-04,Delivered,Pending,122362
ORD01327,PROJ00443,CUS004663,2024-12-23,Confirmed,paid,436155
ORD01328,PROJ03640,CUS002721,2025-01-30,confirmed,Pending,479436
ORD01329,PROJ01302,CUS003427,2025-02-12,Delivered,Pending,82297
ORD01330,PROJ00825,CUS000520,2025-01-18,confirmed,Pending,454901
ORD01331,PROJ01789,CUS002509,2024-07-27,confirmed,paid,127467
ORD01332,PROJ03020,CUS001773,2025-03-15,confirmed,Partial,318662
ORD01333,PROJ03109,CUS002096,2025-02-06,Confirmed,Partial,478155
ORD01334,PROJ04944,CUS000398,2025-01-16,Confirmed,Partial,363777
ORD01335,PROJ01975,CUS004700,2025-05-09,Confirmed,Paid,203503
ORD01336,PROJ03388,CUS003876,2024-06-16,Confirmed,Pending,201237
ORD01337,PROJ02107,CUS002499,2025-03-27,Delivered,Paid,296835
ORD01338,PROJ03817,CUS004404,2024-05-25,Cancelled,Pending,175048
ORD01339,PROJ02938,CUS002730,2024-11-25,Delivered,paid,414515
ORD01340,PROJ03081,CUS004170,2024-07-28,Confirmed,paid,44647
ORD01341,PROJ03270,CUS004004,2024-09-21,confirmed,Partial,59982
ORD01342,PROJ00684,CUS001097,2024-07-26,confirmed,paid,48137
ORD01343,PROJ00018,CUS001704,2025-02-19,Shipped,Partial,446402
ORD01344,PROJ01164,CUS001291,2025-01-02,confirmed,Pending,58235
ORD01345,PROJ00996,CUS001175,2024-06-19,Shipped,Paid,16291
ORD01346,PROJ02594,CUS003457,2024-05-28,Delivered,Partial,485084
ORD01347,PROJ03999,CUS002493,2025-03-03,confirmed,Pending,11312
ORD01348,PROJ01267,CUS004249,2024-10-31,confirmed,Partial,316115
ORD01349,PROJ03656,CUS000178,2025-05-13,Confirmed,Partial,258127
ORD01350,PROJ00496,CUS002327,2025-06-27,Shipped,Pending,125744
ORD01351,PROJ03606,CUS003070,2024-12-09,confirmed,Pending,197377
ORD01352,PROJ04989,CUS003353,2024-10-05,Delivered,Partial,447494
ORD01353,PROJ01969,CUS002412,2024-11-14,Confirmed,Paid,397624
ORD01354,PROJ00916,CUS004035,2025-08-02,Shipped,Paid,63297
ORD01355,PROJ00955,CUS002946,2024-11-22,Delivered,paid,70379
ORD01356,PROJ02230,CUS004347,2025-03-17,confirmed,Partial,157044
ORD01357,PROJ04693,CUS003295,2025-01-22,Confirmed,Paid,84670
ORD01358,PROJ00462,CUS004285,2024-10-19,Delivered,Partial,157140
ORD01359,PROJ00642,CUS000088,2024-11-10,Delivered,Paid,403982
ORD01360,PROJ02556,CUS001003,2024-11-07,Confirmed,Paid,39571
ORD01361,PROJ02188,CUS004676,2024-08-28,Confirmed,Partial,147564
ORD01362,PROJ04143,CUS004238,2024-11-24,Delivered,Pending,296966
ORD01363,PROJ04380,CUS000156,2024-07-23,Shipped,Paid,405409
ORD01364,PROJ02524,CUS002813,2025-06-24,Cancelled,Pending,206057
ORD01365,PROJ03478,CUS004064,2025-04-24,confirmed,Paid,46557
ORD01366,PROJ00175,CUS002238,2025-01-14,Confirmed,paid,233790
ORD01367,PROJ02045,CUS000012,2024-11-29,Delivered,Paid,8743
ORD01368,PROJ01323,CUS003214,2025-02-18,Confirmed,Partial,289394
ORD01369,PROJ01634,CUS001041,2025-09-04,Cancelled,Pending,484203
ORD01370,PROJ04008,CUS001264,2025-03-10,Cancelled,Partial,26910
ORD01371,PROJ01266,CUS000165,2024-06-15,Cancelled,Paid,447883
ORD01372,PROJ01751,CUS002423,2025-04-18,Delivered,Paid,238484
ORD01373,PROJ03605,CUS001474,2024-12-02,Confirmed,Pending,317846
ORD01374,PROJ02466,CUS000629,2025-02-01,Delivered,Pending,318546
ORD01375,PROJ00281,CUS000858,2024-09-22,Cancelled,Pending,59045
ORD01376,PROJ02392,CUS004323,2025-09-08,Shipped,Partial,445211
ORD01377,PROJ04482,CUS003838,2024-12-04,Cancelled,Partial,72398
ORD01378,PROJ04060,CUS000707,2024-02-25,Shipped,Paid,172981
ORD01379,PROJ04410,CUS004670,2025-03-30,confirmed,Paid,353803
ORD01380,PROJ03690,CUS003703,2025-04-07,Shipped,Pending,52412
ORD01381,PROJ01980,CUS000038,2024-03-02,Cancelled,Pending,409658
ORD01382,PROJ00059,CUS001878,2025-04-24,Cancelled,Paid,361313
ORD01383,PROJ04278,CUS003592,2024-06-16,Delivered,paid,490564
ORD01384,PROJ00915,CUS001005,2024-12-12,Shipped,Paid,344238
ORD01385,PROJ00107,CUS001387,2024-05-06,Shipped,Partial,369244
ORD01386,PROJ00272,CUS000902,2024-03-09,Cancelled,paid,397666
ORD01387,PROJ01558,CUS001159,2025-07-29,confirmed,paid,363704
ORD01388,PROJ01698,CUS003792,2025-01-25,Shipped,Partial,227179
ORD01389,PROJ04727,CUS004086,2025-04-09,Shipped,Pending,5956
ORD01390,PROJ02433,CUS002992,2025-05-07,Shipped,Paid,151902
ORD01391,PROJ00127,CUS004804,2024-12-09,Shipped,Partial,487588
ORD01392,PROJ02913,CUS001539,2024-07-21,Delivered,Paid,331820
ORD01393,PROJ01144,CUS002496,2024-12-09,Cancelled,Pending,79563
ORD01394,PROJ00216,CUS004698,2025-05-05,Shipped,Pending,425543
ORD01395,PROJ00651,CUS004551,2024-10-03,Delivered,Pending,142795
ORD01396,PROJ02474,CUS002025,2025-04-02,Cancelled,Partial,421342
ORD01397,PROJ01163,CUS001093,2024-04-13,Delivered,Pending,494468
ORD01398,PROJ01535,CUS003677,2024-03-08,Delivered,Paid,445938
ORD01399,PROJ03120,CUS002463,2024-03-02,Shipped,Partial,446241
ORD01400,PROJ01804,CUS001370,2024-10-21,confirmed,Pending,202971
ORD01401,PROJ02427,CUS002731,2025-04-03,confirmed,Pending,33410
ORD01402,PROJ00792,CUS000217,2025-03-03,Delivered,Paid,195878
ORD01403,PROJ02787,CUS002600,2025-01-02,Delivered,Partial,109622
ORD01404,PROJ03398,CUS001484,2024-12-23,Delivered,Paid,116003
ORD01405,PROJ00737,CUS004289,2024-12-04,Shipped,Partial,21616
ORD01406,PROJ03453,CUS000711,2025-02-23,Confirmed,paid,152252
ORD01407,PROJ00578,CUS004317,2024-05-29,Cancelled,Pending,13359
ORD01408,PROJ00204,CUS003504,2025-05-08,Delivered,Partial,243224
ORD01409,PROJ01445,CUS004983,2025-05-13,Delivered,Pending,446560
ORD01410,PROJ01657,CUS002990,2024-04-13,confirmed,Partial,165859
ORD01411,PROJ02399,CUS001913,2024-07-07,Delivered,Pending,328590
ORD01412,PROJ04935,CUS003738,2024-11-05,Cancelled,Pending,393410
ORD01413,PROJ04649,CUS000967,2024-12-07,Confirmed,Paid,82610
ORD01414,PROJ02129,CUS004885,2025-01-21,Delivered,Paid,472634
ORD01415,PROJ01595,CUS001766,2025-10-31,Cancelled,Pending,386944
ORD01416,PROJ04717,CUS004346,2024-03-16,Confirmed,Paid,20280
ORD01417,PROJ03924,CUS001848,2024-12-12,Confirmed,paid,123304
ORD01418,PROJ04726,CUS002304,2025-08-13,confirmed,Paid,85491
ORD01419,PROJ01818,CUS003247,2025-02-15,Shipped,Partial,402714
ORD01420,PROJ02517,CUS004633,2025-07-21,Confirmed,Partial,402174
ORD01421,PROJ03202,CUS001476,2025-04-17,confirmed,paid,301870
ORD01422,PROJ03936,CUS002472,2024-10-21,Delivered,Pending,376083
ORD01423,PROJ04322,CUS003896,2025-07-10,Cancelled,Paid,429993
ORD01424,PROJ02580,CUS002817,2025-04-23,confirmed,paid,384321
ORD01425,PROJ03603,CUS003130,2024-06-23,Shipped,Partial,228690
ORD01426,PROJ03386,CUS003830,2024-02-26,Confirmed,Pending,46587
ORD01427,PROJ00765,CUS001008,2025-07-26,Cancelled,Partial,496355
ORD01428,PROJ00097,CUS000423,2025-01-13,Delivered,Partial,129571
ORD01429,PROJ01918,CUS003474,2024-10-10,Confirmed,Partial,251640
ORD01430,PROJ01471,CUS000586,2025-05-20,confirmed,Paid,312950
ORD01431,PROJ04849,CUS001306,2024-06-30,Delivered,Partial,421247
ORD01432,PROJ02877,CUS000510,2025-02-28,Delivered,Pending,104633
ORD01433,PROJ02792,CUS000214,2024-08-30,Cancelled,Partial,423582
ORD01434,PROJ02705,CUS004080,2024-07-21,Cancelled,Paid,494301
ORD01435,PROJ00744,CUS000579,2024-12-09,confirmed,Paid,214178
ORD01436,PROJ00982,CUS001922,2024-06-07,Delivered,paid,75901
ORD01437,PROJ02471,CUS003663,2025-02-05,confirmed,Partial,124269
ORD01438,PROJ01134,CUS001408,2024-12-11,Shipped,paid,310698
ORD01439,PROJ04536,CUS002429,2025-03-21,Cancelled,Pending,291228
ORD01440,PROJ03231,CUS002556,2025-04-28,Confirmed,Paid,108747
ORD01441,PROJ00078,CUS002397,2025-03-26,Cancelled,paid,192686
ORD01442,PROJ01678,CUS003140,2024-12-22,Shipped,paid,422452
ORD01443,PROJ03858,CUS000115,2024-11-03,Delivered,Pending,320880
ORD01444,PROJ02002,CUS003980,2025-02-23,Shipped,Paid,24913
ORD01445,PROJ00510,CUS003677,2024-02-01,Cancelled,paid,181670
ORD01446,PROJ03871,CUS000081,2024-12-06,Shipped,Partial,199998
ORD01447,PROJ01871,CUS001772,2024-08-13,Delivered,paid,113541
ORD01448,PROJ02394,CUS003449,2024-07-25,confirmed,Pending,485787
ORD01449,PROJ04040,CUS002483,2025-03-18,Cancelled,Partial,137944
ORD01450,PROJ03162,CUS004664,2024-09-01,confirmed,Pending,250871
ORD01451,PROJ03415,CUS001638,2024-04-22,confirmed,Partial,453153
ORD01452,PROJ03941,CUS002121,2024-08-31,confirmed,Paid,244024
ORD01453,PROJ02709,CUS004910,2024-07-29,Confirmed,Pending,342748
ORD01454,PROJ00365,CUS000190,2024-11-22,confirmed,paid,213934
ORD01455,PROJ00772,CUS000320,2025-04-18,Shipped,Paid,124619
ORD01456,PROJ04890,CUS000183,2024-02-12,Cancelled,Partial,463492
ORD01457,PROJ00391,CUS001655,2025-03-23,Shipped,Pending,460632
ORD01458,PROJ00020,CUS003455,2024-06-22,Shipped,Pending,121372
ORD01459,PROJ00040,CUS004804,2024-11-12,Delivered,paid,431157
ORD01460,PROJ03712,CUS001293,2024-10-07,Cancelled,Partial,302770
ORD01461,PROJ01341,CUS002272,2024-07-02,confirmed,Paid,166730
ORD01462,PROJ04029,CUS002823,2025-03-05,Delivered,Pending,152655
ORD01463,PROJ03088,CUS004758,2024-08-07,confirmed,paid,422531
ORD01464,PROJ02761,CUS002509,2024-06-13,Cancelled,Paid,150640
ORD01465,PROJ00248,CUS000002,2024-09-16,Shipped,Pending,467366
ORD01466,PROJ03825,CUS000504,2025-01-11,Cancelled,paid,33583
ORD01467,PROJ02262,CUS004437,2024-08-03,Confirmed,paid,290196
ORD01468,PROJ04139,CUS004994,2024-05-14,Delivered,paid,485567
ORD01469,PROJ01834,CUS003529,2024-11-27,confirmed,Paid,78133
ORD01470,PROJ00436,CUS002849,2024-07-10,Shipped,Pending,350557
ORD01471,PROJ02789,CUS000983,2024-05-15,Delivered,Partial,262809
ORD01472,PROJ03901,CUS000498,2024-10-29,Shipped,paid,244947
ORD01473,PROJ02757,CUS001795,2024-03-01,Delivered,Paid,206858
ORD01474,PROJ04489,CUS000758,2024-10-14,Delivered,Partial,164928
ORD01475,PROJ01030,CUS001089,2025-10-18,Delivered,Pending,215168
ORD01476,PROJ04650,CUS001657,2024-03-05,Delivered,Paid,181110
ORD01477,PROJ02462,CUS000506,2024-12-31,confirmed,Partial,345868
ORD01478,PROJ01869,CUS004956,2024-04-12,Confirmed,paid,454738
ORD01479,PROJ04635,CUS003872,2025-06-16,Confirmed,paid,399824
ORD01480,PROJ02718,CUS001860,2025-06-28,confirmed,paid,247950
ORD01481,PROJ03586,CUS000319,2024-03-02,Confirmed,paid,164899
ORD01482,PROJ04103,CUS004524,2025-06-02,Shipped,Partial,453327
ORD01483,PROJ04964,CUS003868,2025-07-02,Delivered,paid,180630
ORD01484,PROJ03958,CUS000131,2024-10-21,Cancelled,Partial,227500
ORD01485,PROJ04674,CUS003483,2025-04-05,Shipped,Pending,473207
ORD01486,PROJ04109,CUS000490,2025-05-18,Confirmed,Paid,370463
ORD01487,PROJ01595,CUS003214,2025-05-25,confirmed,Paid,345890
ORD01488,PROJ01168,CUS001687,2025-03-18,Cancelled,paid,488468
ORD01489,PROJ01856,CUS000177,2024-12-24,Delivered,Paid,398817
ORD01490,PROJ03413,CUS002026,2024-06-01,Confirmed,Partial,39824
ORD01491,PROJ00296,CUS001468,2025-01-31,Cancelled,Partial,54405
ORD01492,PROJ04076,CUS000075,2025-02-17,Delivered,Paid,390606
ORD01493,PROJ04254,CUS002476,2024-02-26,Delivered,Pending,442273
ORD01494,PROJ00131,CUS004672,2025-05-05,Confirmed,Pending,337940
ORD01495,PROJ04747,CUS000018,2025-02-09,Shipped,paid,141457
ORD01496,PROJ04568,CUS003448,2025-03-05,Confirmed,Paid,177431
ORD01497,PROJ04591,CUS004990,2024-10-25,Cancelled,paid,406341
ORD01498,PROJ04731,CUS002195,2024-12-06,confirmed,paid,323423
ORD01499,PROJ01253,CUS000760,2024-05-27,Shipped,Paid,266700
ORD01500,PROJ02647,CUS004839,2024-05-12,Delivered,Pending,261282
ORD01501,PROJ04304,CUS000699,2025-05-15,Delivered,Pending,472460
ORD01502,PROJ04710,CUS002090,2024-03-11,Delivered,Pending,91494
ORD01503,PROJ01279,CUS001131,2024-10-20,Delivered,Partial,254410
ORD01504,PROJ00631,CUS004734,2024-07-04,Cancelled,paid,344370
ORD01505,PROJ00617,CUS000541,2024-11-16,Delivered,Paid,391580
ORD01506,PROJ01566,CUS001714,2024-12-12,Cancelled,Pending,229087
ORD01507,PROJ02498,CUS000811,2024-08-18,confirmed,Partial,383439
ORD01508,PROJ04562,CUS002682,2025-01-12,Shipped,paid,157829
ORD01509,PROJ04668,CUS004062,2025-02-02,Delivered,Partial,317508
ORD01510,PROJ03339,CUS002771,2025-10-14,Delivered,Paid,95129
ORD01511,PROJ04924,CUS004603,2024-10-08,Confirmed,Paid,54069
ORD01512,PROJ02594,CUS001323,2025-08-01,Shipped,Pending,353629
ORD01513,PROJ04634,CUS003857,2024-09-23,Confirmed,Paid,489783
ORD01514,PROJ01143,CUS000610,2025-05-23,Delivered,Partial,44533
ORD01515,PROJ02550,CUS001442,2024-01-28,Cancelled,Pending,184451
ORD01516,PROJ02053,CUS002648,2025-06-11,Cancelled,paid,411188
ORD01517,PROJ04879,CUS000316,2025-04-05,Cancelled,Pending,346218
ORD01518,PROJ01650,CUS002201,2024-05-31,Delivered,Paid,449999
ORD01519,PROJ04688,CUS003633,2025-01-03,Cancelled,paid,387495
ORD01520,PROJ00521,CUS002459,2024-04-26,Delivered,Pending,369213
ORD01521,PROJ03175,CUS004335,2024-09-04,Delivered,paid,459508
ORD01522,PROJ00027,CUS000739,2024-08-24,Confirmed,Paid,205447
ORD01523,PROJ03847,CUS004302,2024-11-25,Cancelled,Paid,374311
ORD01524,PROJ03214,CUS003560,2024-10-21,Confirmed,Pending,418785
ORD01525,PROJ03185,CUS003665,2024-10-22,Cancelled,Paid,199103
ORD01526,PROJ02705,CUS001637,2025-03-18,confirmed,paid,285359
ORD01527,PROJ04930,CUS001598,2024-06-19,Cancelled,Partial,419575
ORD01528,PROJ01982,CUS000726,2025-01-10,confirmed,Pending,278357
ORD01529,PROJ03701,CUS001985,2024-11-01,Delivered,Partial,391627
ORD01530,PROJ02007,CUS003525,2024-06-02,confirmed,Pending,357984
ORD01531,PROJ03559,CUS002124,2024-12-29,Cancelled,Partial,418032
ORD01532,PROJ00239,CUS002741,2024-09-09,confirmed,Partial,115094
ORD01533,PROJ02140,CUS000396,2024-11-22,Shipped,Partial,70685
ORD01534,PROJ00136,CUS001834,2025-02-25,Shipped,Paid,289284
ORD01535,PROJ03872,CUS000534,2025-02-10,confirmed,Pending,326533
ORD01536,PROJ00610,CUS001268,2024-06-11,Delivered,Pending,131386
ORD01537,PROJ03730,CUS002942,2024-10-17,Confirmed,Partial,225854
ORD01538,PROJ03668,CUS002464,2024-05-20,Cancelled,paid,463618
ORD01539,PROJ02886,CUS004055,2024-09-16,Cancelled,Pending,411307
ORD01540,PROJ01598,CUS004562,2024-07-13,Delivered,paid,40841
ORD01541,PROJ03253,CUS000003,2024-02-19,Cancelled,Pending,138873
ORD01542,PROJ00530,CUS001964,2024-12-06,Cancelled,paid,282696
ORD01543,PROJ03515,CUS004182,2025-03-26,Cancelled,Paid,77681
ORD01544,PROJ03486,CUS003705,2025-08-09,Confirmed,Partial,143219
ORD01545,PROJ04480,CUS001420,2024-08-15,Delivered,Partial,164220
ORD01546,PROJ04237,CUS001662,2024-07-21,Confirmed,Partial,457125
ORD01547,PROJ03778,CUS001316,2024-06-09,Shipped,Pending,413391
ORD01548,PROJ00173,CUS002205,2025-02-25,Shipped,Paid,195548
ORD01549,PROJ00658,CUS002999,2024-11-17,Shipped,paid,309383
ORD01550,PROJ04322,CUS004677,2025-05-12,confirmed,Pending,43261
ORD01551,PROJ02985,CUS000433,2024-01-21,confirmed,Pending,82189
ORD01552,PROJ00807,CUS002592,2024-10-24,Shipped,paid,197164
ORD01553,PROJ03840,CUS003017,2024-08-05,Shipped,Partial,316457
ORD01554,PROJ03701,CUS004826,2025-07-28,Confirmed,Paid,50617
ORD01555,PROJ00985,CUS001795,2024-12-06,Cancelled,Paid,78919
ORD01556,PROJ02514,CUS002914,2024-08-12,Shipped,paid,56447
ORD01557,PROJ01297,CUS001133,2024-11-09,Cancelled,paid,476642
ORD01558,PROJ03292,CUS002908,2025-07-14,Confirmed,paid,219639
ORD01559,PROJ02515,CUS002959,2025-06-17,Shipped,Pending,384466
ORD01560,PROJ03356,CUS003409,2024-09-01,confirmed,Pending,81130
ORD01561,PROJ04432,CUS002794,2025-01-04,Shipped,Paid,156763
ORD01562,PROJ00955,CUS002794,2024-10-13,confirmed,Paid,16149
ORD01563,PROJ03426,CUS002299,2024-05-27,Shipped,Paid,159504
ORD01564,PROJ04387,CUS002547,2024-04-15,Confirmed,paid,168433
ORD01565,PROJ03578,CUS001726,2024-04-21,Confirmed,Partial,380816
ORD01566,PROJ00636,CUS003302,2024-12-07,Cancelled,Paid,286283
ORD01567,PROJ03257,CUS003977,2024-11-11,Confirmed,Pending,473051
ORD01568,PROJ04389,CUS004666,2024-06-16,confirmed,paid,279947
ORD01569,PROJ01753,CUS002775,2024-04-23,Confirmed,Pending,208187
ORD01570,PROJ02372,CUS003175,2025-03-30,Delivered,Partial,451004
ORD01571,PROJ04024,CUS003710,2024-09-22,Delivered,Pending,473431
ORD01572,PROJ03329,CUS000174,2024-09-01,confirmed,Pending,320128
ORD01573,PROJ02259,CUS004381,2024-06-03,Shipped,Partial,482923
ORD01574,PROJ01701,CUS002166,2024-02-11,Cancelled,paid,496642
ORD01575,PROJ01905,CUS004752,2025-03-17,Delivered,Partial,55574
ORD01576,PROJ01195,CUS004020,2025-08-18,Cancelled,Paid,194648
ORD01577,PROJ04857,CUS001470,2025-05-21,Shipped,Partial,430625
ORD01578,PROJ01229,CUS002907,2024-06-13,Cancelled,paid,417853
ORD01579,PROJ04059,CUS002472,2024-10-06,Delivered,paid,446701
ORD01580,PROJ01306,CUS004684,2025-03-07,Cancelled,Partial,412135
ORD01581,PROJ03751,CUS002536,2025-03-11,Shipped,Pending,236187
ORD01582,PROJ00789,CUS003465,2024-08-27,Confirmed,paid,76091
ORD01583,PROJ04448,CUS004780,2025-06-28,confirmed,Paid,73825
ORD01584,PROJ03700,CUS000549,2024-11-05,Delivered,paid,320231
ORD01585,PROJ04131,CUS001504,2025-04-14,Confirmed,paid,79081
ORD01586,PROJ03647,CUS003138,2024-11-08,confirmed,Paid,404924
ORD01587,PROJ04157,CUS001866,2025-04-10,Delivered,Paid,82436
ORD01588,PROJ01664,CUS003885,2024-05-08,confirmed,Partial,221244
ORD01589,PROJ02899,CUS002888,2025-05-13,Confirmed,Pending,471295
ORD01590,PROJ00603,CUS001017,2025-04-27,Cancelled,paid,113818
ORD01591,PROJ00366,CUS000093,2024-11-04,Confirmed,paid,339558
ORD01592,PROJ03920,CUS003791,2024-12-27,Confirmed,Pending,485971
ORD01593,PROJ02909,CUS001989,2024-06-02,Cancelled,Pending,357309
ORD01594,PROJ02073,CUS000867,2025-04-05,confirmed,Pending,425015
ORD01595,PROJ00267,CUS004964,2025-03-12,Cancelled,Pending,44469
ORD01596,PROJ00313,CUS003894,2024-04-27,confirmed,Pending,369907
ORD01597,PROJ03723,CUS001626,2025-04-19,Delivered,Pending,464490
ORD01598,PROJ03136,CUS000271,2024-06-28,Cancelled,paid,315580
ORD01599,PROJ03462,CUS002185,2025-02-13,confirmed,paid,380619
ORD01600,PROJ02689,CUS000621,2024-08-29,confirmed,Partial,58151
ORD01601,PROJ01529,CUS004101,2025-04-14,confirmed,Pending,174339
ORD01602,PROJ00007,CUS003664,2024-11-02,Cancelled,paid,459158
ORD01603,PROJ02418,CUS002250,2025-03-03,Cancelled,Partial,74381
ORD01604,PROJ04584,CUS004494,2025-10-06,confirmed,Pending,262556
ORD01605,PROJ01970,CUS001330,2024-07-07,Confirmed,Paid,329667
ORD01606,PROJ01990,CUS000602,2025-01-27,Confirmed,Partial,183575
ORD01607,PROJ02710,CUS001862,2025-05-30,confirmed,Pending,457278
ORD01608,PROJ00624,CUS003058,2024-12-28,Confirmed,Partial,204274
ORD01609,PROJ04668,CUS000475,2024-12-05,confirmed,Pending,423528
ORD01610,PROJ03046,CUS002538,2024-10-27,Shipped,Pending,107221
ORD01611,PROJ04536,CUS002389,2024-05-21,Delivered,Partial,376066
ORD01612,PROJ02906,CUS004638,2024-06-18,Delivered,Partial,107692
ORD01613,PROJ04956,CUS002273,2024-07-02,confirmed,Paid,71381
ORD01614,PROJ00892,CUS000464,2024-10-17,confirmed,Paid,194221
ORD01615,PROJ02956,CUS002662,2025-01-01,Delivered,Paid,129639
ORD01616,PROJ04762,CUS002498,2024-09-16,Shipped,paid,393141
ORD01617,PROJ00570,CUS002376,2024-02-01,Cancelled,paid,478764
ORD01618,PROJ03623,CUS004724,2024-01-20,confirmed,paid,407196
ORD01619,PROJ01428,CUS003142,2024-04-16,Confirmed,Partial,318652
ORD01620,PROJ00056,CUS000922,2025-04-23,Delivered,paid,207524
ORD01621,PROJ02912,CUS004127,2025-01-24,confirmed,Paid,363098
ORD01622,PROJ03153,CUS004486,2024-10-01,Cancelled,Partial,366403
ORD01623,PROJ03584,CUS003126,2024-09-24,Shipped,Partial,111279
ORD01624,PROJ03967,CUS003347,2024-10-14,Shipped,Paid,63024
ORD01625,PROJ02167,CUS004526,2024-10-21,Confirmed,Paid,99574
ORD01626,PROJ02894,CUS000309,2025-01-06,confirmed,Paid,446353
ORD01627,PROJ02498,CUS001403,2024-08-05,Delivered,Paid,314380
ORD01628,PROJ03643,CUS001506,2025-06-24,confirmed,Paid,255686
ORD01629,PROJ01007,CUS002098,2024-11-09,confirmed,Pending,466184
ORD01630,PROJ01972,CUS003222,2025-06-18,Delivered,Paid,114711
ORD01631,PROJ04006,CUS001068,2024-12-24,Cancelled,Pending,126268
ORD01632,PROJ04231,CUS002253,2025-03-30,confirmed,Paid,273672
ORD01633,PROJ03363,CUS000761,2024-04-22,Cancelled,Paid,86146
ORD01634,PROJ03141,CUS000317,2024-06-05,Shipped,paid,48344
ORD01635,PROJ01714,CUS003443,2024-10-24,Shipped,paid,490715
ORD01636,PROJ03462,CUS004562,2024-07-26,Shipped,Paid,345904
ORD01637,PROJ01715,CUS000045,2024-02-23,Shipped,paid,313804
ORD01638,PROJ03452,CUS004528,2024-07-09,Confirmed,Partial,369248
ORD01639,PROJ02934,CUS003455,2024-12-28,confirmed,Paid,325415
ORD01640,PROJ04647,CUS000428,2024-07-18,Confirmed,Partial,387447
ORD01641,PROJ03481,CUS002734,2024-04-20,Delivered,paid,263947
ORD01642,PROJ03496,CUS004541,2024-12-10,Delivered,paid,12986
ORD01643,PROJ01379,CUS001468,2024-12-02,Shipped,Partial,439739
ORD01644,PROJ00163,CUS000319,2025-06-04,Delivered,paid,55955
ORD01645,PROJ04344,CUS003385,2025-05-19,confirmed,Partial,12895
ORD01646,PROJ03479,CUS003306,2024-10-03,Shipped,paid,5931
ORD01647,PROJ03154,CUS002767,2024-12-26,Delivered,paid,461233
ORD01648,PROJ02739,CUS003722,2025-05-01,Delivered,Paid,316562
ORD01649,PROJ04024,CUS000480,2025-03-16,confirmed,paid,208091
ORD01650,PROJ00012,CUS004749,2024-11-05,confirmed,Pending,273384
ORD01651,PROJ00305,CUS000975,2024-08-20,Cancelled,Paid,420276
ORD01652,PROJ01032,CUS000867,2025-05-08,Delivered,Pending,486534
ORD01653,PROJ03774,CUS000479,2025-01-04,Delivered,Partial,492635
ORD01654,PROJ01334,CUS004342,2025-01-23,Confirmed,Pending,341830
ORD01655,PROJ00371,CUS001532,2025-02-15,Confirmed,Paid,234463
ORD01656,PROJ02103,CUS001956,2025-02-23,confirmed,Pending,158019
ORD01657,PROJ00458,CUS004972,2025-05-07,Cancelled,paid,298252
ORD01658,PROJ03369,CUS004048,2024-02-26,Delivered,paid,204273
ORD01659,PROJ02132,CUS000121,2024-12-01,Shipped,Pending,379685
ORD01660,PROJ03796,CUS004572,2025-01-20,confirmed,paid,446969
ORD01661,PROJ04534,CUS002070,2024-08-27,Shipped,Pending,409312
ORD01662,PROJ02033,CUS004165,2024-02-29,Shipped,Pending,322021
ORD01663,PROJ00098,CUS003593,2024-11-03,Shipped,Paid,438310
ORD01664,PROJ02176,CUS001378,2024-12-17,Confirmed,Paid,163369
ORD01665,PROJ01857,CUS001409,2025-02-08,Cancelled,Partial,330976
ORD01666,PROJ03620,CUS004927,2024-07-21,Shipped,Partial,252015
ORD01667,PROJ01010,CUS000848,2024-11-23,Cancelled,Pending,120130
ORD01668,PROJ01807,CUS000453,2025-05-05,confirmed,paid,358217
ORD01669,PROJ02423,CUS001214,2024-12-28,Cancelled,Paid,99259
ORD01670,PROJ04806,CUS004447,2024-02-10,Delivered,Paid,69031
ORD01671,PROJ02060,CUS000958,2024-06-19,confirmed,paid,61499
ORD01672,PROJ00132,CUS002845,2024-04-22,Confirmed,Partial,191174
ORD01673,PROJ02141,CUS002880,2025-04-06,Delivered,Partial,436793
ORD01674,PROJ01560,CUS000949,2024-06-03,Delivered,Paid,48712
ORD01675,PROJ00101,CUS001591,2024-12-21,Confirmed,paid,420606
ORD01676,PROJ01048,CUS001397,2024-11-09,Shipped,Partial,451110
ORD01677,PROJ03457,CUS000803,2024-11-17,Cancelled,paid,10677
ORD01678,PROJ03935,CUS003804,2025-05-30,Shipped,Pending,163176
ORD01679,PROJ02525,CUS004334,2024-11-10,Delivered,Pending,70538
ORD01680,PROJ02301,CUS004817,2024-09-24,Cancelled,Partial,174350
ORD01681,PROJ04688,CUS000167,2025-01-04,Delivered,Partial,44205
ORD01682,PROJ03159,CUS003591,2024-07-17,Delivered,paid,395541
ORD01683,PROJ04876,CUS000318,2024-06-22,Delivered,Partial,482785
ORD01684,PROJ03332,CUS001717,2024-12-16,Delivered,paid,366696
ORD01685,PROJ01393,CUS003748,2024-07-15,confirmed,Paid,412600
ORD01686,PROJ03613,CUS001540,2025-01-12,Cancelled,Paid,15480
ORD01687,PROJ03102,CUS002710,2024-03-07,Shipped,Pending,214380
ORD01688,PROJ04333,CUS004438,2024-12-08,confirmed,Pending,6352
ORD01689,PROJ00383,CUS003289,2025-07-26,Delivered,Pending,253258
ORD01690,PROJ03563,CUS003656,2025-01-07,Cancelled,Pending,271957
ORD01691,PROJ02988,CUS004585,2024-12-09,Delivered,Paid,465134
ORD01692,PROJ01078,CUS003200,2025-05-14,Shipped,Paid,470709
ORD01693,PROJ03181,CUS000399,2024-11-27,Confirmed,paid,164345
ORD01694,PROJ00470,CUS000320,2025-04-04,Confirmed,paid,350570
ORD01695,PROJ02928,CUS000432,2024-10-21,Shipped,Paid,428658
ORD01696,PROJ03651,CUS000445,2025-12-04,Confirmed,Pending,35877
ORD01697,PROJ03363,CUS002056,2024-06-30,Confirmed,paid,137271
ORD01698,PROJ01018,CUS003619,2025-05-20,confirmed,Paid,269359
ORD01699,PROJ01195,CUS004073,2024-10-02,Delivered,Partial,419448
ORD01700,PROJ01160,CUS000188,2024-09-21,Confirmed,paid,113151
ORD01701,PROJ03506,CUS003995,2024-12-10,Cancelled,paid,52291
ORD01702,PROJ02007,CUS000236,2024-11-06,confirmed,Paid,427917
ORD01703,PROJ03297,CUS001418,2024-10-04,Shipped,paid,211224
ORD01704,PROJ01134,CUS004602,2025-01-05,Delivered,Pending,429191
ORD01705,PROJ01293,CUS002771,2024-08-01,confirmed,Pending,237899
ORD01706,PROJ02691,CUS004361,2025-05-08,Shipped,Pending,357722
ORD01707,PROJ00214,CUS004388,2024-06-27,confirmed,paid,171157
ORD01708,PROJ03996,CUS002912,2024-08-17,confirmed,Partial,179662
ORD01709,PROJ00864,CUS003492,2024-11-30,Confirmed,paid,414401
ORD01710,PROJ01264,CUS002266,2025-07-25,confirmed,Paid,153728
ORD01711,PROJ01003,CUS003493,2024-10-30,confirmed,paid,402174
ORD01712,PROJ04834,CUS000320,2024-09-16,Delivered,Partial,455378
ORD01713,PROJ04854,CUS001834,2025-09-05,confirmed,Paid,167179
ORD01714,PROJ00688,CUS000620,2024-09-27,Cancelled,Paid,278590
ORD01715,PROJ04872,CUS001316,2024-08-17,Delivered,Partial,170339
ORD01716,PROJ02336,CUS001097,2024-08-18,Delivered,Paid,463652
ORD01717,PROJ00536,CUS004937,2025-04-22,Shipped,Paid,429128
ORD01718,PROJ03258,CUS003394,2025-08-07,Confirmed,Partial,23198
ORD01719,PROJ00704,CUS002784,2024-05-13,Delivered,Pending,293115
ORD01720,PROJ00968,CUS002548,2025-06-02,Delivered,Pending,132391
ORD01721,PROJ02577,CUS001467,2024-12-15,Cancelled,Paid,43294
ORD01722,PROJ01312,CUS004357,2025-03-26,Delivered,paid,200349
ORD01723,PROJ01372,CUS003681,2025-03-31,Shipped,Partial,9990
ORD01724,PROJ03850,CUS003153,2024-08-06,Delivered,Partial,388480
ORD01725,PROJ03822,CUS000083,2024-12-18,Confirmed,Paid,125324
ORD01726,PROJ02777,CUS002436,2024-12-22,Confirmed,Partial,460791
ORD01727,PROJ01261,CUS000393,2024-12-20,Delivered,paid,154230
ORD01728,PROJ04791,CUS001885,2025-02-20,Confirmed,paid,238170
ORD01729,PROJ04289,CUS000440,2024-10-30,Shipped,Pending,245765
ORD01730,PROJ01077,CUS003049,2024-03-18,Confirmed,Paid,158115
ORD01731,PROJ04208,CUS001550,2024-05-14,Delivered,Paid,115821
ORD01732,PROJ02189,CUS003357,2025-04-24,Delivered,paid,154399
ORD01733,PROJ04883,CUS002286,2025-04-10,Cancelled,paid,309817
ORD01734,PROJ03838,CUS001088,2024-07-12,confirmed,Paid,445416
ORD01735,PROJ00657,CUS002522,2024-09-28,Shipped,Paid,115777
ORD01736,PROJ00059,CUS001363,2025-04-30,Delivered,Paid,377212
ORD01737,PROJ04583,CUS000910,2025-05-05,Shipped,Pending,443005
ORD01738,PROJ03309,CUS004274,2024-11-13,Delivered,Paid,207579
ORD01739,PROJ01286,CUS004957,2024-12-09,Delivered,Paid,89990
ORD01740,PROJ00185,CUS002078,2024-08-06,Confirmed,paid,312614
ORD01741,PROJ02410,CUS000776,2025-05-22,Cancelled,Paid,130808
ORD01742,PROJ03243,CUS002858,2024-03-03,Confirmed,Paid,469094
ORD01743,PROJ04905,CUS000626,2024-03-27,Delivered,Partial,183613
ORD01744,PROJ01438,CUS002799,2024-10-29,confirmed,Pending,202047
ORD01745,PROJ03317,CUS000274,2024-11-07,Confirmed,Partial,31652
ORD01746,PROJ00346,CUS001361,2024-05-24,Confirmed,Partial,251615
ORD01747,PROJ03657,CUS000420,2025-04-28,confirmed,Pending,489663
ORD01748,PROJ01841,CUS001574,2024-09-18,Confirmed,Partial,111578
ORD01749,PROJ00266,CUS004108,2025-05-02,confirmed,paid,378735
ORD01750,PROJ04918,CUS001224,2025-01-17,Confirmed,Partial,32317
ORD01751,PROJ00242,CUS000460,2024-11-06,Confirmed,Paid,322806
ORD01752,PROJ00819,CUS001279,2024-11-14,Delivered,Pending,480227
ORD01753,PROJ03649,CUS000244,2025-08-04,Cancelled,Pending,467032
ORD01754,PROJ01305,CUS003489,2025-02-08,Cancelled,Paid,45549
ORD01755,PROJ01948,CUS000270,2025-01-07,Shipped,Paid,109567
ORD01756,PROJ01795,CUS001013,2024-05-31,Cancelled,Partial,73049
ORD01757,PROJ03774,CUS001752,2024-12-17,Shipped,Partial,29947
ORD01758,PROJ01449,CUS000512,2025-05-05,Delivered,paid,83879
ORD01759,PROJ04885,CUS002345,2024-11-21,Cancelled,Partial,28506
ORD01760,PROJ02314,CUS000790,2025-02-15,Cancelled,Pending,337696
ORD01761,PROJ03373,CUS004971,2025-08-17,Delivered,paid,487296
ORD01762,PROJ04166,CUS004478,2024-11-15,Shipped,paid,53180
ORD01763,PROJ02632,CUS000969,2024-07-13,Confirmed,Pending,236503
ORD01764,PROJ04511,CUS000577,2024-12-31,Cancelled,paid,313781
ORD01765,PROJ00789,CUS004316,2024-08-10,Confirmed,Paid,163805
ORD01766,PROJ03951,CUS004062,2025-01-07,Delivered,Paid,491700
ORD01767,PROJ03412,CUS002695,2025-02-14,Confirmed,Partial,317789
ORD01768,PROJ01786,CUS004199,2024-07-22,Confirmed,Paid,107577
ORD01769,PROJ01498,CUS002411,2025-03-07,Cancelled,Paid,491979
ORD01770,PROJ02027,CUS003306,2025-08-03,Confirmed,Pending,141295
ORD01771,PROJ01025,CUS004463,2024-10-01,Cancelled,Pending,153213
ORD01772,PROJ02341,CUS001730,2024-09-21,Shipped,Pending,66713
ORD01773,PROJ03323,CUS004853,2025-01-17,Delivered,Paid,227527
ORD01774,PROJ04306,CUS001573,2024-12-28,Delivered,Pending,85451
ORD01775,PROJ02414,CUS002068,2024-12-01,Shipped,Pending,403010
ORD01776,PROJ01293,CUS000708,2024-09-21,Delivered,Partial,284606
ORD01777,PROJ01274,CUS000964,2025-08-21,Confirmed,Paid,146704
ORD01778,PROJ02729,CUS001826,2025-10-15,Cancelled,Partial,219571
ORD01779,PROJ04400,CUS002989,2024-10-25,Cancelled,Partial,175853
ORD01780,PROJ02069,CUS004240,2024-08-15,Confirmed,Paid,182998
ORD01781,PROJ03944,CUS004006,2025-01-18,confirmed,paid,98146
ORD01782,PROJ01736,CUS001921,2025-10-14,Confirmed,Pending,240771
ORD01783,PROJ02318,CUS001530,2024-10-25,Delivered,Paid,101772
ORD01784,PROJ01807,CUS001316,2024-09-26,Delivered,Partial,197374
ORD01785,PROJ00074,CUS003975,2024-11-26,Cancelled,Paid,247990
ORD01786,PROJ04255,CUS003161,2024-09-16,Confirmed,Pending,466030
ORD01787,PROJ03070,CUS001653,2025-04-25,Cancelled,Paid,21284
ORD01788,PROJ04134,CUS001727,2024-07-28,confirmed,Partial,481973
ORD01789,PROJ00444,CUS000959,2025-08-01,Cancelled,paid,287433
ORD01790,PROJ01285,CUS004643,2025-01-17,Cancelled,Paid,193312
ORD01791,PROJ03155,CUS000998,2024-12-10,Delivered,Pending,400573
ORD01792,PROJ03340,CUS002256,2024-06-27,Cancelled,Pending,77832
ORD01793,PROJ02574,CUS003005,2024-12-02,Cancelled,Partial,347075
ORD01794,PROJ02089,CUS003305,2024-02-06,Confirmed,Paid,483267
ORD01795,PROJ00179,CUS004465,2024-10-13,Cancelled,Paid,475750
ORD01796,PROJ03161,CUS003933,2025-03-12,Delivered,Partial,71711
ORD01797,PROJ03229,CUS004832,2025-03-21,Delivered,Pending,62882
ORD01798,PROJ00336,CUS002998,2024-07-17,Cancelled,Paid,424517
ORD01799,PROJ01177,CUS002300,2024-09-07,Cancelled,Pending,382331
ORD01800,PROJ04903,CUS004798,2024-10-14,Cancelled,paid,295093
ORD01801,PROJ02275,CUS004456,2024-10-17,Cancelled,Partial,462977
ORD01802,PROJ03385,CUS004258,2025-01-12,Confirmed,Pending,313103
ORD01803,PROJ04361,CUS004986,2024-01-07,confirmed,Paid,389339
ORD01804,PROJ03770,CUS001836,2024-10-25,Cancelled,Pending,259021
ORD01805,PROJ04994,CUS001009,2025-02-27,Shipped,Partial,287913
ORD01806,PROJ02649,CUS004209,2025-06-30,Delivered,Partial,69436
ORD01807,PROJ02005,CUS002491,2024-09-19,confirmed,Pending,236791
ORD01808,PROJ00799,CUS001416,2025-03-04,Shipped,Pending,30523
ORD01809,PROJ02675,CUS002597,2024-12-04,Confirmed,Pending,159341
ORD01810,PROJ04854,CUS003839,2025-07-19,confirmed,Pending,20091
ORD01811,PROJ01280,CUS004943,2025-03-27,Confirmed,Pending,182675
ORD01812,PROJ03721,CUS004667,2024-05-03,confirmed,paid,186272
ORD01813,PROJ01266,CUS001004,2024-07-06,Confirmed,Partial,187654
ORD01814,PROJ00068,CUS000896,2025-01-29,confirmed,Partial,128415
ORD01815,PROJ03020,CUS002690,2025-03-25,Shipped,paid,476343
ORD01816,PROJ02677,CUS000068,2025-10-06,confirmed,paid,314461
ORD01817,PROJ00208,CUS000417,2024-03-08,Confirmed,Partial,21118
ORD01818,PROJ03259,CUS002910,2024-07-12,Shipped,Partial,488296
ORD01819,PROJ03301,CUS001808,2025-01-10,Confirmed,Paid,120456
ORD01820,PROJ04788,CUS000456,2024-11-09,Shipped,paid,294198
ORD01821,PROJ04723,CUS000287,2024-04-19,confirmed,Paid,256401
ORD01822,PROJ01537,CUS003280,2025-05-08,Shipped,Partial,173613
ORD01823,PROJ01685,CUS000775,2024-09-25,Shipped,Partial,136757
ORD01824,PROJ04061,CUS000910,2024-08-23,Cancelled,Pending,97383
ORD01825,PROJ03977,CUS004536,2024-05-19,confirmed,Pending,294282
ORD01826,PROJ03419,CUS003795,2024-03-26,confirmed,Pending,141283
ORD01827,PROJ01288,CUS003804,2024-05-29,Confirmed,Partial,412823
ORD01828,PROJ04740,CUS002318,2024-06-16,Cancelled,paid,351127
ORD01829,PROJ01000,CUS000755,2024-09-06,Confirmed,Pending,160379
ORD01830,PROJ00570,CUS002706,2024-03-09,Confirmed,Pending,62399
ORD01831,PROJ01705,CUS001550,2024-07-19,Confirmed,Paid,112692
ORD01832,PROJ03984,CUS004965,2025-02-28,Confirmed,Partial,147065
ORD01833,PROJ01807,CUS002194,2025-01-02,Cancelled,Pending,196068
ORD01834,PROJ03871,CUS000886,2025-01-14,confirmed,Paid,431512
ORD01835,PROJ01146,CUS003824,2024-05-28,Delivered,paid,349202
ORD01836,PROJ00598,CUS003722,2024-10-14,Shipped,Pending,279493
ORD01837,PROJ03900,CUS004523,2024-08-09,Confirmed,Pending,251580
ORD01838,PROJ00932,CUS001841,2025-01-22,Cancelled,Paid,379916
ORD01839,PROJ04257,CUS000247,2025-01-03,Delivered,Paid,146025
ORD01840,PROJ00978,CUS004788,2025-01-11,confirmed,Pending,32858
ORD01841,PROJ02005,CUS002026,2024-06-13,Shipped,Paid,189836
ORD01842,PROJ00433,CUS003409,2024-11-11,Shipped,Paid,172737
ORD01843,PROJ02143,CUS000731,2025-08-09,Delivered,Pending,467218
ORD01844,PROJ03462,CUS003570,2025-04-14,Shipped,Partial,366114
ORD01845,PROJ02406,CUS002452,2024-05-25,Confirmed,Pending,463904
ORD01846,PROJ02868,CUS000099,2025-02-08,Confirmed,Paid,90427
ORD01847,PROJ02145,CUS003220,2024-12-01,confirmed,Pending,358521
ORD01848,PROJ01994,CUS004495,2024-05-30,Confirmed,paid,447123
ORD01849,PROJ01449,CUS000820,2025-01-08,Confirmed,Paid,487045
ORD01850,PROJ04865,CUS003022,2024-06-14,Cancelled,Pending,347347
ORD01851,PROJ02611,CUS002853,2024-08-20,confirmed,Partial,42660
ORD01852,PROJ01698,CUS004916,2025-04-16,Cancelled,Paid,208416
ORD01853,PROJ04208,CUS003260,2024-03-30,confirmed,paid,385372
ORD01854,PROJ04308,CUS002777,2024-07-22,Shipped,Paid,284781
ORD01855,PROJ01212,CUS001300,2025-01-29,Delivered,Paid,131237
ORD01856,PROJ04934,CUS002896,2025-07-14,Delivered,Pending,178716
ORD01857,PROJ01028,CUS002547,2025-07-04,Cancelled,Partial,62245
ORD01858,PROJ02622,CUS000915,2025-01-04,Cancelled,paid,159283
ORD01859,PROJ01059,CUS004253,2025-03-23,Delivered,Paid,219609
ORD01860,PROJ04284,CUS003074,2024-09-06,Confirmed,Paid,259332
ORD01861,PROJ00284,CUS004901,2025-03-25,Delivered,paid,20886
ORD01862,PROJ00057,CUS001841,2025-04-18,Delivered,Pending,55552
ORD01863,PROJ01437,CUS004290,2024-11-26,Delivered,Paid,276533
ORD01864,PROJ01000,CUS000433,2025-02-16,confirmed,Paid,399170
ORD01865,PROJ00521,CUS003287,2024-06-13,Confirmed,Pending,130143
ORD01866,PROJ01641,CUS001143,2024-12-23,Delivered,Partial,271020
ORD01867,PROJ00846,CUS003667,2024-04-06,Confirmed,Pending,250343
ORD01868,PROJ01085,CUS004044,2025-04-24,confirmed,Paid,430667
ORD01869,PROJ04501,CUS000408,2024-06-10,confirmed,Paid,478350
ORD01870,PROJ00525,CUS003837,2025-07-18,Cancelled,Partial,425323
ORD01871,PROJ00479,CUS003608,2024-09-23,Delivered,Pending,113476
ORD01872,PROJ02675,CUS002375,2024-12-13,confirmed,Paid,167614
ORD01873,PROJ04328,CUS002944,2025-07-11,Delivered,paid,185346
ORD01874,PROJ03061,CUS000049,2024-05-13,confirmed,Pending,274235
ORD01875,PROJ04912,CUS001844,2025-02-18,Cancelled,Paid,215493
ORD01876,PROJ01885,CUS000284,2025-06-27,confirmed,Pending,469616
ORD01877,PROJ04953,CUS004477,2024-10-01,confirmed,Partial,276297
ORD01878,PROJ03211,CUS001573,2024-12-16,Shipped,Partial,403028
ORD01879,PROJ02486,CUS003333,2025-06-18,Cancelled,Pending,110094
ORD01880,PROJ03523,CUS004956,2024-09-16,Delivered,Pending,231758
ORD01881,PROJ02662,CUS003577,2024-04-18,Confirmed,Partial,379729
ORD01882,PROJ02491,CUS001036,2024-10-28,Confirmed,Partial,410802
ORD01883,PROJ04789,CUS002272,2024-06-01,Confirmed,Partial,226103
ORD01884,PROJ00928,CUS000962,2024-05-19,Confirmed,Paid,321038
ORD01885,PROJ00825,CUS001239,2025-09-02,Delivered,Partial,80979
ORD01886,PROJ04138,CUS003770,2024-08-20,Shipped,Partial,60352
ORD01887,PROJ02005,CUS004927,2025-04-18,Delivered,Paid,129790
ORD01888,PROJ03313,CUS000114,2024-07-15,Cancelled,Paid,297282
ORD01889,PROJ02291,CUS003657,2025-03-19,Delivered,Paid,425114
ORD01890,PROJ03964,CUS001898,2024-10-12,Confirmed,Paid,389606
ORD01891,PROJ01333,CUS003353,2024-11-24,Delivered,Paid,95377
ORD01892,PROJ03694,CUS003729,2024-07-02,Delivered,paid,53828
ORD01893,PROJ00681,CUS002959,2025-02-17,Delivered,Pending,399282
ORD01894,PROJ01420,CUS004624,2024-01-20,Confirmed,paid,312439
ORD01895,PROJ03589,CUS004462,2024-11-30,confirmed,paid,452497
ORD01896,PROJ00893,CUS000360,2025-02-11,Confirmed,Pending,293061
ORD01897,PROJ03747,CUS000340,2024-07-24,confirmed,paid,86837
ORD01898,PROJ01972,CUS000802,2024-10-13,Cancelled,Partial,403845
ORD01899,PROJ04801,CUS004297,2024-11-14,confirmed,paid,172247
ORD01900,PROJ02267,CUS000694,2024-08-24,confirmed,Paid,232005
ORD01901,PROJ03767,CUS005000,2024-10-23,Shipped,Paid,498679
ORD01902,PROJ01146,CUS002981,2024-03-04,Delivered,Partial,84973
ORD01903,PROJ00059,CUS001618,2025-03-06,Delivered,Partial,402574
ORD01904,PROJ04242,CUS003263,2025-07-22,Cancelled,paid,101513
ORD01905,PROJ02607,CUS001152,2025-06-07,confirmed,Paid,40048
ORD01906,PROJ00144,CUS004938,2024-08-15,confirmed,Partial,178370
ORD01907,PROJ04638,CUS003850,2025-03-27,Delivered,Paid,62258
ORD01908,PROJ00275,CUS003491,2025-02-12,Confirmed,Pending,36991
ORD01909,PROJ04261,CUS001832,2024-10-14,Delivered,Paid,223729
ORD01910,PROJ01645,CUS000642,2024-11-13,Confirmed,Paid,50522
ORD01911,PROJ03259,CUS002355,2025-02-08,Delivered,paid,136925
ORD01912,PROJ00370,CUS003380,2025-02-11,confirmed,Paid,124063
ORD01913,PROJ04014,CUS001380,2025-02-23,Delivered,Partial,207702
ORD01914,PROJ03136,CUS002601,2025-05-18,Shipped,paid,20898
ORD01915,PROJ03344,CUS004488,2025-05-27,Cancelled,Pending,39062
ORD01916,PROJ03163,CUS000085,2025-05-11,Shipped,Pending,401645
ORD01917,PROJ04577,CUS000505,2024-07-28,confirmed,Partial,482369
ORD01918,PROJ00030,CUS004670,2024-09-14,Delivered,paid,498449
ORD01919,PROJ04464,CUS004827,2025-03-28,Cancelled,Pending,90101
ORD01920,PROJ04660,CUS001774,2024-10-08,confirmed,Pending,356583
ORD01921,PROJ01594,CUS003428,2025-07-02,Confirmed,Pending,76319
ORD01922,PROJ04365,CUS004831,2024-11-10,confirmed,paid,86437
ORD01923,PROJ03228,CUS001436,2024-12-02,confirmed,paid,304508
ORD01924,PROJ00425,CUS001686,2024-12-20,Delivered,Pending,218666
ORD01925,PROJ01041,CUS001211,2024-12-09,confirmed,paid,385868
ORD01926,PROJ00696,CUS002961,2025-02-04,Shipped,Partial,15858
ORD01927,PROJ02812,CUS003445,2024-12-11,confirmed,Pending,244875
ORD01928,PROJ03289,CUS003642,2025-02-07,Cancelled,Partial,366136
ORD01929,PROJ04029,CUS002985,2024-11-24,confirmed,Pending,226745
ORD01930,PROJ00625,CUS001319,2025-08-02,Delivered,Pending,144810
ORD01931,PROJ04209,CUS004682,2024-08-04,Delivered,Pending,194882
ORD01932,PROJ00878,CUS002433,2024-04-15,Delivered,Paid,138519
ORD01933,PROJ04865,CUS004566,2025-01-20,confirmed,paid,171384
ORD01934,PROJ04974,CUS004612,2024-09-08,Shipped,Pending,416720
ORD01935,PROJ02398,CUS001058,2024-05-10,Confirmed,Pending,433784
ORD01936,PROJ01414,CUS001618,2025-02-26,Cancelled,paid,283721
ORD01937,PROJ00430,CUS003001,2024-12-27,Cancelled,paid,54111
ORD01938,PROJ01503,CUS004013,2025-01-24,Confirmed,paid,242668
ORD01939,PROJ04982,CUS000001,2025-03-03,Confirmed,Pending,465301
ORD01940,PROJ03888,CUS002866,2024-06-29,confirmed,Pending,161919
ORD01941,PROJ04625,CUS004260,2025-03-03,Delivered,Partial,10570
ORD01942,PROJ04080,CUS003121,2025-01-16,Cancelled,Partial,418133
ORD01943,PROJ04907,CUS004126,2024-11-13,Confirmed,paid,334646
ORD01944,PROJ04779,CUS001497,2024-07-12,Shipped,Partial,391604
ORD01945,PROJ01518,CUS001747,2025-02-06,Delivered,Partial,429911
ORD01946,PROJ03469,CUS001435,2025-06-19,confirmed,paid,20203
ORD01947,PROJ04288,CUS003141,2025-07-03,Cancelled,paid,432629
ORD01948,PROJ01246,CUS001581,2024-11-01,confirmed,Pending,395482
ORD01949,PROJ02076,CUS003891,2024-10-13,Cancelled,paid,111593
ORD01950,PROJ04263,CUS004187,2024-12-21,Cancelled,Partial,363223
ORD01951,PROJ00547,CUS003517,2024-09-28,confirmed,paid,162041
ORD01952,PROJ03440,CUS000887,2024-07-03,Confirmed,Pending,122007
ORD01953,PROJ01103,CUS002140,2025-05-01,Shipped,paid,255643
ORD01954,PROJ01793,CUS000537,2025-02-04,Delivered,Partial,172593
ORD01955,PROJ00327,CUS003441,2025-03-22,Shipped,Pending,351532
ORD01956,PROJ02228,CUS004868,2024-10-31,Confirmed,Partial,41939
ORD01957,PROJ02601,CUS003239,2024-09-13,Delivered,Paid,267175
ORD01958,PROJ03491,CUS000071,2024-04-07,Shipped,paid,410799
ORD01959,PROJ03228,CUS004284,2025-04-18,Confirmed,Pending,362006
ORD01960,PROJ01419,CUS004275,2025-06-05,Shipped,paid,197482
ORD01961,PROJ04093,CUS001823,2025-07-05,Confirmed,paid,346267
ORD01962,PROJ00985,CUS001953,2024-08-26,Delivered,Paid,38530
ORD01963,PROJ02923,CUS001096,2024-07-16,Cancelled,Pending,93553
ORD01964,PROJ01038,CUS001146,2024-08-03,Delivered,Paid,122245
ORD01965,PROJ03614,CUS004253,2024-03-31,Delivered,Paid,227544
ORD01966,PROJ04655,CUS001506,2025-03-14,Confirmed,Paid,227556
ORD01967,PROJ01520,CUS004418,2024-12-12,Confirmed,Paid,187560
ORD01968,PROJ02172,CUS002752,2024-12-17,confirmed,paid,253087
ORD01969,PROJ00529,CUS004058,2025-04-07,Confirmed,Pending,424605
ORD01970,PROJ00575,CUS001061,2024-01-03,Delivered,Partial,317792
ORD01971,PROJ02851,CUS000337,2025-02-13,Delivered,Paid,369393
ORD01972,PROJ02081,CUS001610,2025-01-06,confirmed,paid,472307
ORD01973,PROJ01093,CUS002689,2025-01-30,confirmed,Partial,85164
ORD01974,PROJ04898,CUS000360,2024-12-14,confirmed,Paid,12289
ORD01975,PROJ04607,CUS004867,2024-11-16,Shipped,Pending,280807
ORD01976,PROJ00759,CUS000714,2025-01-06,Confirmed,Paid,208825
ORD01977,PROJ00923,CUS001530,2024-11-01,Delivered,paid,417956
ORD01978,PROJ01525,CUS003403,2025-08-19,confirmed,Paid,473803
ORD01979,PROJ02345,CUS004906,2024-11-03,Cancelled,paid,31731
ORD01980,PROJ02283,CUS000712,2024-06-27,Shipped,paid,452659
ORD01981,PROJ03569,CUS001978,2024-11-03,Confirmed,Pending,491510
ORD01982,PROJ00875,CUS000587,2024-02-25,Shipped,paid,467152
ORD01983,PROJ04749,CUS002747,2024-12-20,Confirmed,paid,359276
ORD01984,PROJ01185,CUS002759,2025-03-22,confirmed,Paid,230681
ORD01985,PROJ04506,CUS003102,2024-08-13,Delivered,Paid,239058
ORD01986,PROJ02138,CUS004185,2024-12-06,confirmed,Partial,191802
ORD01987,PROJ01684,CUS003362,2024-04-13,Confirmed,Pending,169403
ORD01988,PROJ02450,CUS000053,2025-11-23,confirmed,Pending,432229
ORD01989,PROJ04411,CUS004476,2024-08-08,Confirmed,paid,97012
ORD01990,PROJ00564,CUS004694,2025-01-08,Confirmed,Partial,128067
ORD01991,PROJ03566,CUS004320,2025-02-07,Confirmed,Paid,203028
ORD01992,PROJ02006,CUS003446,2024-12-19,Confirmed,Partial,72114
ORD01993,PROJ00244,CUS000106,2024-06-10,Confirmed,Partial,306526
ORD01994,PROJ03381,CUS003879,2024-10-01,Cancelled,Paid,205416
ORD01995,PROJ04911,CUS003409,2025-05-02,Confirmed,Partial,422712
ORD01996,PROJ00464,CUS000354,2025-07-06,Cancelled,Pending,89716
ORD01997,PROJ01668,CUS004312,2024-12-25,confirmed,Paid,14973
ORD01998,PROJ00808,CUS001588,2024-03-30,Shipped,Paid,274522
ORD01999,PROJ00178,CUS003102,2024-12-25,confirmed,Pending,488142
ORD02000,PROJ00943,CUS004905,2024-12-21,Cancelled,Pending,179782
ORD02001,PROJ04552,CUS003592,2025-09-11,confirmed,Pending,197636
ORD02002,PROJ04460,CUS001410,2024-11-29,Confirmed,Partial,61305
ORD02003,PROJ01889,CUS004957,2024-08-18,Shipped,paid,58281
ORD02004,PROJ01263,CUS004166,2025-01-17,Delivered,Partial,124499
ORD02005,PROJ04692,CUS002815,2025-01-23,Delivered,Partial,90634
ORD02006,PROJ02887,CUS004096,2024-11-05,Shipped,Paid,16077
ORD02007,PROJ00308,CUS004976,2025-02-21,confirmed,Pending,318759
ORD02008,PROJ02667,CUS004795,2024-09-09,Shipped,Partial,45295
ORD02009,PROJ00928,CUS000110,2024-07-03,Delivered,paid,299234
ORD02010,PROJ02786,CUS002678,2024-11-16,Shipped,paid,291455
ORD02011,PROJ03883,CUS000998,2025-02-12,confirmed,Pending,39374
ORD02012,PROJ04744,CUS004643,2024-11-19,Cancelled,Paid,161262
ORD02013,PROJ01435,CUS001060,2024-08-23,confirmed,Pending,156122
ORD02014,PROJ02118,CUS000558,2024-12-04,Shipped,Partial,247065
ORD02015,PROJ00770,CUS004341,2025-02-15,Shipped,paid,481299
ORD02016,PROJ00932,CUS003902,2025-01-29,confirmed,Paid,395217
ORD02017,PROJ03139,CUS002142,2024-10-09,Shipped,Partial,251991
ORD02018,PROJ04539,CUS002456,2024-09-19,Confirmed,Pending,482126
ORD02019,PROJ04981,CUS003491,2025-04-30,Shipped,Partial,369557
ORD02020,PROJ01106,CUS001463,2025-02-21,Cancelled,paid,11956
ORD02021,PROJ00271,CUS000828,2024-01-17,Shipped,Paid,171103
ORD02022,PROJ01015,CUS004509,2024-03-29,Delivered,Pending,497370
ORD02023,PROJ04798,CUS004926,2025-03-18,Delivered,Paid,370600
ORD02024,PROJ01344,CUS003516,2025-01-27,Cancelled,Pending,499286
ORD02025,PROJ03935,CUS001152,2025-04-25,Shipped,Paid,202350
ORD02026,PROJ02232,CUS000269,2024-08-22,Shipped,Paid,30575
ORD02027,PROJ01193,CUS002132,2024-08-26,Cancelled,paid,24428
ORD02028,PROJ03460,CUS003507,2025-10-11,Confirmed,Partial,103226
ORD02029,PROJ01316,CUS001121,2024-10-29,Confirmed,Partial,491654
ORD02030,PROJ03060,CUS001688,2024-01-04,Cancelled,paid,446850
ORD02031,PROJ00245,CUS000903,2024-09-26,Delivered,Pending,301300
ORD02032,PROJ04549,CUS003927,2024-12-02,Cancelled,Paid,492175
ORD02033,PROJ01598,CUS001328,2025-03-08,Delivered,paid,84103
ORD02034,PROJ00614,CUS004057,2024-11-08,Confirmed,paid,63057
ORD02035,PROJ00064,CUS004427,2025-04-01,Confirmed,Partial,214325
ORD02036,PROJ01234,CUS004206,2025-05-23,Delivered,Paid,294118
ORD02037,PROJ02250,CUS001556,2024-05-28,Confirmed,Pending,422436
ORD02038,PROJ00040,CUS003361,2024-08-06,Confirmed,Partial,335142
ORD02039,PROJ01732,CUS002025,2024-11-30,Confirmed,paid,50507
ORD02040,PROJ00447,CUS004147,2025-07-25,confirmed,Paid,18346
ORD02041,PROJ00201,CUS002491,2025-01-19,Delivered,Partial,470507
ORD02042,PROJ04042,CUS000648,2024-12-24,Cancelled,Paid,327728
ORD02043,PROJ01188,CUS003841,2024-07-07,Confirmed,Paid,330078
ORD02044,PROJ01527,CUS004399,2024-04-19,Delivered,Partial,152324
ORD02045,PROJ01114,CUS001392,2024-08-29,Cancelled,Paid,160150
ORD02046,PROJ00097,CUS001817,2025-07-28,confirmed,paid,140005
ORD02047,PROJ04451,CUS003517,2025-01-01,Cancelled,paid,30038
ORD02048,PROJ04309,CUS002659,2024-08-31,Shipped,Partial,64578
ORD02049,PROJ00451,CUS000144,2024-12-14,confirmed,Paid,174064
ORD02050,PROJ04915,CUS002441,2024-06-18,confirmed,Partial,444905
ORD02051,PROJ04624,CUS003048,2024-08-20,Shipped,paid,31544
ORD02052,PROJ04579,CUS002080,2024-11-28,Cancelled,Paid,384709
ORD02053,PROJ03056,CUS002236,2024-12-20,Delivered,paid,141883
ORD02054,PROJ00539,CUS002908,2024-12-23,Cancelled,Partial,78950
ORD02055,PROJ03636,CUS003429,2025-03-14,Cancelled,Paid,145372
ORD02056,PROJ00591,CUS000553,2024-09-13,Shipped,Paid,338904
ORD02057,PROJ01366,CUS004144,2024-12-14,Confirmed,Paid,328275
ORD02058,PROJ00312,CUS003586,2025-05-22,Delivered,Paid,445923
ORD02059,PROJ01908,CUS000743,2025-02-14,Shipped,Paid,288951
ORD02060,PROJ01311,CUS001693,2024-12-28,Cancelled,Partial,53048
ORD02061,PROJ03090,CUS001891,2024-01-02,Delivered,Partial,191637
ORD02062,PROJ04776,CUS003911,2024-04-22,Cancelled,Paid,136490
ORD02063,PROJ04045,CUS001511,2024-07-05,Confirmed,paid,13460
ORD02064,PROJ02214,CUS000319,2024-10-04,Delivered,Paid,447144
ORD02065,PROJ01747,CUS002699,2025-02-07,Delivered,Paid,388368
ORD02066,PROJ01243,CUS000479,2025-02-11,Confirmed,paid,348163
ORD02067,PROJ01780,CUS003870,2024-11-21,confirmed,Pending,59538
ORD02068,PROJ02738,CUS004636,2025-01-07,Delivered,paid,457929
ORD02069,PROJ04657,CUS002333,2024-08-26,Confirmed,paid,376548
ORD02070,PROJ00595,CUS003932,2024-07-18,Cancelled,Pending,381810
ORD02071,PROJ04477,CUS000532,2024-12-10,confirmed,paid,265222
ORD02072,PROJ00107,CUS001462,2025-07-31,Cancelled,paid,69871
ORD02073,PROJ00111,CUS002002,2024-06-26,Cancelled,paid,126939
ORD02074,PROJ04026,CUS004713,2024-12-23,Confirmed,Pending,56063
ORD02075,PROJ01532,CUS001875,2024-12-07,Shipped,Partial,113518
ORD02076,PROJ04336,CUS002678,2025-10-27,Cancelled,Paid,135473
ORD02077,PROJ02883,CUS004590,2025-02-08,Confirmed,Pending,103878
ORD02078,PROJ04629,CUS003673,2025-05-22,Cancelled,Pending,134281
ORD02079,PROJ04958,CUS000514,2024-02-20,Cancelled,paid,114992
ORD02080,PROJ00687,CUS000617,2024-11-25,Delivered,paid,405492
ORD02081,PROJ03048,CUS000414,2024-07-07,confirmed,Pending,356185
ORD02082,PROJ02039,CUS004946,2025-11-13,Delivered,Pending,309228
ORD02083,PROJ00786,CUS000062,2025-06-07,confirmed,paid,100135
ORD02084,PROJ00363,CUS003437,2025-01-24,Delivered,paid,233969
ORD02085,PROJ03436,CUS000761,2024-12-12,confirmed,Paid,256865
ORD02086,PROJ01743,CUS003426,2024-06-02,confirmed,paid,63375
ORD02087,PROJ02010,CUS001476,2024-03-22,Confirmed,Paid,298332
ORD02088,PROJ04470,CUS001380,2025-02-13,confirmed,Paid,399904
ORD02089,PROJ01741,CUS000188,2025-02-28,Delivered,paid,187896
ORD02090,PROJ03104,CUS000333,2024-09-05,Confirmed,Pending,421082
ORD02091,PROJ00852,CUS004014,2025-02-15,Shipped,Paid,20032
ORD02092,PROJ04596,CUS004065,2024-12-06,Delivered,paid,419671
ORD02093,PROJ04808,CUS001045,2024-02-07,confirmed,Paid,456493
ORD02094,PROJ04129,CUS001102,2025-01-30,Confirmed,Partial,134840
ORD02095,PROJ00769,CUS003403,2025-02-06,Shipped,Pending,175590
ORD02096,PROJ04098,CUS003644,2024-04-08,Shipped,Partial,368013
ORD02097,PROJ00413,CUS003159,2025-06-29,Cancelled,Paid,120697
ORD02098,PROJ02667,CUS003923,2024-09-30,Delivered,Pending,87366
ORD02099,PROJ02216,CUS001533,2024-12-24,Delivered,Paid,130967
ORD02100,PROJ03676,CUS000194,2025-01-21,confirmed,paid,235883
ORD02101,PROJ00980,CUS002283,2024-12-24,Delivered,Partial,461140
ORD02102,PROJ01464,CUS002786,2025-02-21,Shipped,Pending,199699
ORD02103,PROJ00487,CUS001228,2024-03-24,confirmed,paid,358789
ORD02104,PROJ00111,CUS001668,2025-01-10,Confirmed,Partial,227465
ORD02105,PROJ03702,CUS004150,2025-05-04,Confirmed,Paid,331978
ORD02106,PROJ03215,CUS001872,2024-09-08,confirmed,paid,32051
ORD02107,PROJ00050,CUS001635,2024-08-16,Confirmed,Paid,176752
ORD02108,PROJ02368,CUS001624,2024-09-12,Confirmed,paid,297949
ORD02109,PROJ01103,CUS001850,2025-06-17,Cancelled,Pending,61746
ORD02110,PROJ03811,CUS004567,2024-02-14,Cancelled,Partial,451363
ORD02111,PROJ04768,CUS003516,2025-02-20,Delivered,Partial,398629
ORD02112,PROJ01576,CUS001264,2024-12-30,confirmed,paid,362512
ORD02113,PROJ03172,CUS003743,2024-08-03,Delivered,Pending,198371
ORD02114,PROJ02134,CUS004762,2025-01-18,Cancelled,paid,353030
ORD02115,PROJ03861,CUS000906,2024-07-23,Shipped,Partial,53724
ORD02116,PROJ01325,CUS001619,2024-09-18,Cancelled,Pending,390280
ORD02117,PROJ04047,CUS002703,2024-03-04,confirmed,Paid,238044
ORD02118,PROJ00269,CUS002473,2025-02-23,Delivered,Paid,239471
ORD02119,PROJ04703,CUS000839,2025-06-24,confirmed,Partial,108334
ORD02120,PROJ03200,CUS002260,2025-08-30,Confirmed,Paid,355188
ORD02121,PROJ04879,CUS002740,2024-07-18,Confirmed,paid,84058
ORD02122,PROJ04029,CUS003100,2025-01-17,confirmed,Pending,90560
ORD02123,PROJ01619,CUS000778,2025-05-04,Delivered,paid,285584
ORD02124,PROJ03822,CUS000440,2024-09-01,Confirmed,Pending,245031
ORD02125,PROJ03127,CUS000273,2024-02-03,Confirmed,paid,442226
ORD02126,PROJ03184,CUS000874,2025-03-13,confirmed,Partial,474307
ORD02127,PROJ01453,CUS000570,2024-12-11,Delivered,paid,322105
ORD02128,PROJ01415,CUS003394,2024-11-09,Delivered,Partial,268175
ORD02129,PROJ02398,CUS001085,2024-07-20,Delivered,paid,23819
ORD02130,PROJ04674,CUS002008,2025-03-04,Confirmed,Pending,183629
ORD02131,PROJ03533,CUS001476,2025-02-09,Shipped,Pending,337655
ORD02132,PROJ03982,CUS000953,2024-09-14,Shipped,Partial,73530
ORD02133,PROJ01421,CUS003158,2024-12-14,Cancelled,paid,441745
ORD02134,PROJ03349,CUS004329,2024-11-15,Delivered,Paid,366798
ORD02135,PROJ00306,CUS001184,2024-06-05,Shipped,Paid,143812
ORD02136,PROJ04055,CUS001851,2024-04-07,Shipped,Partial,60592
ORD02137,PROJ02425,CUS003262,2025-08-06,Delivered,Pending,103356
ORD02138,PROJ04998,CUS000144,2025-03-18,Confirmed,Partial,81217
ORD02139,PROJ01499,CUS001922,2024-06-22,Shipped,Paid,210903
ORD02140,PROJ04974,CUS002847,2024-09-21,Delivered,Pending,28139
ORD02141,PROJ02682,CUS002881,2025-03-17,confirmed,Partial,303187
ORD02142,PROJ03395,CUS004705,2024-11-04,Shipped,Paid,42594
ORD02143,PROJ03000,CUS001213,2024-02-03,Confirmed,Paid,329062
ORD02144,PROJ01682,CUS000808,2025-05-08,Delivered,Pending,92200
ORD02145,PROJ04142,CUS002749,2024-07-22,Delivered,Paid,86648
ORD02146,PROJ00702,CUS003535,2024-10-27,Confirmed,paid,322482
ORD02147,PROJ03137,CUS002880,2025-05-22,confirmed,Paid,404850
ORD02148,PROJ00655,CUS000424,2025-01-24,Cancelled,paid,399599
ORD02149,PROJ01225,CUS002849,2024-07-13,confirmed,Paid,267893
ORD02150,PROJ03652,CUS004165,2024-07-28,confirmed,paid,101552
ORD02151,PROJ00773,CUS001362,2024-04-19,confirmed,paid,325840
ORD02152,PROJ01685,CUS000269,2025-06-13,Delivered,Pending,62429
ORD02153,PROJ04863,CUS002634,2024-04-05,Shipped,paid,340919
ORD02154,PROJ03065,CUS004300,2025-03-21,Cancelled,Pending,328845
ORD02155,PROJ03512,CUS002641,2024-09-03,confirmed,Pending,484413
ORD02156,PROJ04662,CUS001918,2024-08-24,Delivered,Paid,486800
ORD02157,PROJ04806,CUS004409,2024-04-01,Delivered,Paid,441494
ORD02158,PROJ01084,CUS004831,2024-10-14,confirmed,Pending,15371
ORD02159,PROJ00804,CUS004689,2024-06-01,Confirmed,Paid,264484
ORD02160,PROJ03509,CUS000592,2024-08-07,confirmed,Pending,48541
ORD02161,PROJ01207,CUS001626,2024-10-31,Confirmed,Paid,131253
ORD02162,PROJ04926,CUS001821,2025-07-22,Delivered,Paid,81379
ORD02163,PROJ02070,CUS001251,2024-01-15,confirmed,Pending,420436
ORD02164,PROJ03577,CUS001512,2025-01-26,Shipped,paid,473550
ORD02165,PROJ01019,CUS004489,2025-02-14,confirmed,Partial,428279
ORD02166,PROJ00281,CUS002410,2025-05-11,confirmed,Paid,111419
ORD02167,PROJ02446,CUS001938,2024-05-04,Cancelled,Partial,462495
ORD02168,PROJ01594,CUS003574,2025-01-04,Shipped,Partial,345887
ORD02169,PROJ04388,CUS000406,2025-02-02,Confirmed,Paid,287614
ORD02170,PROJ04852,CUS002158,2025-01-17,Shipped,Pending,180160
ORD02171,PROJ01363,CUS003719,2025-05-01,Cancelled,Paid,373158
ORD02172,PROJ03350,CUS001769,2025-04-04,Delivered,Pending,427788
ORD02173,PROJ00519,CUS003941,2025-08-30,Delivered,Partial,311998
ORD02174,PROJ00194,CUS004689,2024-12-03,Cancelled,paid,184440
ORD02175,PROJ03706,CUS003074,2024-07-14,Cancelled,Pending,454546
ORD02176,PROJ02922,CUS001098,2025-06-21,Shipped,Paid,367927
ORD02177,PROJ04325,CUS003567,2025-08-12,Delivered,Partial,493460
ORD02178,PROJ02287,CUS001867,2024-12-12,Shipped,Pending,254415
ORD02179,PROJ02432,CUS000427,2024-03-27,Confirmed,Paid,29862
ORD02180,PROJ00510,CUS002229,2025-02-04,Confirmed,Partial,270485
ORD02181,PROJ01920,CUS000648,2024-10-05,Cancelled,paid,355947
ORD02182,PROJ02955,CUS002322,2025-10-07,Confirmed,paid,34375
ORD02183,PROJ04464,CUS001432,2025-05-12,Confirmed,Paid,302352
ORD02184,PROJ01822,CUS004902,2024-12-18,Cancelled,Paid,37269
ORD02185,PROJ04863,CUS002639,2024-04-02,Shipped,Partial,352329
ORD02186,PROJ02259,CUS000432,2025-02-02,Shipped,Partial,89317
ORD02187,PROJ00932,CUS001851,2024-12-02,Cancelled,Pending,178973
ORD02188,PROJ02674,CUS004199,2024-12-06,Shipped,Partial,240293
ORD02189,PROJ01525,CUS000427,2024-07-27,Confirmed,Pending,457791
ORD02190,PROJ04249,CUS001709,2024-09-17,Shipped,Pending,143772
ORD02191,PROJ00156,CUS003003,2025-03-19,confirmed,Paid,467577
ORD02192,PROJ01146,CUS003409,2024-03-23,Delivered,paid,291597
ORD02193,PROJ01609,CUS004728,2025-08-09,Shipped,paid,21046
ORD02194,PROJ03605,CUS004005,2024-12-13,confirmed,Paid,368397
ORD02195,PROJ01733,CUS002520,2024-07-18,Cancelled,paid,467276
ORD02196,PROJ03478,CUS004725,2025-07-31,Delivered,Pending,281830
ORD02197,PROJ04337,CUS001074,2025-02-15,Confirmed,paid,270629
ORD02198,PROJ02153,CUS003070,2024-11-16,Confirmed,Paid,44326
ORD02199,PROJ01313,CUS004693,2025-02-08,confirmed,paid,391500
ORD02200,PROJ00492,CUS002496,2024-11-28,Shipped,Partial,353378
ORD02201,PROJ02442,CUS002166,2024-10-18,Confirmed,Pending,327850
ORD02202,PROJ04911,CUS000966,2024-07-12,confirmed,Pending,122947
ORD02203,PROJ02377,CUS001915,2024-08-19,confirmed,paid,288190
ORD02204,PROJ02115,CUS004418,2024-09-14,Shipped,paid,465686
ORD02205,PROJ00278,CUS000563,2025-03-12,Delivered,Paid,476366
ORD02206,PROJ02433,CUS001047,2025-01-08,Confirmed,Pending,180347
ORD02207,PROJ03175,CUS001959,2025-05-17,confirmed,paid,234365
ORD02208,PROJ00827,CUS000950,2024-06-24,Confirmed,Pending,93724
ORD02209,PROJ03197,CUS000700,2024-05-01,Shipped,Partial,145116
ORD02210,PROJ04059,CUS000518,2024-09-15,Cancelled,Pending,392620
ORD02211,PROJ01582,CUS001504,2025-04-05,confirmed,paid,244938
ORD02212,PROJ04121,CUS003715,2025-04-05,Delivered,Partial,498010
ORD02213,PROJ01538,CUS001672,2025-09-25,Shipped,Paid,39996
ORD02214,PROJ01986,CUS003355,2025-03-05,Delivered,Paid,307922
ORD02215,PROJ00336,CUS000505,2025-04-21,confirmed,Partial,133446
ORD02216,PROJ03473,CUS003465,2025-03-08,confirmed,Pending,380142
ORD02217,PROJ01108,CUS001670,2024-04-11,Delivered,paid,24154
ORD02218,PROJ00875,CUS003030,2024-01-20,Cancelled,Paid,150480
ORD02219,PROJ00576,CUS000230,2025-02-23,Shipped,Partial,127315
ORD02220,PROJ01410,CUS004205,2025-03-12,Delivered,Partial,333470
ORD02221,PROJ01646,CUS003502,2025-01-10,Confirmed,Paid,291665
ORD02222,PROJ04348,CUS000346,2024-08-30,Shipped,Paid,498702
ORD02223,PROJ04352,CUS001645,2024-09-11,Confirmed,paid,296921
ORD02224,PROJ04900,CUS003512,2025-04-22,Shipped,Pending,240389
ORD02225,PROJ02257,CUS003235,2025-04-22,Cancelled,Paid,184720
ORD02226,PROJ02276,CUS001198,2024-06-14,Shipped,Pending,498433
ORD02227,PROJ04562,CUS004384,2024-09-12,Cancelled,Pending,54109
ORD02228,PROJ03787,CUS002378,2025-03-25,Confirmed,Partial,147002
ORD02229,PROJ01326,CUS004115,2024-06-05,confirmed,Paid,427966
ORD02230,PROJ03272,CUS001258,2024-08-06,Shipped,Partial,212141
ORD02231,PROJ00600,CUS001017,2024-11-24,Delivered,Paid,490178
ORD02232,PROJ00792,CUS000237,2024-12-19,Confirmed,Partial,109573
ORD02233,PROJ04061,CUS000575,2024-10-18,confirmed,Pending,247138
ORD02234,PROJ02338,CUS000272,2025-05-15,confirmed,paid,467548
ORD02235,PROJ03142,CUS002915,2024-10-13,Delivered,paid,335838
ORD02236,PROJ02564,CUS003979,2025-08-02,Confirmed,paid,365220
ORD02237,PROJ03472,CUS000109,2024-07-30,Delivered,paid,52090
ORD02238,PROJ03215,CUS002895,2024-08-31,Shipped,Pending,164897
ORD02239,PROJ01438,CUS002724,2024-08-01,Cancelled,Paid,339682
ORD02240,PROJ03627,CUS002282,2025-03-07,Shipped,paid,104879
ORD02241,PROJ03748,CUS003940,2024-12-22,Delivered,Pending,481397
ORD02242,PROJ00123,CUS002475,2024-07-03,Confirmed,Partial,400990
ORD02243,PROJ03356,CUS000882,2024-09-19,Shipped,paid,381221
ORD02244,PROJ02557,CUS002947,2025-04-11,Cancelled,Partial,416422
ORD02245,PROJ02297,CUS000134,2024-11-01,Shipped,Partial,363082
ORD02246,PROJ04236,CUS000869,2024-08-31,Confirmed,paid,23107
ORD02247,PROJ03000,CUS004548,2024-03-24,confirmed,Partial,29399
ORD02248,PROJ01194,CUS002385,2025-04-15,Shipped,paid,447258
ORD02249,PROJ03567,CUS004531,2025-05-17,Cancelled,Paid,332834
ORD02250,PROJ04148,CUS000561,2025-03-11,Confirmed,Partial,451261
ORD02251,PROJ01684,CUS001142,2024-03-26,Confirmed,Pending,219041
ORD02252,PROJ02762,CUS002307,2025-05-13,Cancelled,Partial,261027
ORD02253,PROJ04575,CUS000164,2025-05-06,confirmed,paid,17590
ORD02254,PROJ01113,CUS003213,2025-08-23,Confirmed,paid,278593
ORD02255,PROJ00916,CUS000600,2025-07-24,Shipped,Partial,430318
ORD02256,PROJ03467,CUS003290,2024-06-12,confirmed,Partial,85691
ORD02257,PROJ01191,CUS000539,2025-05-10,Confirmed,Partial,201870
ORD02258,PROJ04964,CUS000577,2024-12-13,Confirmed,Paid,429580
ORD02259,PROJ03837,CUS000526,2024-06-18,Confirmed,Paid,380312
ORD02260,PROJ04016,CUS004641,2025-04-19,Delivered,Partial,476165
ORD02261,PROJ00420,CUS002381,2024-01-22,Shipped,Partial,53578
ORD02262,PROJ03465,CUS001836,2024-09-06,Confirmed,Pending,239721
ORD02263,PROJ01974,CUS001233,2024-09-10,confirmed,Partial,105735
ORD02264,PROJ01644,CUS004126,2025-02-11,Confirmed,paid,62718
ORD02265,PROJ00628,CUS000863,2025-06-11,Delivered,Pending,157276
ORD02266,PROJ04351,CUS001461,2024-09-06,Confirmed,paid,379803
ORD02267,PROJ03103,CUS001573,2025-07-17,Cancelled,Paid,460998
ORD02268,PROJ00828,CUS002787,2025-02-25,Delivered,Paid,151619
ORD02269,PROJ03508,CUS002204,2024-09-04,Shipped,Paid,91410
ORD02270,PROJ03461,CUS000730,2025-06-13,Confirmed,Partial,145552
ORD02271,PROJ03564,CUS003716,2024-09-05,Confirmed,Partial,143229
ORD02272,PROJ03218,CUS000313,2025-08-15,Delivered,Pending,236738
ORD02273,PROJ00448,CUS003686,2025-02-18,Delivered,Paid,73384
ORD02274,PROJ00404,CUS000330,2024-07-02,Confirmed,paid,302632
ORD02275,PROJ01154,CUS003567,2024-11-12,Shipped,Pending,481800
ORD02276,PROJ01265,CUS002801,2025-05-07,confirmed,Paid,196175
ORD02277,PROJ03501,CUS002322,2024-11-11,Shipped,Partial,230185
ORD02278,PROJ03712,CUS000878,2024-09-06,Shipped,Partial,270817
ORD02279,PROJ00393,CUS004080,2024-12-09,Shipped,paid,166253
ORD02280,PROJ04589,CUS004930,2024-09-15,Delivered,Partial,73579
ORD02281,PROJ04392,CUS003183,2025-09-09,Shipped,Pending,282969
ORD02282,PROJ02952,CUS002370,2024-10-08,confirmed,paid,458452
ORD02283,PROJ00383,CUS004892,2025-08-28,Shipped,Paid,443289
ORD02284,PROJ02106,CUS001828,2024-10-30,Confirmed,Paid,94433
ORD02285,PROJ02966,CUS002448,2024-09-08,Delivered,Paid,88235
ORD02286,PROJ00804,CUS000136,2024-06-20,Delivered,paid,256021
ORD02287,PROJ02000,CUS002188,2025-04-10,Delivered,Partial,452694
ORD02288,PROJ03475,CUS001217,2024-07-23,confirmed,Partial,115404
ORD02289,PROJ00448,CUS002526,2024-11-30,Shipped,paid,497546
ORD02290,PROJ00276,CUS004785,2024-10-01,confirmed,paid,339852
ORD02291,PROJ03446,CUS000640,2025-06-22,Cancelled,Partial,12084
ORD02292,PROJ00371,CUS002620,2025-03-22,Shipped,Partial,328646
ORD02293,PROJ00209,CUS003733,2024-08-03,Confirmed,paid,252028
ORD02294,PROJ02500,CUS003161,2024-07-15,Cancelled,Paid,338195
ORD02295,PROJ03397,CUS002739,2025-07-30,Shipped,Partial,37321
ORD02296,PROJ04712,CUS004707,2024-11-22,Cancelled,paid,150487
ORD02297,PROJ02532,CUS003135,2024-11-14,Cancelled,Paid,239901
ORD02298,PROJ00503,CUS002366,2025-04-09,Confirmed,Pending,228446
ORD02299,PROJ02415,CUS000965,2024-10-21,Shipped,Pending,51720
ORD02300,PROJ04103,CUS002607,2025-03-19,Delivered,Paid,400906
ORD02301,PROJ01917,CUS003252,2025-01-28,confirmed,Paid,62129
ORD02302,PROJ03850,CUS002812,2025-06-04,Cancelled,Partial,123792
ORD02303,PROJ02072,CUS002912,2024-08-08,Shipped,Partial,295159
ORD02304,PROJ02585,CUS003045,2025-04-09,Confirmed,Partial,300049
ORD02305,PROJ01583,CUS001244,2025-05-21,Delivered,Paid,458368
ORD02306,PROJ00079,CUS000890,2025-06-16,Delivered,Partial,361139
ORD02307,PROJ01488,CUS004883,2024-12-30,confirmed,Partial,278118
ORD02308,PROJ04827,CUS003757,2024-05-29,confirmed,Pending,398411
ORD02309,PROJ04708,CUS001542,2024-12-18,Delivered,paid,112413
ORD02310,PROJ04032,CUS001191,2025-06-02,confirmed,Partial,64432
ORD02311,PROJ00415,CUS004970,2025-01-03,Shipped,Paid,423267
ORD02312,PROJ01064,CUS001959,2025-03-16,Cancelled,Paid,150661
ORD02313,PROJ01668,CUS002946,2025-04-13,Delivered,Paid,157341
ORD02314,PROJ00661,CUS000678,2025-01-11,confirmed,Paid,477337
ORD02315,PROJ00374,CUS004956,2024-07-20,Shipped,Partial,356579
ORD02316,PROJ04738,CUS004982,2024-08-10,Confirmed,paid,173374
ORD02317,PROJ00030,CUS003426,2024-02-06,confirmed,Pending,461867
ORD02318,PROJ01539,CUS000578,2024-07-01,Confirmed,Pending,378935
ORD02319,PROJ02422,CUS000431,2025-12-23,confirmed,Partial,486053
ORD02320,PROJ03929,CUS000087,2024-12-25,Shipped,Pending,496507
ORD02321,PROJ03642,CUS004580,2025-06-29,Shipped,Pending,355619
ORD02322,PROJ02599,CUS002232,2025-01-11,confirmed,Paid,309488
ORD02323,PROJ03738,CUS000185,2025-06-28,Cancelled,Pending,154180
ORD02324,PROJ01528,CUS004316,2024-07-31,Confirmed,Paid,463269
ORD02325,PROJ02758,CUS003822,2024-09-19,Delivered,Pending,449459
ORD02326,PROJ02089,CUS003595,2024-06-15,Shipped,paid,45134
ORD02327,PROJ04108,CUS001607,2024-10-16,Shipped,Pending,6733
ORD02328,PROJ01059,CUS002644,2025-04-23,Shipped,paid,155571
ORD02329,PROJ01283,CUS004744,2025-06-10,confirmed,Pending,414682
ORD02330,PROJ01280,CUS001658,2024-09-13,Shipped,Paid,499200
ORD02331,PROJ00283,CUS004178,2025-11-03,Cancelled,paid,133719
ORD02332,PROJ00823,CUS002721,2024-09-12,confirmed,paid,200050
ORD02333,PROJ02846,CUS003254,2025-05-29,confirmed,paid,360327
ORD02334,PROJ02466,CUS004030,2025-06-06,Shipped,Pending,499005
ORD02335,PROJ00593,CUS000387,2024-03-27,Delivered,paid,11931
ORD02336,PROJ02850,CUS002618,2024-10-28,Confirmed,Pending,426886
ORD02337,PROJ04651,CUS002180,2025-05-15,Confirmed,Pending,362861
ORD02338,PROJ00404,CUS001601,2024-08-01,Confirmed,paid,211495
ORD02339,PROJ03796,CUS002073,2025-02-21,Delivered,Pending,16417
ORD02340,PROJ02050,CUS002197,2024-12-25,Delivered,Paid,205789
ORD02341,PROJ01762,CUS003018,2025-02-05,Cancelled,Paid,252661
ORD02342,PROJ03938,CUS000827,2025-01-07,Confirmed,Paid,227398
ORD02343,PROJ01683,CUS003006,2025-07-10,Shipped,Paid,238274
ORD02344,PROJ02728,CUS003966,2024-11-08,Confirmed,Partial,466346
ORD02345,PROJ02004,CUS001539,2024-11-16,confirmed,paid,456449
ORD02346,PROJ03631,CUS003453,2024-02-22,Shipped,Partial,384830
ORD02347,PROJ03562,CUS004988,2025-01-31,Delivered,Partial,465116
ORD02348,PROJ04193,CUS001052,2024-05-28,Delivered,paid,250487
ORD02349,PROJ00472,CUS003306,2025-02-06,Delivered,paid,9506
ORD02350,PROJ04121,CUS000491,2025-02-07,confirmed,Paid,424605
ORD02351,PROJ00100,CUS002055,2024-11-04,confirmed,paid,443720
ORD02352,PROJ04430,CUS003128,2025-02-15,confirmed,Pending,86611
ORD02353,PROJ02391,CUS000605,2024-11-16,Shipped,paid,266572
ORD02354,PROJ04785,CUS004470,2024-07-16,Cancelled,Partial,226378
ORD02355,PROJ02926,CUS002945,2025-08-18,Delivered,Paid,239122
ORD02356,PROJ01706,CUS000786,2025-03-31,Cancelled,paid,200101
ORD02357,PROJ04966,CUS002992,2024-07-03,Shipped,paid,481950
ORD02358,PROJ02731,CUS003640,2025-07-04,Confirmed,Pending,492495
ORD02359,PROJ03080,CUS000125,2024-10-26,Shipped,Paid,235740
ORD02360,PROJ02813,CUS000930,2025-02-02,Shipped,Pending,54649
ORD02361,PROJ01456,CUS001814,2025-01-17,Confirmed,paid,83082
ORD02362,PROJ03963,CUS004594,2025-01-12,confirmed,Paid,375478
ORD02363,PROJ00357,CUS002587,2024-12-27,Confirmed,Paid,339316
ORD02364,PROJ02030,CUS000134,2025-02-10,Cancelled,Pending,113144
ORD02365,PROJ02679,CUS003017,2025-04-15,Confirmed,Partial,381489
ORD02366,PROJ00853,CUS002576,2025-03-18,Confirmed,Pending,135519
ORD02367,PROJ01062,CUS003828,2024-12-24,confirmed,Pending,350254
ORD02368,PROJ02004,CUS002440,2024-12-28,Shipped,Partial,189227
ORD02369,PROJ01270,CUS004038,2024-10-23,Cancelled,Pending,65990
ORD02370,PROJ04553,CUS003431,2025-02-19,Confirmed,paid,383594
ORD02371,PROJ00377,CUS001238,2024-09-15,Shipped,paid,89948
ORD02372,PROJ04187,CUS000676,2024-10-22,Cancelled,paid,404104
ORD02373,PROJ02473,CUS004676,2025-01-24,Delivered,Partial,211774
ORD02374,PROJ02723,CUS001375,2024-06-16,Confirmed,Partial,322491
ORD02375,PROJ01014,CUS003922,2024-11-26,confirmed,Pending,194731
ORD02376,PROJ03108,CUS004164,2025-01-11,confirmed,Paid,493955
ORD02377,PROJ03350,CUS003593,2025-04-18,confirmed,Pending,334682
ORD02378,PROJ04164,CUS000671,2024-04-24,Delivered,Pending,372434
ORD02379,PROJ03997,CUS004816,2024-09-16,Delivered,Pending,181120
ORD02380,PROJ03181,CUS004608,2025-05-19,Confirmed,Pending,492108
ORD02381,PROJ04577,CUS002229,2024-04-16,confirmed,Partial,374389
ORD02382,PROJ01269,CUS000272,2025-02-17,Delivered,Paid,170070
ORD02383,PROJ03954,CUS004854,2024-05-15,confirmed,Pending,141628
ORD02384,PROJ00682,CUS001871,2024-03-13,Confirmed,Paid,165989
ORD02385,PROJ03643,CUS004969,2024-09-21,confirmed,Paid,405593
ORD02386,PROJ03907,CUS001927,2025-08-10,Cancelled,Partial,194810
ORD02387,PROJ01318,CUS001474,2024-05-29,Shipped,Partial,282704
ORD02388,PROJ02799,CUS004139,2024-09-21,Shipped,Paid,244261
ORD02389,PROJ01446,CUS001490,2025-01-22,Cancelled,paid,208398
ORD02390,PROJ02906,CUS000276,2024-06-09,Confirmed,Paid,218762
ORD02391,PROJ01158,CUS003419,2024-01-25,Shipped,Partial,448253
ORD02392,PROJ02498,CUS001749,2024-10-02,Shipped,Pending,259241
ORD02393,PROJ03237,CUS002123,2024-05-31,confirmed,Partial,437211
ORD02394,PROJ02366,CUS001163,2024-12-28,Delivered,Pending,495132
ORD02395,PROJ02421,CUS003079,2025-09-17,Delivered,paid,206614
ORD02396,PROJ04138,CUS000433,2024-06-08,confirmed,Partial,119920
ORD02397,PROJ03537,CUS002274,2024-12-31,Delivered,Paid,236765
ORD02398,PROJ00135,CUS001020,2024-12-11,Confirmed,Paid,285358
ORD02399,PROJ03151,CUS001382,2025-01-30,Cancelled,paid,374107
ORD02400,PROJ01065,CUS003012,2024-11-27,Delivered,Paid,52490
ORD02401,PROJ02236,CUS003473,2024-12-29,Shipped,Paid,75063
ORD02402,PROJ02287,CUS002679,2025-01-12,Shipped,Partial,101410
ORD02403,PROJ00778,CUS001205,2025-02-01,Shipped,Pending,302691
ORD02404,PROJ03623,CUS001536,2024-01-24,Shipped,Paid,70583
ORD02405,PROJ00369,CUS002000,2024-11-21,Delivered,Partial,448511
ORD02406,PROJ04402,CUS001598,2024-10-22,Confirmed,paid,143203
ORD02407,PROJ01510,CUS003031,2025-07-27,Cancelled,Paid,356575
ORD02408,PROJ04115,CUS004250,2024-12-14,confirmed,Paid,177444
ORD02409,PROJ04550,CUS002312,2025-06-05,confirmed,Partial,237339
ORD02410,PROJ00210,CUS003039,2024-01-14,Delivered,Pending,298396
ORD02411,PROJ04741,CUS001122,2025-01-18,Cancelled,paid,8071
ORD02412,PROJ00865,CUS001732,2024-08-11,Shipped,paid,250059
ORD02413,PROJ02345,CUS003803,2025-03-05,Confirmed,Paid,153550
ORD02414,PROJ03506,CUS001965,2024-07-26,Confirmed,Paid,84848
ORD02415,PROJ01148,CUS004985,2024-08-17,confirmed,Pending,479529
ORD02416,PROJ01048,CUS001763,2025-01-02,Cancelled,Paid,247421
ORD02417,PROJ01898,CUS002665,2025-03-05,Cancelled,paid,352619
ORD02418,PROJ03537,CUS004427,2025-04-10,confirmed,paid,188074
ORD02419,PROJ02501,CUS001479,2025-06-19,Confirmed,Pending,386606
ORD02420,PROJ00062,CUS001048,2025-02-20,Cancelled,paid,206406
ORD02421,PROJ00901,CUS003637,2025-08-13,confirmed,Partial,151094
ORD02422,PROJ00498,CUS000339,2025-01-15,Cancelled,Paid,347659
ORD02423,PROJ00142,CUS004972,2025-06-22,Confirmed,Paid,229932
ORD02424,PROJ00875,CUS000209,2024-01-18,Shipped,paid,216354
ORD02425,PROJ03783,CUS002122,2024-11-14,Cancelled,Paid,8976
ORD02426,PROJ00593,CUS000701,2024-05-24,Delivered,Pending,290014
ORD02427,PROJ01820,CUS001438,2025-06-16,Confirmed,Partial,344076
ORD02428,PROJ03103,CUS004526,2025-05-29,confirmed,paid,473166
ORD02429,PROJ01196,CUS001474,2024-05-09,confirmed,Pending,455738
ORD02430,PROJ02614,CUS003474,2024-12-26,confirmed,Paid,196134
ORD02431,PROJ04444,CUS003771,2024-07-03,confirmed,paid,350312
ORD02432,PROJ01961,CUS004835,2025-03-29,Delivered,Paid,14840
ORD02433,PROJ03353,CUS003915,2025-01-09,Confirmed,Paid,125466
ORD02434,PROJ04523,CUS001034,2024-10-20,confirmed,Paid,262145
ORD02435,PROJ04606,CUS002868,2024-04-22,confirmed,Pending,58439
ORD02436,PROJ00123,CUS002410,2024-08-01,Confirmed,Partial,118676
ORD02437,PROJ02516,CUS002908,2024-11-09,Cancelled,Partial,91788
ORD02438,PROJ04777,CUS002863,2025-02-04,Cancelled,paid,479049
ORD02439,PROJ00509,CUS000386,2024-11-12,Delivered,paid,149408
ORD02440,PROJ01232,CUS003416,2024-06-13,Confirmed,Partial,30997
ORD02441,PROJ02885,CUS003848,2025-03-23,confirmed,Paid,461340
ORD02442,PROJ02010,CUS003794,2025-03-09,confirmed,Paid,218925
ORD02443,PROJ01923,CUS000562,2025-11-19,Delivered,Paid,473688
ORD02444,PROJ04644,CUS001307,2025-03-10,Delivered,Paid,247355
ORD02445,PROJ00867,CUS000504,2024-12-31,Delivered,Paid,131413
ORD02446,PROJ04336,CUS000550,2024-05-05,Cancelled,paid,194016
ORD02447,PROJ02445,CUS000242,2024-08-11,Delivered,Pending,407420
ORD02448,PROJ01313,CUS003453,2025-02-07,Cancelled,Paid,496989
ORD02449,PROJ02859,CUS000882,2024-12-25,Confirmed,Partial,53616
ORD02450,PROJ03181,CUS003029,2024-06-17,Confirmed,Partial,5635
ORD02451,PROJ00612,CUS000494,2025-03-15,Confirmed,paid,406671
ORD02452,PROJ01150,CUS000804,2024-07-17,confirmed,Partial,92937
ORD02453,PROJ04062,CUS001454,2024-11-14,confirmed,Pending,201857
ORD02454,PROJ02729,CUS001832,2024-07-15,Cancelled,Paid,353385
ORD02455,PROJ01547,CUS004269,2025-06-04,Cancelled,Partial,394681
ORD02456,PROJ00187,CUS004727,2025-01-17,Confirmed,Pending,438395
ORD02457,PROJ03682,CUS001052,2024-12-13,Delivered,Partial,171726
ORD02458,PROJ00498,CUS001151,2025-01-29,Shipped,Paid,23929
ORD02459,PROJ01182,CUS003960,2025-05-27,Cancelled,Paid,472566
ORD02460,PROJ04477,CUS000874,2024-12-22,Cancelled,Paid,282811
ORD02461,PROJ01770,CUS002141,2024-07-13,Shipped,Paid,429475
ORD02462,PROJ01308,CUS002339,2024-11-19,Cancelled,Partial,200143
ORD02463,PROJ03006,CUS003737,2025-11-07,Delivered,Paid,490570
ORD02464,PROJ01606,CUS003013,2024-08-12,Delivered,Pending,353789
ORD02465,PROJ02653,CUS004746,2024-08-07,Confirmed,paid,292729
ORD02466,PROJ04833,CUS004831,2024-05-19,Confirmed,Paid,316000
ORD02467,PROJ04901,CUS003564,2024-08-18,Shipped,Pending,437541
ORD02468,PROJ03672,CUS000990,2025-06-24,confirmed,Pending,256520
ORD02469,PROJ01189,CUS003018,2024-12-26,Delivered,Partial,52352
ORD02470,PROJ04918,CUS004622,2024-12-27,confirmed,paid,486277
ORD02471,PROJ01145,CUS003075,2025-02-04,Shipped,Pending,421122
ORD02472,PROJ03375,CUS004383,2024-10-15,confirmed,paid,35399
ORD02473,PROJ02925,CUS003804,2024-02-17,Delivered,paid,208090
ORD02474,PROJ01217,CUS001184,2024-11-23,Confirmed,Pending,294810
ORD02475,PROJ03315,CUS000386,2025-01-12,Cancelled,Pending,332537
ORD02476,PROJ03391,CUS000419,2025-01-30,Confirmed,paid,358376
ORD02477,PROJ02851,CUS004397,2025-07-17,Cancelled,paid,458623
ORD02478,PROJ03370,CUS004348,2024-09-13,Delivered,Pending,63619
ORD02479,PROJ00882,CUS004078,2025-04-02,Confirmed,Pending,405477
ORD02480,PROJ04050,CUS004543,2024-05-14,Cancelled,Partial,75415
ORD02481,PROJ03427,CUS003127,2025-04-01,Cancelled,Paid,131363
ORD02482,PROJ01461,CUS003886,2024-07-20,Cancelled,Partial,476181
ORD02483,PROJ00598,CUS003923,2024-06-20,confirmed,Paid,237489
ORD02484,PROJ00764,CUS003214,2025-05-23,Cancelled,Pending,373921
ORD02485,PROJ01268,CUS000508,2025-03-10,confirmed,Pending,436911
ORD02486,PROJ00541,CUS000847,2024-11-23,confirmed,Pending,170014
ORD02487,PROJ01513,CUS003338,2025-10-11,confirmed,paid,256308
ORD02488,PROJ04635,CUS002621,2025-03-29,Cancelled,Paid,123677
ORD02489,PROJ03468,CUS000545,2024-03-21,Shipped,paid,218986
ORD02490,PROJ04928,CUS004167,2025-06-26,Cancelled,paid,41197
ORD02491,PROJ01543,CUS002533,2025-02-08,Shipped,Pending,248064
ORD02492,PROJ03775,CUS002972,2025-05-12,Delivered,Pending,454261
ORD02493,PROJ03594,CUS002527,2024-08-23,Delivered,Paid,121269
ORD02494,PROJ01985,CUS002268,2025-01-05,Confirmed,Partial,109301
ORD02495,PROJ02764,CUS000235,2024-12-01,Delivered,Pending,187531
ORD02496,PROJ02922,CUS002720,2024-07-20,Delivered,Paid,398451
ORD02497,PROJ03414,CUS004560,2025-02-19,confirmed,Paid,303381
ORD02498,PROJ01068,CUS001183,2025-05-19,Delivered,paid,358729
ORD02499,PROJ02818,CUS003765,2024-12-18,Cancelled,Paid,268295
ORD02500,PROJ04231,CUS001122,2025-10-28,Confirmed,Pending,101531
ORD02501,PROJ03938,CUS000698,2024-10-17,Cancelled,Paid,222155
ORD02502,PROJ01126,CUS003903,2024-01-28,Confirmed,Paid,385812
ORD02503,PROJ03325,CUS001399,2024-12-21,Delivered,paid,292064
ORD02504,PROJ04340,CUS001687,2024-09-05,confirmed,Pending,182240
ORD02505,PROJ03422,CUS001210,2025-05-05,Shipped,Paid,361500
ORD02506,PROJ02121,CUS000909,2025-07-17,confirmed,paid,60129
ORD02507,PROJ01822,CUS001043,2024-12-22,Delivered,Partial,78942
ORD02508,PROJ02481,CUS001202,2024-08-03,Shipped,Pending,66483
ORD02509,PROJ04823,CUS002616,2025-07-04,Shipped,Paid,305905
ORD02510,PROJ00399,CUS004301,2024-12-23,confirmed,Paid,246527
ORD02511,PROJ04305,CUS000302,2024-05-19,confirmed,Pending,372315
ORD02512,PROJ00333,CUS004899,2024-07-06,Delivered,Pending,39446
ORD02513,PROJ04950,CUS002941,2024-01-16,Cancelled,Partial,62175
ORD02514,PROJ00397,CUS003365,2025-03-30,Shipped,Pending,333371
ORD02515,PROJ01269,CUS003645,2025-06-28,Delivered,Partial,341226
ORD02516,PROJ03423,CUS004098,2025-01-17,Confirmed,Pending,419071
ORD02517,PROJ01710,CUS002756,2025-03-28,confirmed,paid,179570
ORD02518,PROJ04367,CUS002702,2024-09-16,Delivered,Paid,434050
ORD02519,PROJ00425,CUS000005,2025-02-13,Delivered,Partial,336359
ORD02520,PROJ00130,CUS003547,2025-02-08,Confirmed,Pending,143664
ORD02521,PROJ00897,CUS000139,2025-11-18,confirmed,paid,278308
ORD02522,PROJ00769,CUS001662,2025-07-31,Confirmed,Paid,134912
ORD02523,PROJ00364,CUS004183,2025-01-17,Delivered,Partial,106397
ORD02524,PROJ01427,CUS000415,2025-08-12,Confirmed,Pending,492205
ORD02525,PROJ04313,CUS002694,2024-05-23,Delivered,Paid,317735
ORD02526,PROJ04495,CUS000504,2024-08-07,Confirmed,paid,119298
ORD02527,PROJ04182,CUS001396,2024-11-23,Cancelled,Paid,37106
ORD02528,PROJ02571,CUS001847,2025-05-18,Delivered,Pending,387795
ORD02529,PROJ00855,CUS002748,2025-02-12,Shipped,Paid,431516
ORD02530,PROJ03628,CUS001314,2025-08-18,confirmed,paid,268719
ORD02531,PROJ01781,CUS000587,2024-12-03,Cancelled,Partial,204298
ORD02532,PROJ01267,CUS004229,2024-08-26,Shipped,paid,478151
ORD02533,PROJ02261,CUS000459,2024-11-25,Confirmed,Pending,402988
ORD02534,PROJ00108,CUS002998,2024-10-16,Shipped,paid,156148
ORD02535,PROJ02354,CUS004149,2024-12-01,Confirmed,paid,402570
ORD02536,PROJ01538,CUS001576,2025-05-03,Cancelled,Partial,464656
ORD02537,PROJ04334,CUS000811,2025-02-21,Shipped,Pending,486256
ORD02538,PROJ03173,CUS004938,2024-01-24,Confirmed,Partial,78544
ORD02539,PROJ00767,CUS003507,2025-01-19,Cancelled,Pending,104230
ORD02540,PROJ02835,CUS000202,2024-12-23,Shipped,Pending,283608
ORD02541,PROJ00539,CUS002629,2024-12-31,Shipped,paid,205712
ORD02542,PROJ02734,CUS000121,2024-09-13,Delivered,paid,418777
ORD02543,PROJ00628,CUS000951,2025-08-21,confirmed,Pending,409670
ORD02544,PROJ00016,CUS001331,2025-04-27,Shipped,Paid,302480
ORD02545,PROJ02091,CUS001017,2025-02-17,confirmed,Paid,194988
ORD02546,PROJ02996,CUS003602,2025-01-18,confirmed,Pending,74488
ORD02547,PROJ04240,CUS003503,2025-02-04,confirmed,Paid,323203
ORD02548,PROJ01383,CUS000657,2024-10-27,confirmed,Pending,493860
ORD02549,PROJ03453,CUS004668,2025-06-17,Cancelled,Pending,380030
ORD02550,PROJ01439,CUS001839,2024-08-18,Confirmed,paid,383897
ORD02551,PROJ04253,CUS001898,2024-05-05,Delivered,Pending,369998
ORD02552,PROJ00326,CUS004942,2024-11-15,Cancelled,Paid,356269
ORD02553,PROJ04812,CUS000792,2024-07-30,Shipped,Partial,150737
ORD02554,PROJ02537,CUS004409,2024-06-28,Shipped,Partial,340036
ORD02555,PROJ00325,CUS004197,2024-11-03,Cancelled,Pending,92450
ORD02556,PROJ01542,CUS003302,2025-03-16,Cancelled,Partial,42137
ORD02557,PROJ02474,CUS004936,2024-10-31,confirmed,paid,232418
ORD02558,PROJ01255,CUS001973,2024-09-29,Delivered,Pending,328367
ORD02559,PROJ03236,CUS002254,2024-06-13,Confirmed,paid,157883
ORD02560,PROJ03067,CUS004832,2025-06-21,confirmed,paid,335022
ORD02561,PROJ01736,CUS002344,2025-02-24,Delivered,Pending,451929
ORD02562,PROJ02134,CUS002776,2024-10-07,Shipped,paid,296219
ORD02563,PROJ00034,CUS004152,2024-07-30,Shipped,Pending,383849
ORD02564,PROJ03920,CUS001798,2024-12-29,Cancelled,Pending,288973
ORD02565,PROJ03446,CUS004826,2024-11-19,Confirmed,Partial,97235
ORD02566,PROJ03543,CUS000246,2024-07-29,confirmed,Paid,440486
ORD02567,PROJ03234,CUS003272,2024-08-03,Delivered,Paid,203787
ORD02568,PROJ03148,CUS004477,2025-02-21,Delivered,Paid,320107
ORD02569,PROJ03644,CUS004028,2024-10-15,Confirmed,Partial,223246
ORD02570,PROJ02614,CUS004200,2024-10-26,Confirmed,Pending,458629
ORD02571,PROJ02042,CUS003050,2024-12-25,Confirmed,Paid,488753
ORD02572,PROJ00462,CUS000772,2025-02-03,Cancelled,Paid,66577
ORD02573,PROJ02385,CUS003163,2025-11-29,Shipped,Partial,436065
ORD02574,PROJ00151,CUS003483,2024-12-30,Confirmed,Partial,159779
ORD02575,PROJ01105,CUS002481,2025-01-07,Confirmed,Paid,23512
ORD02576,PROJ02220,CUS001972,2024-02-29,confirmed,paid,252121
ORD02577,PROJ02418,CUS003129,2024-07-18,Delivered,Pending,307137
ORD02578,PROJ04886,CUS003043,2024-12-26,Confirmed,paid,75010
ORD02579,PROJ03146,CUS001254,2025-02-07,Confirmed,Partial,388131
ORD02580,PROJ01363,CUS003746,2025-02-04,Delivered,paid,337782
ORD02581,PROJ03807,CUS001528,2024-07-21,Confirmed,paid,273497
ORD02582,PROJ04935,CUS004463,2025-08-12,Cancelled,Paid,142471
ORD02583,PROJ03224,CUS003620,2024-08-27,confirmed,Paid,459538
ORD02584,PROJ04619,CUS002414,2024-07-15,Confirmed,paid,391728
ORD02585,PROJ03168,CUS001540,2025-04-14,Cancelled,Paid,456908
ORD02586,PROJ01220,CUS000431,2024-10-12,Confirmed,paid,267099
ORD02587,PROJ03096,CUS003643,2025-09-27,Cancelled,Partial,238626
ORD02588,PROJ04450,CUS003834,2024-05-09,confirmed,Pending,45500
ORD02589,PROJ02841,CUS001040,2024-07-22,Shipped,Paid,119892
ORD02590,PROJ01169,CUS003091,2024-08-03,Confirmed,Paid,51610
ORD02591,PROJ01698,CUS003756,2024-09-23,Cancelled,Partial,192935
ORD02592,PROJ01034,CUS003369,2025-04-20,Shipped,paid,357890
ORD02593,PROJ04966,CUS003814,2024-06-20,Shipped,Paid,130014
ORD02594,PROJ01470,CUS000463,2024-12-08,confirmed,Pending,183424
ORD02595,PROJ00990,CUS002561,2024-04-13,confirmed,Partial,215267
ORD02596,PROJ01419,CUS002215,2025-10-25,Confirmed,paid,22978
ORD02597,PROJ04986,CUS002698,2024-11-21,Delivered,Pending,205952
ORD02598,PROJ04170,CUS003860,2025-06-08,Delivered,Partial,420072
ORD02599,PROJ03659,CUS003881,2024-10-14,Cancelled,paid,286353
ORD02600,PROJ03189,CUS004244,2025-01-31,Cancelled,Paid,180960
ORD02601,PROJ00819,CUS003962,2024-10-15,Delivered,Pending,113710
ORD02602,PROJ00268,CUS003503,2024-11-29,Delivered,Paid,222142
ORD02603,PROJ00983,CUS000709,2024-11-11,Delivered,Paid,184312
ORD02604,PROJ04706,CUS003854,2025-05-24,Cancelled,Partial,409371
ORD02605,PROJ02309,CUS000823,2025-04-29,Cancelled,Partial,190839
ORD02606,PROJ00651,CUS000302,2024-09-01,Confirmed,paid,281533
ORD02607,PROJ02211,CUS000488,2025-01-21,Delivered,Partial,129658
ORD02608,PROJ03500,CUS001937,2024-10-03,Delivered,Paid,21960
ORD02609,PROJ02003,CUS002633,2024-12-30,Shipped,Partial,191586
ORD02610,PROJ02973,CUS003073,2025-01-23,Confirmed,Pending,446213
ORD02611,PROJ04232,CUS000238,2025-03-30,Delivered,paid,477391
ORD02612,PROJ01342,CUS000621,2025-01-01,Shipped,Partial,312066
ORD02613,PROJ04498,CUS003080,2024-10-02,Delivered,Pending,95962
ORD02614,PROJ04365,CUS004145,2024-11-06,Confirmed,Partial,290696
ORD02615,PROJ03590,CUS001143,2025-06-15,Cancelled,Paid,141858
ORD02616,PROJ04457,CUS001613,2025-07-20,Shipped,Pending,433250
ORD02617,PROJ00968,CUS004552,2025-09-02,confirmed,Partial,160240
ORD02618,PROJ03608,CUS003129,2025-07-19,Shipped,Pending,419209
ORD02619,PROJ02973,CUS002947,2025-01-27,Confirmed,Paid,488430
ORD02620,PROJ02763,CUS003377,2025-01-26,Confirmed,paid,303610
ORD02621,PROJ03650,CUS002227,2024-04-22,Confirmed,paid,166838
ORD02622,PROJ01690,CUS002329,2024-08-09,Shipped,Partial,452940
ORD02623,PROJ03303,CUS003666,2024-10-06,Delivered,Paid,482281
ORD02624,PROJ04972,CUS000321,2025-10-07,Shipped,Pending,198278
ORD02625,PROJ03543,CUS004539,2024-08-06,Shipped,Partial,73205
ORD02626,PROJ04028,CUS004586,2025-03-06,Confirmed,Partial,313005
ORD02627,PROJ04361,CUS002454,2024-01-26,confirmed,Paid,369161
ORD02628,PROJ02863,CUS002378,2024-10-19,Cancelled,Partial,282849
ORD02629,PROJ03181,CUS003992,2024-12-09,Shipped,Partial,472422
ORD02630,PROJ00717,CUS002738,2024-08-23,Delivered,Pending,487123
ORD02631,PROJ03590,CUS001327,2025-10-24,Cancelled,paid,384115
ORD02632,PROJ01522,CUS000752,2025-01-14,Cancelled,Partial,250385
ORD02633,PROJ01237,CUS004683,2024-08-08,Delivered,Paid,176424
ORD02634,PROJ02915,CUS002666,2025-11-19,Confirmed,paid,307947
ORD02635,PROJ00198,CUS001162,2025-08-02,Shipped,Pending,272871
ORD02636,PROJ01004,CUS001195,2025-03-24,Shipped,Partial,51138
ORD02637,PROJ02488,CUS001716,2024-08-18,Delivered,Paid,151127
ORD02638,PROJ01528,CUS003803,2024-06-23,Confirmed,Partial,111495
ORD02639,PROJ01860,CUS003974,2024-03-17,confirmed,paid,224228
ORD02640,PROJ01303,CUS002161,2025-01-19,Delivered,Partial,40799
ORD02641,PROJ04673,CUS000024,2025-06-22,Shipped,Paid,25605
ORD02642,PROJ04011,CUS002888,2024-03-13,Confirmed,paid,123843
ORD02643,PROJ01563,CUS001566,2025-04-15,Cancelled,Pending,269571
ORD02644,PROJ01453,CUS004336,2024-10-12,Cancelled,Pending,444251
ORD02645,PROJ01468,CUS002980,2025-01-01,Delivered,Pending,191743
ORD02646,PROJ04500,CUS003605,2024-12-10,Cancelled,paid,411197
ORD02647,PROJ03438,CUS004893,2024-05-12,Cancelled,Paid,69832
ORD02648,PROJ00510,CUS000451,2024-12-08,Delivered,Pending,247748
ORD02649,PROJ00076,CUS000720,2025-05-28,confirmed,paid,189222
ORD02650,PROJ02970,CUS004090,2024-10-27,confirmed,Partial,492992
ORD02651,PROJ03097,CUS001526,2025-09-06,Confirmed,Pending,58525
ORD02652,PROJ02833,CUS002867,2024-10-26,Cancelled,paid,222145
ORD02653,PROJ00659,CUS002205,2024-09-21,Shipped,paid,273706
ORD02654,PROJ04351,CUS002159,2025-07-19,confirmed,paid,143514
ORD02655,PROJ00704,CUS002956,2024-05-16,Delivered,Pending,499007
ORD02656,PROJ03702,CUS003994,2024-12-23,Shipped,paid,350830
ORD02657,PROJ00459,CUS002555,2024-10-12,confirmed,Partial,474927
ORD02658,PROJ03772,CUS003119,2025-02-12,Cancelled,Partial,16321
ORD02659,PROJ03867,CUS000317,2024-11-08,Delivered,Paid,366344
ORD02660,PROJ04074,CUS004490,2025-03-24,Delivered,paid,234222
ORD02661,PROJ04036,CUS000881,2024-03-02,Confirmed,Pending,114319
ORD02662,PROJ01715,CUS004588,2025-10-04,Shipped,Paid,138549
ORD02663,PROJ03121,CUS000118,2024-11-05,Delivered,Partial,490883
ORD02664,PROJ01055,CUS004399,2024-05-24,Delivered,Paid,319845
ORD02665,PROJ02009,CUS003937,2024-06-26,Shipped,paid,351799
ORD02666,PROJ02141,CUS002067,2024-08-17,Shipped,Partial,457390
ORD02667,PROJ04894,CUS001882,2024-10-04,Cancelled,Pending,73861
ORD02668,PROJ03676,CUS003265,2025-02-12,confirmed,Partial,225376
ORD02669,PROJ02044,CUS000981,2025-03-19,Cancelled,paid,493228
ORD02670,PROJ04699,CUS000432,2024-11-17,Cancelled,Partial,63917
ORD02671,PROJ01936,CUS003674,2025-05-09,Delivered,Paid,214086
ORD02672,PROJ03312,CUS000632,2024-10-06,Confirmed,Partial,284172
ORD02673,PROJ03592,CUS000109,2024-07-04,Confirmed,Pending,144120
ORD02674,PROJ03703,CUS001258,2025-05-07,Delivered,Paid,284512
ORD02675,PROJ00413,CUS000564,2024-11-30,Confirmed,Partial,20397
ORD02676,PROJ01801,CUS004460,2024-10-14,Delivered,Partial,306874
ORD02677,PROJ00040,CUS000679,2024-11-11,confirmed,Pending,28921
ORD02678,PROJ03081,CUS003552,2024-08-13,confirmed,Partial,41176
ORD02679,PROJ02644,CUS000153,2025-01-30,Delivered,Partial,279100
ORD02680,PROJ02785,CUS003416,2025-02-22,Delivered,Partial,359808
ORD02681,PROJ00025,CUS000356,2024-11-14,Confirmed,Pending,329663
ORD02682,PROJ03277,CUS000166,2025-07-01,Cancelled,Pending,381316
ORD02683,PROJ04421,CUS003869,2024-09-06,Confirmed,Paid,195412
ORD02684,PROJ00162,CUS004127,2025-02-07,Confirmed,Partial,324620
ORD02685,PROJ04760,CUS003134,2025-01-09,Shipped,paid,52408
ORD02686,PROJ02546,CUS003281,2024-07-26,Shipped,Partial,423848
ORD02687,PROJ02521,CUS001293,2025-01-27,Delivered,Pending,453877
ORD02688,PROJ04741,CUS002061,2024-06-26,Confirmed,Partial,212038
ORD02689,PROJ00425,CUS004778,2024-06-07,Shipped,Pending,498225
ORD02690,PROJ02509,CUS003516,2025-07-08,confirmed,Pending,237654
ORD02691,PROJ00679,CUS000445,2025-10-19,Confirmed,Pending,228245
ORD02692,PROJ04991,CUS004820,2025-03-14,Delivered,paid,162406
ORD02693,PROJ03097,CUS004903,2024-11-21,Cancelled,Paid,391785
ORD02694,PROJ04109,CUS004066,2024-09-14,Cancelled,Paid,369517
ORD02695,PROJ00075,CUS004013,2025-07-12,confirmed,Pending,255770
ORD02696,PROJ02067,CUS000017,2024-03-02,Shipped,Partial,238748
ORD02697,PROJ03145,CUS000271,2024-11-20,Cancelled,Paid,493746
ORD02698,PROJ02649,CUS004500,2025-09-23,Confirmed,Pending,193028
ORD02699,PROJ04836,CUS000188,2025-05-09,Shipped,Pending,384436
ORD02700,PROJ04972,CUS003565,2025-05-05,Delivered,Pending,284903
ORD02701,PROJ01963,CUS001761,2025-02-11,Delivered,Paid,260367
ORD02702,PROJ02722,CUS001682,2025-07-15,Delivered,Partial,325921
ORD02703,PROJ02173,CUS002049,2025-02-27,Cancelled,Paid,69240
ORD02704,PROJ04867,CUS004035,2025-01-28,Shipped,Partial,475351
ORD02705,PROJ02327,CUS000798,2024-07-31,Cancelled,Pending,333838
ORD02706,PROJ04179,CUS001451,2024-05-18,Shipped,paid,142145
ORD02707,PROJ00007,CUS003049,2024-06-28,Cancelled,Partial,468161
ORD02708,PROJ02968,CUS003875,2025-06-20,Confirmed,Pending,14038
ORD02709,PROJ01801,CUS004867,2024-07-28,Confirmed,Paid,314558
ORD02710,PROJ03834,CUS000018,2024-05-23,Cancelled,Pending,401780
ORD02711,PROJ03842,CUS003691,2024-09-15,Delivered,Paid,436305
ORD02712,PROJ01594,CUS000883,2025-09-27,Cancelled,Partial,314829
ORD02713,PROJ00903,CUS003358,2025-01-04,Delivered,Partial,171800
ORD02714,PROJ04260,CUS000354,2024-12-09,Cancelled,Pending,58488
ORD02715,PROJ01847,CUS001107,2025-01-09,Cancelled,Pending,192688
ORD02716,PROJ02310,CUS000480,2025-06-12,Delivered,Pending,23203
ORD02717,PROJ03055,CUS002340,2025-08-17,Cancelled,Partial,157044
ORD02718,PROJ03682,CUS001313,2024-11-25,Confirmed,Paid,248646
ORD02719,PROJ02881,CUS001353,2024-06-04,confirmed,Partial,15385
ORD02720,PROJ00271,CUS003992,2024-03-23,Cancelled,paid,49127
ORD02721,PROJ02314,CUS004373,2024-09-28,Confirmed,Partial,65103
ORD02722,PROJ03610,CUS002336,2025-02-17,Confirmed,Pending,28984
ORD02723,PROJ00854,CUS003661,2025-02-27,Shipped,paid,446153
ORD02724,PROJ01306,CUS004756,2024-11-08,Cancelled,paid,495216
ORD02725,PROJ04245,CUS001631,2025-04-17,Confirmed,Pending,164977
ORD02726,PROJ02149,CUS002228,2024-07-14,Confirmed,paid,398680
ORD02727,PROJ02978,CUS003343,2025-01-26,Confirmed,Pending,425442
ORD02728,PROJ00844,CUS003521,2024-07-30,Shipped,Paid,491469
ORD02729,PROJ03364,CUS000089,2025-09-09,Confirmed,Pending,246741
ORD02730,PROJ02990,CUS004874,2025-04-02,Shipped,Pending,342602
ORD02731,PROJ02264,CUS003577,2025-07-25,Shipped,paid,190002
ORD02732,PROJ03513,CUS003099,2025-01-17,Shipped,Pending,52686
ORD02733,PROJ02083,CUS004446,2025-05-09,confirmed,Partial,328326
ORD02734,PROJ00074,CUS002998,2025-03-23,confirmed,Partial,397535
ORD02735,PROJ01955,CUS003111,2025-01-11,Confirmed,paid,463561
ORD02736,PROJ00151,CUS001853,2025-04-02,confirmed,Paid,89943
ORD02737,PROJ04683,CUS001650,2025-08-25,Shipped,Paid,163650
ORD02738,PROJ01193,CUS002835,2024-11-30,confirmed,paid,211901
ORD02739,PROJ02296,CUS000276,2024-11-26,confirmed,Pending,383285
ORD02740,PROJ00061,CUS000201,2024-09-08,Cancelled,Partial,239051
ORD02741,PROJ03292,CUS003415,2025-05-06,Confirmed,paid,495092
ORD02742,PROJ02432,CUS003328,2024-03-29,Shipped,Pending,289813
ORD02743,PROJ02276,CUS001825,2024-06-19,Delivered,Partial,89674
ORD02744,PROJ02268,CUS000073,2024-04-07,confirmed,Paid,294794
ORD02745,PROJ04114,CUS003303,2024-10-31,confirmed,Pending,258024
ORD02746,PROJ00576,CUS003114,2025-01-15,confirmed,Partial,384822
ORD02747,PROJ02507,CUS003243,2024-08-12,confirmed,Partial,322500
ORD02748,PROJ04215,CUS001696,2025-01-06,confirmed,paid,59102
ORD02749,PROJ04511,CUS004977,2024-10-18,Shipped,Partial,193613
ORD02750,PROJ00800,CUS002511,2024-10-11,Shipped,paid,165248
ORD02751,PROJ00011,CUS001268,2025-02-17,confirmed,Pending,314873
ORD02752,PROJ03629,CUS000493,2024-10-08,Delivered,Pending,376463
ORD02753,PROJ04881,CUS003811,2024-04-30,Cancelled,Pending,248842
ORD02754,PROJ01241,CUS003738,2024-02-07,Cancelled,Pending,160842
ORD02755,PROJ00468,CUS002134,2025-08-22,Cancelled,Partial,425030
ORD02756,PROJ01787,CUS000732,2025-01-15,Shipped,paid,415540
ORD02757,PROJ04157,CUS004976,2025-09-29,confirmed,Partial,497518
ORD02758,PROJ02559,CUS002204,2024-12-15,Delivered,Pending,144510
ORD02759,PROJ02422,CUS003201,2024-04-26,Shipped,Paid,80019
ORD02760,PROJ02659,CUS000433,2025-01-07,confirmed,Partial,42115
ORD02761,PROJ02944,CUS004419,2024-07-19,Shipped,Pending,207282
ORD02762,PROJ01021,CUS000077,2025-03-08,Shipped,Pending,255000
ORD02763,PROJ00460,CUS000688,2025-05-09,Shipped,Partial,499664
ORD02764,PROJ00411,CUS000943,2024-07-26,Cancelled,Pending,291522
ORD02765,PROJ04550,CUS003593,2024-09-09,Cancelled,Partial,270632
ORD02766,PROJ02093,CUS000283,2024-12-19,Confirmed,Paid,385033
ORD02767,PROJ00016,CUS001129,2024-12-01,Delivered,Partial,227419
ORD02768,PROJ03171,CUS003005,2024-12-14,confirmed,Pending,102581
ORD02769,PROJ01815,CUS001826,2024-12-05,Confirmed,Paid,300290
ORD02770,PROJ04571,CUS003729,2024-06-02,Cancelled,Paid,50758
ORD02771,PROJ01206,CUS000918,2024-07-02,Shipped,paid,116802
ORD02772,PROJ01249,CUS003338,2024-07-02,Delivered,paid,325632
ORD02773,PROJ04496,CUS001813,2025-05-06,Shipped,paid,466296
ORD02774,PROJ01380,CUS001625,2024-01-06,Confirmed,Paid,335751
ORD02775,PROJ04902,CUS003243,2024-12-08,Shipped,paid,334578
ORD02776,PROJ03638,CUS003776,2024-06-29,Delivered,Pending,339584
ORD02777,PROJ03890,CUS004593,2024-11-21,Delivered,Partial,217725
ORD02778,PROJ02858,CUS003441,2025-01-04,Confirmed,Paid,91032
ORD02779,PROJ01588,CUS002443,2025-01-08,Delivered,Partial,74778
ORD02780,PROJ01267,CUS002068,2024-09-01,Shipped,paid,143720
ORD02781,PROJ03182,CUS002662,2024-09-02,Cancelled,paid,205935
ORD02782,PROJ00078,CUS001035,2024-12-01,confirmed,Paid,207648
ORD02783,PROJ03612,CUS001575,2024-03-09,Delivered,paid,351314
ORD02784,PROJ04480,CUS001502,2024-09-26,Shipped,Partial,197723
ORD02785,PROJ00397,CUS000151,2025-06-20,Delivered,Partial,262503
ORD02786,PROJ03687,CUS004123,2024-08-29,Delivered,Partial,312129
ORD02787,PROJ01238,CUS001948,2024-06-15,Cancelled,Partial,133038
ORD02788,PROJ01548,CUS001549,2024-11-11,Cancelled,Partial,458462
ORD02789,PROJ01206,CUS002110,2024-07-30,Confirmed,Pending,238605
ORD02790,PROJ01449,CUS003906,2025-04-12,Confirmed,Paid,451420
ORD02791,PROJ01263,CUS000084,2025-04-29,Delivered,paid,161879
ORD02792,PROJ04087,CUS001306,2024-08-26,Confirmed,paid,209753
ORD02793,PROJ01403,CUS004778,2024-12-02,Delivered,Partial,300314
ORD02794,PROJ00584,CUS004258,2024-06-19,Delivered,Paid,495218
ORD02795,PROJ01836,CUS002247,2024-10-06,Shipped,Pending,438760
ORD02796,PROJ02903,CUS004850,2024-11-10,Confirmed,Paid,345391
ORD02797,PROJ04861,CUS001925,2024-03-22,Cancelled,Pending,285017
ORD02798,PROJ00133,CUS000173,2024-12-19,Delivered,Partial,414126
ORD02799,PROJ00467,CUS000966,2024-10-20,Cancelled,paid,12294
ORD02800,PROJ02739,CUS003259,2025-05-13,Confirmed,Paid,478317
ORD02801,PROJ02172,CUS000816,2024-11-22,Delivered,paid,245005
ORD02802,PROJ04319,CUS002131,2024-11-17,Shipped,Partial,363373
ORD02803,PROJ00513,CUS001452,2024-04-11,Confirmed,paid,342804
ORD02804,PROJ01314,CUS000254,2025-03-07,confirmed,Paid,378186
ORD02805,PROJ03939,CUS002215,2024-04-14,Cancelled,Partial,38909
ORD02806,PROJ02173,CUS003019,2025-03-08,Confirmed,Partial,245126
ORD02807,PROJ00489,CUS000858,2024-07-19,Confirmed,paid,288761
ORD02808,PROJ03217,CUS002525,2025-02-02,Shipped,Pending,344594
ORD02809,PROJ01404,CUS002830,2024-09-08,Shipped,Pending,475526
ORD02810,PROJ02324,CUS002238,2024-10-14,Delivered,paid,75244
ORD02811,PROJ01501,CUS000380,2024-08-20,Shipped,Partial,356613
ORD02812,PROJ01782,CUS003542,2024-10-26,Confirmed,paid,192151
ORD02813,PROJ04309,CUS000206,2025-02-27,Shipped,Pending,127232
ORD02814,PROJ04029,CUS004064,2025-03-06,Cancelled,Pending,271715
ORD02815,PROJ02914,CUS002176,2025-02-03,Confirmed,Paid,110411
ORD02816,PROJ00776,CUS003314,2024-07-02,Confirmed,Partial,373909
ORD02817,PROJ03811,CUS003033,2024-02-03,Shipped,Pending,138684
ORD02818,PROJ04790,CUS002497,2025-10-26,confirmed,Paid,62476
ORD02819,PROJ01168,CUS000764,2024-09-29,Cancelled,Paid,236103
ORD02820,PROJ00886,CUS001562,2024-04-26,Cancelled,Pending,464677
ORD02821,PROJ02693,CUS001111,2024-09-21,Shipped,Pending,429166
ORD02822,PROJ00760,CUS000380,2025-01-21,Delivered,Partial,38500
ORD02823,PROJ03906,CUS002063,2025-02-15,Cancelled,Paid,310923
ORD02824,PROJ01633,CUS003587,2025-04-16,Delivered,paid,340189
ORD02825,PROJ03608,CUS002230,2025-02-14,Shipped,Partial,427816
ORD02826,PROJ04474,CUS004894,2025-04-20,confirmed,Pending,418383
ORD02827,PROJ04004,CUS002365,2024-04-02,Shipped,Partial,175273
ORD02828,PROJ04045,CUS003026,2024-05-12,Shipped,Paid,120142
ORD02829,PROJ04861,CUS004232,2024-05-13,confirmed,Pending,291760
ORD02830,PROJ01806,CUS001668,2024-03-04,Confirmed,Paid,200719
ORD02831,PROJ01031,CUS001914,2025-01-14,Confirmed,paid,483413
ORD02832,PROJ00331,CUS000998,2025-02-20,confirmed,Paid,191446
ORD02833,PROJ01188,CUS001711,2024-07-14,Cancelled,Pending,395108
ORD02834,PROJ01933,CUS000006,2025-02-11,Delivered,paid,163132
ORD02835,PROJ01249,CUS001127,2025-03-21,confirmed,Paid,485104
ORD02836,PROJ04084,CUS004518,2024-08-26,Cancelled,Partial,331794
ORD02837,PROJ00551,CUS004682,2025-04-06,Delivered,Paid,355002
ORD02838,PROJ04941,CUS003293,2024-10-15,Confirmed,Pending,173461
ORD02839,PROJ02003,CUS004949,2024-12-06,confirmed,Paid,444097
ORD02840,PROJ01915,CUS002573,2025-02-03,Confirmed,Pending,473234
ORD02841,PROJ01690,CUS001965,2024-12-20,Shipped,Partial,66094
ORD02842,PROJ00508,CUS000791,2024-12-17,Cancelled,Partial,479991
ORD02843,PROJ03813,CUS004441,2025-04-22,Confirmed,Partial,111049
ORD02844,PROJ02020,CUS003099,2024-05-20,Cancelled,Partial,8258
ORD02845,PROJ01533,CUS000393,2025-02-18,Shipped,Partial,322586
ORD02846,PROJ01323,CUS003590,2024-11-18,Cancelled,Paid,491132
ORD02847,PROJ03689,CUS003239,2025-11-20,Confirmed,Partial,161570
ORD02848,PROJ01364,CUS000225,2025-03-17,Confirmed,Pending,335844
ORD02849,PROJ01208,CUS002054,2025-03-30,Cancelled,Partial,178409
ORD02850,PROJ02115,CUS001333,2024-12-24,Cancelled,Partial,478615
ORD02851,PROJ04136,CUS003126,2025-09-23,Shipped,Paid,308964
ORD02852,PROJ00104,CUS000811,2024-10-22,confirmed,Pending,332100
ORD02853,PROJ03137,CUS000959,2025-04-05,Cancelled,Pending,87865
ORD02854,PROJ04811,CUS004707,2024-04-22,Delivered,Paid,263823
ORD02855,PROJ01429,CUS003514,2024-09-05,confirmed,Pending,277377
ORD02856,PROJ02691,CUS003625,2024-05-22,Cancelled,Pending,268209
ORD02857,PROJ03699,CUS004350,2025-01-11,confirmed,Pending,397724
ORD02858,PROJ00707,CUS000614,2024-04-09,Cancelled,Paid,93447
ORD02859,PROJ03867,CUS004996,2025-03-13,confirmed,Pending,200521
ORD02860,PROJ01349,CUS004008,2024-07-17,Delivered,paid,32963
ORD02861,PROJ02921,CUS001295,2024-09-18,Delivered,paid,352560
ORD02862,PROJ03396,CUS001064,2024-12-24,Cancelled,Partial,216652
ORD02863,PROJ04821,CUS003647,2025-07-12,Cancelled,Partial,178842
ORD02864,PROJ02648,CUS001981,2024-12-17,Confirmed,Pending,277742
ORD02865,PROJ03445,CUS001898,2025-07-26,Delivered,Partial,347616
ORD02866,PROJ00962,CUS003988,2025-08-13,Cancelled,Pending,173235
ORD02867,PROJ01662,CUS004810,2024-05-10,Shipped,Paid,116295
ORD02868,PROJ02777,CUS003959,2024-09-15,Confirmed,Partial,214382
ORD02869,PROJ03950,CUS003231,2024-12-15,Delivered,Paid,6965
ORD02870,PROJ02848,CUS003000,2024-12-11,Shipped,paid,299989
ORD02871,PROJ03517,CUS000378,2024-11-23,confirmed,paid,401643
ORD02872,PROJ03052,CUS003106,2024-10-14,Confirmed,Partial,235682
ORD02873,PROJ00362,CUS002886,2024-12-02,confirmed,Partial,186774
ORD02874,PROJ02680,CUS000949,2025-05-12,Confirmed,Paid,144626
ORD02875,PROJ01614,CUS002834,2024-02-01,Confirmed,Partial,128548
ORD02876,PROJ00860,CUS002494,2024-08-18,confirmed,Pending,266844
ORD02877,PROJ01957,CUS000106,2024-11-14,Confirmed,Partial,336416
ORD02878,PROJ04856,CUS000972,2024-10-12,Cancelled,Pending,348917
ORD02879,PROJ02907,CUS002143,2025-06-26,confirmed,Paid,225025
ORD02880,PROJ02340,CUS003131,2024-02-20,confirmed,paid,250816
ORD02881,PROJ04191,CUS003112,2024-12-31,Cancelled,Partial,233511
ORD02882,PROJ02003,CUS002280,2025-07-08,confirmed,paid,292537
ORD02883,PROJ04097,CUS000935,2025-04-05,confirmed,Pending,207618
ORD02884,PROJ02536,CUS004787,2024-05-26,Cancelled,Partial,200404
ORD02885,PROJ01418,CUS000499,2024-09-03,confirmed,paid,31245
ORD02886,PROJ03791,CUS001043,2025-06-10,Shipped,Partial,252541
ORD02887,PROJ02546,CUS002201,2025-02-24,Confirmed,Pending,27847
ORD02888,PROJ03664,CUS003383,2025-05-10,Shipped,Paid,369384
ORD02889,PROJ03865,CUS003146,2024-12-30,Shipped,Paid,149575
ORD02890,PROJ03013,CUS004281,2025-07-11,confirmed,Paid,276935
ORD02891,PROJ03820,CUS004089,2024-11-27,Shipped,Partial,459840
ORD02892,PROJ02329,CUS004286,2025-02-14,Confirmed,Partial,336248
ORD02893,PROJ03372,CUS001659,2025-04-11,Cancelled,Partial,252875
ORD02894,PROJ03530,CUS001131,2024-06-26,Shipped,paid,288996
ORD02895,PROJ04407,CUS002519,2024-10-23,Shipped,paid,432580
ORD02896,PROJ00321,CUS001441,2024-05-29,Delivered,Partial,56546
ORD02897,PROJ02821,CUS003280,2025-02-15,Cancelled,Paid,128055
ORD02898,PROJ02600,CUS003719,2024-11-12,confirmed,Paid,209822
ORD02899,PROJ01824,CUS003565,2025-01-26,Confirmed,Partial,172147
ORD02900,PROJ01836,CUS002080,2024-10-10,Delivered,paid,308629
ORD02901,PROJ02005,CUS002512,2025-04-01,Cancelled,Pending,376012
ORD02902,PROJ02539,CUS002722,2024-04-29,Delivered,Paid,461115
ORD02903,PROJ02237,CUS002858,2025-04-07,Cancelled,Paid,295797
ORD02904,PROJ04610,CUS002128,2024-11-13,Shipped,Pending,454236
ORD02905,PROJ03084,CUS001119,2024-03-06,Delivered,Pending,458455
ORD02906,PROJ02453,CUS002463,2024-12-29,Shipped,Pending,449765
ORD02907,PROJ01599,CUS004155,2025-02-13,Shipped,paid,282887
ORD02908,PROJ04708,CUS002315,2024-12-27,Delivered,Paid,285926
ORD02909,PROJ01191,CUS003599,2024-05-24,Delivered,paid,322080
ORD02910,PROJ04903,CUS004127,2024-08-17,Shipped,Pending,108225
ORD02911,PROJ02210,CUS004248,2024-12-31,Shipped,paid,69522
ORD02912,PROJ04876,CUS003664,2025-03-05,Confirmed,Partial,18187
ORD02913,PROJ03107,CUS003018,2024-06-23,confirmed,paid,67860
ORD02914,PROJ00229,CUS000876,2025-02-15,Delivered,Paid,64473
ORD02915,PROJ02965,CUS001005,2024-11-05,Cancelled,Pending,283597
ORD02916,PROJ02102,CUS002577,2024-11-26,Shipped,Paid,421269
ORD02917,PROJ00291,CUS000371,2024-07-29,Shipped,Partial,385042
ORD02918,PROJ01168,CUS001479,2024-11-20,Confirmed,Pending,491766
ORD02919,PROJ00477,CUS001230,2025-08-07,Confirmed,paid,380638
ORD02920,PROJ00504,CUS004267,2024-01-21,Confirmed,Paid,142654
ORD02921,PROJ03748,CUS001196,2025-01-11,Delivered,Partial,257288
ORD02922,PROJ01360,CUS001882,2025-01-20,confirmed,paid,197417
ORD02923,PROJ03561,CUS002201,2025-05-08,Cancelled,Partial,374581
ORD02924,PROJ04997,CUS004067,2025-01-08,Shipped,Pending,203968
ORD02925,PROJ04816,CUS003595,2024-06-14,Cancelled,paid,242570
ORD02926,PROJ00374,CUS000892,2024-12-18,Cancelled,Paid,248625
ORD02927,PROJ03156,CUS003624,2025-05-05,Shipped,paid,232900
ORD02928,PROJ00880,CUS000275,2025-02-07,confirmed,Pending,133134
ORD02929,PROJ00276,CUS003154,2024-10-18,Cancelled,paid,49824
ORD02930,PROJ02846,CUS001655,2025-03-13,Delivered,Paid,145836
ORD02931,PROJ01578,CUS001196,2025-06-19,Cancelled,paid,376437
ORD02932,PROJ01559,CUS002222,2024-07-07,Confirmed,Paid,152569
ORD02933,PROJ00520,CUS002848,2024-10-14,Cancelled,paid,223645
ORD02934,PROJ02925,CUS002864,2024-10-12,confirmed,paid,408891
ORD02935,PROJ00750,CUS003495,2024-02-24,Shipped,Paid,267537
ORD02936,PROJ00795,CUS003044,2025-06-24,Confirmed,Partial,204717
ORD02937,PROJ03346,CUS001636,2024-11-21,confirmed,Pending,498923
ORD02938,PROJ01668,CUS004083,2025-02-11,Shipped,Paid,189613
ORD02939,PROJ04076,CUS002905,2024-12-31,Cancelled,Partial,205302
ORD02940,PROJ02325,CUS002328,2025-04-16,confirmed,Paid,216212
ORD02941,PROJ01205,CUS000221,2024-09-22,confirmed,Partial,191307
ORD02942,PROJ02043,CUS002722,2025-08-25,confirmed,Pending,145994
ORD02943,PROJ02952,CUS002615,2025-01-03,Cancelled,Pending,227213
ORD02944,PROJ01018,CUS000673,2024-12-04,Confirmed,Pending,339439
ORD02945,PROJ00203,CUS004693,2025-03-17,Shipped,Pending,40504
ORD02946,PROJ01503,CUS002199,2024-11-15,Shipped,Partial,206058
ORD02947,PROJ03055,CUS003029,2024-05-09,Shipped,Paid,478771
ORD02948,PROJ03357,CUS000029,2024-04-04,confirmed,Paid,450209
ORD02949,PROJ01500,CUS001917,2024-01-17,Cancelled,Paid,32483
ORD02950,PROJ00027,CUS002732,2024-07-21,Delivered,Paid,35799
ORD02951,PROJ04842,CUS000400,2025-03-20,Confirmed,Pending,278411
ORD02952,PROJ01747,CUS003833,2024-01-09,Shipped,paid,43703
ORD02953,PROJ04734,CUS001007,2025-02-08,Cancelled,Partial,150812
ORD02954,PROJ00453,CUS004718,2024-08-22,Delivered,paid,191150
ORD02955,PROJ02507,CUS004436,2024-09-02,Confirmed,paid,126780
ORD02956,PROJ00558,CUS000953,2024-10-08,Confirmed,Pending,128820
ORD02957,PROJ04438,CUS004680,2025-09-09,Cancelled,paid,356899
ORD02958,PROJ00048,CUS003761,2024-09-14,Confirmed,Paid,429307
ORD02959,PROJ00319,CUS000899,2024-12-10,Delivered,paid,482184
ORD02960,PROJ01757,CUS004467,2025-08-22,confirmed,Pending,439225
ORD02961,PROJ03860,CUS002642,2024-12-20,Delivered,paid,62617
ORD02962,PROJ02575,CUS002382,2025-03-01,Confirmed,Pending,174895
ORD02963,PROJ02802,CUS001742,2024-06-22,Cancelled,Partial,62436
ORD02964,PROJ04078,CUS000611,2025-08-19,Confirmed,Paid,161332
ORD02965,PROJ01314,CUS000111,2025-01-30,Confirmed,Paid,81389
ORD02966,PROJ01892,CUS003177,2025-10-21,confirmed,Partial,454734
ORD02967,PROJ02565,CUS004415,2024-09-01,Confirmed,Pending,99766
ORD02968,PROJ00886,CUS003352,2024-09-09,Shipped,Partial,65348
ORD02969,PROJ01308,CUS002923,2024-12-16,Shipped,Partial,460393
ORD02970,PROJ01193,CUS003855,2024-11-15,Cancelled,paid,94270
ORD02971,PROJ03795,CUS000354,2025-01-11,Confirmed,Partial,34121
ORD02972,PROJ03723,CUS004717,2024-08-30,Cancelled,Partial,319165
ORD02973,PROJ03146,CUS003123,2024-10-20,confirmed,paid,56024
ORD02974,PROJ02574,CUS001837,2024-11-28,Confirmed,Partial,396065
ORD02975,PROJ03253,CUS003938,2024-01-26,confirmed,Partial,229720
ORD02976,PROJ02310,CUS000357,2024-08-19,Delivered,paid,333313
ORD02977,PROJ03578,CUS000068,2024-12-21,Delivered,Partial,438540
ORD02978,PROJ02864,CUS001389,2025-02-24,Delivered,Paid,392576
ORD02979,PROJ02164,CUS003728,2024-11-25,Confirmed,Pending,293653
ORD02980,PROJ04447,CUS000117,2025-01-05,Delivered,paid,122268
ORD02981,PROJ04673,CUS001289,2025-07-09,Confirmed,paid,493154
ORD02982,PROJ02487,CUS000386,2024-10-13,Cancelled,Pending,76446
ORD02983,PROJ02133,CUS003670,2024-09-29,Shipped,Partial,190568
ORD02984,PROJ00729,CUS001832,2025-03-07,Cancelled,Paid,289138
ORD02985,PROJ02971,CUS002342,2025-03-06,Shipped,Paid,205385
ORD02986,PROJ00519,CUS000510,2025-08-17,Cancelled,Pending,453307
ORD02987,PROJ02895,CUS001465,2024-11-28,Shipped,Partial,191708
ORD02988,PROJ01094,CUS001978,2024-03-31,Shipped,Partial,168523
ORD02989,PROJ01809,CUS003223,2025-02-03,Confirmed,Pending,46087
ORD02990,PROJ00285,CUS003811,2024-08-24,Shipped,Pending,119405
ORD02991,PROJ03748,CUS004671,2025-01-22,Confirmed,Paid,53455
ORD02992,PROJ01910,CUS003084,2024-09-14,Shipped,Pending,196058
ORD02993,PROJ04871,CUS001369,2025-04-15,Delivered,paid,371688
ORD02994,PROJ04552,CUS004946,2025-08-25,Delivered,paid,17261
ORD02995,PROJ03756,CUS002510,2025-01-01,Cancelled,Paid,336258
ORD02996,PROJ04363,CUS002938,2024-05-08,Cancelled,Pending,367709
ORD02997,PROJ04947,CUS004553,2025-03-21,Cancelled,Pending,412135
ORD02998,PROJ01681,CUS000045,2024-11-03,Shipped,Partial,53301
ORD02999,PROJ03329,CUS001306,2025-07-11,Delivered,Paid,269864
ORD03000,PROJ04884,CUS001987,2024-05-06,confirmed,Pending,54619
ORD03001,PROJ04573,CUS002187,2025-02-18,Delivered,Pending,455686
ORD03002,PROJ00973,CUS000613,2024-08-03,Cancelled,Pending,481822
ORD03003,PROJ00208,CUS004946,2024-03-10,confirmed,Partial,260911
ORD03004,PROJ04082,CUS003540,2024-03-30,Delivered,Partial,360784
ORD03005,PROJ03566,CUS003312,2025-01-02,Delivered,paid,470540
ORD03006,PROJ02096,CUS004185,2024-10-01,Shipped,paid,195053
ORD03007,PROJ03230,CUS002238,2025-07-13,Shipped,Partial,479349
ORD03008,PROJ00775,CUS001952,2024-11-03,Delivered,Pending,419458
ORD03009,PROJ03578,CUS002259,2024-12-16,Shipped,Paid,5512
ORD03010,PROJ04104,CUS002131,2024-12-05,Confirmed,Pending,65307
ORD03011,PROJ00692,CUS000111,2024-12-12,Cancelled,Partial,112898
ORD03012,PROJ00511,CUS000801,2024-12-09,Cancelled,Pending,297349
ORD03013,PROJ04857,CUS003935,2025-07-05,Cancelled,Partial,155825
ORD03014,PROJ01003,CUS000949,2024-12-01,confirmed,Partial,235827
ORD03015,PROJ01820,CUS000149,2025-05-17,confirmed,Partial,430019
ORD03016,PROJ01452,CUS001710,2025-01-10,Shipped,paid,79656
ORD03017,PROJ03405,CUS002309,2024-09-18,Delivered,Partial,340552
ORD03018,PROJ00760,CUS001564,2024-09-18,Confirmed,paid,298387
ORD03019,PROJ02882,CUS004535,2024-12-09,Confirmed,Partial,301691
ORD03020,PROJ04102,CUS001463,2025-02-17,Confirmed,Paid,138692
ORD03021,PROJ04698,CUS000787,2024-11-17,confirmed,Partial,136004
ORD03022,PROJ02072,CUS004727,2024-07-14,Cancelled,Pending,427477
ORD03023,PROJ03047,CUS004056,2024-10-20,confirmed,Paid,325236
ORD03024,PROJ02723,CUS001158,2024-06-09,Delivered,paid,494356
ORD03025,PROJ00670,CUS003485,2025-03-31,Cancelled,paid,133983
ORD03026,PROJ00372,CUS001558,2025-02-15,confirmed,Partial,276789
ORD03027,PROJ04370,CUS002523,2024-11-16,Cancelled,Paid,395277
ORD03028,PROJ00556,CUS004699,2024-12-20,confirmed,Partial,380443
ORD03029,PROJ04831,CUS002208,2024-11-18,Cancelled,paid,405309
ORD03030,PROJ00635,CUS001305,2025-06-06,confirmed,Paid,224795
ORD03031,PROJ03990,CUS002793,2024-06-22,Confirmed,Pending,54900
ORD03032,PROJ03363,CUS002020,2024-10-04,confirmed,paid,138386
ORD03033,PROJ00742,CUS002930,2025-02-15,Confirmed,paid,102107
ORD03034,PROJ03743,CUS002601,2024-05-26,Confirmed,paid,59184
ORD03035,PROJ01028,CUS002510,2025-05-03,confirmed,Paid,25898
ORD03036,PROJ02940,CUS001413,2024-02-29,Shipped,Partial,136051
ORD03037,PROJ01644,CUS002633,2024-11-21,confirmed,Pending,345121
ORD03038,PROJ00939,CUS000566,2025-02-10,Shipped,paid,375414
ORD03039,PROJ02615,CUS004115,2024-09-27,Cancelled,paid,79363
ORD03040,PROJ00632,CUS001949,2025-01-26,Delivered,Pending,24897
ORD03041,PROJ00671,CUS004316,2024-12-23,confirmed,Pending,267030
ORD03042,PROJ02448,CUS000985,2024-09-02,Shipped,paid,387475
ORD03043,PROJ02672,CUS000975,2025-03-04,Confirmed,Paid,381022
ORD03044,PROJ01533,CUS002829,2025-02-11,Shipped,paid,25005
ORD03045,PROJ00171,CUS001814,2025-04-07,Shipped,Partial,407327
ORD03046,PROJ01261,CUS000734,2024-05-12,confirmed,Pending,458961
ORD03047,PROJ04783,CUS003153,2025-08-13,Cancelled,Partial,332514
ORD03048,PROJ02327,CUS002948,2025-10-18,Cancelled,paid,186553
ORD03049,PROJ02646,CUS002299,2024-05-15,Confirmed,Partial,453683
ORD03050,PROJ04556,CUS003775,2024-05-19,Delivered,Pending,399054
ORD03051,PROJ02961,CUS001353,2024-05-30,confirmed,Partial,212065
ORD03052,PROJ03696,CUS002102,2025-01-20,Delivered,paid,200297
ORD03053,PROJ04761,CUS002133,2024-12-09,confirmed,Pending,458462
ORD03054,PROJ03312,CUS003368,2024-05-08,Delivered,Partial,360348
ORD03055,PROJ01365,CUS001282,2024-10-22,Confirmed,paid,172920
ORD03056,PROJ01796,CUS001972,2025-02-13,Cancelled,Paid,391856
ORD03057,PROJ01013,CUS003381,2025-01-14,Shipped,Pending,231942
ORD03058,PROJ01751,CUS003698,2025-03-31,Shipped,Pending,150964
ORD03059,PROJ03622,CUS003468,2024-09-20,confirmed,Pending,219851
ORD03060,PROJ00599,CUS000320,2025-04-09,Delivered,Paid,335061
ORD03061,PROJ01945,CUS002077,2024-09-04,Delivered,Pending,190931
ORD03062,PROJ04169,CUS004796,2025-07-30,Cancelled,paid,341555
ORD03063,PROJ03222,CUS000817,2024-11-12,Delivered,Pending,138043
ORD03064,PROJ01601,CUS004972,2024-12-15,Delivered,Pending,164846
ORD03065,PROJ00748,CUS004542,2024-12-22,Cancelled,Pending,67389
ORD03066,PROJ02307,CUS003222,2024-07-24,Cancelled,Pending,255579
ORD03067,PROJ01532,CUS003092,2024-12-30,confirmed,paid,167237
ORD03068,PROJ01461,CUS000040,2025-05-20,confirmed,Pending,326820
ORD03069,PROJ01674,CUS000994,2025-07-27,Shipped,paid,190340
ORD03070,PROJ01590,CUS004182,2024-06-10,Cancelled,Partial,120704
ORD03071,PROJ00373,CUS003840,2025-08-30,confirmed,paid,417716
ORD03072,PROJ01842,CUS004511,2025-03-22,Confirmed,Partial,420275
ORD03073,PROJ04724,CUS002121,2025-02-28,confirmed,Partial,198629
ORD03074,PROJ02403,CUS000389,2025-08-28,confirmed,Partial,161773
ORD03075,PROJ04062,CUS003015,2024-11-07,confirmed,Partial,189413
ORD03076,PROJ00124,CUS002509,2024-10-20,Delivered,Pending,236302
ORD03077,PROJ00461,CUS002907,2024-12-17,Shipped,paid,171969
ORD03078,PROJ04398,CUS001644,2024-05-16,Shipped,paid,198522
ORD03079,PROJ00139,CUS002130,2025-01-17,Cancelled,Pending,480066
ORD03080,PROJ01643,CUS001271,2024-10-18,confirmed,Partial,5320
ORD03081,PROJ02741,CUS001872,2024-07-04,Confirmed,paid,312896
ORD03082,PROJ02843,CUS002964,2025-02-02,confirmed,Partial,158937
ORD03083,PROJ00599,CUS004500,2025-03-22,Cancelled,Partial,270217
ORD03084,PROJ01290,CUS004191,2024-04-17,confirmed,Partial,85288
ORD03085,PROJ00235,CUS000062,2025-01-10,confirmed,Paid,452791
ORD03086,PROJ03678,CUS004324,2024-11-14,Confirmed,paid,243121
ORD03087,PROJ03277,CUS000655,2024-12-26,Confirmed,Pending,64888
ORD03088,PROJ01617,CUS001367,2024-06-21,Delivered,Partial,40230
ORD03089,PROJ00135,CUS001839,2024-11-17,Delivered,Paid,23449
ORD03090,PROJ00035,CUS000806,2024-12-27,confirmed,paid,93345
ORD03091,PROJ01660,CUS000426,2025-06-02,Confirmed,Pending,244935
ORD03092,PROJ04336,CUS001572,2024-05-06,Cancelled,Pending,209647
ORD03093,PROJ03655,CUS001484,2024-11-24,Cancelled,Partial,19447
ORD03094,PROJ02315,CUS004176,2024-04-13,Cancelled,Paid,175780
ORD03095,PROJ02828,CUS004083,2024-11-17,Cancelled,Pending,489327
ORD03096,PROJ04310,CUS004637,2025-01-10,Confirmed,paid,283541
ORD03097,PROJ04871,CUS004969,2025-02-06,Delivered,Partial,417877
ORD03098,PROJ03188,CUS003667,2025-07-10,Shipped,Paid,326891
ORD03099,PROJ03503,CUS001214,2025-04-29,Shipped,paid,220050
ORD03100,PROJ01670,CUS000524,2024-09-10,confirmed,Partial,460612
ORD03101,PROJ00153,CUS004163,2024-12-29,Cancelled,Partial,48706
ORD03102,PROJ03242,CUS001537,2025-07-13,confirmed,Pending,431027
ORD03103,PROJ01575,CUS001765,2024-05-28,confirmed,Pending,412360
ORD03104,PROJ04924,CUS001585,2024-09-16,Cancelled,Paid,172825
ORD03105,PROJ02348,CUS001487,2024-12-20,Confirmed,Paid,61630
ORD03106,PROJ04612,CUS004220,2024-11-21,Delivered,Paid,268184
ORD03107,PROJ04515,CUS002134,2025-11-11,Cancelled,Paid,299037
ORD03108,PROJ00308,CUS004883,2025-08-02,Delivered,Paid,218333
ORD03109,PROJ03534,CUS004750,2025-05-04,Cancelled,Paid,42272
ORD03110,PROJ01383,CUS001622,2025-04-01,Cancelled,paid,383110
ORD03111,PROJ02109,CUS001476,2024-07-26,Delivered,Pending,431172
ORD03112,PROJ02606,CUS002787,2024-02-21,Shipped,paid,318161
ORD03113,PROJ00834,CUS004008,2024-05-28,Cancelled,paid,232335
ORD03114,PROJ02491,CUS000665,2025-06-16,Delivered,Paid,181616
ORD03115,PROJ01718,CUS004735,2025-01-23,confirmed,Pending,256304
ORD03116,PROJ01800,CUS004398,2024-10-25,Cancelled,Pending,310523
ORD03117,PROJ03654,CUS001662,2025-05-15,Shipped,Pending,95662
ORD03118,PROJ01688,CUS004592,2025-04-14,Cancelled,paid,475974
ORD03119,PROJ01918,CUS002041,2024-06-08,Shipped,Pending,405643
ORD03120,PROJ03911,CUS002792,2025-05-28,Shipped,Paid,19704
ORD03121,PROJ03805,CUS003364,2025-05-15,Delivered,Partial,8997
ORD03122,PROJ03281,CUS002452,2025-01-18,confirmed,Paid,378180
ORD03123,PROJ04895,CUS003619,2024-12-10,Cancelled,Pending,145668
ORD03124,PROJ00427,CUS002535,2025-01-26,Delivered,Pending,187343
ORD03125,PROJ03400,CUS002080,2024-10-04,Confirmed,Paid,37024
ORD03126,PROJ04269,CUS002547,2025-05-14,Shipped,paid,431579
ORD03127,PROJ00494,CUS002997,2024-06-15,Delivered,Paid,316996
ORD03128,PROJ04727,CUS004533,2025-02-26,Confirmed,Pending,145145
ORD03129,PROJ04287,CUS002985,2025-01-19,Shipped,Partial,193270
ORD03130,PROJ02082,CUS003711,2025-04-02,Confirmed,Pending,124285
ORD03131,PROJ02903,CUS000780,2024-11-15,Delivered,Pending,428600
ORD03132,PROJ02553,CUS003500,2025-01-31,Shipped,paid,449615
ORD03133,PROJ04257,CUS004471,2024-12-02,Cancelled,paid,217690
ORD03134,PROJ04516,CUS001593,2024-07-21,Delivered,Partial,147047
ORD03135,PROJ02367,CUS004258,2025-07-01,Cancelled,Pending,86763
ORD03136,PROJ02729,CUS002332,2024-10-26,Cancelled,Pending,92935
ORD03137,PROJ03763,CUS003201,2024-03-17,Cancelled,Partial,124757
ORD03138,PROJ04997,CUS003374,2025-07-04,Cancelled,Paid,313645
ORD03139,PROJ04928,CUS003021,2024-08-01,Confirmed,Pending,190265
ORD03140,PROJ04923,CUS004174,2025-03-26,confirmed,paid,302980
ORD03141,PROJ01536,CUS001036,2024-10-17,Delivered,paid,41251
ORD03142,PROJ02923,CUS003852,2024-06-25,confirmed,Partial,152292
ORD03143,PROJ03352,CUS004516,2024-10-11,Confirmed,paid,159887
ORD03144,PROJ00075,CUS003680,2024-09-16,confirmed,paid,483874
ORD03145,PROJ01324,CUS004680,2024-12-08,Delivered,Pending,371254
ORD03146,PROJ00522,CUS001243,2025-08-02,Shipped,paid,344232
ORD03147,PROJ03773,CUS002418,2025-11-04,Confirmed,Pending,291067
ORD03148,PROJ03544,CUS000332,2025-01-17,confirmed,Pending,135272
ORD03149,PROJ03203,CUS003519,2025-07-22,Cancelled,Paid,442059
ORD03150,PROJ03645,CUS002339,2024-06-18,Shipped,Pending,184656
ORD03151,PROJ01363,CUS002252,2025-04-19,confirmed,Paid,201698
ORD03152,PROJ03229,CUS003065,2025-05-27,Confirmed,Partial,115906
ORD03153,PROJ02210,CUS003511,2025-07-25,Shipped,Paid,436873
ORD03154,PROJ02130,CUS001978,2025-05-19,confirmed,paid,251447
ORD03155,PROJ04494,CUS001421,2024-12-31,confirmed,Pending,22417
ORD03156,PROJ02256,CUS001188,2024-09-02,confirmed,Pending,73157
ORD03157,PROJ04514,CUS004908,2024-11-08,Confirmed,Paid,473480
ORD03158,PROJ04163,CUS000632,2025-02-19,Cancelled,Paid,440201
ORD03159,PROJ03406,CUS004541,2024-10-08,confirmed,Pending,423342
ORD03160,PROJ03494,CUS001360,2024-12-23,Delivered,Paid,96353
ORD03161,PROJ03015,CUS004808,2025-04-20,Cancelled,Pending,50612
ORD03162,PROJ02456,CUS004525,2025-07-24,confirmed,Partial,391382
ORD03163,PROJ02584,CUS003921,2024-09-09,Shipped,paid,161780
ORD03164,PROJ02566,CUS004006,2024-08-09,confirmed,Partial,367082
ORD03165,PROJ01620,CUS001505,2024-08-17,Delivered,paid,478359
ORD03166,PROJ00277,CUS003681,2025-01-20,Confirmed,Paid,25591
ORD03167,PROJ03803,CUS003721,2024-09-12,Delivered,Paid,393666
ORD03168,PROJ04040,CUS001546,2025-04-25,Confirmed,Partial,61059
ORD03169,PROJ00543,CUS003835,2024-12-08,Shipped,Partial,305255
ORD03170,PROJ04140,CUS004038,2024-05-13,Confirmed,Partial,156488
ORD03171,PROJ02345,CUS001369,2024-11-27,Shipped,Paid,147837
ORD03172,PROJ02987,CUS000380,2024-02-26,confirmed,Pending,384781
ORD03173,PROJ01988,CUS004973,2024-08-26,confirmed,Pending,498641
ORD03174,PROJ01340,CUS004314,2025-07-05,Shipped,Pending,379307
ORD03175,PROJ04336,CUS000527,2025-01-14,Shipped,paid,183249
ORD03176,PROJ03914,CUS001907,2025-02-23,Shipped,Pending,328262
ORD03177,PROJ00982,CUS001197,2025-03-19,Shipped,Partial,41453
ORD03178,PROJ01038,CUS002471,2024-10-30,Delivered,paid,382696
ORD03179,PROJ00215,CUS001978,2024-12-30,Cancelled,Partial,147863
ORD03180,PROJ02983,CUS002330,2024-08-21,Cancelled,Pending,90551
ORD03181,PROJ00495,CUS003153,2024-06-02,Cancelled,Partial,473667
ORD03182,PROJ00958,CUS001694,2024-06-29,Confirmed,paid,247453
ORD03183,PROJ00207,CUS002859,2025-01-28,Shipped,Paid,349648
ORD03184,PROJ01442,CUS003315,2024-09-02,Cancelled,Paid,99372
ORD03185,PROJ01083,CUS001901,2024-12-31,Confirmed,Paid,401742
ORD03186,PROJ01612,CUS002937,2025-02-07,confirmed,Partial,165335
ORD03187,PROJ01714,CUS003071,2024-06-21,Confirmed,paid,78347
ORD03188,PROJ01301,CUS000063,2024-06-03,Cancelled,Partial,7103
ORD03189,PROJ02659,CUS003122,2025-02-16,Shipped,Paid,282738
ORD03190,PROJ04856,CUS003748,2025-06-21,Delivered,Pending,133976
ORD03191,PROJ02229,CUS002966,2024-12-24,Confirmed,Paid,285411
ORD03192,PROJ00883,CUS002787,2025-05-16,Shipped,Pending,13841
ORD03193,PROJ01878,CUS002455,2024-09-25,Confirmed,Paid,438239
ORD03194,PROJ00847,CUS004068,2024-11-27,Cancelled,paid,103461
ORD03195,PROJ03436,CUS003505,2024-10-11,Delivered,paid,236121
ORD03196,PROJ01559,CUS000900,2024-08-18,confirmed,Paid,482550
ORD03197,PROJ04040,CUS004179,2025-04-28,Confirmed,paid,149837
ORD03198,PROJ01227,CUS000816,2025-04-28,Shipped,Pending,490134
ORD03199,PROJ02784,CUS000857,2025-08-09,Confirmed,Pending,486701
ORD03200,PROJ04413,CUS001978,2025-08-14,Delivered,Paid,131072
ORD03201,PROJ00789,CUS004733,2024-08-03,Cancelled,Pending,119758
ORD03202,PROJ00399,CUS001327,2024-08-21,confirmed,Paid,159218
ORD03203,PROJ02334,CUS004705,2025-05-13,Delivered,Pending,33545
ORD03204,PROJ03217,CUS000727,2024-03-16,Shipped,Paid,431463
ORD03205,PROJ00848,CUS004222,2025-04-29,Delivered,Pending,457340
ORD03206,PROJ04046,CUS003171,2024-11-15,confirmed,Partial,338017
ORD03207,PROJ04106,CUS003279,2025-06-19,Cancelled,Partial,453118
ORD03208,PROJ02302,CUS000163,2024-04-10,Confirmed,Pending,274811
ORD03209,PROJ01640,CUS000881,2025-07-05,Delivered,paid,204546
ORD03210,PROJ02188,CUS000920,2024-07-16,confirmed,Pending,144249
ORD03211,PROJ01205,CUS003407,2025-02-16,Cancelled,Paid,174517
ORD03212,PROJ00923,CUS004112,2025-01-14,Cancelled,Partial,120183
ORD03213,PROJ04588,CUS000155,2024-04-22,Shipped,Partial,224370
ORD03214,PROJ04509,CUS000507,2024-11-28,Confirmed,Partial,462938
ORD03215,PROJ02513,CUS001026,2024-08-07,Cancelled,Pending,92207
ORD03216,PROJ01533,CUS002770,2025-05-24,Delivered,paid,296305
ORD03217,PROJ01939,CUS000109,2024-11-09,Confirmed,paid,294884
ORD03218,PROJ00432,CUS003258,2024-04-09,Delivered,paid,266554
ORD03219,PROJ02111,CUS000069,2024-07-12,Cancelled,Partial,187549
ORD03220,PROJ04573,CUS003330,2024-12-28,Shipped,Partial,37761
ORD03221,PROJ00696,CUS001383,2025-05-14,Confirmed,paid,34675
ORD03222,PROJ04227,CUS000405,2025-05-17,confirmed,paid,355523
ORD03223,PROJ00906,CUS003545,2025-01-23,Cancelled,Partial,71995
ORD03224,PROJ01353,CUS000669,2025-04-26,Delivered,Pending,463553
ORD03225,PROJ00707,CUS003884,2024-03-02,Shipped,Partial,397066
ORD03226,PROJ02329,CUS000294,2024-10-25,Delivered,Partial,169666
ORD03227,PROJ00068,CUS004813,2024-05-30,Cancelled,Partial,294335
ORD03228,PROJ03902,CUS002695,2025-01-27,Cancelled,Pending,415416
ORD03229,PROJ00545,CUS001256,2025-03-27,Confirmed,paid,368601
ORD03230,PROJ01276,CUS000278,2025-01-25,Delivered,Paid,401758
ORD03231,PROJ03740,CUS000534,2024-11-16,Confirmed,Pending,57683
ORD03232,PROJ02710,CUS003374,2025-08-28,Confirmed,paid,276731
ORD03233,PROJ04158,CUS001014,2024-04-25,Delivered,Partial,76954
ORD03234,PROJ03074,CUS004069,2024-12-06,Cancelled,paid,194454
ORD03235,PROJ04069,CUS002121,2024-05-30,Delivered,paid,396236
ORD03236,PROJ04786,CUS002055,2025-06-23,Cancelled,Partial,364631
ORD03237,PROJ03867,CUS003208,2025-10-30,Shipped,Partial,311980
ORD03238,PROJ04113,CUS001891,2025-01-05,Confirmed,Pending,318585
ORD03239,PROJ00075,CUS002199,2025-01-31,confirmed,paid,181028
ORD03240,PROJ03347,CUS003700,2024-11-15,Confirmed,Paid,299911
ORD03241,PROJ01436,CUS004255,2024-08-25,Shipped,Partial,98683
ORD03242,PROJ03132,CUS002969,2024-09-21,Shipped,Paid,328610
ORD03243,PROJ00206,CUS000973,2025-03-14,Cancelled,Paid,415089
ORD03244,PROJ02683,CUS001417,2025-02-12,Delivered,Paid,454352
ORD03245,PROJ01976,CUS001360,2024-12-16,Cancelled,Paid,310626
ORD03246,PROJ03259,CUS003043,2024-09-29,confirmed,Pending,265365
ORD03247,PROJ02077,CUS004983,2025-01-21,Confirmed,Paid,216353
ORD03248,PROJ03208,CUS003675,2024-02-01,Delivered,Paid,469292
ORD03249,PROJ04911,CUS002465,2025-05-24,Confirmed,Paid,211199
ORD03250,PROJ02782,CUS000251,2024-10-26,confirmed,Pending,234616
ORD03251,PROJ00058,CUS003982,2024-10-31,confirmed,Paid,365788
ORD03252,PROJ04351,CUS004903,2024-11-28,Delivered,Partial,352317
ORD03253,PROJ01758,CUS001334,2024-11-27,Confirmed,paid,137796
ORD03254,PROJ02615,CUS001171,2024-06-01,Shipped,paid,257010
ORD03255,PROJ00731,CUS000548,2025-09-11,Delivered,Pending,325363
ORD03256,PROJ00324,CUS001173,2024-11-25,Cancelled,paid,76610
ORD03257,PROJ03679,CUS000211,2025-02-11,Delivered,paid,441843
ORD03258,PROJ03472,CUS001343,2024-07-12,Delivered,Pending,241009
ORD03259,PROJ02093,CUS004940,2025-01-02,Cancelled,paid,69814
ORD03260,PROJ04497,CUS001772,2024-11-29,confirmed,Paid,53651
ORD03261,PROJ00420,CUS001023,2025-06-09,Delivered,Paid,429208
ORD03262,PROJ01910,CUS000539,2025-10-07,Delivered,Paid,283053
ORD03263,PROJ02812,CUS003423,2025-05-03,Delivered,Paid,96204
ORD03264,PROJ03944,CUS003367,2024-11-29,Confirmed,paid,161984
ORD03265,PROJ02802,CUS001499,2024-11-16,Shipped,Partial,10550
ORD03266,PROJ01379,CUS003724,2024-09-09,confirmed,Pending,419591
ORD03267,PROJ03814,CUS003607,2025-01-12,Confirmed,Partial,170649
ORD03268,PROJ04229,CUS002905,2024-10-26,confirmed,Partial,484858
ORD03269,PROJ02877,CUS000230,2025-04-24,confirmed,Paid,310059
ORD03270,PROJ04487,CUS003618,2025-02-27,Shipped,Pending,497749
ORD03271,PROJ04062,CUS000542,2025-03-31,Shipped,Paid,491135
ORD03272,PROJ02321,CUS001260,2024-09-11,confirmed,Partial,357283
ORD03273,PROJ02795,CUS001086,2024-12-16,Confirmed,Pending,165110
ORD03274,PROJ00411,CUS004754,2024-08-12,Delivered,Pending,86145
ORD03275,PROJ00894,CUS002332,2024-05-14,Confirmed,paid,491693
ORD03276,PROJ02036,CUS004803,2024-09-17,Cancelled,Pending,248404
ORD03277,PROJ02269,CUS004944,2024-04-27,Delivered,Pending,258828
ORD03278,PROJ04239,CUS001959,2025-03-14,Confirmed,Partial,165863
ORD03279,PROJ02043,CUS002177,2025-03-20,Confirmed,Pending,303247
ORD03280,PROJ01995,CUS000558,2024-12-22,Delivered,Pending,479695
ORD03281,PROJ01161,CUS004036,2024-07-27,Shipped,Paid,395453
ORD03282,PROJ00992,CUS003492,2024-09-03,Shipped,Pending,343396
ORD03283,PROJ01990,CUS001935,2025-01-02,Cancelled,Paid,347655
ORD03284,PROJ01354,CUS001218,2024-12-14,Confirmed,paid,197177
ORD03285,PROJ00313,CUS003788,2024-04-19,Cancelled,Pending,32185
ORD03286,PROJ01428,CUS000509,2024-08-16,Confirmed,Pending,214828
ORD03287,PROJ02541,CUS002416,2025-01-28,Confirmed,Pending,55519
ORD03288,PROJ01079,CUS000966,2024-03-15,confirmed,Partial,60610
ORD03289,PROJ04094,CUS002761,2024-05-02,Delivered,paid,205805
ORD03290,PROJ02563,CUS001261,2025-02-06,Cancelled,paid,294842
ORD03291,PROJ00311,CUS002926,2024-12-04,Cancelled,Pending,5735
ORD03292,PROJ00148,CUS004062,2025-11-22,Shipped,Pending,35227
ORD03293,PROJ04154,CUS000542,2024-07-13,Confirmed,paid,264375
ORD03294,PROJ03217,CUS004824,2024-07-19,confirmed,Pending,438288
ORD03295,PROJ02852,CUS004376,2025-05-15,Delivered,Paid,155869
ORD03296,PROJ03981,CUS001328,2025-06-24,Confirmed,Partial,348091
ORD03297,PROJ01691,CUS003019,2024-09-12,Delivered,paid,339554
ORD03298,PROJ02311,CUS000322,2025-05-29,Shipped,Partial,84893
ORD03299,PROJ01546,CUS004942,2025-02-23,Confirmed,Paid,127177
ORD03300,PROJ04112,CUS003686,2024-09-30,confirmed,Pending,207027
ORD03301,PROJ04601,CUS000334,2024-07-20,Delivered,Pending,305281
ORD03302,PROJ03908,CUS002637,2024-07-26,Shipped,Paid,461188
ORD03303,PROJ02869,CUS000442,2024-08-17,confirmed,Pending,140751
ORD03304,PROJ03176,CUS003451,2024-09-30,Shipped,Pending,241082
ORD03305,PROJ04022,CUS004841,2024-12-18,Confirmed,Partial,67756
ORD03306,PROJ00431,CUS004885,2024-11-25,Confirmed,Pending,60075
ORD03307,PROJ03576,CUS002674,2024-10-24,Delivered,Paid,130198
ORD03308,PROJ04062,CUS000257,2024-10-26,Shipped,Pending,470474
ORD03309,PROJ03911,CUS002624,2025-05-05,Shipped,Pending,206050
ORD03310,PROJ01009,CUS000483,2025-01-12,Confirmed,Partial,44049
ORD03311,PROJ02948,CUS001054,2025-01-07,Cancelled,Pending,251425
ORD03312,PROJ03303,CUS001699,2024-07-12,Shipped,Pending,67818
ORD03313,PROJ00876,CUS002265,2024-12-06,Shipped,Paid,271325
ORD03314,PROJ02411,CUS004716,2024-04-12,Delivered,Partial,103206
ORD03315,PROJ01050,CUS004327,2025-01-03,Cancelled,Partial,472784
ORD03316,PROJ04913,CUS004066,2025-04-19,confirmed,Pending,177222
ORD03317,PROJ00977,CUS003349,2024-06-28,Confirmed,Paid,125376
ORD03318,PROJ04447,CUS001523,2024-09-08,Delivered,Paid,194720
ORD03319,PROJ04186,CUS004679,2024-08-05,Shipped,Paid,83832
ORD03320,PROJ01513,CUS000415,2025-06-28,Delivered,Pending,157409
ORD03321,PROJ01075,CUS003091,2024-12-21,confirmed,paid,461788
ORD03322,PROJ01282,CUS004652,2025-02-01,confirmed,Pending,97068
ORD03323,PROJ02790,CUS003224,2024-04-19,Confirmed,Partial,289967
ORD03324,PROJ01324,CUS001918,2025-01-16,Cancelled,Paid,132580
ORD03325,PROJ04556,CUS001801,2025-01-10,confirmed,Partial,278262
ORD03326,PROJ02280,CUS002066,2025-03-27,Shipped,Partial,453388
ORD03327,PROJ03251,CUS003090,2024-04-14,confirmed,Pending,264052
ORD03328,PROJ03670,CUS003700,2025-03-05,confirmed,Paid,58386
ORD03329,PROJ03894,CUS003322,2025-01-16,Cancelled,Pending,463634
ORD03330,PROJ04166,CUS002517,2024-08-16,Cancelled,Pending,265922
ORD03331,PROJ00426,CUS004968,2024-11-23,Shipped,paid,240225
ORD03332,PROJ04457,CUS001882,2024-12-18,Shipped,Pending,473302
ORD03333,PROJ04737,CUS002262,2025-03-02,Cancelled,Pending,290955
ORD03334,PROJ01087,CUS002706,2024-06-02,Confirmed,Partial,283610
ORD03335,PROJ00538,CUS002587,2025-05-27,Cancelled,Paid,40497
ORD03336,PROJ00165,CUS002447,2024-10-25,Confirmed,paid,313326
ORD03337,PROJ04132,CUS002559,2025-02-01,Cancelled,Pending,216807
ORD03338,PROJ03987,CUS004952,2025-02-04,Delivered,Pending,14249
ORD03339,PROJ03738,CUS001813,2025-06-29,Delivered,Paid,412814
ORD03340,PROJ03501,CUS000767,2024-12-09,Confirmed,Paid,472445
ORD03341,PROJ03616,CUS002187,2024-08-02,Confirmed,Partial,468576
ORD03342,PROJ02632,CUS002485,2025-04-15,Confirmed,Paid,194915
ORD03343,PROJ01108,CUS002467,2024-04-21,confirmed,Partial,178121
ORD03344,PROJ03352,CUS003254,2025-02-17,confirmed,paid,313742
ORD03345,PROJ01336,CUS004008,2025-02-11,Delivered,Partial,64914
ORD03346,PROJ01593,CUS002806,2024-11-23,Confirmed,Pending,156972
ORD03347,PROJ04966,CUS000766,2024-04-26,Delivered,paid,469926
ORD03348,PROJ03540,CUS003658,2025-03-27,Delivered,Partial,366773
ORD03349,PROJ02388,CUS004967,2024-10-19,Confirmed,Partial,272446
ORD03350,PROJ04929,CUS002974,2025-08-12,Delivered,paid,346775
ORD03351,PROJ03969,CUS001677,2024-09-24,confirmed,Partial,123766
ORD03352,PROJ02316,CUS004429,2024-10-20,Confirmed,Pending,163707
ORD03353,PROJ03069,CUS001007,2024-12-02,Delivered,Paid,278150
ORD03354,PROJ00344,CUS004300,2025-01-24,Cancelled,paid,418892
ORD03355,PROJ01825,CUS003169,2024-08-06,Cancelled,Paid,389880
ORD03356,PROJ02838,CUS000722,2024-06-08,Delivered,Partial,182954
ORD03357,PROJ02224,CUS003992,2025-02-22,Cancelled,Pending,94385
ORD03358,PROJ02934,CUS002313,2024-12-28,confirmed,Pending,214501
ORD03359,PROJ00778,CUS002367,2025-01-06,Cancelled,Pending,60297
ORD03360,PROJ02694,CUS000141,2024-07-29,Delivered,Pending,421381
ORD03361,PROJ03766,CUS003392,2024-04-14,confirmed,Pending,373387
ORD03362,PROJ03376,CUS002788,2024-11-15,confirmed,Partial,289517
ORD03363,PROJ00986,CUS002685,2025-06-05,Delivered,paid,404710
ORD03364,PROJ04932,CUS003087,2024-08-11,confirmed,Pending,148117
ORD03365,PROJ03111,CUS003989,2024-05-20,confirmed,Pending,485184
ORD03366,PROJ01388,CUS004638,2025-05-11,Confirmed,Partial,357145
ORD03367,PROJ04387,CUS003556,2025-04-17,Shipped,paid,419679
ORD03368,PROJ02761,CUS002787,2024-12-05,confirmed,Paid,190532
ORD03369,PROJ03919,CUS002347,2025-07-11,Delivered,Partial,233903
ORD03370,PROJ03042,CUS002370,2025-02-19,Delivered,Pending,137204
ORD03371,PROJ03188,CUS002628,2025-04-26,Shipped,paid,346944
ORD03372,PROJ01032,CUS002192,2025-06-11,confirmed,Partial,207680
ORD03373,PROJ00464,CUS002797,2024-12-05,Shipped,Pending,320638
ORD03374,PROJ01475,CUS000954,2024-10-09,Confirmed,Pending,270515
ORD03375,PROJ00965,CUS003267,2024-11-28,Shipped,Partial,379076
ORD03376,PROJ01472,CUS002131,2024-09-11,confirmed,Partial,138451
ORD03377,PROJ02127,CUS002920,2024-10-02,Confirmed,Pending,110003
ORD03378,PROJ04173,CUS001713,2024-02-05,Shipped,Partial,396790
ORD03379,PROJ00937,CUS001179,2024-05-12,Confirmed,Pending,185721
ORD03380,PROJ04615,CUS003061,2024-11-17,Confirmed,Partial,85977
ORD03381,PROJ04194,CUS004704,2024-09-26,Confirmed,paid,357956
ORD03382,PROJ04703,CUS002560,2024-01-31,Shipped,paid,195731
ORD03383,PROJ00594,CUS002060,2025-05-09,confirmed,Partial,435437
ORD03384,PROJ00215,CUS002760,2025-01-02,Cancelled,paid,25152
ORD03385,PROJ01331,CUS001276,2025-03-16,Confirmed,Pending,477686
ORD03386,PROJ01755,CUS004923,2024-09-16,Delivered,Paid,128266
ORD03387,PROJ04608,CUS002838,2024-12-24,Shipped,paid,425737
ORD03388,PROJ03432,CUS002686,2024-10-01,Cancelled,paid,320035
ORD03389,PROJ01391,CUS003754,2025-09-17,Shipped,Pending,130735
ORD03390,PROJ03200,CUS002602,2024-09-19,confirmed,paid,152741
ORD03391,PROJ00455,CUS004730,2024-05-12,Cancelled,Paid,256066
ORD03392,PROJ04020,CUS003410,2024-05-24,Confirmed,paid,236808
ORD03393,PROJ03812,CUS002494,2025-02-06,Cancelled,Pending,48139
ORD03394,PROJ03949,CUS004357,2024-10-24,Delivered,paid,216072
ORD03395,PROJ04566,CUS000931,2024-12-28,Cancelled,Partial,247082
ORD03396,PROJ00136,CUS003412,2024-05-07,Cancelled,paid,79982
ORD03397,PROJ01530,CUS003958,2024-01-04,Delivered,paid,265795
ORD03398,PROJ02216,CUS002983,2025-01-09,confirmed,Paid,261414
ORD03399,PROJ01236,CUS000862,2024-07-31,Cancelled,Partial,463225
ORD03400,PROJ00499,CUS003608,2024-11-30,confirmed,Pending,44548
ORD03401,PROJ01080,CUS001649,2025-02-02,Cancelled,paid,99960
ORD03402,PROJ01794,CUS000039,2025-02-10,Confirmed,Paid,104654
ORD03403,PROJ02684,CUS003898,2025-02-18,confirmed,Partial,293994
ORD03404,PROJ03511,CUS004955,2025-01-01,confirmed,paid,85984
ORD03405,PROJ01275,CUS000587,2024-05-04,Delivered,Paid,148326
ORD03406,PROJ04710,CUS004211,2024-09-24,Confirmed,Partial,284577
ORD03407,PROJ04815,CUS000082,2024-11-27,Delivered,paid,357853
ORD03408,PROJ02606,CUS002420,2024-02-24,confirmed,Pending,398108
ORD03409,PROJ02754,CUS002770,2025-08-27,Cancelled,Partial,498935
ORD03410,PROJ01494,CUS003558,2024-08-25,Cancelled,Paid,208499
ORD03411,PROJ01615,CUS002989,2024-08-26,Confirmed,Paid,187995
ORD03412,PROJ01045,CUS004587,2025-03-18,Shipped,Partial,474717
ORD03413,PROJ00159,CUS004616,2024-08-02,Confirmed,Paid,43030
ORD03414,PROJ01033,CUS004114,2024-09-05,Shipped,Pending,404012
ORD03415,PROJ02414,CUS000204,2024-07-22,Delivered,Partial,234069
ORD03416,PROJ00217,CUS002838,2025-05-04,confirmed,Paid,423579
ORD03417,PROJ02883,CUS000742,2025-02-06,Confirmed,Pending,211581
ORD03418,PROJ02026,CUS000858,2024-02-19,confirmed,paid,383530
ORD03419,PROJ02626,CUS004009,2025-04-12,Cancelled,Partial,234465
ORD03420,PROJ04362,CUS004856,2024-09-16,Confirmed,Pending,321377
ORD03421,PROJ03085,CUS001947,2025-04-10,Shipped,Paid,79092
ORD03422,PROJ00437,CUS001917,2024-11-23,Delivered,Partial,441438
ORD03423,PROJ00363,CUS002344,2025-06-25,Shipped,Pending,53568
ORD03424,PROJ04434,CUS002022,2025-04-18,Shipped,Partial,14196
ORD03425,PROJ04469,CUS003958,2025-02-27,Shipped,Pending,102410
ORD03426,PROJ02227,CUS002253,2025-06-27,Delivered,Paid,369911
ORD03427,PROJ00562,CUS003150,2024-10-11,Confirmed,Paid,455752
ORD03428,PROJ04402,CUS002195,2025-06-06,Cancelled,Partial,12596
ORD03429,PROJ03273,CUS003825,2025-07-11,Delivered,paid,35187
ORD03430,PROJ02242,CUS000758,2025-07-12,Shipped,Paid,338978
ORD03431,PROJ04927,CUS003270,2024-09-03,Delivered,paid,130076
ORD03432,PROJ04048,CUS003650,2025-03-25,Shipped,Pending,227092
ORD03433,PROJ04542,CUS004982,2025-07-14,Shipped,paid,5622
ORD03434,PROJ00829,CUS004910,2024-06-12,Shipped,Pending,458008
ORD03435,PROJ03268,CUS003854,2024-11-29,Shipped,Paid,42231
ORD03436,PROJ02066,CUS002647,2025-07-09,Cancelled,Partial,220726
ORD03437,PROJ01457,CUS001570,2025-01-05,Delivered,Paid,7094
ORD03438,PROJ01919,CUS000177,2025-01-08,Cancelled,paid,118629
ORD03439,PROJ01282,CUS000528,2024-10-31,Shipped,Paid,183270
ORD03440,PROJ04836,CUS002196,2024-04-26,Shipped,Paid,259494
ORD03441,PROJ00673,CUS004353,2024-01-19,Delivered,Paid,393296
ORD03442,PROJ04169,CUS003674,2025-11-03,Confirmed,Pending,134580
ORD03443,PROJ04427,CUS004862,2024-06-25,confirmed,Partial,128990
ORD03444,PROJ02270,CUS003096,2024-12-29,Cancelled,Pending,38464
ORD03445,PROJ01310,CUS003763,2024-12-11,Delivered,Paid,206987
ORD03446,PROJ04250,CUS003042,2024-04-26,Shipped,Paid,145441
ORD03447,PROJ03405,CUS004369,2024-12-04,Shipped,Pending,41607
ORD03448,PROJ01445,CUS003128,2024-11-06,Confirmed,paid,468349
ORD03449,PROJ01194,CUS002251,2025-08-09,Cancelled,Pending,216104
ORD03450,PROJ03934,CUS003517,2025-01-02,Confirmed,Paid,303123
ORD03451,PROJ01881,CUS001478,2024-10-27,Cancelled,Paid,346549
ORD03452,PROJ04953,CUS002783,2024-09-23,Confirmed,Partial,410643
ORD03453,PROJ01904,CUS004507,2025-02-05,Shipped,Pending,132148
ORD03454,PROJ03473,CUS004253,2025-03-23,Delivered,paid,336217
ORD03455,PROJ00516,CUS000051,2025-03-02,confirmed,Partial,340418
ORD03456,PROJ01704,CUS002949,2025-03-27,Delivered,Paid,247243
ORD03457,PROJ02866,CUS003822,2024-12-17,Delivered,Paid,396329
ORD03458,PROJ01619,CUS000968,2024-10-13,Confirmed,Paid,79427
ORD03459,PROJ03786,CUS002930,2024-11-24,confirmed,Pending,71596
ORD03460,PROJ02835,CUS003635,2025-01-15,confirmed,paid,344572
ORD03461,PROJ04375,CUS001007,2025-01-30,Confirmed,Partial,46188
ORD03462,PROJ01335,CUS001016,2024-12-28,confirmed,paid,43984
ORD03463,PROJ01725,CUS004610,2024-04-19,confirmed,paid,292631
ORD03464,PROJ04340,CUS002209,2024-06-20,confirmed,Partial,408681
ORD03465,PROJ02163,CUS000237,2024-09-07,confirmed,Pending,141425
ORD03466,PROJ03451,CUS000687,2025-01-27,Shipped,paid,47651
ORD03467,PROJ03446,CUS000967,2024-09-26,Cancelled,Partial,77339
ORD03468,PROJ04462,CUS000045,2024-11-17,Delivered,Paid,258759
ORD03469,PROJ04741,CUS004644,2024-11-04,Delivered,paid,437785
ORD03470,PROJ02760,CUS004657,2024-02-25,Confirmed,Paid,469969
ORD03471,PROJ02473,CUS003784,2024-12-27,Shipped,Paid,342600
ORD03472,PROJ04359,CUS001097,2024-11-06,Delivered,Partial,74461
ORD03473,PROJ01955,CUS000269,2025-09-06,confirmed,paid,235390
ORD03474,PROJ02578,CUS001362,2024-11-27,confirmed,Partial,376983
ORD03475,PROJ03384,CUS003266,2024-10-09,Cancelled,Paid,206554
ORD03476,PROJ01431,CUS002655,2024-06-29,Cancelled,Partial,308023
ORD03477,PROJ00441,CUS003438,2024-10-07,Delivered,paid,482641
ORD03478,PROJ03371,CUS001541,2025-02-24,confirmed,Paid,141495
ORD03479,PROJ03883,CUS001505,2025-06-09,Shipped,Pending,309391
ORD03480,PROJ02354,CUS001038,2024-11-29,Delivered,paid,63520
ORD03481,PROJ00944,CUS004373,2024-10-18,Delivered,Pending,105965
ORD03482,PROJ02273,CUS001661,2025-02-24,confirmed,Partial,104648
ORD03483,PROJ01106,CUS000379,2024-11-29,Shipped,Pending,279965
ORD03484,PROJ00864,CUS000576,2024-08-13,Delivered,Paid,435215
ORD03485,PROJ02405,CUS001937,2024-05-27,Shipped,Pending,94229
ORD03486,PROJ03107,CUS001763,2024-08-04,confirmed,Partial,111052
ORD03487,PROJ02269,CUS004426,2024-10-14,Delivered,Pending,332007
ORD03488,PROJ00595,CUS003533,2024-09-15,Shipped,Pending,26487
ORD03489,PROJ02019,CUS001220,2024-11-24,Confirmed,paid,106956
ORD03490,PROJ01410,CUS002137,2025-03-30,Confirmed,paid,264528
ORD03491,PROJ00369,CUS003813,2025-10-16,confirmed,Partial,465534
ORD03492,PROJ03942,CUS004793,2025-05-01,Shipped,Partial,93196
ORD03493,PROJ00835,CUS001452,2025-04-19,Shipped,Paid,437239
ORD03494,PROJ04267,CUS004595,2024-07-10,confirmed,Paid,76521
ORD03495,PROJ04747,CUS002105,2025-07-09,Cancelled,Partial,103769
ORD03496,PROJ00691,CUS003472,2025-03-17,Confirmed,Pending,302958
ORD03497,PROJ03188,CUS000241,2024-12-25,Delivered,Pending,37564
ORD03498,PROJ00548,CUS000019,2025-03-19,Delivered,Paid,342870
ORD03499,PROJ02143,CUS002721,2025-06-06,Confirmed,Partial,445823
ORD03500,PROJ01090,CUS004055,2024-07-13,Cancelled,paid,428001
ORD03501,PROJ03302,CUS000874,2025-01-13,confirmed,paid,198513
ORD03502,PROJ03039,CUS004942,2025-05-12,Confirmed,paid,262947
ORD03503,PROJ04161,CUS001731,2024-11-16,confirmed,paid,6647
ORD03504,PROJ01924,CUS004511,2025-06-08,Confirmed,paid,466200
ORD03505,PROJ04354,CUS000117,2025-02-02,Delivered,Pending,69977
ORD03506,PROJ02890,CUS004617,2025-05-12,Confirmed,Partial,172488
ORD03507,PROJ03793,CUS000038,2025-03-05,Shipped,Paid,346220
ORD03508,PROJ02461,CUS002492,2025-03-26,Delivered,paid,483192
ORD03509,PROJ00878,CUS004039,2024-03-01,Delivered,Pending,452385
ORD03510,PROJ01546,CUS004772,2024-12-06,Delivered,Partial,417855
ORD03511,PROJ04941,CUS002840,2024-12-16,Delivered,Partial,321686
ORD03512,PROJ04831,CUS004521,2024-09-29,Shipped,Paid,99053
ORD03513,PROJ01140,CUS002928,2024-01-22,confirmed,Paid,214985
ORD03514,PROJ01201,CUS002741,2024-12-11,Delivered,Paid,274512
ORD03515,PROJ02335,CUS000303,2025-02-14,Shipped,Pending,142979
ORD03516,PROJ02822,CUS000358,2025-08-05,Shipped,Partial,289683
ORD03517,PROJ03954,CUS004521,2024-10-16,Delivered,Paid,7863
ORD03518,PROJ01958,CUS000406,2025-03-09,Confirmed,paid,453042
ORD03519,PROJ00610,CUS002377,2024-06-06,Shipped,Partial,186276
ORD03520,PROJ03328,CUS003708,2024-12-05,Delivered,paid,131012
ORD03521,PROJ04508,CUS001192,2025-04-29,Delivered,Pending,287732
ORD03522,PROJ00459,CUS004561,2025-05-06,Confirmed,Partial,43666
ORD03523,PROJ00758,CUS002367,2024-03-03,Confirmed,Partial,229630
ORD03524,PROJ03347,CUS003576,2024-10-24,confirmed,paid,246707
ORD03525,PROJ03634,CUS000690,2024-10-04,Cancelled,paid,153877
ORD03526,PROJ04740,CUS001995,2025-03-27,confirmed,paid,395009
ORD03527,PROJ01274,CUS002056,2025-02-25,Cancelled,Pending,246766
ORD03528,PROJ00427,CUS003495,2025-02-15,Delivered,Paid,138639
ORD03529,PROJ04250,CUS001302,2024-05-11,Delivered,Partial,252777
ORD03530,PROJ00750,CUS004565,2024-01-16,Confirmed,Pending,458229
ORD03531,PROJ02257,CUS003254,2024-04-06,Cancelled,Pending,357051
ORD03532,PROJ02743,CUS004149,2025-03-01,Cancelled,Partial,291717
ORD03533,PROJ00071,CUS001362,2024-11-29,Confirmed,Paid,390052
ORD03534,PROJ00594,CUS004168,2024-06-20,confirmed,Pending,452827
ORD03535,PROJ01382,CUS004087,2024-11-08,Cancelled,Pending,50173
ORD03536,PROJ04913,CUS000314,2025-06-06,Delivered,Paid,48759
ORD03537,PROJ04695,CUS002863,2024-08-15,Shipped,paid,304511
ORD03538,PROJ03078,CUS001983,2025-03-18,Shipped,paid,88983
ORD03539,PROJ02300,CUS000964,2024-11-17,Delivered,paid,354019
ORD03540,PROJ02344,CUS003778,2024-08-25,Cancelled,Paid,277614
ORD03541,PROJ04311,CUS003675,2024-07-11,confirmed,paid,5697
ORD03542,PROJ00556,CUS000568,2025-03-09,confirmed,paid,346634
ORD03543,PROJ00057,CUS004302,2025-06-06,Delivered,Partial,159741
ORD03544,PROJ01329,CUS002045,2024-12-09,confirmed,Paid,253019
ORD03545,PROJ01519,CUS001128,2025-02-23,Shipped,Pending,254102
ORD03546,PROJ02627,CUS000944,2025-06-17,Confirmed,Partial,480311
ORD03547,PROJ04388,CUS002592,2025-01-10,Delivered,Paid,448032
ORD03548,PROJ03735,CUS000680,2025-07-19,Cancelled,Partial,203127
ORD03549,PROJ01889,CUS004349,2024-12-16,Shipped,Paid,153274
ORD03550,PROJ03015,CUS003864,2025-06-09,Delivered,Partial,495255
ORD03551,PROJ03465,CUS000316,2024-09-04,Confirmed,Pending,107276
ORD03552,PROJ01547,CUS003728,2025-04-09,Cancelled,Partial,191059
ORD03553,PROJ04642,CUS003681,2025-03-19,confirmed,Paid,317426
ORD03554,PROJ02069,CUS002572,2025-08-27,Cancelled,Paid,13821
ORD03555,PROJ04268,CUS002138,2024-11-01,Delivered,Pending,359261
ORD03556,PROJ04731,CUS002363,2024-08-07,Cancelled,Partial,216296
ORD03557,PROJ04625,CUS002640,2024-09-16,Confirmed,paid,359956
ORD03558,PROJ03478,CUS002534,2025-01-19,confirmed,Partial,366782
ORD03559,PROJ00875,CUS004503,2024-01-19,Cancelled,Pending,99805
ORD03560,PROJ01524,CUS001555,2025-11-20,confirmed,Paid,303191
ORD03561,PROJ02049,CUS001720,2025-02-07,confirmed,paid,469973
ORD03562,PROJ04116,CUS003162,2024-10-24,Cancelled,Partial,300515
ORD03563,PROJ04039,CUS003213,2024-07-01,Cancelled,Paid,317692
ORD03564,PROJ02208,CUS003458,2025-01-19,confirmed,paid,391024
ORD03565,PROJ00366,CUS001046,2024-10-06,confirmed,Partial,81396
ORD03566,PROJ04231,CUS004750,2025-01-03,Confirmed,Partial,27411
ORD03567,PROJ03727,CUS002967,2025-02-13,Cancelled,Paid,135944
ORD03568,PROJ02480,CUS001139,2025-03-04,Cancelled,Pending,19817
ORD03569,PROJ00154,CUS001545,2025-03-10,Delivered,Pending,198390
ORD03570,PROJ00025,CUS001969,2024-10-24,Delivered,Partial,381180
ORD03571,PROJ03729,CUS000256,2024-06-07,confirmed,Paid,105901
ORD03572,PROJ01098,CUS001273,2025-04-07,confirmed,Pending,398499
ORD03573,PROJ02935,CUS002600,2025-04-16,confirmed,paid,463951
ORD03574,PROJ03880,CUS001702,2025-07-25,Confirmed,Pending,115729
ORD03575,PROJ04506,CUS002091,2024-06-09,Delivered,Paid,54360
ORD03576,PROJ03770,CUS003514,2024-10-16,Confirmed,Partial,10210
ORD03577,PROJ02451,CUS001325,2024-08-05,Delivered,Partial,107767
ORD03578,PROJ00951,CUS003634,2024-12-01,Confirmed,Pending,331631
ORD03579,PROJ01920,CUS004503,2024-05-14,Cancelled,Paid,67357
ORD03580,PROJ03145,CUS002255,2025-04-21,Delivered,Paid,194572
ORD03581,PROJ00322,CUS002217,2024-07-07,Cancelled,Partial,457139
ORD03582,PROJ04545,CUS000373,2024-12-26,confirmed,Paid,454004
ORD03583,PROJ01164,CUS003358,2025-03-13,Shipped,paid,384541
ORD03584,PROJ00268,CUS003571,2024-04-22,Shipped,Paid,170644
ORD03585,PROJ04055,CUS002870,2024-03-26,confirmed,paid,259045
ORD03586,PROJ00571,CUS002999,2025-01-29,Confirmed,Pending,298769
ORD03587,PROJ03504,CUS000035,2024-08-23,Shipped,Partial,371731
ORD03588,PROJ02262,CUS000266,2024-05-15,Shipped,Paid,171721
ORD03589,PROJ01663,CUS000732,2024-08-27,Confirmed,Pending,273292
ORD03590,PROJ03506,CUS004502,2024-06-23,Confirmed,Paid,137227
ORD03591,PROJ04205,CUS001547,2024-08-11,Confirmed,Partial,110147
ORD03592,PROJ04755,CUS001685,2025-07-22,Delivered,Paid,429769
ORD03593,PROJ01893,CUS000529,2024-09-18,confirmed,Pending,424690
ORD03594,PROJ02910,CUS002268,2024-04-13,Shipped,Pending,496375
ORD03595,PROJ04935,CUS000970,2024-12-14,confirmed,Partial,67028
ORD03596,PROJ00463,CUS001860,2024-06-18,Delivered,Partial,59495
ORD03597,PROJ04993,CUS001696,2025-03-05,Confirmed,Pending,332274
ORD03598,PROJ04678,CUS004229,2024-11-10,Confirmed,Pending,208127
ORD03599,PROJ01139,CUS001242,2025-04-06,Shipped,paid,48755
ORD03600,PROJ00459,CUS003937,2024-11-10,confirmed,paid,422992
ORD03601,PROJ02989,CUS001687,2024-03-15,Delivered,paid,294382
ORD03602,PROJ01194,CUS004844,2025-02-11,Delivered,Paid,262070
ORD03603,PROJ00498,CUS004935,2025-02-25,Confirmed,Partial,302689
ORD03604,PROJ00165,CUS000520,2024-10-22,Shipped,Partial,202225
ORD03605,PROJ03618,CUS004274,2025-04-29,confirmed,Partial,221325
ORD03606,PROJ04003,CUS004411,2024-04-21,confirmed,Partial,301647
ORD03607,PROJ01154,CUS003373,2024-12-06,Shipped,Pending,170723
ORD03608,PROJ03233,CUS004669,2024-12-25,Cancelled,Pending,448213
ORD03609,PROJ01472,CUS002641,2024-09-06,Cancelled,Paid,55495
ORD03610,PROJ02855,CUS000542,2024-07-28,Shipped,Pending,348959
ORD03611,PROJ01787,CUS002475,2025-02-28,Confirmed,Partial,246337
ORD03612,PROJ03513,CUS000312,2024-12-02,Shipped,Paid,399607
ORD03613,PROJ00689,CUS001105,2024-07-15,Shipped,Partial,205719
ORD03614,PROJ04039,CUS000153,2024-05-26,Delivered,Paid,73340
ORD03615,PROJ04022,CUS003561,2024-12-08,Confirmed,paid,367696
ORD03616,PROJ03463,CUS003633,2025-05-02,Confirmed,Partial,244590
ORD03617,PROJ04348,CUS002967,2024-08-12,Delivered,Pending,102625
ORD03618,PROJ03972,CUS000064,2024-09-13,confirmed,Pending,403926
ORD03619,PROJ00710,CUS004602,2025-06-06,Delivered,paid,219549
ORD03620,PROJ00660,CUS002106,2025-08-04,Shipped,paid,152990
ORD03621,PROJ00258,CUS003886,2025-06-30,Cancelled,Pending,341314
ORD03622,PROJ00313,CUS002195,2024-05-06,Confirmed,Partial,93554
ORD03623,PROJ01421,CUS004011,2025-03-23,Confirmed,Pending,14653
ORD03624,PROJ04838,CUS003038,2024-06-18,confirmed,Paid,236073
ORD03625,PROJ01727,CUS000719,2025-05-02,Shipped,paid,266405
ORD03626,PROJ02883,CUS001771,2024-12-09,Cancelled,Paid,200472
ORD03627,PROJ00809,CUS000254,2025-08-19,confirmed,Partial,291712
ORD03628,PROJ03629,CUS002366,2025-01-17,Cancelled,paid,114295
ORD03629,PROJ01403,CUS002137,2024-12-16,Cancelled,Pending,285264
ORD03630,PROJ04276,CUS001729,2025-06-19,confirmed,Paid,411606
ORD03631,PROJ00549,CUS003314,2024-12-23,Cancelled,Partial,270514
ORD03632,PROJ01016,CUS000781,2024-04-03,Shipped,paid,302842
ORD03633,PROJ03258,CUS004440,2024-06-06,Shipped,Partial,324122
ORD03634,PROJ00802,CUS004185,2024-11-09,confirmed,Partial,167016
ORD03635,PROJ01891,CUS004627,2024-12-26,confirmed,Paid,434701
ORD03636,PROJ02510,CUS003236,2024-08-25,Shipped,paid,262684
ORD03637,PROJ04112,CUS004272,2024-10-05,Cancelled,Partial,385189
ORD03638,PROJ01675,CUS002002,2024-08-10,Shipped,paid,17204
ORD03639,PROJ03940,CUS003601,2025-04-03,confirmed,paid,353223
ORD03640,PROJ03440,CUS000054,2025-01-17,Confirmed,Pending,420164
ORD03641,PROJ00045,CUS000563,2024-02-19,Delivered,Paid,110572
ORD03642,PROJ00627,CUS002395,2024-12-31,Cancelled,Pending,240507
ORD03643,PROJ01659,CUS001776,2024-05-15,Cancelled,Pending,42168
ORD03644,PROJ00028,CUS002234,2024-06-13,Shipped,Paid,128728
ORD03645,PROJ04790,CUS002917,2024-10-31,Delivered,Paid,39184
ORD03646,PROJ02083,CUS003645,2025-02-26,Cancelled,Partial,268718
ORD03647,PROJ01341,CUS004076,2024-09-22,Delivered,Pending,64949
ORD03648,PROJ02603,CUS003313,2024-04-08,Confirmed,Paid,403188
ORD03649,PROJ02724,CUS003574,2024-12-01,Shipped,paid,370465
ORD03650,PROJ02822,CUS004332,2025-04-27,Confirmed,Paid,126493
ORD03651,PROJ01740,CUS000375,2024-01-19,Confirmed,Paid,133627
ORD03652,PROJ02465,CUS001850,2024-09-10,Shipped,paid,11383
ORD03653,PROJ01828,CUS001617,2025-09-11,Cancelled,Partial,29817
ORD03654,PROJ04804,CUS001881,2024-07-14,Delivered,Partial,97534
ORD03655,PROJ01886,CUS001047,2025-06-04,confirmed,Paid,225505
ORD03656,PROJ02139,CUS002793,2025-01-28,confirmed,paid,156995
ORD03657,PROJ03533,CUS001612,2025-01-03,Shipped,Pending,311748
ORD03658,PROJ03747,CUS000138,2024-11-11,Cancelled,Pending,233889
ORD03659,PROJ03847,CUS001004,2024-11-16,Cancelled,paid,322456
ORD03660,PROJ03528,CUS003380,2024-09-11,Confirmed,paid,171109
ORD03661,PROJ01706,CUS000442,2024-10-06,Delivered,Paid,311994
ORD03662,PROJ04233,CUS002356,2024-11-16,Delivered,Partial,419560
ORD03663,PROJ04294,CUS004701,2024-07-31,Shipped,paid,496137
ORD03664,PROJ01708,CUS000756,2024-08-11,confirmed,Paid,104699
ORD03665,PROJ03297,CUS002172,2025-02-20,Delivered,Pending,234488
ORD03666,PROJ00678,CUS002992,2024-08-25,Confirmed,Pending,35298
ORD03667,PROJ02241,CUS004133,2024-01-22,Shipped,Paid,303302
ORD03668,PROJ01096,CUS001285,2024-01-22,Cancelled,paid,142351
ORD03669,PROJ04008,CUS001886,2025-01-27,Shipped,paid,86912
ORD03670,PROJ00628,CUS000606,2024-04-13,Shipped,Partial,376862
ORD03671,PROJ01965,CUS001296,2025-08-10,Confirmed,paid,78382
ORD03672,PROJ03287,CUS004820,2025-02-19,Shipped,paid,243089
ORD03673,PROJ00714,CUS003990,2025-02-14,Delivered,Pending,354260
ORD03674,PROJ03041,CUS004044,2024-10-11,Delivered,paid,449819
ORD03675,PROJ02525,CUS002293,2025-01-06,Shipped,Partial,289016
ORD03676,PROJ02325,CUS000519,2025-03-03,Cancelled,Paid,416321
ORD03677,PROJ00645,CUS004155,2024-10-10,Delivered,Pending,493436
ORD03678,PROJ02099,CUS000167,2024-11-16,Cancelled,Paid,7438
ORD03679,PROJ03724,CUS004526,2025-04-11,Confirmed,paid,314986
ORD03680,PROJ02983,CUS001211,2024-08-06,Shipped,Pending,441188
ORD03681,PROJ00775,CUS000186,2024-05-04,confirmed,Pending,467963
ORD03682,PROJ01843,CUS004578,2024-01-25,confirmed,Pending,420832
ORD03683,PROJ01633,CUS000487,2025-03-21,Cancelled,Paid,252920
ORD03684,PROJ02645,CUS001800,2024-05-30,Delivered,Paid,117463
ORD03685,PROJ04891,CUS004536,2025-05-07,Shipped,Partial,138765
ORD03686,PROJ01110,CUS004782,2024-08-12,Shipped,paid,181332
ORD03687,PROJ02182,CUS000357,2025-02-14,Delivered,Partial,473340
ORD03688,PROJ04389,CUS003115,2025-07-20,Delivered,Pending,110134
ORD03689,PROJ03223,CUS001963,2024-09-23,confirmed,paid,111005
ORD03690,PROJ00555,CUS002775,2024-12-09,confirmed,paid,213730
ORD03691,PROJ00251,CUS003030,2024-11-29,Confirmed,paid,65570
ORD03692,PROJ00336,CUS001267,2024-12-15,Shipped,Partial,372871
ORD03693,PROJ02250,CUS002619,2024-11-11,Shipped,Pending,329581
ORD03694,PROJ01942,CUS004274,2024-11-21,Cancelled,Pending,297587
ORD03695,PROJ04898,CUS002761,2025-01-07,Confirmed,Paid,499955
ORD03696,PROJ00308,CUS002975,2025-07-10,Cancelled,Pending,310754
ORD03697,PROJ00749,CUS003600,2024-04-26,Confirmed,paid,426606
ORD03698,PROJ04976,CUS001706,2024-10-01,Shipped,Pending,313259
ORD03699,PROJ04177,CUS004193,2024-10-21,Cancelled,Pending,338203
ORD03700,PROJ01259,CUS002447,2024-12-18,Cancelled,Paid,307437
ORD03701,PROJ02041,CUS002472,2024-12-13,Delivered,Pending,440623
ORD03702,PROJ02783,CUS004393,2024-10-11,Delivered,paid,85360
ORD03703,PROJ01012,CUS004232,2024-10-03,confirmed,Pending,230951
ORD03704,PROJ00948,CUS001922,2025-03-17,Shipped,Pending,411080
ORD03705,PROJ03882,CUS002448,2025-07-19,Cancelled,Partial,164133
ORD03706,PROJ01558,CUS004943,2025-06-15,Confirmed,Pending,235250
ORD03707,PROJ00027,CUS002111,2024-06-02,Cancelled,Pending,427913
ORD03708,PROJ02335,CUS003684,2025-02-18,Shipped,Pending,449196
ORD03709,PROJ00189,CUS002597,2024-12-28,Cancelled,Pending,333974
ORD03710,PROJ01858,CUS002111,2025-02-17,Cancelled,Pending,432680
ORD03711,PROJ03761,CUS001997,2024-04-12,confirmed,Partial,143497
ORD03712,PROJ03743,CUS002352,2025-03-06,Cancelled,Paid,21065
ORD03713,PROJ02093,CUS004129,2025-01-06,Delivered,Pending,189755
ORD03714,PROJ00139,CUS003199,2025-05-26,Delivered,Paid,71171
ORD03715,PROJ04936,CUS001416,2025-02-05,Shipped,Pending,453812
ORD03716,PROJ03043,CUS004367,2025-02-10,Confirmed,Pending,372313
ORD03717,PROJ01780,CUS001619,2025-04-26,Shipped,Pending,464033
ORD03718,PROJ02475,CUS003256,2024-10-11,Confirmed,Partial,149820
ORD03719,PROJ04047,CUS004776,2024-02-22,Shipped,Pending,494192
ORD03720,PROJ00846,CUS003096,2024-09-29,Shipped,Partial,21869
ORD03721,PROJ02190,CUS000161,2025-06-01,Cancelled,Pending,425016
ORD03722,PROJ01895,CUS001773,2024-08-31,Cancelled,Partial,142053
ORD03723,PROJ02964,CUS004980,2024-11-03,confirmed,Pending,178647
ORD03724,PROJ03814,CUS002943,2025-01-26,Cancelled,Pending,80358
ORD03725,PROJ01345,CUS002496,2024-01-12,Cancelled,Paid,40066
ORD03726,PROJ04900,CUS001048,2025-01-10,Cancelled,paid,182216
ORD03727,PROJ01205,CUS001722,2025-07-26,Delivered,Partial,336029
ORD03728,PROJ02646,CUS002325,2024-02-12,confirmed,Paid,17532
ORD03729,PROJ04907,CUS003596,2025-01-05,Delivered,Paid,226679
ORD03730,PROJ02431,CUS000610,2024-07-14,Shipped,Paid,306296
ORD03731,PROJ02176,CUS002387,2024-11-26,Cancelled,paid,234694
ORD03732,PROJ04721,CUS000381,2024-03-27,Cancelled,paid,310819
ORD03733,PROJ01557,CUS002780,2025-02-17,Shipped,Pending,66091
ORD03734,PROJ00379,CUS001645,2025-04-03,Delivered,Paid,190738
ORD03735,PROJ01000,CUS003516,2024-11-06,Cancelled,paid,466087
ORD03736,PROJ00036,CUS004519,2025-04-13,Shipped,paid,112086
ORD03737,PROJ02563,CUS000951,2024-10-26,Confirmed,Paid,131642
ORD03738,PROJ04492,CUS001295,2024-10-04,Confirmed,Pending,401679
ORD03739,PROJ02549,CUS000196,2024-03-29,Cancelled,paid,68787
ORD03740,PROJ00147,CUS002238,2024-07-01,Confirmed,Paid,183546
ORD03741,PROJ00346,CUS002813,2024-05-26,Shipped,paid,69388
ORD03742,PROJ04076,CUS000787,2025-02-08,confirmed,Pending,51953
ORD03743,PROJ00916,CUS001220,2024-12-25,Confirmed,Pending,70129
ORD03744,PROJ01620,CUS002404,2024-06-25,Cancelled,paid,359482
ORD03745,PROJ02167,CUS004457,2025-06-20,Delivered,Partial,81285
ORD03746,PROJ00506,CUS002470,2024-03-24,Cancelled,Paid,50071
ORD03747,PROJ04331,CUS000772,2024-09-28,Confirmed,Partial,445966
ORD03748,PROJ02014,CUS001548,2025-01-15,Confirmed,Partial,417352
ORD03749,PROJ01357,CUS002588,2024-07-25,Delivered,Pending,379514
ORD03750,PROJ03505,CUS004112,2025-05-28,Cancelled,Partial,428854
ORD03751,PROJ00708,CUS002617,2025-06-25,Delivered,Paid,81640
ORD03752,PROJ02908,CUS001390,2024-11-04,Confirmed,Pending,417949
ORD03753,PROJ02478,CUS000230,2025-01-03,Confirmed,Pending,93179
ORD03754,PROJ04609,CUS001770,2024-08-20,confirmed,paid,137185
ORD03755,PROJ00584,CUS004876,2024-08-18,confirmed,Pending,477063
ORD03756,PROJ04237,CUS001221,2024-09-13,Delivered,paid,284836
ORD03757,PROJ04529,CUS002598,2024-10-06,Cancelled,Pending,392331
ORD03758,PROJ02242,CUS001559,2025-09-11,Shipped,Partial,176617
ORD03759,PROJ04068,CUS001114,2025-07-09,confirmed,Paid,403239
ORD03760,PROJ00510,CUS004471,2024-05-25,Cancelled,paid,104118
ORD03761,PROJ03161,CUS003816,2025-01-31,Cancelled,paid,278010
ORD03762,PROJ01303,CUS000151,2025-02-16,Confirmed,Partial,393077
ORD03763,PROJ01419,CUS004166,2025-03-09,Cancelled,Partial,25785
ORD03764,PROJ00011,CUS001719,2025-05-18,Delivered,Pending,116272
ORD03765,PROJ00896,CUS003677,2025-08-16,Shipped,Paid,260674
ORD03766,PROJ01385,CUS004019,2025-06-07,Shipped,Pending,186348
ORD03767,PROJ01772,CUS000781,2025-04-04,Confirmed,Paid,67962
ORD03768,PROJ04288,CUS003766,2025-06-26,Shipped,Pending,307775
ORD03769,PROJ00369,CUS002414,2025-08-28,confirmed,Pending,237009
ORD03770,PROJ04713,CUS000161,2025-03-15,Confirmed,paid,40845
ORD03771,PROJ02242,CUS002185,2024-12-18,Shipped,Partial,291047
ORD03772,PROJ03399,CUS002458,2025-03-09,Confirmed,Pending,29600
ORD03773,PROJ00920,CUS001132,2024-11-22,confirmed,Pending,46816
ORD03774,PROJ03797,CUS001245,2024-03-11,Delivered,paid,5696
ORD03775,PROJ00749,CUS003191,2024-06-18,Confirmed,Partial,46792
ORD03776,PROJ03888,CUS000794,2024-11-02,Shipped,Paid,360950
ORD03777,PROJ02961,CUS000320,2024-07-12,Shipped,paid,492268
ORD03778,PROJ00753,CUS001695,2025-01-02,Shipped,Pending,217080
ORD03779,PROJ01269,CUS000956,2024-11-10,Cancelled,paid,378733
ORD03780,PROJ03211,CUS002843,2024-11-18,Cancelled,paid,115114
ORD03781,PROJ00543,CUS003738,2024-11-21,Cancelled,Paid,31816
ORD03782,PROJ00674,CUS004869,2024-08-30,Delivered,Pending,5533
ORD03783,PROJ02707,CUS001515,2024-11-26,Delivered,Partial,219826
ORD03784,PROJ03532,CUS000858,2025-07-15,confirmed,Pending,488115
ORD03785,PROJ00360,CUS004551,2025-05-30,confirmed,Pending,96474
ORD03786,PROJ04019,CUS002931,2024-06-05,confirmed,Partial,190539
ORD03787,PROJ02468,CUS001564,2025-01-01,Shipped,Pending,350595
ORD03788,PROJ01761,CUS002193,2024-09-30,Cancelled,Partial,168378
ORD03789,PROJ04799,CUS000716,2025-02-06,Shipped,Pending,452562
ORD03790,PROJ01103,CUS002725,2025-08-21,Cancelled,Partial,60383
ORD03791,PROJ04243,CUS004473,2024-05-14,confirmed,Paid,221319
ORD03792,PROJ03507,CUS001116,2025-08-06,Delivered,Paid,117080
ORD03793,PROJ03366,CUS002127,2025-11-07,Delivered,Paid,177778
ORD03794,PROJ00004,CUS000614,2024-11-02,confirmed,paid,32834
ORD03795,PROJ03259,CUS003857,2025-04-06,Shipped,Paid,93782
ORD03796,PROJ00853,CUS003035,2025-06-12,confirmed,Pending,408774
ORD03797,PROJ01007,CUS001187,2024-11-13,Shipped,Paid,183952
ORD03798,PROJ01305,CUS003913,2024-09-06,confirmed,paid,111367
ORD03799,PROJ00004,CUS002646,2024-11-20,Cancelled,paid,158387
ORD03800,PROJ03236,CUS000057,2024-10-31,Cancelled,Pending,241083
ORD03801,PROJ04650,CUS001532,2024-10-16,Shipped,Paid,75940
ORD03802,PROJ03603,CUS000090,2025-03-21,confirmed,Pending,145651
ORD03803,PROJ04273,CUS002644,2024-08-07,Shipped,Pending,95612
ORD03804,PROJ04218,CUS002194,2024-05-04,confirmed,Paid,60887
ORD03805,PROJ04696,CUS001936,2024-11-14,Cancelled,Partial,352596
ORD03806,PROJ00879,CUS000746,2024-05-20,confirmed,Pending,489016
ORD03807,PROJ01450,CUS004980,2024-09-15,Confirmed,Paid,244909
ORD03808,PROJ00056,CUS002915,2025-02-04,Confirmed,paid,499970
ORD03809,PROJ00778,CUS000923,2025-09-12,Cancelled,paid,228872
ORD03810,PROJ04401,CUS000540,2025-09-03,Cancelled,Partial,173360
ORD03811,PROJ00142,CUS001264,2024-11-24,Shipped,Pending,136496
ORD03812,PROJ00393,CUS000121,2025-01-17,confirmed,Partial,406838
ORD03813,PROJ00163,CUS000041,2024-03-11,Shipped,paid,297732
ORD03814,PROJ00672,CUS000019,2024-10-07,confirmed,paid,203845
ORD03815,PROJ02087,CUS002544,2025-03-10,Confirmed,Partial,64351
ORD03816,PROJ00930,CUS004950,2024-03-02,Delivered,paid,291699
ORD03817,PROJ00345,CUS001919,2024-11-24,Confirmed,Pending,406206
ORD03818,PROJ04270,CUS002723,2025-03-10,Cancelled,Paid,37712
ORD03819,PROJ04664,CUS001883,2024-11-13,confirmed,Pending,222384
ORD03820,PROJ04528,CUS002475,2025-06-18,Shipped,Partial,323508
ORD03821,PROJ01092,CUS000884,2025-05-04,Cancelled,paid,303575
ORD03822,PROJ02416,CUS003810,2024-12-06,confirmed,paid,410289
ORD03823,PROJ02007,CUS002925,2025-03-01,Delivered,Paid,265536
ORD03824,PROJ00599,CUS001519,2025-04-08,Shipped,Pending,211308
ORD03825,PROJ01138,CUS001737,2025-05-13,confirmed,Paid,298514
ORD03826,PROJ04292,CUS004944,2024-08-29,confirmed,Pending,216695
ORD03827,PROJ04146,CUS002438,2024-05-02,Delivered,Pending,292789
ORD03828,PROJ03592,CUS001846,2025-01-12,Shipped,paid,482696
ORD03829,PROJ02021,CUS001194,2025-05-01,Confirmed,paid,277637
ORD03830,PROJ01362,CUS003305,2024-08-29,Delivered,Partial,213458
ORD03831,PROJ02833,CUS001859,2024-12-14,confirmed,Pending,51595
ORD03832,PROJ02623,CUS003020,2024-09-19,Cancelled,paid,119089
ORD03833,PROJ00926,CUS000749,2025-11-07,Delivered,Pending,352597
ORD03834,PROJ00016,CUS002616,2025-06-15,Delivered,Pending,489730
ORD03835,PROJ03374,CUS003896,2024-02-14,Cancelled,paid,356990
ORD03836,PROJ01089,CUS002275,2025-01-08,Shipped,Paid,203432
ORD03837,PROJ01033,CUS003740,2025-01-26,confirmed,Paid,162466
ORD03838,PROJ00804,CUS004942,2025-01-29,Delivered,Partial,206545
ORD03839,PROJ04864,CUS004046,2024-10-28,Delivered,Pending,74717
ORD03840,PROJ01248,CUS001479,2024-09-11,Confirmed,Pending,494126
ORD03841,PROJ02567,CUS004019,2024-06-08,Shipped,paid,282478
ORD03842,PROJ02401,CUS000839,2024-10-25,Delivered,Paid,35791
ORD03843,PROJ01980,CUS004794,2024-02-06,Cancelled,Pending,117381
ORD03844,PROJ01126,CUS002144,2024-06-20,Shipped,Paid,42831
ORD03845,PROJ03197,CUS000965,2024-05-15,Confirmed,paid,311061
ORD03846,PROJ02178,CUS000315,2024-08-14,Cancelled,Partial,364968
ORD03847,PROJ02600,CUS000802,2025-04-20,Delivered,Pending,174688
ORD03848,PROJ03900,CUS004075,2024-08-04,Cancelled,paid,378448
ORD03849,PROJ01132,CUS002079,2025-03-15,Confirmed,Pending,280342
ORD03850,PROJ01897,CUS000199,2024-09-26,Confirmed,paid,227416
ORD03851,PROJ04102,CUS000324,2025-02-02,confirmed,paid,352775
ORD03852,PROJ01984,CUS002131,2025-01-25,confirmed,Pending,438065
ORD03853,PROJ01582,CUS000511,2025-04-30,Confirmed,paid,371006
ORD03854,PROJ01417,CUS002369,2025-07-14,Cancelled,Paid,487687
ORD03855,PROJ04671,CUS002564,2025-03-23,Confirmed,Partial,287558
ORD03856,PROJ02309,CUS004320,2025-02-09,Shipped,paid,250589
ORD03857,PROJ02810,CUS000748,2025-01-16,confirmed,Pending,353340
ORD03858,PROJ03488,CUS000272,2025-06-05,Delivered,Partial,488337
ORD03859,PROJ02578,CUS001168,2025-05-02,Shipped,Paid,132764
ORD03860,PROJ02750,CUS004410,2025-03-23,Cancelled,Partial,286527
ORD03861,PROJ03286,CUS003793,2025-09-12,confirmed,Partial,196369
ORD03862,PROJ03778,CUS001562,2024-05-02,confirmed,Pending,481432
ORD03863,PROJ01473,CUS002689,2025-05-18,Confirmed,paid,376477
ORD03864,PROJ00926,CUS004315,2024-12-09,Confirmed,paid,181386
ORD03865,PROJ01288,CUS002507,2024-05-14,confirmed,paid,89726
ORD03866,PROJ02392,CUS001667,2024-12-31,Cancelled,Paid,335962
ORD03867,PROJ03266,CUS002280,2024-11-28,Shipped,Paid,182887
ORD03868,PROJ03691,CUS002028,2024-08-18,Cancelled,Paid,152157
ORD03869,PROJ02629,CUS000998,2024-12-24,confirmed,Pending,205349
ORD03870,PROJ02988,CUS000900,2025-01-08,Shipped,Partial,373444
ORD03871,PROJ03820,CUS003539,2024-03-22,Delivered,Pending,401545
ORD03872,PROJ04286,CUS001214,2024-06-29,Delivered,Partial,415376
ORD03873,PROJ01750,CUS003774,2025-02-06,Shipped,Partial,412379
ORD03874,PROJ00285,CUS001407,2024-05-13,confirmed,Pending,236022
ORD03875,PROJ01050,CUS003463,2025-03-05,Shipped,Partial,242381
ORD03876,PROJ03831,CUS004890,2025-01-10,Cancelled,Partial,499104
ORD03877,PROJ02878,CUS000178,2024-12-26,Shipped,Pending,156051
ORD03878,PROJ01301,CUS000221,2024-06-05,Cancelled,Pending,393210
ORD03879,PROJ03469,CUS003973,2025-01-23,Shipped,paid,494163
ORD03880,PROJ00421,CUS001218,2024-04-07,Confirmed,paid,441508
ORD03881,PROJ03471,CUS001446,2024-07-17,confirmed,Pending,300185
ORD03882,PROJ00629,CUS000731,2024-09-06,Cancelled,paid,243905
ORD03883,PROJ00106,CUS003727,2025-05-11,Cancelled,paid,402161
ORD03884,PROJ00450,CUS003137,2024-02-27,Shipped,Pending,361344
ORD03885,PROJ02041,CUS002473,2025-02-04,Shipped,Partial,23868
ORD03886,PROJ02426,CUS000224,2024-10-02,Shipped,Paid,460180
ORD03887,PROJ04853,CUS004984,2025-11-24,confirmed,Partial,180334
ORD03888,PROJ03812,CUS002217,2024-05-31,Cancelled,paid,274860
ORD03889,PROJ00184,CUS004908,2025-01-28,confirmed,Partial,292480
ORD03890,PROJ01330,CUS001038,2024-04-06,Confirmed,Paid,352724
ORD03891,PROJ04596,CUS001193,2024-12-27,Cancelled,Pending,314924
ORD03892,PROJ01055,CUS004133,2024-10-19,Delivered,Paid,351503
ORD03893,PROJ04809,CUS001206,2025-01-14,confirmed,Pending,413370
ORD03894,PROJ02502,CUS003623,2024-10-15,Delivered,paid,389072
ORD03895,PROJ01865,CUS000322,2025-01-09,Cancelled,Partial,374512
ORD03896,PROJ00054,CUS002808,2025-06-11,confirmed,Paid,231780
ORD03897,PROJ01324,CUS003179,2024-07-28,confirmed,paid,474653
ORD03898,PROJ01681,CUS001878,2024-12-09,Shipped,Partial,438642
ORD03899,PROJ04023,CUS004645,2025-07-09,Cancelled,paid,361337
ORD03900,PROJ01259,CUS000244,2024-10-21,Confirmed,paid,293933
ORD03901,PROJ02949,CUS000291,2024-06-09,Shipped,Paid,416495
ORD03902,PROJ00388,CUS002772,2024-12-27,Confirmed,Paid,248219
ORD03903,PROJ00848,CUS002762,2025-09-22,Delivered,paid,394714
ORD03904,PROJ00630,CUS004389,2025-08-09,Shipped,paid,100968
ORD03905,PROJ02604,CUS003070,2024-08-30,Shipped,Paid,308002
ORD03906,PROJ00053,CUS002597,2024-03-13,Cancelled,paid,270787
ORD03907,PROJ03094,CUS003502,2024-10-12,Confirmed,Paid,97033
ORD03908,PROJ04917,CUS002207,2024-05-17,Delivered,paid,234838
ORD03909,PROJ03011,CUS002404,2025-06-04,confirmed,Partial,172784
ORD03910,PROJ02117,CUS000964,2025-03-28,Confirmed,Paid,311162
ORD03911,PROJ02304,CUS002556,2024-02-18,Cancelled,Pending,72766
ORD03912,PROJ01136,CUS001369,2025-01-15,Delivered,Partial,451895
ORD03913,PROJ02482,CUS000839,2025-12-02,Confirmed,paid,251895
ORD03914,PROJ04744,CUS004767,2024-06-28,Delivered,Paid,256287
ORD03915,PROJ03828,CUS002253,2025-07-27,Confirmed,Partial,431174
ORD03916,PROJ00424,CUS000914,2024-09-23,confirmed,Pending,225010
ORD03917,PROJ03835,CUS004733,2024-12-14,Delivered,paid,266111
ORD03918,PROJ00807,CUS003629,2024-11-03,confirmed,paid,78331
ORD03919,PROJ00597,CUS002955,2024-09-16,Cancelled,paid,420027
ORD03920,PROJ01790,CUS001123,2024-12-23,Cancelled,Partial,132572
ORD03921,PROJ02032,CUS001993,2024-04-07,confirmed,Paid,365960
ORD03922,PROJ00728,CUS001724,2024-10-28,confirmed,Partial,8774
ORD03923,PROJ01677,CUS004084,2025-04-02,Confirmed,Partial,268146
ORD03924,PROJ02175,CUS002047,2025-01-19,Confirmed,Paid,40982
ORD03925,PROJ02936,CUS001241,2024-12-08,Delivered,Pending,362470
ORD03926,PROJ01357,CUS000488,2024-07-10,Shipped,Partial,469011
ORD03927,PROJ04122,CUS002386,2024-06-30,Confirmed,Partial,494847
ORD03928,PROJ04901,CUS004305,2024-08-07,Shipped,paid,220995
ORD03929,PROJ04794,CUS000143,2025-01-12,Confirmed,paid,218053
ORD03930,PROJ03026,CUS002293,2024-12-17,Cancelled,Pending,247973
ORD03931,PROJ02479,CUS004793,2024-10-08,Confirmed,Paid,61807
ORD03932,PROJ03804,CUS002999,2024-05-30,confirmed,Paid,394719
ORD03933,PROJ03803,CUS004997,2025-01-11,Delivered,Paid,217440
ORD03934,PROJ02399,CUS001544,2024-04-13,Confirmed,Pending,412988
ORD03935,PROJ00243,CUS000345,2024-12-17,Delivered,paid,457714
ORD03936,PROJ04260,CUS000090,2024-05-12,Shipped,Paid,495598
ORD03937,PROJ04495,CUS004699,2024-10-29,confirmed,Pending,215842
ORD03938,PROJ00414,CUS002006,2024-03-07,Cancelled,Pending,426438
ORD03939,PROJ02516,CUS003287,2024-09-27,Confirmed,Paid,14801
ORD03940,PROJ03441,CUS000880,2025-02-19,confirmed,paid,214392
ORD03941,PROJ01160,CUS001294,2025-03-02,Confirmed,Partial,479067
ORD03942,PROJ01354,CUS001055,2024-09-04,Cancelled,Paid,277908
ORD03943,PROJ00061,CUS001690,2024-12-17,confirmed,Partial,226724
ORD03944,PROJ02794,CUS003410,2024-12-14,Cancelled,Paid,425390
ORD03945,PROJ04146,CUS000226,2024-12-17,Delivered,Partial,491933
ORD03946,PROJ03477,CUS001946,2024-05-04,confirmed,Paid,164685
ORD03947,PROJ04521,CUS004279,2025-08-25,Delivered,Partial,243322
ORD03948,PROJ03517,CUS003942,2025-07-27,confirmed,paid,117124
ORD03949,PROJ00911,CUS002169,2024-07-21,confirmed,paid,178342
ORD03950,PROJ04872,CUS003545,2024-08-12,confirmed,Partial,169428
ORD03951,PROJ04435,CUS003819,2024-05-29,Confirmed,paid,453347
ORD03952,PROJ04467,CUS002160,2024-06-13,confirmed,Partial,318327
ORD03953,PROJ01142,CUS002602,2025-05-21,Cancelled,Pending,439884
ORD03954,PROJ01629,CUS001597,2025-01-18,Cancelled,Pending,388450
ORD03955,PROJ02078,CUS004127,2024-12-03,Confirmed,paid,215708
ORD03956,PROJ02895,CUS003321,2025-02-27,Confirmed,paid,405497
ORD03957,PROJ00864,CUS001171,2024-11-11,confirmed,Paid,265505
ORD03958,PROJ04229,CUS002299,2025-03-16,Delivered,paid,225265
ORD03959,PROJ01728,CUS003428,2025-01-06,Shipped,Pending,461993
ORD03960,PROJ04925,CUS003702,2024-07-05,confirmed,Paid,132302
ORD03961,PROJ00700,CUS001433,2025-05-15,Shipped,Partial,63780
ORD03962,PROJ04484,CUS004519,2025-04-14,Cancelled,Partial,159262
ORD03963,PROJ02660,CUS001163,2025-06-21,confirmed,paid,254821
ORD03964,PROJ01414,CUS000529,2024-12-18,confirmed,Pending,160931
ORD03965,PROJ03370,CUS004399,2025-01-19,Delivered,Partial,122379
ORD03966,PROJ03201,CUS003100,2025-06-22,Cancelled,Partial,320163
ORD03967,PROJ01882,CUS003613,2024-08-24,Delivered,paid,186643
ORD03968,PROJ04240,CUS001470,2025-05-16,confirmed,paid,185553
ORD03969,PROJ03198,CUS001772,2025-04-28,Cancelled,Partial,42699
ORD03970,PROJ00770,CUS004192,2025-06-17,confirmed,paid,389882
ORD03971,PROJ04285,CUS001762,2025-02-27,Confirmed,Paid,70346
ORD03972,PROJ02634,CUS002654,2024-11-28,Confirmed,Partial,192391
ORD03973,PROJ01165,CUS003121,2024-05-22,Cancelled,Pending,213371
ORD03974,PROJ04859,CUS004674,2024-12-31,Cancelled,Pending,53648
ORD03975,PROJ00724,CUS001631,2025-08-06,Delivered,Paid,156983
ORD03976,PROJ02423,CUS003304,2025-03-29,Confirmed,Pending,355046
ORD03977,PROJ02049,CUS001093,2025-07-27,Confirmed,Partial,27532
ORD03978,PROJ00292,CUS002946,2024-01-15,Shipped,paid,90781
ORD03979,PROJ01244,CUS001029,2025-06-05,Cancelled,Pending,76530
ORD03980,PROJ00588,CUS001366,2025-06-07,Delivered,Partial,386164
ORD03981,PROJ01529,CUS004809,2025-07-27,Shipped,Partial,42813
ORD03982,PROJ04012,CUS000385,2024-07-06,Cancelled,paid,309060
ORD03983,PROJ03931,CUS001067,2025-01-14,confirmed,Paid,271938
ORD03984,PROJ04244,CUS000438,2025-01-31,confirmed,Paid,185823
ORD03985,PROJ04442,CUS003474,2024-05-24,Shipped,Partial,25812
ORD03986,PROJ03205,CUS001068,2025-08-12,Confirmed,Paid,233829
ORD03987,PROJ04807,CUS002848,2024-08-15,Cancelled,Partial,495172
ORD03988,PROJ00300,CUS003688,2024-03-26,confirmed,paid,305990
ORD03989,PROJ01973,CUS000173,2024-06-30,Delivered,Pending,84241
ORD03990,PROJ02660,CUS003503,2025-06-19,Cancelled,Pending,82889
ORD03991,PROJ04633,CUS003399,2024-12-26,confirmed,paid,150344
ORD03992,PROJ00082,CUS002527,2025-02-08,Confirmed,Partial,96916
ORD03993,PROJ00675,CUS003793,2024-10-06,Cancelled,Paid,42089
ORD03994,PROJ04214,CUS001486,2024-12-31,confirmed,Pending,326687
ORD03995,PROJ03461,CUS000947,2025-01-11,confirmed,paid,383197
ORD03996,PROJ03031,CUS000164,2024-10-21,Shipped,Paid,223572
ORD03997,PROJ02781,CUS002190,2024-11-29,confirmed,Partial,356840
ORD03998,PROJ00984,CUS000312,2024-01-22,Delivered,Partial,229338
ORD03999,PROJ01809,CUS000389,2025-03-17,Confirmed,Pending,36453
ORD04000,PROJ03877,CUS003558,2024-10-22,Shipped,Pending,299506
ORD04001,PROJ03598,CUS003076,2025-03-02,Cancelled,Pending,321296
ORD04002,PROJ02957,CUS000994,2024-07-26,Cancelled,Partial,344272
ORD04003,PROJ00179,CUS001765,2025-01-13,Cancelled,Paid,469859
ORD04004,PROJ02559,CUS001821,2024-12-01,Delivered,Partial,30701
ORD04005,PROJ01800,CUS000104,2024-10-13,Cancelled,Paid,388317
ORD04006,PROJ03769,CUS000024,2025-01-03,Delivered,Pending,407949
ORD04007,PROJ04811,CUS003121,2024-10-18,Confirmed,paid,326706
ORD04008,PROJ02394,CUS000525,2024-10-12,Confirmed,Paid,256817
ORD04009,PROJ00134,CUS001126,2024-05-29,Shipped,paid,30081
ORD04010,PROJ03561,CUS000650,2025-06-18,Confirmed,paid,196638
ORD04011,PROJ01331,CUS004023,2025-04-28,Shipped,paid,431027
ORD04012,PROJ03717,CUS002649,2025-01-19,confirmed,Partial,379941
ORD04013,PROJ00979,CUS002985,2025-05-05,Confirmed,Partial,77815
ORD04014,PROJ02918,CUS002927,2024-11-17,Confirmed,Pending,20651
ORD04015,PROJ01473,CUS002233,2025-05-09,Shipped,paid,147364
ORD04016,PROJ02006,CUS003118,2024-12-20,Shipped,Paid,183080
ORD04017,PROJ00532,CUS000957,2025-05-01,Confirmed,Paid,89630
ORD04018,PROJ03281,CUS001645,2024-09-18,confirmed,Pending,184344
ORD04019,PROJ03766,CUS004474,2025-03-02,Shipped,Paid,396185
ORD04020,PROJ04323,CUS004886,2025-04-23,Delivered,Partial,265751
ORD04021,PROJ03385,CUS001287,2025-06-08,confirmed,Paid,77837
ORD04022,PROJ03404,CUS003095,2024-10-04,confirmed,Pending,250741
ORD04023,PROJ04164,CUS003271,2025-05-12,Cancelled,Partial,282782
ORD04024,PROJ04875,CUS004154,2025-06-11,Shipped,Paid,414934
ORD04025,PROJ01634,CUS002788,2025-02-26,Cancelled,paid,316015
ORD04026,PROJ03831,CUS003499,2024-10-28,Shipped,paid,106769
ORD04027,PROJ01868,CUS000474,2024-07-05,Cancelled,Paid,76663
ORD04028,PROJ01346,CUS001538,2025-06-28,confirmed,Paid,221684
ORD04029,PROJ04230,CUS000405,2024-12-01,Shipped,paid,71226
ORD04030,PROJ03984,CUS003915,2025-10-02,Confirmed,Paid,13622
ORD04031,PROJ02583,CUS001840,2025-01-31,Cancelled,Pending,355618
ORD04032,PROJ03178,CUS000816,2025-03-05,Delivered,paid,146611
ORD04033,PROJ00415,CUS003060,2025-01-26,Cancelled,Partial,186551
ORD04034,PROJ01659,CUS004087,2024-04-26,Shipped,paid,78333
ORD04035,PROJ04831,CUS003136,2025-02-14,Cancelled,Paid,205911
ORD04036,PROJ00419,CUS000510,2024-07-01,Delivered,Pending,499182
ORD04037,PROJ01135,CUS003171,2025-05-25,Shipped,Pending,57939
ORD04038,PROJ01447,CUS000333,2025-06-21,Cancelled,Pending,129432
ORD04039,PROJ04012,CUS003378,2024-12-27,Shipped,Partial,434191
ORD04040,PROJ01017,CUS004945,2024-11-13,confirmed,Paid,17114
ORD04041,PROJ02623,CUS002050,2025-04-23,confirmed,Paid,341266
ORD04042,PROJ00487,CUS000411,2024-04-01,Cancelled,paid,66624
ORD04043,PROJ00192,CUS004831,2024-10-09,confirmed,Paid,478235
ORD04044,PROJ00584,CUS003161,2024-10-08,confirmed,paid,212596
ORD04045,PROJ01320,CUS003129,2024-02-16,Confirmed,paid,434997
ORD04046,PROJ03179,CUS000479,2025-01-21,Shipped,Pending,470865
ORD04047,PROJ01819,CUS003771,2025-08-09,confirmed,Partial,379678
ORD04048,PROJ00305,CUS002896,2024-08-16,Delivered,Paid,229270
ORD04049,PROJ00331,CUS004717,2025-01-24,Confirmed,Paid,497983
ORD04050,PROJ03277,CUS000865,2025-12-28,Shipped,Paid,114519
ORD04051,PROJ03947,CUS003110,2025-03-13,Cancelled,Pending,480932
ORD04052,PROJ03624,CUS004073,2025-03-21,Confirmed,Partial,307546
ORD04053,PROJ01996,CUS001897,2024-10-04,Cancelled,Pending,450123
ORD04054,PROJ01396,CUS004815,2024-08-08,Confirmed,Partial,205352
ORD04055,PROJ03090,CUS000744,2024-03-17,Delivered,Pending,488752
ORD04056,PROJ03095,CUS001477,2024-06-26,Shipped,Paid,420258
ORD04057,PROJ01181,CUS001735,2025-01-01,Shipped,Partial,492640
ORD04058,PROJ03180,CUS002535,2024-01-19,Confirmed,Partial,421024
ORD04059,PROJ03807,CUS001294,2024-11-27,Cancelled,paid,497094
ORD04060,PROJ02490,CUS004027,2024-10-07,Shipped,Pending,329497
ORD04061,PROJ02049,CUS000406,2025-10-02,Delivered,paid,234359
ORD04062,PROJ00752,CUS003798,2025-05-25,Confirmed,Paid,334313
ORD04063,PROJ01744,CUS004167,2024-02-09,Cancelled,paid,398636
ORD04064,PROJ04028,CUS004716,2025-08-16,Delivered,Partial,96534
ORD04065,PROJ02330,CUS002278,2025-05-19,Confirmed,Paid,204450
ORD04066,PROJ00081,CUS002507,2024-04-29,Confirmed,paid,303978
ORD04067,PROJ04929,CUS002779,2025-02-02,Delivered,paid,19821
ORD04068,PROJ04041,CUS002311,2025-05-01,Shipped,Pending,140682
ORD04069,PROJ01993,CUS004315,2024-08-19,Cancelled,paid,497219
ORD04070,PROJ01076,CUS002491,2024-10-08,Confirmed,Paid,377582
ORD04071,PROJ04336,CUS000136,2025-11-16,confirmed,paid,423818
ORD04072,PROJ01491,CUS002520,2025-07-19,Confirmed,paid,426835
ORD04073,PROJ00160,CUS002224,2024-03-31,Confirmed,Pending,141104
ORD04074,PROJ00881,CUS003577,2025-05-03,Delivered,Paid,272518
ORD04075,PROJ00704,CUS004459,2024-05-22,Cancelled,Paid,468187
ORD04076,PROJ03709,CUS002412,2025-06-03,Confirmed,paid,71353
ORD04077,PROJ03294,CUS004480,2024-05-17,Shipped,paid,148628
ORD04078,PROJ00281,CUS003061,2024-04-25,Cancelled,paid,283458
ORD04079,PROJ01782,CUS002013,2025-01-16,Confirmed,Paid,132807
ORD04080,PROJ01096,CUS003883,2025-02-27,Cancelled,Pending,382155
ORD04081,PROJ04354,CUS002913,2024-11-01,Cancelled,Pending,124100
ORD04082,PROJ03630,CUS003595,2025-01-08,Delivered,Paid,318161
ORD04083,PROJ01914,CUS003393,2025-04-30,Confirmed,Pending,420251
ORD04084,PROJ04474,CUS001968,2025-03-26,Cancelled,paid,151937
ORD04085,PROJ01707,CUS004116,2025-03-31,Confirmed,Pending,256488
ORD04086,PROJ02319,CUS000759,2024-11-19,Shipped,paid,177845
ORD04087,PROJ04489,CUS000842,2024-10-18,Confirmed,Partial,389217
ORD04088,PROJ04009,CUS002494,2024-11-17,Delivered,Paid,446052
ORD04089,PROJ03781,CUS001939,2024-12-04,confirmed,paid,247847
ORD04090,PROJ01262,CUS002478,2024-11-10,Shipped,Partial,490301
ORD04091,PROJ03144,CUS001324,2024-07-15,Delivered,Pending,142809
ORD04092,PROJ02292,CUS004517,2024-12-27,confirmed,Paid,95718
ORD04093,PROJ00280,CUS000827,2024-09-09,confirmed,Pending,98617
ORD04094,PROJ01868,CUS001410,2024-08-08,confirmed,paid,223540
ORD04095,PROJ00344,CUS004249,2025-06-05,Cancelled,paid,403455
ORD04096,PROJ03119,CUS004156,2024-07-03,Delivered,Partial,86018
ORD04097,PROJ04174,CUS003642,2024-06-03,Delivered,Paid,249138
ORD04098,PROJ02708,CUS003196,2024-10-09,Cancelled,Partial,382542
ORD04099,PROJ03184,CUS002806,2025-02-13,Cancelled,Paid,41930
ORD04100,PROJ01937,CUS000439,2024-06-03,confirmed,Paid,426471
ORD04101,PROJ00205,CUS000596,2024-12-22,Confirmed,Partial,250429
ORD04102,PROJ00655,CUS004578,2025-06-13,Shipped,Paid,470398
ORD04103,PROJ00150,CUS000095,2024-01-20,Shipped,Partial,154863
ORD04104,PROJ02169,CUS000746,2025-03-23,Shipped,Pending,15336
ORD04105,PROJ02855,CUS002289,2024-06-12,Confirmed,Partial,75206
ORD04106,PROJ00371,CUS003787,2024-11-20,Confirmed,Paid,413371
ORD04107,PROJ01037,CUS000872,2025-02-10,Confirmed,Partial,36605
ORD04108,PROJ02443,CUS002167,2024-09-29,confirmed,Partial,16805
ORD04109,PROJ00911,CUS003961,2024-08-03,Shipped,Partial,336096
ORD04110,PROJ04067,CUS000872,2024-08-21,confirmed,paid,44694
ORD04111,PROJ00979,CUS004055,2025-06-26,Delivered,Partial,253673
ORD04112,PROJ02016,CUS004717,2025-01-17,Shipped,paid,477630
ORD04113,PROJ01984,CUS003719,2024-12-10,Shipped,Pending,105870
ORD04114,PROJ01135,CUS000780,2025-01-04,Shipped,paid,145644
ORD04115,PROJ00630,CUS004207,2025-11-05,Confirmed,paid,243154
ORD04116,PROJ01187,CUS001448,2024-09-30,confirmed,Pending,85047
ORD04117,PROJ01502,CUS004557,2025-04-01,Confirmed,Paid,246355
ORD04118,PROJ02916,CUS001719,2024-03-20,Delivered,Pending,81543
ORD04119,PROJ00202,CUS004212,2025-01-10,Confirmed,Partial,273522
ORD04120,PROJ00574,CUS003409,2025-01-04,Confirmed,Partial,199309
ORD04121,PROJ02457,CUS003634,2024-09-30,Cancelled,paid,122967
ORD04122,PROJ00329,CUS001465,2024-08-24,Confirmed,Paid,104779
ORD04123,PROJ04856,CUS001126,2025-07-14,Cancelled,Pending,296559
ORD04124,PROJ01402,CUS003088,2025-05-27,Delivered,Paid,417150
ORD04125,PROJ00631,CUS003320,2024-12-15,confirmed,Pending,428306
ORD04126,PROJ00532,CUS004836,2025-03-18,Delivered,paid,366419
ORD04127,PROJ04150,CUS000129,2024-12-02,Shipped,paid,254643
ORD04128,PROJ04725,CUS002507,2025-05-13,Shipped,paid,198906
ORD04129,PROJ02961,CUS000246,2024-06-19,Confirmed,paid,410906
ORD04130,PROJ00010,CUS004275,2025-03-01,Confirmed,Partial,196737
ORD04131,PROJ04053,CUS003636,2024-12-25,confirmed,paid,252356
ORD04132,PROJ03801,CUS001536,2025-04-21,confirmed,Paid,439898
ORD04133,PROJ00299,CUS000132,2025-02-24,Shipped,Paid,249649
ORD04134,PROJ02648,CUS000476,2025-02-27,Delivered,Pending,373598
ORD04135,PROJ03122,CUS000777,2025-04-18,confirmed,Paid,408862
ORD04136,PROJ04049,CUS001310,2024-09-15,Cancelled,Pending,471853
ORD04137,PROJ03135,CUS004814,2024-05-10,Delivered,Partial,250715
ORD04138,PROJ02442,CUS003629,2024-10-19,Shipped,paid,356818
ORD04139,PROJ02384,CUS003777,2024-08-29,confirmed,Partial,396062
ORD04140,PROJ01073,CUS001517,2024-10-06,Confirmed,Partial,277218
ORD04141,PROJ03609,CUS001178,2024-07-17,confirmed,Paid,173273
ORD04142,PROJ01799,CUS001253,2025-03-11,Confirmed,Paid,497011
ORD04143,PROJ02478,CUS002398,2025-01-18,Delivered,Paid,409516
ORD04144,PROJ00422,CUS003105,2024-08-18,Confirmed,paid,75745
ORD04145,PROJ01578,CUS004041,2025-08-03,confirmed,Partial,278327
ORD04146,PROJ01949,CUS000380,2024-09-27,Delivered,paid,246244
ORD04147,PROJ04500,CUS001981,2025-01-04,Confirmed,Partial,174604
ORD04148,PROJ04152,CUS002300,2025-01-08,Cancelled,Partial,166277
ORD04149,PROJ03578,CUS004217,2025-02-22,Delivered,Pending,435577
ORD04150,PROJ04735,CUS001589,2025-08-09,Cancelled,Partial,145333
ORD04151,PROJ00589,CUS003451,2024-12-05,Cancelled,paid,62294
ORD04152,PROJ03844,CUS001380,2024-10-13,Shipped,Partial,290879
ORD04153,PROJ03528,CUS000543,2024-12-19,confirmed,Paid,306882
ORD04154,PROJ01814,CUS001020,2025-03-25,Cancelled,Paid,238192
ORD04155,PROJ02408,CUS002031,2025-04-04,confirmed,Pending,247512
ORD04156,PROJ01858,CUS004848,2025-03-04,confirmed,Paid,118525
ORD04157,PROJ01763,CUS000090,2025-11-22,Delivered,Paid,238470
ORD04158,PROJ01428,CUS001770,2024-06-01,confirmed,Partial,493453
ORD04159,PROJ00874,CUS003925,2025-04-20,Cancelled,Partial,368218
ORD04160,PROJ04093,CUS001161,2024-09-23,Confirmed,Pending,351267
ORD04161,PROJ01460,CUS004629,2025-01-11,Cancelled,paid,24790
ORD04162,PROJ04855,CUS000451,2025-05-05,Shipped,Partial,422104
ORD04163,PROJ01450,CUS004444,2024-09-17,confirmed,paid,191555
ORD04164,PROJ02018,CUS001935,2024-01-30,Confirmed,paid,476052
ORD04165,PROJ02740,CUS003188,2024-10-18,Cancelled,Pending,323602
ORD04166,PROJ02602,CUS004528,2025-02-18,confirmed,paid,57808
ORD04167,PROJ01766,CUS003241,2025-01-07,Shipped,paid,62136
ORD04168,PROJ03653,CUS000506,2024-06-21,Confirmed,Paid,278875
ORD04169,PROJ01550,CUS000559,2025-03-24,Delivered,Partial,449629
ORD04170,PROJ02714,CUS001707,2024-10-28,Cancelled,paid,79703
ORD04171,PROJ00477,CUS001163,2025-04-23,confirmed,Paid,22875
ORD04172,PROJ03456,CUS001035,2025-02-23,Confirmed,Paid,499858
ORD04173,PROJ03169,CUS002800,2025-06-21,Cancelled,Pending,418195
ORD04174,PROJ04387,CUS001731,2024-07-18,Delivered,Partial,337006
ORD04175,PROJ00790,CUS004651,2025-01-16,Delivered,paid,477769
ORD04176,PROJ01219,CUS001419,2024-10-10,Delivered,Paid,471826
ORD04177,PROJ04452,CUS004735,2024-09-03,Confirmed,Pending,151508
ORD04178,PROJ04757,CUS003704,2024-12-08,Delivered,Pending,494217
ORD04179,PROJ04114,CUS000703,2024-07-29,confirmed,paid,79580
ORD04180,PROJ04465,CUS001202,2025-01-29,Delivered,Pending,21899
ORD04181,PROJ01259,CUS001578,2024-09-01,confirmed,Paid,339133
ORD04182,PROJ02072,CUS002306,2024-09-03,Confirmed,Pending,47705
ORD04183,PROJ02103,CUS004024,2025-02-05,Cancelled,Pending,42494
ORD04184,PROJ02960,CUS000298,2024-12-15,Shipped,Paid,454565
ORD04185,PROJ01011,CUS000139,2024-04-12,Shipped,Paid,34215
ORD04186,PROJ01490,CUS000792,2025-08-11,Delivered,Paid,115198
ORD04187,PROJ04121,CUS001537,2024-10-09,Cancelled,Partial,457620
ORD04188,PROJ01303,CUS002668,2025-02-22,Cancelled,paid,261008
ORD04189,PROJ00506,CUS004836,2024-06-14,Delivered,Pending,40617
ORD04190,PROJ03948,CUS000460,2024-08-14,Delivered,paid,435941
ORD04191,PROJ00946,CUS000896,2024-09-27,Confirmed,Partial,18752
ORD04192,PROJ02187,CUS003874,2024-09-23,Shipped,Partial,468559
ORD04193,PROJ02056,CUS004004,2024-07-03,Shipped,paid,206784
ORD04194,PROJ00624,CUS002457,2025-05-28,Shipped,Partial,117754
ORD04195,PROJ03032,CUS000450,2025-04-02,Shipped,paid,212213
ORD04196,PROJ02525,CUS003301,2024-12-26,confirmed,Pending,366619
ORD04197,PROJ04217,CUS003379,2024-10-27,Shipped,paid,65671
ORD04198,PROJ03826,CUS000952,2025-08-30,Cancelled,paid,380377
ORD04199,PROJ00714,CUS002154,2024-08-26,confirmed,Pending,166590
ORD04200,PROJ02339,CUS004472,2024-10-26,Confirmed,Paid,15194
ORD04201,PROJ04148,CUS003730,2024-07-14,confirmed,paid,190243
ORD04202,PROJ04689,CUS004638,2024-07-11,Confirmed,Paid,226021
ORD04203,PROJ01398,CUS004818,2024-05-12,Confirmed,Pending,415384
ORD04204,PROJ04618,CUS003441,2024-02-02,confirmed,Paid,131815
ORD04205,PROJ00172,CUS000206,2025-02-05,confirmed,Pending,318850
ORD04206,PROJ02003,CUS004216,2024-10-10,Confirmed,Partial,297324
ORD04207,PROJ02718,CUS000499,2024-12-13,Cancelled,Partial,422961
ORD04208,PROJ04375,CUS004433,2024-12-20,Shipped,Partial,282506
ORD04209,PROJ04968,CUS001918,2025-08-05,Cancelled,Pending,367063
ORD04210,PROJ01223,CUS003486,2024-10-01,Shipped,Partial,493736
ORD04211,PROJ02229,CUS002172,2024-12-19,Confirmed,Pending,190226
ORD04212,PROJ03706,CUS003560,2024-07-20,Confirmed,paid,162140
ORD04213,PROJ01233,CUS004907,2025-06-11,Delivered,Partial,316889
ORD04214,PROJ03216,CUS000511,2025-07-03,Delivered,Partial,115548
ORD04215,PROJ03957,CUS000071,2025-12-14,Cancelled,Partial,457992
ORD04216,PROJ03468,CUS003881,2024-03-09,Confirmed,Partial,280808
ORD04217,PROJ02108,CUS002461,2024-09-08,Confirmed,Pending,294166
ORD04218,PROJ04179,CUS001980,2024-05-23,Delivered,Partial,172317
ORD04219,PROJ01058,CUS001506,2024-09-11,confirmed,paid,135373
ORD04220,PROJ03925,CUS003109,2024-09-09,Cancelled,Pending,100354
ORD04221,PROJ02309,CUS002234,2024-12-20,Cancelled,paid,27889
ORD04222,PROJ04391,CUS003208,2024-03-13,Shipped,Partial,62708
ORD04223,PROJ01622,CUS001821,2024-07-09,Cancelled,Pending,236477
ORD04224,PROJ03793,CUS004890,2025-05-13,Confirmed,Paid,269732
ORD04225,PROJ03114,CUS004230,2024-11-24,confirmed,Pending,419018
ORD04226,PROJ00661,CUS003568,2024-10-08,confirmed,Partial,272976
ORD04227,PROJ04088,CUS002133,2024-11-16,Confirmed,Partial,404056
ORD04228,PROJ01206,CUS003820,2024-07-18,confirmed,Pending,449108
ORD04229,PROJ04728,CUS001532,2024-12-31,Delivered,Partial,39003
ORD04230,PROJ04554,CUS000640,2024-10-22,Cancelled,Paid,54025
ORD04231,PROJ01448,CUS001340,2025-07-21,Confirmed,paid,307182
ORD04232,PROJ00073,CUS004076,2024-10-24,Confirmed,Partial,387201
ORD04233,PROJ02830,CUS001585,2024-04-28,Delivered,Pending,453531
ORD04234,PROJ00146,CUS000089,2025-06-11,Cancelled,Pending,484788
ORD04235,PROJ00757,CUS003153,2025-02-17,Cancelled,Partial,268458
ORD04236,PROJ00037,CUS002348,2024-12-16,Cancelled,Partial,250876
ORD04237,PROJ01189,CUS004687,2025-02-04,Cancelled,Partial,155506
ORD04238,PROJ03803,CUS004393,2024-12-12,Confirmed,Partial,432516
ORD04239,PROJ01645,CUS002410,2025-08-30,Shipped,Pending,224476
ORD04240,PROJ01864,CUS003850,2024-08-24,Delivered,Paid,479185
ORD04241,PROJ04204,CUS004221,2024-06-02,Cancelled,Paid,79803
ORD04242,PROJ02979,CUS000456,2024-11-01,Confirmed,Paid,481332
ORD04243,PROJ02039,CUS001431,2025-04-02,Shipped,Paid,243146
ORD04244,PROJ02263,CUS004584,2024-05-16,Cancelled,Pending,435487
ORD04245,PROJ00355,CUS001113,2024-04-18,Confirmed,paid,438013
ORD04246,PROJ00376,CUS001489,2025-08-29,Shipped,Partial,65762
ORD04247,PROJ00715,CUS002289,2025-01-04,Cancelled,Partial,38220
ORD04248,PROJ03149,CUS003200,2024-05-11,Delivered,Partial,217348
ORD04249,PROJ03436,CUS005000,2025-01-10,Delivered,Pending,123511
ORD04250,PROJ00556,CUS002571,2025-04-28,Confirmed,paid,473463
ORD04251,PROJ04388,CUS004650,2025-03-06,Delivered,Partial,26757
ORD04252,PROJ02059,CUS000682,2024-04-12,Delivered,Paid,100632
ORD04253,PROJ02709,CUS000541,2024-05-08,Delivered,Paid,94543
ORD04254,PROJ02315,CUS004151,2024-04-18,confirmed,Paid,468871
ORD04255,PROJ03967,CUS002184,2025-01-22,Delivered,paid,96949
ORD04256,PROJ01625,CUS004871,2024-07-14,Confirmed,Partial,341455
ORD04257,PROJ00535,CUS003033,2025-09-22,confirmed,Partial,83155
ORD04258,PROJ02851,CUS002795,2025-04-03,Cancelled,Paid,106954
ORD04259,PROJ02799,CUS002659,2024-12-01,Shipped,paid,252989
ORD04260,PROJ00035,CUS000125,2024-12-07,confirmed,paid,306305
ORD04261,PROJ00314,CUS004066,2025-01-27,Shipped,paid,399840
ORD04262,PROJ00636,CUS001138,2025-04-19,Shipped,Paid,229724
ORD04263,PROJ03952,CUS000398,2024-02-15,Shipped,paid,152471
ORD04264,PROJ02973,CUS001504,2025-02-12,Confirmed,Pending,340070
ORD04265,PROJ04708,CUS004579,2024-12-05,Shipped,paid,333595
ORD04266,PROJ00742,CUS002043,2025-02-16,Shipped,Paid,416633
ORD04267,PROJ02177,CUS002553,2025-02-19,confirmed,Pending,480704
ORD04268,PROJ03340,CUS002444,2024-04-25,confirmed,Pending,325815
ORD04269,PROJ04489,CUS002924,2024-12-14,Shipped,paid,268842
ORD04270,PROJ02297,CUS000259,2025-08-11,confirmed,Pending,52420
ORD04271,PROJ04029,CUS002272,2024-12-09,confirmed,paid,127319
ORD04272,PROJ02084,CUS000090,2025-07-23,Confirmed,paid,67409
ORD04273,PROJ01491,CUS001362,2025-05-04,Shipped,paid,117068
ORD04274,PROJ02629,CUS003198,2025-03-26,Confirmed,Pending,336695
ORD04275,PROJ03294,CUS000454,2025-01-24,Cancelled,Paid,90344
ORD04276,PROJ02853,CUS000546,2025-07-18,Shipped,paid,158400
ORD04277,PROJ03324,CUS001456,2024-11-04,Confirmed,Paid,385519
ORD04278,PROJ00773,CUS004258,2024-07-01,Confirmed,paid,13419
ORD04279,PROJ01568,CUS002592,2024-12-31,Shipped,Partial,474232
ORD04280,PROJ02193,CUS000092,2024-08-14,Shipped,paid,456160
ORD04281,PROJ01282,CUS001222,2024-09-11,confirmed,Partial,307066
ORD04282,PROJ00919,CUS003484,2024-07-18,Confirmed,Partial,219881
ORD04283,PROJ01053,CUS002957,2024-11-18,confirmed,Pending,104502
ORD04284,PROJ04300,CUS004793,2025-01-27,confirmed,Partial,130902
ORD04285,PROJ04625,CUS000419,2025-01-15,Cancelled,Pending,208033
ORD04286,PROJ04830,CUS004781,2024-08-29,Confirmed,Pending,164683
ORD04287,PROJ03786,CUS003416,2024-10-09,Shipped,Paid,252447
ORD04288,PROJ04197,CUS003867,2024-07-10,Shipped,paid,225463
ORD04289,PROJ04616,CUS004774,2025-06-11,Cancelled,Paid,410754
ORD04290,PROJ01089,CUS001417,2024-11-12,Cancelled,Partial,42205
ORD04291,PROJ03725,CUS003556,2025-02-03,Delivered,Pending,491479
ORD04292,PROJ00952,CUS002684,2024-05-31,Confirmed,Partial,370102
ORD04293,PROJ03786,CUS002237,2025-04-04,Shipped,Paid,213760
ORD04294,PROJ00507,CUS002716,2024-10-18,Confirmed,paid,120324
ORD04295,PROJ04435,CUS003400,2024-09-18,Cancelled,Paid,414631
ORD04296,PROJ04664,CUS002830,2025-05-06,Confirmed,paid,299590
ORD04297,PROJ04270,CUS001820,2024-09-17,Cancelled,Partial,234533
ORD04298,PROJ00931,CUS002737,2025-07-20,Cancelled,paid,210873
ORD04299,PROJ03865,CUS002963,2024-12-31,Shipped,Pending,127017
ORD04300,PROJ00187,CUS002500,2024-09-21,Confirmed,Paid,307748
ORD04301,PROJ04196,CUS004841,2024-10-11,Delivered,Pending,99047
ORD04302,PROJ01580,CUS003658,2025-10-05,confirmed,Paid,22755
ORD04303,PROJ00909,CUS004842,2024-12-16,Delivered,Partial,485805
ORD04304,PROJ00418,CUS001249,2024-11-30,Shipped,Pending,66399
ORD04305,PROJ03560,CUS003116,2024-11-05,Delivered,Partial,214287
ORD04306,PROJ02732,CUS000206,2025-08-10,Delivered,Paid,478089
ORD04307,PROJ02019,CUS000260,2025-01-15,Delivered,Paid,384367
ORD04308,PROJ02690,CUS004988,2024-01-17,Shipped,Partial,294365
ORD04309,PROJ00680,CUS004722,2024-08-31,Confirmed,Paid,140422
ORD04310,PROJ01401,CUS001034,2025-04-27,Cancelled,Partial,119410
ORD04311,PROJ01632,CUS000617,2025-04-14,confirmed,paid,408947
ORD04312,PROJ01414,CUS004121,2024-12-09,confirmed,Partial,8829
ORD04313,PROJ02329,CUS001934,2024-12-30,confirmed,Paid,411373
ORD04314,PROJ00629,CUS004468,2024-08-17,confirmed,Partial,202298
ORD04315,PROJ02013,CUS001358,2024-03-10,Shipped,Partial,425594
ORD04316,PROJ01031,CUS001561,2025-03-11,Shipped,Paid,215713
ORD04317,PROJ02499,CUS004399,2025-05-01,confirmed,Paid,69513
ORD04318,PROJ01132,CUS004396,2025-02-01,confirmed,Partial,352711
ORD04319,PROJ04631,CUS000645,2025-01-21,Confirmed,Pending,126477
ORD04320,PROJ00814,CUS004517,2025-02-25,Delivered,Partial,299133
ORD04321,PROJ03838,CUS000062,2024-10-14,Shipped,paid,187136
ORD04322,PROJ01837,CUS000869,2025-06-30,Delivered,Pending,11951
ORD04323,PROJ01194,CUS003245,2025-01-06,Delivered,Partial,173412
ORD04324,PROJ00848,CUS002285,2025-06-12,Shipped,paid,111459
ORD04325,PROJ00070,CUS002456,2024-11-05,confirmed,paid,189883
ORD04326,PROJ00616,CUS004839,2024-10-23,Cancelled,Pending,302606
ORD04327,PROJ01373,CUS000619,2024-08-22,Confirmed,Paid,428436
ORD04328,PROJ03545,CUS003665,2024-03-09,Shipped,Paid,117459
ORD04329,PROJ02918,CUS001091,2024-07-20,Delivered,paid,14868
ORD04330,PROJ03239,CUS001980,2025-01-25,Shipped,Paid,324474
ORD04331,PROJ03586,CUS004946,2024-03-01,confirmed,Partial,161923
ORD04332,PROJ04302,CUS001447,2024-12-11,Shipped,Pending,443409
ORD04333,PROJ01413,CUS004711,2024-11-01,Shipped,Pending,482337
ORD04334,PROJ02483,CUS000549,2024-03-04,Delivered,Pending,405815
ORD04335,PROJ01937,CUS001301,2024-04-13,confirmed,Paid,470492
ORD04336,PROJ03211,CUS003288,2025-06-02,confirmed,Partial,19371
ORD04337,PROJ03974,CUS002688,2024-10-13,Delivered,paid,130783
ORD04338,PROJ01463,CUS002609,2025-10-17,Shipped,paid,324396
ORD04339,PROJ00967,CUS000461,2024-09-17,confirmed,Partial,382206
ORD04340,PROJ02708,CUS001162,2025-03-19,Delivered,Pending,238333
ORD04341,PROJ00113,CUS001961,2025-02-24,confirmed,Pending,200383
ORD04342,PROJ04430,CUS001639,2025-06-05,Cancelled,Paid,26052
ORD04343,PROJ00683,CUS000814,2024-07-06,Confirmed,paid,430099
ORD04344,PROJ01703,CUS001358,2025-03-02,confirmed,Paid,262711
ORD04345,PROJ01213,CUS000684,2024-11-02,Delivered,Paid,12273
ORD04346,PROJ02033,CUS001896,2024-08-29,Cancelled,Partial,254133
ORD04347,PROJ04263,CUS001139,2024-04-07,confirmed,Paid,159731
ORD04348,PROJ02417,CUS004318,2024-12-02,confirmed,paid,447925
ORD04349,PROJ00647,CUS000027,2025-02-20,Cancelled,Paid,420447
ORD04350,PROJ02580,CUS001617,2024-03-24,Delivered,paid,273167
ORD04351,PROJ00694,CUS004696,2024-01-16,confirmed,Pending,469629
ORD04352,PROJ02518,CUS002765,2025-06-07,Confirmed,Pending,345693
ORD04353,PROJ00584,CUS001452,2025-01-31,Shipped,Partial,307246
ORD04354,PROJ04415,CUS002605,2025-04-30,Cancelled,Pending,50944
ORD04355,PROJ00499,CUS001254,2025-04-27,Confirmed,Paid,251493
ORD04356,PROJ04172,CUS004271,2025-01-05,confirmed,Partial,382818
ORD04357,PROJ03134,CUS001554,2025-01-02,Delivered,Partial,166724
ORD04358,PROJ01288,CUS003688,2024-04-25,Confirmed,Partial,304884
ORD04359,PROJ02185,CUS000523,2024-12-21,Confirmed,Partial,134915
ORD04360,PROJ00465,CUS000913,2024-09-27,Confirmed,Partial,451286
ORD04361,PROJ02172,CUS004376,2025-02-12,Delivered,paid,263114
ORD04362,PROJ02074,CUS000036,2025-12-06,Shipped,Pending,28455
ORD04363,PROJ00400,CUS002497,2025-03-03,Cancelled,Partial,375404
ORD04364,PROJ00029,CUS000350,2024-08-31,Confirmed,Pending,223426
ORD04365,PROJ04562,CUS004510,2025-05-20,Confirmed,Paid,408875
ORD04366,PROJ04294,CUS001449,2024-06-11,Delivered,paid,438349
ORD04367,PROJ01298,CUS003189,2024-03-10,Shipped,Pending,321693
ORD04368,PROJ02041,CUS000376,2025-03-17,Cancelled,Paid,222326
ORD04369,PROJ00633,CUS002369,2024-12-22,Cancelled,Pending,488095
ORD04370,PROJ01262,CUS003475,2025-01-05,confirmed,paid,294383
ORD04371,PROJ00543,CUS004437,2024-10-26,Delivered,Partial,363786
ORD04372,PROJ00376,CUS004221,2025-02-20,Cancelled,Pending,13891
ORD04373,PROJ02952,CUS001801,2024-09-02,Delivered,Pending,464409
ORD04374,PROJ02023,CUS001540,2024-12-05,confirmed,Partial,494935
ORD04375,PROJ03169,CUS003901,2024-12-06,Cancelled,Partial,82744
ORD04376,PROJ00242,CUS004563,2024-06-12,Cancelled,Paid,429803
ORD04377,PROJ04270,CUS004662,2024-07-23,Delivered,Partial,35230
ORD04378,PROJ02457,CUS001424,2024-12-20,Cancelled,Pending,209034
ORD04379,PROJ02509,CUS000912,2025-08-10,Delivered,paid,131928
ORD04380,PROJ01835,CUS001624,2024-09-13,Delivered,Pending,186009
ORD04381,PROJ01207,CUS002920,2025-06-17,confirmed,Pending,242736
ORD04382,PROJ01653,CUS003932,2024-08-23,Confirmed,Partial,358316
ORD04383,PROJ01860,CUS000328,2024-10-27,Delivered,Partial,204076
ORD04384,PROJ04292,CUS001587,2024-03-07,Cancelled,Pending,354916
ORD04385,PROJ01925,CUS001080,2024-08-07,Delivered,Paid,435459
ORD04386,PROJ04633,CUS002352,2025-01-29,Shipped,paid,275176
ORD04387,PROJ01373,CUS003186,2025-04-08,Shipped,paid,398839
ORD04388,PROJ04970,CUS003944,2024-11-20,confirmed,Paid,425471
ORD04389,PROJ01677,CUS003683,2025-04-27,Cancelled,Paid,64524
ORD04390,PROJ01247,CUS003494,2024-04-16,Delivered,Partial,274735
ORD04391,PROJ01286,CUS004738,2024-11-28,Shipped,Pending,473183
ORD04392,PROJ04931,CUS004930,2025-01-29,confirmed,Paid,59700
ORD04393,PROJ03681,CUS002839,2024-09-03,Shipped,paid,146023
ORD04394,PROJ04385,CUS003409,2025-04-26,Cancelled,Partial,173080
ORD04395,PROJ03259,CUS002983,2025-03-13,confirmed,paid,413238
ORD04396,PROJ02012,CUS000817,2025-03-24,Cancelled,Partial,253027
ORD04397,PROJ00212,CUS000624,2024-11-26,Cancelled,Paid,393555
ORD04398,PROJ02427,CUS000425,2025-05-17,Cancelled,Pending,173531
ORD04399,PROJ04666,CUS004756,2025-06-11,Delivered,paid,310633
ORD04400,PROJ03474,CUS000130,2024-11-14,Cancelled,Paid,312552
ORD04401,PROJ02513,CUS000099,2024-04-26,Shipped,Partial,295473
ORD04402,PROJ00118,CUS000006,2024-05-20,Delivered,Partial,480633
ORD04403,PROJ02915,CUS002423,2025-03-06,Cancelled,Paid,256357
ORD04404,PROJ03203,CUS001970,2024-01-31,Shipped,Paid,260726
ORD04405,PROJ00625,CUS000487,2025-11-09,confirmed,Paid,190919
ORD04406,PROJ02159,CUS004713,2024-09-25,Shipped,Pending,216515
ORD04407,PROJ03052,CUS001444,2025-02-16,confirmed,Pending,312236
ORD04408,PROJ03799,CUS004975,2024-09-01,Shipped,Paid,449372
ORD04409,PROJ03146,CUS002810,2024-12-02,Delivered,Pending,208680
ORD04410,PROJ01082,CUS002703,2025-02-01,Delivered,Paid,356830
ORD04411,PROJ04370,CUS001310,2024-09-11,Shipped,Paid,363646
ORD04412,PROJ00331,CUS000002,2025-05-27,confirmed,Paid,214513
ORD04413,PROJ04900,CUS002306,2024-11-07,Shipped,Partial,7842
ORD04414,PROJ01184,CUS003280,2025-01-30,Shipped,Partial,354689
ORD04415,PROJ04567,CUS001702,2024-05-28,Cancelled,paid,282683
ORD04416,PROJ03609,CUS000138,2024-09-22,Cancelled,Partial,357087
ORD04417,PROJ00518,CUS003836,2025-03-03,Shipped,paid,252161
ORD04418,PROJ02443,CUS004662,2024-10-16,Delivered,paid,307167
ORD04419,PROJ02476,CUS003527,2024-11-13,Shipped,Pending,99070
ORD04420,PROJ01702,CUS001252,2024-01-19,Cancelled,Partial,413221
ORD04421,PROJ00514,CUS001173,2024-11-18,Shipped,Paid,417199
ORD04422,PROJ03691,CUS000721,2025-01-28,Cancelled,Partial,66624
ORD04423,PROJ02272,CUS002386,2025-06-15,Shipped,Pending,291351
ORD04424,PROJ02360,CUS001698,2025-02-16,Cancelled,Paid,118937
ORD04425,PROJ01618,CUS001860,2024-09-30,Delivered,Pending,102761
ORD04426,PROJ02674,CUS004296,2024-12-21,confirmed,paid,42141
ORD04427,PROJ00069,CUS000903,2025-06-26,Cancelled,paid,468422
ORD04428,PROJ02663,CUS001588,2024-07-04,Delivered,paid,183594
ORD04429,PROJ01784,CUS003231,2025-02-21,Cancelled,Partial,392084
ORD04430,PROJ04709,CUS004809,2025-04-12,Shipped,Partial,488752
ORD04431,PROJ04495,CUS004422,2024-06-28,Shipped,Partial,137975
ORD04432,PROJ01113,CUS003378,2025-07-07,confirmed,Paid,128892
ORD04433,PROJ01087,CUS001423,2024-06-03,Shipped,paid,127782
ORD04434,PROJ01686,CUS002473,2025-05-21,confirmed,Paid,285080
ORD04435,PROJ03976,CUS000312,2024-10-02,confirmed,Partial,50098
ORD04436,PROJ02104,CUS004940,2025-01-18,confirmed,Pending,368111
ORD04437,PROJ04430,CUS002709,2024-12-22,Confirmed,Pending,130215
ORD04438,PROJ04949,CUS003961,2024-12-18,Shipped,Pending,7645
ORD04439,PROJ01609,CUS000452,2025-07-30,confirmed,paid,490509
ORD04440,PROJ03507,CUS001305,2025-03-08,Shipped,paid,232353
ORD04441,PROJ01137,CUS000939,2024-06-26,Confirmed,Paid,334267
ORD04442,PROJ01377,CUS004586,2024-11-29,Shipped,paid,74449
ORD04443,PROJ02603,CUS003594,2024-03-24,Confirmed,Paid,376829
ORD04444,PROJ03372,CUS004738,2024-10-28,Shipped,Paid,356956
ORD04445,PROJ01958,CUS001802,2025-07-01,confirmed,paid,222043
ORD04446,PROJ02167,CUS004357,2024-12-08,Shipped,Paid,15257
ORD04447,PROJ04849,CUS002426,2024-08-29,Delivered,paid,65726
ORD04448,PROJ04584,CUS001687,2024-07-23,Confirmed,Paid,24871
ORD04449,PROJ03053,CUS001743,2024-05-04,Cancelled,Partial,154072
ORD04450,PROJ04063,CUS003788,2025-07-02,Confirmed,paid,138696
ORD04451,PROJ02931,CUS003824,2025-08-23,Cancelled,Paid,127325
ORD04452,PROJ03991,CUS004807,2024-11-17,Shipped,Pending,125582
ORD04453,PROJ03529,CUS004092,2025-06-16,Shipped,Partial,266278
ORD04454,PROJ01099,CUS001796,2024-11-29,Shipped,Partial,272460
ORD04455,PROJ01111,CUS003995,2024-12-11,Confirmed,Pending,25914
ORD04456,PROJ03508,CUS000751,2024-07-26,Confirmed,Paid,213147
ORD04457,PROJ04511,CUS001933,2024-10-26,Confirmed,Pending,463277
ORD04458,PROJ00205,CUS000846,2025-01-30,Cancelled,paid,195385
ORD04459,PROJ00180,CUS002288,2024-03-05,Cancelled,Pending,76375
ORD04460,PROJ03032,CUS000173,2024-11-12,Cancelled,Pending,217991
ORD04461,PROJ02992,CUS002976,2024-07-04,Delivered,paid,404914
ORD04462,PROJ02136,CUS000951,2025-02-02,Delivered,Pending,443526
ORD04463,PROJ04697,CUS002067,2025-06-21,Shipped,Partial,111405
ORD04464,PROJ03974,CUS004784,2025-04-28,confirmed,Paid,24972
ORD04465,PROJ04173,CUS004069,2024-03-03,Delivered,Paid,298940
ORD04466,PROJ01013,CUS001095,2024-12-15,Cancelled,Paid,227480
ORD04467,PROJ01801,CUS003499,2024-08-24,Shipped,Paid,403223
ORD04468,PROJ02634,CUS002536,2024-10-09,Shipped,Partial,234134
ORD04469,PROJ00221,CUS003888,2024-08-17,Cancelled,Partial,62470
ORD04470,PROJ02588,CUS004974,2024-12-10,Confirmed,Pending,198142
ORD04471,PROJ02019,CUS002626,2024-09-24,Cancelled,Partial,187652
ORD04472,PROJ02014,CUS003655,2024-12-05,Cancelled,Paid,130957
ORD04473,PROJ04078,CUS000848,2025-05-23,Delivered,Partial,134425
ORD04474,PROJ03793,CUS003137,2025-10-07,Cancelled,Paid,389559
ORD04475,PROJ04440,CUS004909,2025-06-18,Delivered,Partial,406074
ORD04476,PROJ04427,CUS002650,2024-06-25,Delivered,Partial,388128
ORD04477,PROJ03266,CUS003694,2025-01-15,Delivered,Paid,437798
ORD04478,PROJ02419,CUS002319,2024-10-01,Delivered,Paid,439950
ORD04479,PROJ02607,CUS000052,2024-12-10,confirmed,Paid,361376
ORD04480,PROJ00605,CUS002269,2024-09-02,Shipped,Partial,301209
ORD04481,PROJ00648,CUS003698,2025-08-22,Confirmed,Paid,138449
ORD04482,PROJ02262,CUS004211,2024-05-02,Delivered,paid,128331
ORD04483,PROJ03553,CUS000367,2025-02-25,confirmed,Pending,87200
ORD04484,PROJ00253,CUS001675,2024-09-13,confirmed,Pending,184778
ORD04485,PROJ01253,CUS000376,2024-06-13,Confirmed,paid,492411
ORD04486,PROJ02113,CUS002118,2024-11-05,Confirmed,Paid,351698
ORD04487,PROJ04100,CUS002862,2024-12-17,Confirmed,Paid,293539
ORD04488,PROJ02386,CUS003530,2024-10-24,Cancelled,Partial,305777
ORD04489,PROJ04071,CUS000895,2024-07-27,Shipped,Partial,153826
ORD04490,PROJ00461,CUS002294,2025-04-10,Cancelled,Paid,273833
ORD04491,PROJ01895,CUS001954,2024-08-25,Shipped,Pending,380302
ORD04492,PROJ02986,CUS003410,2024-10-16,Shipped,Pending,456535
ORD04493,PROJ02628,CUS001639,2024-10-30,Delivered,Paid,407160
ORD04494,PROJ00589,CUS001729,2024-12-16,Shipped,Pending,495781
ORD04495,PROJ02261,CUS002486,2024-11-28,Cancelled,Paid,246573
ORD04496,PROJ02416,CUS002866,2024-10-13,Delivered,Paid,146874
ORD04497,PROJ04189,CUS000622,2025-03-05,Shipped,Paid,94036
ORD04498,PROJ03286,CUS002571,2024-12-04,confirmed,Pending,346926
ORD04499,PROJ01348,CUS001429,2024-09-02,Cancelled,Paid,130741
ORD04500,PROJ00463,CUS004610,2024-10-20,Cancelled,Partial,477171
ORD04501,PROJ01924,CUS000009,2024-07-25,Cancelled,Pending,343930
ORD04502,PROJ03866,CUS001219,2025-06-20,Cancelled,Partial,244575
ORD04503,PROJ04418,CUS003944,2025-01-31,Shipped,paid,32873
ORD04504,PROJ01237,CUS002659,2024-07-26,Shipped,Paid,363842
ORD04505,PROJ01194,CUS002886,2025-01-20,confirmed,Partial,185083
ORD04506,PROJ04596,CUS001732,2025-02-18,Delivered,paid,220874
ORD04507,PROJ03163,CUS004629,2024-09-27,Confirmed,paid,479950
ORD04508,PROJ00669,CUS001737,2024-04-24,Shipped,Partial,166237
ORD04509,PROJ02236,CUS002275,2024-07-10,Confirmed,Partial,10915
ORD04510,PROJ04368,CUS001816,2025-02-03,Delivered,Paid,40006
ORD04511,PROJ03106,CUS003673,2025-11-13,Shipped,Partial,31865
ORD04512,PROJ00125,CUS000116,2024-09-24,Cancelled,Paid,161810
ORD04513,PROJ04139,CUS004822,2024-07-06,Delivered,paid,191402
ORD04514,PROJ01849,CUS004966,2025-03-28,Delivered,paid,390172
ORD04515,PROJ01248,CUS003956,2025-04-25,Cancelled,Paid,304732
ORD04516,PROJ00153,CUS001762,2024-12-21,Delivered,paid,182365
ORD04517,PROJ02898,CUS001499,2024-08-12,Shipped,Pending,429957
ORD04518,PROJ01379,CUS003196,2024-07-15,Delivered,Partial,498546
ORD04519,PROJ03084,CUS004411,2025-04-14,Cancelled,Paid,239317
ORD04520,PROJ03867,CUS002236,2025-01-02,Confirmed,Pending,154569
ORD04521,PROJ03355,CUS001094,2024-12-05,Delivered,Partial,313902
ORD04522,PROJ02705,CUS001603,2024-09-25,Delivered,Partial,229381
ORD04523,PROJ01308,CUS004150,2025-02-25,Cancelled,Pending,101196
ORD04524,PROJ02524,CUS004936,2025-05-29,Delivered,Paid,340002
ORD04525,PROJ00711,CUS003312,2025-06-24,Confirmed,paid,79923
ORD04526,PROJ03239,CUS004700,2025-09-04,Confirmed,Paid,493716
ORD04527,PROJ04662,CUS002750,2025-10-29,confirmed,Pending,234143
ORD04528,PROJ04034,CUS002936,2024-12-24,Shipped,paid,243728
ORD04529,PROJ01905,CUS000526,2025-01-04,Cancelled,Paid,492337
ORD04530,PROJ01779,CUS003440,2025-01-03,Cancelled,Partial,34524
ORD04531,PROJ04245,CUS001055,2024-11-14,Shipped,Paid,102460
ORD04532,PROJ03992,CUS000645,2024-09-19,Delivered,Paid,259822
ORD04533,PROJ01272,CUS004643,2024-10-16,Cancelled,Paid,109890
ORD04534,PROJ02692,CUS000026,2024-03-17,Delivered,Paid,293767
ORD04535,PROJ04771,CUS004837,2025-05-18,Cancelled,Partial,485007
ORD04536,PROJ00024,CUS002049,2025-02-27,Cancelled,Paid,320816
ORD04537,PROJ02704,CUS000148,2025-08-03,Shipped,Pending,306777
ORD04538,PROJ00873,CUS003869,2024-12-18,Shipped,paid,214976
ORD04539,PROJ03715,CUS002012,2024-12-23,confirmed,paid,79668
ORD04540,PROJ00705,CUS004863,2025-01-02,Delivered,Pending,364939
ORD04541,PROJ03887,CUS000579,2024-11-27,Shipped,Paid,167372
ORD04542,PROJ00220,CUS003942,2024-08-05,Cancelled,Paid,116088
ORD04543,PROJ04650,CUS003005,2025-02-04,Confirmed,Pending,123027
ORD04544,PROJ02086,CUS003000,2024-07-05,Cancelled,Paid,219951
ORD04545,PROJ00149,CUS000535,2025-04-06,Delivered,paid,164788
ORD04546,PROJ00772,CUS003314,2024-10-15,Shipped,paid,424022
ORD04547,PROJ00610,CUS004652,2024-04-30,Cancelled,Pending,454549
ORD04548,PROJ03339,CUS004199,2025-08-16,Cancelled,Pending,389469
ORD04549,PROJ02281,CUS004887,2025-01-20,Shipped,Pending,390019
ORD04550,PROJ03359,CUS003245,2024-11-14,Confirmed,Paid,475122
ORD04551,PROJ03898,CUS004464,2024-04-18,Delivered,Partial,159450
ORD04552,PROJ04464,CUS003640,2025-07-07,Delivered,paid,432953
ORD04553,PROJ03693,CUS001502,2024-11-08,Cancelled,paid,164803
ORD04554,PROJ04418,CUS003639,2025-03-01,Cancelled,Partial,213365
ORD04555,PROJ02232,CUS000923,2024-08-23,Delivered,paid,175555
ORD04556,PROJ01507,CUS001733,2025-01-04,Shipped,Paid,143831
ORD04557,PROJ00309,CUS002212,2024-11-18,Cancelled,Paid,111497
ORD04558,PROJ04901,CUS000741,2024-09-04,Shipped,Paid,277458
ORD04559,PROJ01725,CUS004040,2025-03-07,Cancelled,Partial,66654
ORD04560,PROJ02312,CUS004784,2024-11-09,Cancelled,Paid,413437
ORD04561,PROJ03574,CUS002530,2024-05-17,confirmed,Pending,91837
ORD04562,PROJ03326,CUS004073,2025-04-21,Cancelled,Partial,495188
ORD04563,PROJ00748,CUS003851,2025-03-21,confirmed,paid,497516
ORD04564,PROJ01010,CUS001021,2025-04-22,Confirmed,Paid,259421
ORD04565,PROJ01914,CUS001284,2024-11-22,Cancelled,Pending,104149
ORD04566,PROJ00327,CUS001848,2024-08-24,Delivered,Paid,159607
ORD04567,PROJ00416,CUS000373,2025-02-27,Shipped,paid,130874
ORD04568,PROJ02039,CUS004505,2025-09-09,Shipped,paid,142824
ORD04569,PROJ00856,CUS004434,2024-02-23,Shipped,Paid,265875
ORD04570,PROJ00625,CUS000821,2025-05-06,confirmed,Partial,254332
ORD04571,PROJ03919,CUS002956,2025-04-24,Cancelled,paid,459219
ORD04572,PROJ04633,CUS001061,2024-03-08,confirmed,Partial,334158
ORD04573,PROJ03945,CUS001302,2024-03-25,Confirmed,Paid,441975
ORD04574,PROJ02086,CUS000680,2024-07-07,confirmed,paid,483674
ORD04575,PROJ00457,CUS004257,2025-01-10,Cancelled,paid,427124
ORD04576,PROJ00656,CUS002632,2025-03-14,Cancelled,Paid,419556
ORD04577,PROJ00134,CUS003706,2024-04-26,Shipped,Pending,486901
ORD04578,PROJ03381,CUS004294,2024-10-02,confirmed,Paid,322588
ORD04579,PROJ00169,CUS003617,2024-01-25,Cancelled,Pending,327744
ORD04580,PROJ01925,CUS001265,2025-06-14,confirmed,paid,247684
ORD04581,PROJ03537,CUS001259,2025-01-19,Shipped,Paid,376140
ORD04582,PROJ04528,CUS001694,2024-11-27,Cancelled,Pending,180752
ORD04583,PROJ04253,CUS003039,2024-05-01,confirmed,Pending,33685
ORD04584,PROJ04683,CUS003462,2024-07-24,Delivered,Paid,57598
ORD04585,PROJ04952,CUS004456,2025-03-04,Shipped,paid,65945
ORD04586,PROJ02516,CUS000735,2025-05-05,confirmed,paid,326945
ORD04587,PROJ04519,CUS004930,2025-03-03,Confirmed,Pending,184014
ORD04588,PROJ02543,CUS001534,2025-02-19,Confirmed,paid,270134
ORD04589,PROJ02558,CUS004247,2024-11-06,confirmed,paid,451354
ORD04590,PROJ02414,CUS000644,2025-03-14,confirmed,Partial,218697
ORD04591,PROJ04098,CUS001555,2024-03-07,confirmed,Pending,484263
ORD04592,PROJ04126,CUS002470,2024-03-25,Delivered,Pending,463763
ORD04593,PROJ04284,CUS002329,2024-12-14,Delivered,Paid,270190
ORD04594,PROJ01303,CUS004943,2024-12-03,Delivered,Pending,247080
ORD04595,PROJ00319,CUS002900,2025-04-01,Shipped,paid,176750
ORD04596,PROJ04510,CUS002517,2024-05-08,Delivered,Paid,229738
ORD04597,PROJ00059,CUS001487,2024-10-24,Shipped,Partial,100816
ORD04598,PROJ00873,CUS002895,2024-05-18,Confirmed,Paid,249036
ORD04599,PROJ03334,CUS002566,2024-06-16,confirmed,paid,234525
ORD04600,PROJ01780,CUS000654,2025-02-18,Delivered,paid,126012
ORD04601,PROJ00821,CUS002750,2024-12-23,confirmed,Pending,447153
ORD04602,PROJ00526,CUS001427,2025-04-10,Confirmed,Pending,418523
ORD04603,PROJ01679,CUS004775,2024-12-21,Cancelled,Pending,334487
ORD04604,PROJ01440,CUS001913,2024-03-29,confirmed,Paid,113190
ORD04605,PROJ03197,CUS001060,2024-06-05,confirmed,paid,498957
ORD04606,PROJ02605,CUS000723,2024-09-18,Delivered,Paid,444320
ORD04607,PROJ03094,CUS001526,2024-08-22,Shipped,Paid,113856
ORD04608,PROJ00291,CUS003460,2024-07-29,Delivered,Pending,147703
ORD04609,PROJ02333,CUS002904,2025-04-25,Confirmed,Pending,446065
ORD04610,PROJ04361,CUS004193,2024-02-19,Shipped,Partial,393720
ORD04611,PROJ04493,CUS001812,2024-05-24,confirmed,Paid,53779
ORD04612,PROJ02570,CUS003547,2025-10-27,Confirmed,Pending,346554
ORD04613,PROJ01149,CUS004102,2025-02-02,Delivered,Partial,215021
ORD04614,PROJ04044,CUS004617,2025-03-30,Confirmed,Paid,243250
ORD04615,PROJ03057,CUS001807,2024-12-25,Shipped,paid,158986
ORD04616,PROJ03275,CUS000697,2025-04-04,Confirmed,Partial,86334
ORD04617,PROJ01369,CUS002300,2024-10-13,confirmed,Paid,314146
ORD04618,PROJ00719,CUS003672,2024-11-08,Shipped,Partial,138110
ORD04619,PROJ01468,CUS004028,2025-03-10,Confirmed,Pending,225598
ORD04620,PROJ01079,CUS001632,2024-04-15,Cancelled,Partial,135306
ORD04621,PROJ03237,CUS001591,2025-01-13,Confirmed,Pending,232942
ORD04622,PROJ01565,CUS004604,2025-07-10,confirmed,Pending,278116
ORD04623,PROJ00193,CUS001665,2025-03-08,Delivered,paid,238241
ORD04624,PROJ04474,CUS004229,2024-06-03,Shipped,Partial,278591
ORD04625,PROJ04691,CUS001432,2024-07-17,Cancelled,Pending,257497
ORD04626,PROJ02524,CUS001690,2025-05-18,Cancelled,Paid,204651
ORD04627,PROJ04497,CUS003565,2025-01-01,Shipped,Paid,334918
ORD04628,PROJ03756,CUS000771,2024-12-29,confirmed,paid,347404
ORD04629,PROJ03215,CUS003110,2024-09-26,Delivered,Paid,403833
ORD04630,PROJ04483,CUS001089,2024-04-27,Confirmed,Pending,195945
ORD04631,PROJ00571,CUS002978,2024-07-15,Cancelled,Pending,409110
ORD04632,PROJ03282,CUS002812,2024-09-24,Confirmed,paid,198900
ORD04633,PROJ04900,CUS001833,2024-10-28,Delivered,Paid,279860
ORD04634,PROJ03030,CUS000491,2024-04-11,Confirmed,Paid,51098
ORD04635,PROJ03752,CUS000558,2025-01-21,Delivered,Paid,434488
ORD04636,PROJ02401,CUS002064,2024-12-20,confirmed,Paid,344443
ORD04637,PROJ00533,CUS002185,2025-02-15,confirmed,Paid,412720
ORD04638,PROJ03628,CUS000366,2025-07-13,Confirmed,Pending,337617
ORD04639,PROJ01455,CUS003546,2024-03-07,confirmed,Partial,486590
ORD04640,PROJ00200,CUS002713,2024-09-11,Shipped,Partial,38309
ORD04641,PROJ01805,CUS000694,2024-01-28,Delivered,Pending,275336
ORD04642,PROJ02745,CUS001914,2025-03-14,Shipped,Partial,422586
ORD04643,PROJ00651,CUS004776,2024-08-03,Cancelled,Paid,237121
ORD04644,PROJ02731,CUS001995,2025-05-22,Confirmed,Paid,317915
ORD04645,PROJ01665,CUS002003,2025-05-25,confirmed,Partial,52846
ORD04646,PROJ04070,CUS002412,2025-01-09,confirmed,Partial,475602
ORD04647,PROJ02673,CUS002983,2025-05-04,Confirmed,Paid,279624
ORD04648,PROJ04550,CUS002758,2024-10-27,confirmed,Pending,174315
ORD04649,PROJ04016,CUS003761,2025-01-18,Delivered,Paid,355683
ORD04650,PROJ04980,CUS003826,2024-07-24,Cancelled,Pending,355260
ORD04651,PROJ00572,CUS003065,2025-07-05,Delivered,Paid,303229
ORD04652,PROJ03148,CUS000335,2025-05-29,Confirmed,Paid,278578
ORD04653,PROJ03299,CUS003671,2024-10-20,Confirmed,Paid,482049
ORD04654,PROJ04737,CUS003006,2024-06-01,Delivered,paid,409101
ORD04655,PROJ01020,CUS002692,2024-10-31,confirmed,paid,393052
ORD04656,PROJ02050,CUS004565,2025-09-25,Shipped,paid,153674
ORD04657,PROJ03120,CUS003382,2024-03-12,Confirmed,Partial,273459
ORD04658,PROJ03668,CUS000832,2024-12-02,confirmed,Paid,187433
ORD04659,PROJ04905,CUS001460,2024-05-02,Confirmed,Partial,445247
ORD04660,PROJ01203,CUS000879,2024-10-19,Shipped,Paid,497807
ORD04661,PROJ04288,CUS001063,2024-11-14,Delivered,Pending,256713
ORD04662,PROJ03373,CUS003452,2025-08-19,Shipped,Partial,417144
ORD04663,PROJ03749,CUS001332,2024-05-24,Shipped,paid,349675
ORD04664,PROJ01662,CUS003145,2025-04-21,confirmed,Partial,493414
ORD04665,PROJ01448,CUS002793,2024-07-29,Cancelled,Pending,150800
ORD04666,PROJ01782,CUS000256,2025-05-13,confirmed,Partial,14918
ORD04667,PROJ02676,CUS000359,2025-05-05,confirmed,Partial,144138
ORD04668,PROJ01509,CUS001044,2024-06-09,Confirmed,paid,436070
ORD04669,PROJ00343,CUS001471,2024-07-11,Shipped,Paid,136369
ORD04670,PROJ01177,CUS002431,2025-06-29,Shipped,Paid,25554
ORD04671,PROJ02567,CUS003836,2024-03-22,Shipped,Pending,50585
ORD04672,PROJ03039,CUS001181,2025-04-14,Confirmed,paid,269344
ORD04673,PROJ02877,CUS000587,2025-04-26,Confirmed,paid,283116
ORD04674,PROJ02405,CUS003524,2025-01-23,Cancelled,paid,369577
ORD04675,PROJ03415,CUS000423,2024-04-13,Shipped,Paid,71884
ORD04676,PROJ01990,CUS003766,2025-01-28,Delivered,Pending,297837
ORD04677,PROJ03465,CUS004830,2025-01-30,Shipped,Pending,302581
ORD04678,PROJ04508,CUS002236,2024-05-20,Delivered,Partial,182594
ORD04679,PROJ03377,CUS003916,2024-08-02,Shipped,Pending,290157
ORD04680,PROJ03615,CUS000942,2024-07-25,confirmed,Partial,267349
ORD04681,PROJ00278,CUS001170,2024-12-22,Cancelled,paid,357298
ORD04682,PROJ04234,CUS001248,2024-11-17,confirmed,Paid,291004
ORD04683,PROJ02582,CUS001593,2025-02-21,confirmed,Pending,270554
ORD04684,PROJ01251,CUS003254,2024-04-10,Delivered,Paid,222871
ORD04685,PROJ03638,CUS002548,2024-09-13,Cancelled,paid,280900
ORD04686,PROJ00433,CUS003221,2024-12-14,confirmed,Paid,165532
ORD04687,PROJ02010,CUS000681,2025-01-15,Delivered,Paid,384754
ORD04688,PROJ02314,CUS004497,2024-11-17,confirmed,Pending,428646
ORD04689,PROJ02116,CUS002805,2024-12-18,confirmed,Paid,214004
ORD04690,PROJ00484,CUS001985,2024-05-16,confirmed,Paid,474001
ORD04691,PROJ01050,CUS000752,2024-07-15,confirmed,Pending,95373
ORD04692,PROJ01338,CUS004237,2025-03-10,Confirmed,Partial,11972
ORD04693,PROJ04426,CUS002253,2024-12-29,confirmed,Partial,442847
ORD04694,PROJ00140,CUS002666,2024-10-16,Cancelled,Partial,189402
ORD04695,PROJ01398,CUS001717,2024-05-31,Delivered,Paid,140369
ORD04696,PROJ00028,CUS001474,2024-06-30,Confirmed,Pending,311307
ORD04697,PROJ03058,CUS003303,2024-12-09,Delivered,Partial,157701
ORD04698,PROJ02521,CUS003240,2025-08-14,Delivered,paid,185207
ORD04699,PROJ04932,CUS001792,2024-07-22,Confirmed,Partial,406183
ORD04700,PROJ00906,CUS001806,2024-11-02,Shipped,Pending,137616
ORD04701,PROJ03731,CUS002248,2024-08-27,Confirmed,Partial,419721
ORD04702,PROJ01447,CUS004764,2025-05-18,confirmed,Pending,365867
ORD04703,PROJ03433,CUS002035,2025-06-08,Cancelled,Partial,5805
ORD04704,PROJ01554,CUS003944,2025-10-18,Shipped,Partial,77065
ORD04705,PROJ02334,CUS001906,2024-11-28,confirmed,Pending,419675
ORD04706,PROJ02825,CUS001291,2025-04-07,confirmed,Partial,430707
ORD04707,PROJ03881,CUS004143,2024-08-27,Shipped,Pending,488601
ORD04708,PROJ01315,CUS002999,2024-06-15,Confirmed,Pending,465410
ORD04709,PROJ01978,CUS003950,2025-09-11,Delivered,Partial,67499
ORD04710,PROJ00305,CUS000102,2024-09-20,confirmed,paid,142498
ORD04711,PROJ02636,CUS002778,2025-02-06,Shipped,Partial,368328
ORD04712,PROJ02092,CUS002007,2024-12-30,Cancelled,Partial,334744
ORD04713,PROJ02546,CUS000333,2025-02-21,Delivered,paid,263363
ORD04714,PROJ04636,CUS000560,2025-03-02,confirmed,Paid,245949
ORD04715,PROJ04240,CUS000581,2024-11-03,confirmed,Paid,340328
ORD04716,PROJ03919,CUS002543,2025-07-15,Shipped,paid,121415
ORD04717,PROJ03680,CUS003646,2025-02-14,Shipped,paid,145217
ORD04718,PROJ03547,CUS003688,2024-11-04,Confirmed,paid,236618
ORD04719,PROJ00684,CUS004108,2024-07-13,Confirmed,paid,340634
ORD04720,PROJ04884,CUS001683,2024-12-15,Cancelled,Paid,26204
ORD04721,PROJ02454,CUS004513,2024-12-04,confirmed,Paid,112159
ORD04722,PROJ02658,CUS003421,2025-08-31,Delivered,paid,331087
ORD04723,PROJ01612,CUS002614,2025-02-06,Cancelled,Partial,47441
ORD04724,PROJ03177,CUS000607,2024-08-19,Shipped,paid,45771
ORD04725,PROJ01305,CUS004475,2024-10-07,Confirmed,Partial,386845
ORD04726,PROJ04772,CUS000816,2025-01-26,Delivered,paid,424155
ORD04727,PROJ03565,CUS004101,2024-10-21,Cancelled,paid,342388
ORD04728,PROJ02823,CUS000403,2025-08-22,confirmed,Partial,173088
ORD04729,PROJ02217,CUS003400,2024-11-24,Delivered,Paid,165206
ORD04730,PROJ04285,CUS000053,2024-07-14,Confirmed,Pending,31534
ORD04731,PROJ02876,CUS001305,2024-11-29,Confirmed,Partial,149243
ORD04732,PROJ04144,CUS001576,2024-12-09,Confirmed,Paid,424202
ORD04733,PROJ03549,CUS004908,2024-12-03,Confirmed,Pending,497452
ORD04734,PROJ04134,CUS003249,2024-09-02,Shipped,Partial,181862
ORD04735,PROJ04649,CUS001387,2024-05-12,Cancelled,paid,118444
ORD04736,PROJ04889,CUS002625,2025-02-03,Shipped,paid,370464
ORD04737,PROJ00889,CUS004354,2024-06-22,confirmed,Paid,251752
ORD04738,PROJ00624,CUS002513,2024-12-18,confirmed,Paid,34380
ORD04739,PROJ04209,CUS003607,2025-02-04,Delivered,Pending,327639
ORD04740,PROJ01786,CUS001897,2025-02-25,Confirmed,paid,30631
ORD04741,PROJ04188,CUS004004,2024-12-04,Shipped,Partial,266638
ORD04742,PROJ04294,CUS003548,2024-09-21,Confirmed,paid,364518
ORD04743,PROJ02667,CUS003792,2024-10-12,confirmed,Paid,119549
ORD04744,PROJ03922,CUS003491,2024-12-15,confirmed,paid,326717
ORD04745,PROJ02676,CUS000214,2025-04-01,Delivered,Partial,118100
ORD04746,PROJ01737,CUS003828,2024-12-17,Delivered,Partial,444752
ORD04747,PROJ02516,CUS001017,2024-07-29,Delivered,Pending,47183
ORD04748,PROJ02033,CUS004278,2024-12-03,Cancelled,Paid,339102
ORD04749,PROJ03039,CUS003379,2025-04-10,Shipped,Paid,41679
ORD04750,PROJ02307,CUS000750,2024-08-05,Cancelled,Pending,369542
ORD04751,PROJ02948,CUS000097,2024-12-10,Shipped,Pending,123734
ORD04752,PROJ00748,CUS004174,2024-12-30,Delivered,Paid,239094
ORD04753,PROJ04593,CUS004258,2024-11-16,confirmed,Partial,119152
ORD04754,PROJ00064,CUS003996,2024-07-24,Delivered,Pending,101866
ORD04755,PROJ01559,CUS000788,2024-11-09,Cancelled,Paid,197800
ORD04756,PROJ01934,CUS002880,2024-11-06,Shipped,Pending,246996
ORD04757,PROJ00890,CUS001475,2025-01-19,confirmed,Partial,306607
ORD04758,PROJ01133,CUS004036,2024-09-15,Cancelled,Pending,412042
ORD04759,PROJ02781,CUS001511,2024-11-26,Cancelled,Pending,173686
ORD04760,PROJ00200,CUS001221,2024-08-28,Cancelled,Pending,226280
ORD04761,PROJ01673,CUS002850,2025-02-18,confirmed,paid,203236
ORD04762,PROJ04367,CUS000950,2025-03-21,confirmed,Partial,223255
ORD04763,PROJ02726,CUS002135,2024-11-19,confirmed,paid,268027
ORD04764,PROJ03097,CUS003361,2025-08-04,Shipped,Partial,108503
ORD04765,PROJ00718,CUS000114,2024-10-09,Cancelled,Pending,225040
ORD04766,PROJ01277,CUS004230,2024-11-06,Delivered,Pending,451775
ORD04767,PROJ02453,CUS002775,2024-11-06,Delivered,Pending,246774
ORD04768,PROJ02489,CUS003741,2025-01-13,Delivered,Partial,225188
ORD04769,PROJ01125,CUS000676,2024-02-08,confirmed,paid,24013
ORD04770,PROJ02365,CUS004457,2025-01-01,confirmed,Paid,148456
ORD04771,PROJ00306,CUS002849,2025-01-31,Cancelled,Pending,5710
ORD04772,PROJ04107,CUS002651,2024-05-01,Confirmed,Partial,54276
ORD04773,PROJ00718,CUS002730,2024-06-11,Confirmed,Pending,296314
ORD04774,PROJ04090,CUS001351,2025-01-27,confirmed,paid,159450
ORD04775,PROJ03232,CUS001922,2024-09-01,confirmed,paid,441062
ORD04776,PROJ01318,CUS000954,2024-12-06,Cancelled,paid,241722
ORD04777,PROJ02992,CUS004333,2024-05-12,Shipped,Partial,150483
ORD04778,PROJ03080,CUS004408,2025-03-15,Confirmed,paid,316193
ORD04779,PROJ03649,CUS004808,2024-11-01,confirmed,Pending,335855
ORD04780,PROJ00181,CUS002308,2024-08-04,Delivered,paid,413331
ORD04781,PROJ02579,CUS002300,2024-04-17,confirmed,Partial,152979
ORD04782,PROJ00547,CUS004338,2024-07-21,Confirmed,Paid,351753
ORD04783,PROJ02781,CUS001695,2025-01-07,Delivered,paid,127161
ORD04784,PROJ04577,CUS004925,2024-12-05,Shipped,Partial,81428
ORD04785,PROJ03201,CUS003117,2025-03-29,Cancelled,Paid,174684
ORD04786,PROJ03505,CUS000253,2025-06-26,Delivered,Paid,410108
ORD04787,PROJ00021,CUS002086,2024-10-16,Delivered,paid,276224
ORD04788,PROJ01503,CUS004596,2024-09-21,Cancelled,paid,99790
ORD04789,PROJ04234,CUS003388,2024-12-08,confirmed,Paid,342847
ORD04790,PROJ03586,CUS000710,2024-03-27,Delivered,paid,58385
ORD04791,PROJ04698,CUS000914,2025-11-16,Shipped,Pending,377957
ORD04792,PROJ03097,CUS001022,2025-06-03,Cancelled,Partial,396565
ORD04793,PROJ02780,CUS001798,2024-12-10,Cancelled,Pending,423750
ORD04794,PROJ02482,CUS003883,2024-06-20,Shipped,Partial,349610
ORD04795,PROJ01063,CUS002699,2024-03-10,Delivered,Pending,194238
ORD04796,PROJ02231,CUS003865,2025-04-09,Cancelled,Pending,224153
ORD04797,PROJ01620,CUS002884,2024-05-09,confirmed,Partial,96108
ORD04798,PROJ01953,CUS002985,2024-10-28,Delivered,Pending,158988
ORD04799,PROJ03971,CUS002808,2024-08-09,Confirmed,Partial,380532
ORD04800,PROJ04181,CUS002335,2024-11-22,Confirmed,paid,32492
ORD04801,PROJ03537,CUS003583,2025-01-09,confirmed,Partial,281193
ORD04802,PROJ04079,CUS004246,2025-05-23,Cancelled,Pending,434398
ORD04803,PROJ00232,CUS001741,2024-10-20,Shipped,Partial,424238
ORD04804,PROJ04105,CUS002785,2024-12-12,Confirmed,paid,248344
ORD04805,PROJ01579,CUS002649,2025-02-02,confirmed,Paid,401854
ORD04806,PROJ02545,CUS003532,2024-12-25,Cancelled,paid,424177
ORD04807,PROJ03251,CUS001617,2025-09-08,Shipped,paid,482068
ORD04808,PROJ03031,CUS002393,2025-01-09,confirmed,Paid,168090
ORD04809,PROJ00181,CUS000709,2024-09-29,Cancelled,Pending,134017
ORD04810,PROJ02048,CUS001731,2024-09-11,Cancelled,Partial,244658
ORD04811,PROJ00297,CUS001117,2024-08-07,Shipped,Pending,145073
ORD04812,PROJ01295,CUS004834,2024-07-16,Shipped,Partial,424782
ORD04813,PROJ00426,CUS002205,2024-12-01,Confirmed,Partial,223315
ORD04814,PROJ03288,CUS001798,2025-09-05,Confirmed,Partial,292557
ORD04815,PROJ02569,CUS004541,2025-01-06,Cancelled,Paid,412152
ORD04816,PROJ03513,CUS002991,2024-12-01,confirmed,paid,484765
ORD04817,PROJ04132,CUS004033,2025-01-29,Shipped,Partial,224191
ORD04818,PROJ01794,CUS001827,2025-12-05,Confirmed,Paid,195637
ORD04819,PROJ01624,CUS001156,2024-11-24,Shipped,Pending,54882
ORD04820,PROJ01251,CUS004561,2024-03-08,Delivered,Pending,134242
ORD04821,PROJ01518,CUS003092,2025-01-15,Cancelled,Paid,498067
ORD04822,PROJ03738,CUS000402,2024-10-19,Shipped,Partial,225640
ORD04823,PROJ03836,CUS002079,2024-12-12,Shipped,Paid,279290
ORD04824,PROJ04764,CUS000589,2025-06-01,confirmed,paid,313475
ORD04825,PROJ03296,CUS002454,2025-06-19,confirmed,paid,318870
ORD04826,PROJ01800,CUS004207,2024-07-03,Shipped,Paid,141648
ORD04827,PROJ02106,CUS001886,2024-12-16,Delivered,Partial,95431
ORD04828,PROJ02025,CUS001153,2024-11-07,confirmed,Paid,5186
ORD04829,PROJ02049,CUS001705,2025-03-16,Confirmed,Paid,74102
ORD04830,PROJ03238,CUS003599,2025-07-19,Shipped,Partial,340845
ORD04831,PROJ02017,CUS002036,2024-12-27,Shipped,Pending,238410
ORD04832,PROJ02834,CUS001630,2024-10-29,confirmed,Pending,458045
ORD04833,PROJ02689,CUS003096,2024-06-23,Confirmed,paid,332289
ORD04834,PROJ01510,CUS003278,2024-12-12,Delivered,Paid,12751
ORD04835,PROJ00477,CUS002521,2025-07-31,Cancelled,paid,157098
ORD04836,PROJ04619,CUS001144,2024-12-21,confirmed,Partial,51613
ORD04837,PROJ02027,CUS001789,2025-08-17,Confirmed,Paid,117318
ORD04838,PROJ02530,CUS000731,2025-05-27,Delivered,Paid,101230
ORD04839,PROJ02730,CUS002010,2024-04-01,confirmed,paid,420270
ORD04840,PROJ02573,CUS001403,2025-07-20,Shipped,Partial,490939
ORD04841,PROJ01776,CUS003742,2025-02-04,Confirmed,paid,261858
ORD04842,PROJ00932,CUS004262,2025-01-08,Confirmed,paid,249410
ORD04843,PROJ02684,CUS000800,2024-12-26,Shipped,paid,370981
ORD04844,PROJ01827,CUS000416,2025-07-28,Cancelled,Pending,76300
ORD04845,PROJ00985,CUS001240,2025-06-16,Confirmed,Paid,342084
ORD04846,PROJ04750,CUS001791,2024-09-22,Delivered,Paid,156219
ORD04847,PROJ03217,CUS002504,2024-11-06,confirmed,Paid,210322
ORD04848,PROJ04915,CUS001048,2025-02-19,confirmed,Pending,389774
ORD04849,PROJ03751,CUS002452,2025-02-05,Shipped,Partial,211587
ORD04850,PROJ04410,CUS004150,2025-05-16,Cancelled,Partial,417581
ORD04851,PROJ01495,CUS001992,2025-03-30,Delivered,Pending,475109
ORD04852,PROJ00768,CUS002486,2024-04-05,Cancelled,paid,446364
ORD04853,PROJ04484,CUS001252,2025-10-03,Delivered,paid,14802
ORD04854,PROJ02054,CUS003009,2025-02-23,Shipped,paid,312068
ORD04855,PROJ04441,CUS001921,2024-09-20,confirmed,paid,306158
ORD04856,PROJ02219,CUS002011,2025-01-07,Cancelled,Paid,202413
ORD04857,PROJ02932,CUS000135,2025-02-10,Delivered,Paid,95038
ORD04858,PROJ04826,CUS000007,2025-03-31,Delivered,Partial,356472
ORD04859,PROJ04406,CUS003160,2025-04-01,Confirmed,paid,308844
ORD04860,PROJ00878,CUS004466,2024-09-18,Confirmed,Paid,418447
ORD04861,PROJ03534,CUS003978,2024-12-19,Confirmed,Pending,189943
ORD04862,PROJ00513,CUS004517,2024-09-20,Delivered,Pending,131419
ORD04863,PROJ02585,CUS001090,2025-06-19,Delivered,Pending,437116
ORD04864,PROJ04875,CUS002212,2024-06-21,Delivered,paid,431488
ORD04865,PROJ04168,CUS000909,2024-08-28,Cancelled,Pending,347364
ORD04866,PROJ00191,CUS003334,2024-09-03,Shipped,Paid,215327
ORD04867,PROJ04260,CUS003252,2024-09-06,Shipped,Partial,77543
ORD04868,PROJ00202,CUS000079,2024-12-23,Cancelled,Partial,145368
ORD04869,PROJ04157,CUS003874,2024-12-27,Delivered,Pending,429091
ORD04870,PROJ00475,CUS002090,2025-02-17,confirmed,paid,341451
ORD04871,PROJ00378,CUS001972,2024-04-20,Delivered,paid,38328
ORD04872,PROJ02168,CUS002893,2025-04-01,Shipped,Pending,338409
ORD04873,PROJ00872,CUS004820,2025-05-18,confirmed,Paid,402436
ORD04874,PROJ02340,CUS002671,2024-09-16,Confirmed,Partial,82376
ORD04875,PROJ02938,CUS004939,2024-10-23,confirmed,Partial,19671
ORD04876,PROJ01373,CUS001347,2025-02-04,Cancelled,Paid,65394
ORD04877,PROJ00875,CUS000527,2024-01-28,Delivered,Partial,423279
ORD04878,PROJ01923,CUS003039,2025-07-23,Shipped,Partial,436704
ORD04879,PROJ03621,CUS001078,2024-02-13,Delivered,Paid,392043
ORD04880,PROJ04177,CUS002160,2024-10-09,Confirmed,Partial,65762
ORD04881,PROJ02878,CUS000751,2025-04-05,Cancelled,Partial,75964
ORD04882,PROJ01824,CUS004436,2024-11-11,confirmed,Pending,179006
ORD04883,PROJ03149,CUS000700,2024-09-01,Shipped,Pending,27968
ORD04884,PROJ02783,CUS003032,2024-12-04,Confirmed,Paid,298728
ORD04885,PROJ04562,CUS003179,2024-10-13,confirmed,Paid,308472
ORD04886,PROJ04419,CUS003900,2025-02-22,Shipped,Pending,356522
ORD04887,PROJ03117,CUS000434,2025-05-01,confirmed,Paid,20135
ORD04888,PROJ01050,CUS003543,2024-09-08,Cancelled,Paid,281597
ORD04889,PROJ03780,CUS003951,2024-02-13,Shipped,Pending,222142
ORD04890,PROJ03073,CUS004159,2024-11-05,confirmed,Partial,497523
ORD04891,PROJ01236,CUS001600,2024-06-24,Cancelled,Partial,19593
ORD04892,PROJ01817,CUS000598,2025-02-18,Confirmed,paid,338810
ORD04893,PROJ01373,CUS001111,2024-09-16,confirmed,Paid,71962
ORD04894,PROJ02935,CUS000061,2024-11-07,Cancelled,Partial,389539
ORD04895,PROJ00510,CUS000651,2024-02-14,Shipped,paid,90287
ORD04896,PROJ01786,CUS001483,2024-11-13,confirmed,Paid,179514
ORD04897,PROJ00336,CUS001138,2025-05-11,Confirmed,Paid,134281
ORD04898,PROJ00576,CUS001033,2025-06-13,confirmed,Paid,94230
ORD04899,PROJ04345,CUS000989,2024-08-07,Cancelled,Partial,35408
ORD04900,PROJ04667,CUS000410,2024-09-26,Shipped,Pending,192444
ORD04901,PROJ02901,CUS000108,2025-06-16,Shipped,paid,123263
ORD04902,PROJ03555,CUS000983,2024-11-27,Cancelled,Pending,181458
ORD04903,PROJ00922,CUS004618,2024-10-23,Confirmed,paid,243416
ORD04904,PROJ01714,CUS003437,2024-06-19,Delivered,Pending,125098
ORD04905,PROJ03040,CUS001914,2024-11-16,Confirmed,Paid,7138
ORD04906,PROJ04710,CUS001981,2024-02-18,Shipped,Pending,242896
ORD04907,PROJ03278,CUS004368,2024-09-28,Cancelled,Paid,294301
ORD04908,PROJ02673,CUS004720,2025-07-14,confirmed,Pending,188374
ORD04909,PROJ04464,CUS003591,2025-04-05,confirmed,Paid,385146
ORD04910,PROJ02791,CUS003180,2025-05-23,Cancelled,Paid,362767
ORD04911,PROJ01933,CUS000946,2025-02-01,Confirmed,Partial,165697
ORD04912,PROJ00960,CUS000665,2024-07-27,Delivered,paid,6049
ORD04913,PROJ03801,CUS001098,2025-04-08,Confirmed,Partial,241223
ORD04914,PROJ02128,CUS002573,2025-01-03,Shipped,Partial,48366
ORD04915,PROJ04739,CUS002736,2024-09-18,Cancelled,paid,184799
ORD04916,PROJ01572,CUS001390,2025-01-07,Cancelled,Pending,458653
ORD04917,PROJ02503,CUS004673,2025-03-05,Confirmed,Paid,45901
ORD04918,PROJ01322,CUS001410,2025-02-08,Cancelled,Pending,31482
ORD04919,PROJ02333,CUS001674,2025-01-09,Cancelled,Pending,476581
ORD04920,PROJ04888,CUS000476,2025-02-06,Confirmed,Pending,267659
ORD04921,PROJ01826,CUS000012,2024-08-11,confirmed,Paid,317320
ORD04922,PROJ01937,CUS001555,2024-04-15,Cancelled,Paid,178635
ORD04923,PROJ04829,CUS000964,2024-10-22,Cancelled,paid,193676
ORD04924,PROJ02079,CUS002443,2025-05-03,Delivered,Paid,163504
ORD04925,PROJ01158,CUS002543,2024-08-11,Delivered,Paid,362598
ORD04926,PROJ03059,CUS003051,2024-11-16,Confirmed,paid,293251
ORD04927,PROJ00951,CUS004684,2025-01-21,Cancelled,Pending,145349
ORD04928,PROJ04985,CUS004407,2024-05-10,Cancelled,Pending,144224
ORD04929,PROJ00243,CUS000936,2025-02-27,Confirmed,Paid,191678
ORD04930,PROJ00347,CUS002687,2025-07-13,Confirmed,Pending,41947
ORD04931,PROJ02597,CUS002341,2025-01-08,Cancelled,Partial,171504
ORD04932,PROJ04428,CUS001591,2024-10-06,Delivered,paid,398461
ORD04933,PROJ03573,CUS003189,2025-04-04,Delivered,Partial,324060
ORD04934,PROJ01534,CUS001324,2024-05-31,Confirmed,Paid,349911
ORD04935,PROJ04450,CUS001169,2024-04-09,confirmed,Paid,374131
ORD04936,PROJ00994,CUS001081,2025-06-22,Shipped,Paid,321797
ORD04937,PROJ04386,CUS003195,2025-02-03,confirmed,Partial,176736
ORD04938,PROJ02337,CUS001634,2025-02-14,confirmed,Partial,204346
ORD04939,PROJ01599,CUS000046,2024-11-22,confirmed,Paid,35369
ORD04940,PROJ04952,CUS000720,2025-08-06,Confirmed,Pending,12810
ORD04941,PROJ04663,CUS004365,2024-06-14,Delivered,Paid,138834
ORD04942,PROJ02943,CUS002955,2025-04-18,Shipped,Pending,367750
ORD04943,PROJ02348,CUS000382,2025-02-01,Cancelled,Partial,467238
ORD04944,PROJ00656,CUS002143,2024-06-15,confirmed,Pending,301238
ORD04945,PROJ01016,CUS004904,2024-08-15,Cancelled,Pending,87024
ORD04946,PROJ04057,CUS001440,2024-11-18,confirmed,Paid,474701
ORD04947,PROJ01732,CUS003339,2024-09-02,Delivered,paid,247347
ORD04948,PROJ04261,CUS000726,2024-12-22,Shipped,Partial,84398
ORD04949,PROJ01575,CUS003537,2024-05-31,Shipped,Partial,484170
ORD04950,PROJ01229,CUS004130,2024-11-02,Cancelled,Partial,459387
ORD04951,PROJ00383,CUS002479,2025-02-15,Confirmed,Paid,71207
ORD04952,PROJ01625,CUS002268,2025-01-24,Delivered,Paid,79961
ORD04953,PROJ03890,CUS003474,2025-06-10,Delivered,Paid,182630
ORD04954,PROJ00847,CUS000045,2025-02-11,confirmed,paid,216775
ORD04955,PROJ00006,CUS001967,2025-02-09,Delivered,paid,466680
ORD04956,PROJ01979,CUS001886,2024-06-03,Delivered,Partial,426791
ORD04957,PROJ01314,CUS003903,2025-02-16,Delivered,Paid,217029
ORD04958,PROJ04129,CUS001473,2024-10-09,Shipped,Paid,190013
ORD04959,PROJ00126,CUS001873,2024-04-03,Confirmed,Pending,262963
ORD04960,PROJ00446,CUS004208,2025-03-04,confirmed,Paid,364437
ORD04961,PROJ03628,CUS001223,2025-01-06,Shipped,Pending,178790
ORD04962,PROJ01918,CUS004891,2024-12-29,Delivered,paid,51044
ORD04963,PROJ03136,CUS004822,2025-04-23,Confirmed,Partial,91098
ORD04964,PROJ02966,CUS004207,2024-10-03,Confirmed,Paid,409105
ORD04965,PROJ01332,CUS001056,2024-12-22,Shipped,Paid,74286
ORD04966,PROJ04022,CUS003149,2024-11-26,confirmed,Pending,401200
ORD04967,PROJ02822,CUS003974,2025-02-13,Confirmed,paid,10559
ORD04968,PROJ01638,CUS004839,2025-03-16,Cancelled,Paid,363184
ORD04969,PROJ04422,CUS000414,2025-01-25,Cancelled,paid,455010
ORD04970,PROJ00080,CUS002404,2024-05-24,confirmed,Pending,24845
ORD04971,PROJ04707,CUS001975,2025-04-12,Cancelled,Partial,23040
ORD04972,PROJ02411,CUS003767,2024-03-30,Cancelled,Pending,263162
ORD04973,PROJ00465,CUS001934,2025-01-25,confirmed,Pending,413158
ORD04974,PROJ04583,CUS003577,2024-12-25,Delivered,Paid,381785
ORD04975,PROJ04407,CUS001039,2025-03-04,Confirmed,Pending,152848
ORD04976,PROJ04906,CUS003693,2024-10-15,confirmed,paid,228831
ORD04977,PROJ02857,CUS003958,2024-09-06,Cancelled,Paid,436162
ORD04978,PROJ04795,CUS004696,2025-03-29,confirmed,Paid,295289
ORD04979,PROJ02070,CUS002777,2024-01-13,Shipped,Pending,305924
ORD04980,PROJ03677,CUS002632,2024-12-19,Confirmed,Paid,254378
ORD04981,PROJ02549,CUS000297,2024-05-28,confirmed,Pending,101864
ORD04982,PROJ01961,CUS003651,2025-01-31,Cancelled,Pending,202669
ORD04983,PROJ00429,CUS004139,2025-02-19,Delivered,paid,190221
ORD04984,PROJ03982,CUS004045,2024-07-04,Shipped,Pending,315829
ORD04985,PROJ03863,CUS004134,2024-02-11,Cancelled,Partial,182123
ORD04986,PROJ00463,CUS004154,2024-08-04,confirmed,Pending,87986
ORD04987,PROJ03136,CUS002583,2025-09-15,confirmed,Pending,161629
ORD04988,PROJ01701,CUS003411,2024-01-29,Cancelled,paid,477662
ORD04989,PROJ03831,CUS000937,2024-09-03,Delivered,Pending,304552
ORD04990,PROJ02465,CUS000117,2024-08-20,Confirmed,paid,453701
ORD04991,PROJ02118,CUS002926,2024-09-28,Shipped,Pending,114851
ORD04992,PROJ04235,CUS000262,2025-01-28,confirmed,Paid,465020
ORD04993,PROJ01869,CUS003153,2024-03-12,Cancelled,Partial,185624
ORD04994,PROJ00419,CUS002255,2024-04-06,Confirmed,Paid,245571
ORD04995,PROJ04690,CUS000501,2024-08-26,Confirmed,Partial,480850
ORD04996,PROJ03319,CUS000152,2025-05-29,Shipped,Pending,473678
ORD04997,PROJ04699,CUS001383,2025-04-25,Shipped,Pending,356874
ORD04998,PROJ03571,CUS004967,2024-04-21,Confirmed,Pending,406276
ORD04999,PROJ04752,CUS001651,2025-01-07,Delivered,Pending,158833
ORD05000,PROJ02802,CUS003968,2024-09-07,Delivered,paid,5102
ORD05001,PROJ01526,CUS000447,2025-03-31,Cancelled,Pending,494682
ORD05002,PROJ01335,CUS000436,2025-03-14,Cancelled,Pending,236159
ORD05003,PROJ03111,CUS000503,2024-06-28,confirmed,Pending,25329
ORD05004,PROJ03218,CUS004094,2025-05-28,Delivered,Partial,104363
ORD05005,PROJ04666,CUS004591,2025-09-05,Confirmed,Pending,152070
ORD05006,PROJ03234,CUS003623,2025-02-20,confirmed,Paid,92985
ORD05007,PROJ03164,CUS002545,2025-02-03,Shipped,paid,226985
ORD05008,PROJ02410,CUS000903,2025-03-06,Cancelled,Pending,82378
ORD05009,PROJ01161,CUS003077,2024-06-20,Cancelled,Partial,114679
ORD05010,PROJ04763,CUS002162,2025-03-21,Cancelled,Paid,463867
ORD05011,PROJ00020,CUS001982,2025-01-19,Shipped,Pending,142203
ORD05012,PROJ01267,CUS001420,2024-10-27,confirmed,Partial,283731
ORD05013,PROJ02554,CUS000474,2025-06-24,Cancelled,Partial,138816
ORD05014,PROJ03804,CUS002404,2024-07-13,Delivered,paid,99031
ORD05015,PROJ03119,CUS004463,2024-08-23,Confirmed,paid,65471
ORD05016,PROJ01793,CUS002170,2025-01-28,Cancelled,Partial,136830
ORD05017,PROJ03721,CUS004432,2024-07-27,Shipped,Paid,246118
ORD05018,PROJ01398,CUS004820,2024-06-05,Confirmed,paid,141847
ORD05019,PROJ01920,CUS000335,2024-02-23,Confirmed,Partial,254009
ORD05020,PROJ01127,CUS002438,2025-08-26,Confirmed,Paid,236091
ORD05021,PROJ00841,CUS003214,2024-12-06,confirmed,Partial,74933
ORD05022,PROJ04313,CUS001346,2024-05-22,Delivered,Paid,190262
ORD05023,PROJ04690,CUS002931,2024-09-07,Cancelled,paid,401669
ORD05024,PROJ00690,CUS004274,2024-06-18,confirmed,Partial,147245
ORD05025,PROJ02314,CUS001739,2024-11-26,Shipped,Paid,323235
ORD05026,PROJ04175,CUS001892,2025-01-01,Shipped,Paid,119618
ORD05027,PROJ03847,CUS000490,2024-12-10,Confirmed,paid,303703
ORD05028,PROJ01402,CUS002038,2025-01-29,confirmed,Partial,497287
ORD05029,PROJ00087,CUS002209,2024-11-15,Delivered,Partial,209698
ORD05030,PROJ02798,CUS003373,2025-01-15,Confirmed,Partial,320548
ORD05031,PROJ02861,CUS001837,2024-08-15,Delivered,Partial,59783
ORD05032,PROJ03406,CUS000031,2024-07-10,Cancelled,Pending,425801
ORD05033,PROJ01999,CUS002420,2024-09-27,Shipped,paid,26380
ORD05034,PROJ02319,CUS003993,2024-12-29,Delivered,Partial,492694
ORD05035,PROJ02512,CUS000701,2025-04-03,Cancelled,Pending,119215
ORD05036,PROJ01001,CUS002361,2024-12-09,Shipped,Paid,365809
ORD05037,PROJ01613,CUS004409,2025-03-17,Confirmed,Partial,17599
ORD05038,PROJ01612,CUS004054,2025-02-13,Cancelled,Pending,432017
ORD05039,PROJ01829,CUS000903,2024-10-13,confirmed,Partial,295260
ORD05040,PROJ04621,CUS003381,2024-10-16,Delivered,Paid,388579
ORD05041,PROJ04028,CUS004840,2024-07-26,Cancelled,Partial,211764
ORD05042,PROJ01081,CUS003064,2025-05-05,Confirmed,Paid,73832
ORD05043,PROJ02487,CUS004199,2024-10-30,Confirmed,Paid,229060
ORD05044,PROJ00121,CUS000075,2025-06-05,confirmed,Pending,343141
ORD05045,PROJ04981,CUS003589,2025-03-17,Shipped,Paid,34665
ORD05046,PROJ03439,CUS003983,2025-01-22,Cancelled,Pending,76645
ORD05047,PROJ04696,CUS004049,2024-08-21,Confirmed,paid,443915
ORD05048,PROJ03094,CUS000608,2024-11-28,Confirmed,Partial,30729
ORD05049,PROJ03147,CUS001445,2024-08-28,Cancelled,Pending,238985
ORD05050,PROJ01743,CUS002788,2024-09-17,Confirmed,Partial,59462
ORD05051,PROJ04305,CUS000297,2024-08-06,Confirmed,Paid,462678
ORD05052,PROJ01798,CUS001853,2024-06-23,Confirmed,Pending,20417
ORD05053,PROJ04859,CUS002946,2024-11-28,Delivered,Partial,220789
ORD05054,PROJ02229,CUS000265,2024-12-23,Cancelled,Pending,248475
ORD05055,PROJ02159,CUS004464,2025-04-01,Confirmed,Partial,46317
ORD05056,PROJ00434,CUS000588,2024-08-29,Delivered,Paid,200097
ORD05057,PROJ03198,CUS000968,2025-04-19,confirmed,Paid,425371
ORD05058,PROJ04267,CUS001187,2024-03-30,Confirmed,Paid,361519
ORD05059,PROJ03993,CUS000255,2025-02-08,Shipped,Pending,440239
ORD05060,PROJ03909,CUS004612,2025-01-18,confirmed,Partial,373752
ORD05061,PROJ01438,CUS001041,2024-04-28,Shipped,paid,184918
ORD05062,PROJ02237,CUS004131,2025-05-12,Cancelled,Partial,55582
ORD05063,PROJ04465,CUS000657,2024-06-27,Shipped,Paid,439649
ORD05064,PROJ02117,CUS002808,2025-09-05,Delivered,Paid,334763
ORD05065,PROJ04340,CUS001242,2025-05-31,Shipped,Paid,162541
ORD05066,PROJ01188,CUS000996,2024-08-13,Shipped,Paid,431964
ORD05067,PROJ00264,CUS002707,2024-11-13,confirmed,Partial,83116
ORD05068,PROJ02762,CUS003836,2025-05-01,Delivered,Pending,473365
ORD05069,PROJ00592,CUS002474,2025-03-11,Cancelled,Pending,268141
ORD05070,PROJ02037,CUS003971,2024-09-15,Confirmed,paid,201011
ORD05071,PROJ03215,CUS002753,2024-09-10,Confirmed,paid,294822
ORD05072,PROJ00709,CUS001089,2024-09-23,Confirmed,Pending,269972
ORD05073,PROJ03287,CUS000235,2025-01-07,Delivered,Pending,122684
ORD05074,PROJ00134,CUS001922,2024-07-09,Delivered,Paid,91517
ORD05075,PROJ03028,CUS004002,2025-03-25,Delivered,Pending,69203
ORD05076,PROJ00558,CUS001968,2024-07-16,Shipped,Pending,117979
ORD05077,PROJ01153,CUS004078,2024-05-03,Delivered,Partial,467224
ORD05078,PROJ02539,CUS000020,2024-06-27,Cancelled,Paid,137553
ORD05079,PROJ03306,CUS001988,2024-08-24,Shipped,Paid,177503
ORD05080,PROJ03552,CUS000273,2025-01-02,confirmed,Paid,28764
ORD05081,PROJ00220,CUS004901,2025-01-22,Delivered,Paid,373641
ORD05082,PROJ01517,CUS001231,2025-02-03,Confirmed,paid,471303
ORD05083,PROJ02935,CUS001774,2024-11-13,Cancelled,Pending,181995
ORD05084,PROJ04136,CUS001950,2025-08-07,confirmed,Partial,334690
ORD05085,PROJ01599,CUS002631,2025-04-02,Confirmed,Paid,123746
ORD05086,PROJ02533,CUS002671,2025-01-07,confirmed,Pending,441371
ORD05087,PROJ01900,CUS004173,2025-04-03,Shipped,Partial,307849
ORD05088,PROJ02518,CUS003728,2025-05-23,Cancelled,paid,469630
ORD05089,PROJ03221,CUS001868,2024-09-19,Shipped,Paid,171471
ORD05090,PROJ01235,CUS002766,2024-12-12,Delivered,Paid,25258
ORD05091,PROJ04786,CUS001862,2025-07-31,Cancelled,Pending,123108
ORD05092,PROJ01047,CUS004963,2025-06-13,Delivered,Pending,275181
ORD05093,PROJ04880,CUS002074,2024-09-28,confirmed,Partial,68810
ORD05094,PROJ04440,CUS002428,2025-06-24,Confirmed,Pending,350308
ORD05095,PROJ03926,CUS002978,2024-12-23,Shipped,Partial,143099
ORD05096,PROJ01619,CUS003218,2025-01-02,Cancelled,Paid,489061
ORD05097,PROJ01446,CUS004169,2025-02-11,Delivered,Partial,483430
ORD05098,PROJ04952,CUS000754,2025-04-21,confirmed,Partial,195230
ORD05099,PROJ01315,CUS002669,2024-10-11,confirmed,Pending,483461
ORD05100,PROJ02228,CUS002402,2025-08-13,Shipped,Paid,498816
ORD05101,PROJ00791,CUS004923,2025-02-23,Shipped,Partial,68032
ORD05102,PROJ01819,CUS002074,2024-08-31,confirmed,Partial,68753
ORD05103,PROJ04810,CUS004957,2024-04-14,Delivered,Paid,469574
ORD05104,PROJ02101,CUS003276,2025-06-07,Shipped,Paid,221228
ORD05105,PROJ02587,CUS004313,2024-09-20,Shipped,Pending,425383
ORD05106,PROJ00924,CUS003903,2024-10-15,Cancelled,paid,178873
ORD05107,PROJ01796,CUS002471,2025-08-08,confirmed,paid,22589
ORD05108,PROJ01754,CUS002896,2024-10-25,Shipped,Partial,80567
ORD05109,PROJ04891,CUS000230,2024-10-03,Shipped,paid,265190
ORD05110,PROJ00614,CUS000649,2025-01-08,Shipped,Paid,41956
ORD05111,PROJ04895,CUS002514,2024-09-22,Shipped,Partial,409054
ORD05112,PROJ03872,CUS000501,2025-02-11,Cancelled,Partial,39709
ORD05113,PROJ01002,CUS000085,2024-04-16,Confirmed,paid,10551
ORD05114,PROJ02475,CUS002844,2024-11-12,Cancelled,Paid,114980
ORD05115,PROJ04495,CUS002756,2024-12-27,Cancelled,Paid,284909
ORD05116,PROJ03402,CUS004454,2024-06-10,Cancelled,Paid,83470
ORD05117,PROJ04452,CUS004835,2025-01-23,Confirmed,Partial,290702
ORD05118,PROJ03341,CUS000975,2025-01-31,confirmed,Paid,404971
ORD05119,PROJ02680,CUS001921,2024-11-04,Delivered,Partial,465654
ORD05120,PROJ01586,CUS000187,2024-05-16,confirmed,Pending,103933
ORD05121,PROJ04868,CUS003143,2025-03-21,confirmed,Pending,303633
ORD05122,PROJ04211,CUS001033,2025-09-11,confirmed,Pending,17789
ORD05123,PROJ02793,CUS002718,2025-01-20,Cancelled,paid,185421
ORD05124,PROJ00668,CUS004370,2025-05-13,Delivered,Paid,120988
ORD05125,PROJ04589,CUS000055,2024-10-10,Shipped,Partial,142271
ORD05126,PROJ02409,CUS002482,2024-06-10,Confirmed,Pending,96651
ORD05127,PROJ00185,CUS000535,2024-08-30,Delivered,paid,352589
ORD05128,PROJ00457,CUS001496,2025-01-02,Delivered,Paid,460961
ORD05129,PROJ03100,CUS003259,2024-10-17,Shipped,Paid,345198
ORD05130,PROJ00006,CUS003765,2024-11-19,Delivered,Pending,346117
ORD05131,PROJ00770,CUS002455,2025-10-28,Delivered,Pending,398544
ORD05132,PROJ04008,CUS001913,2024-04-25,Cancelled,Pending,127715
ORD05133,PROJ04651,CUS001980,2025-10-22,Cancelled,Paid,382147
ORD05134,PROJ02998,CUS000631,2024-04-21,confirmed,Partial,84416
ORD05135,PROJ00877,CUS003689,2025-01-10,Delivered,paid,22105
ORD05136,PROJ04716,CUS002789,2025-02-02,confirmed,Paid,410326
ORD05137,PROJ03314,CUS004964,2025-02-08,Shipped,paid,440803
ORD05138,PROJ01778,CUS001181,2024-07-03,Shipped,paid,174002
ORD05139,PROJ02612,CUS004944,2024-06-02,Delivered,paid,408559
ORD05140,PROJ04705,CUS001838,2025-02-20,Cancelled,Pending,257678
ORD05141,PROJ03143,CUS000382,2024-11-14,confirmed,Partial,445654
ORD05142,PROJ00270,CUS003761,2025-03-06,Delivered,Pending,312183
ORD05143,PROJ03870,CUS002752,2025-01-16,Cancelled,Partial,297148
ORD05144,PROJ04417,CUS000379,2025-01-22,Cancelled,Partial,57648
ORD05145,PROJ00914,CUS002529,2025-05-22,Shipped,Partial,426367
ORD05146,PROJ02878,CUS000807,2025-02-02,confirmed,Paid,466763
ORD05147,PROJ02743,CUS004569,2024-07-14,Delivered,Partial,21072
ORD05148,PROJ02266,CUS002651,2024-07-22,Delivered,Partial,197201
ORD05149,PROJ00748,CUS000893,2025-04-04,Delivered,Pending,95062
ORD05150,PROJ03913,CUS001166,2025-02-15,Confirmed,Pending,490166
ORD05151,PROJ03462,CUS001203,2024-08-22,Shipped,Pending,476133
ORD05152,PROJ02583,CUS000927,2025-06-30,Shipped,Paid,148581
ORD05153,PROJ01417,CUS000950,2024-08-26,Shipped,paid,371886
ORD05154,PROJ01209,CUS003842,2024-08-06,Cancelled,Pending,374719
ORD05155,PROJ01706,CUS001533,2025-03-06,Cancelled,Paid,55876
ORD05156,PROJ01937,CUS003584,2025-04-28,Delivered,Paid,476186
ORD05157,PROJ02208,CUS002603,2024-12-28,Delivered,Partial,6964
ORD05158,PROJ03266,CUS003436,2025-03-18,Confirmed,Partial,175879
ORD05159,PROJ01610,CUS002846,2025-03-03,Confirmed,Paid,179701
ORD05160,PROJ01800,CUS001125,2024-03-21,Confirmed,Pending,157516
ORD05161,PROJ04554,CUS002220,2024-10-11,Delivered,Pending,495717
ORD05162,PROJ01473,CUS002245,2025-03-28,Delivered,Partial,444482
ORD05163,PROJ01346,CUS001985,2024-10-12,Shipped,Paid,80662
ORD05164,PROJ03538,CUS000774,2024-07-27,Confirmed,Pending,312602
ORD05165,PROJ03296,CUS001331,2025-07-01,Cancelled,Pending,242711
ORD05166,PROJ04777,CUS004762,2025-09-19,Shipped,Paid,360516
ORD05167,PROJ03162,CUS003704,2024-05-31,Cancelled,Pending,208589
ORD05168,PROJ03594,CUS004324,2025-07-24,Cancelled,Pending,360933
ORD05169,PROJ02958,CUS002954,2025-05-13,Delivered,Partial,407666
ORD05170,PROJ02078,CUS000978,2024-10-22,Cancelled,paid,102815
ORD05171,PROJ03805,CUS004186,2024-12-22,Delivered,Paid,358916
ORD05172,PROJ04525,CUS003080,2025-03-11,Cancelled,Partial,6207
ORD05173,PROJ00633,CUS003839,2024-09-06,Confirmed,Pending,487905
ORD05174,PROJ00876,CUS004383,2025-02-04,Delivered,Pending,262868
ORD05175,PROJ02635,CUS002186,2024-12-04,Shipped,paid,168801
ORD05176,PROJ03185,CUS004824,2024-10-31,Confirmed,Pending,390383
ORD05177,PROJ03166,CUS002599,2024-11-13,Shipped,Pending,205546
ORD05178,PROJ00045,CUS002397,2024-07-14,Delivered,Paid,201824
ORD05179,PROJ00735,CUS003829,2025-04-23,Cancelled,Pending,306226
ORD05180,PROJ00882,CUS002383,2025-05-21,Cancelled,paid,59114
ORD05181,PROJ02353,CUS003446,2024-10-18,Confirmed,Partial,357408
ORD05182,PROJ02941,CUS002670,2024-07-27,Cancelled,paid,288984
ORD05183,PROJ02849,CUS001939,2025-01-10,Delivered,Paid,64815
ORD05184,PROJ02425,CUS000023,2025-07-19,Delivered,paid,174198
ORD05185,PROJ00358,CUS003781,2024-09-29,Confirmed,Pending,26422
ORD05186,PROJ02157,CUS003528,2025-03-11,Delivered,paid,140378
ORD05187,PROJ00005,CUS004688,2024-11-20,Shipped,Partial,9605
ORD05188,PROJ04716,CUS001254,2024-11-01,Confirmed,paid,176943
ORD05189,PROJ04987,CUS003642,2024-06-13,Cancelled,Pending,139632
ORD05190,PROJ01640,CUS001017,2025-06-09,Cancelled,Pending,425298
ORD05191,PROJ01443,CUS002706,2024-03-22,Cancelled,paid,207481
ORD05192,PROJ03579,CUS002006,2025-09-15,Shipped,paid,147074
ORD05193,PROJ02444,CUS001305,2024-04-05,Delivered,paid,27721
ORD05194,PROJ04719,CUS004184,2024-09-25,Cancelled,Partial,76648
ORD05195,PROJ00795,CUS003016,2025-04-14,Cancelled,Partial,188291
ORD05196,PROJ00658,CUS001828,2025-03-30,Confirmed,paid,57611
ORD05197,PROJ02373,CUS000513,2024-10-31,Delivered,Paid,62660
ORD05198,PROJ03244,CUS003360,2025-04-06,Cancelled,Pending,235420
ORD05199,PROJ04987,CUS001099,2024-06-22,Shipped,Partial,434360
ORD05200,PROJ02546,CUS000487,2024-07-06,Shipped,Pending,404674
ORD05201,PROJ03238,CUS003615,2025-10-20,Shipped,Paid,400118
ORD05202,PROJ00324,CUS000133,2025-06-13,Cancelled,paid,141759
ORD05203,PROJ04758,CUS003175,2024-04-06,Shipped,paid,331045
ORD05204,PROJ04415,CUS004931,2025-01-23,Shipped,paid,191905
ORD05205,PROJ01437,CUS004176,2024-12-05,Shipped,paid,395814
ORD05206,PROJ03961,CUS002725,2024-10-11,confirmed,Paid,178816
ORD05207,PROJ02305,CUS000475,2024-07-15,Shipped,Paid,450641
ORD05208,PROJ04541,CUS002007,2024-07-03,Delivered,Pending,463741
ORD05209,PROJ00484,CUS002712,2024-06-02,Cancelled,paid,458313
ORD05210,PROJ00271,CUS003206,2024-03-05,Confirmed,Partial,363868
ORD05211,PROJ01271,CUS000954,2024-12-17,confirmed,Pending,446936
ORD05212,PROJ00818,CUS003824,2025-04-30,Confirmed,Partial,61916
ORD05213,PROJ02471,CUS003207,2024-02-18,Cancelled,Pending,466824
ORD05214,PROJ02652,CUS001793,2024-11-17,Delivered,Paid,360888
ORD05215,PROJ00441,CUS000979,2025-02-07,confirmed,Pending,483763
ORD05216,PROJ02486,CUS001713,2025-09-14,confirmed,Partial,125514
ORD05217,PROJ01581,CUS000388,2025-08-19,Shipped,Partial,200011
ORD05218,PROJ03342,CUS003744,2024-09-01,Confirmed,paid,120481
ORD05219,PROJ00471,CUS003920,2024-12-27,Delivered,paid,9261
ORD05220,PROJ03051,CUS003770,2025-07-22,Delivered,paid,375596
ORD05221,PROJ00965,CUS002411,2025-03-07,Cancelled,Pending,370315
ORD05222,PROJ00202,CUS000369,2025-02-22,Cancelled,Pending,269958
ORD05223,PROJ00498,CUS000982,2025-02-19,confirmed,Paid,79179
ORD05224,PROJ00283,CUS004648,2025-04-20,confirmed,Paid,283522
ORD05225,PROJ03250,CUS002673,2025-09-26,Shipped,Partial,492185
ORD05226,PROJ01297,CUS004027,2025-02-03,Shipped,Partial,405335
ORD05227,PROJ00286,CUS003047,2025-02-12,Shipped,Paid,152197
ORD05228,PROJ01669,CUS000676,2024-05-28,confirmed,paid,97215
ORD05229,PROJ04310,CUS003243,2025-02-05,Delivered,paid,434829
ORD05230,PROJ00904,CUS004528,2024-12-25,Delivered,paid,269398
ORD05231,PROJ04046,CUS001102,2024-10-28,Shipped,Partial,187510
ORD05232,PROJ02263,CUS002793,2024-05-16,Delivered,Paid,430883
ORD05233,PROJ03591,CUS001934,2024-10-11,Confirmed,paid,329740
ORD05234,PROJ02121,CUS004814,2025-05-28,Delivered,Paid,111153
ORD05235,PROJ01646,CUS003034,2024-12-28,Confirmed,paid,421005
ORD05236,PROJ01693,CUS004685,2024-09-29,Shipped,Pending,75529
ORD05237,PROJ04448,CUS002885,2024-08-27,Confirmed,paid,208756
ORD05238,PROJ02526,CUS000955,2024-11-07,Delivered,Paid,40475
ORD05239,PROJ00509,CUS001406,2024-12-25,Confirmed,Paid,426201
ORD05240,PROJ02038,CUS004794,2025-03-21,confirmed,Partial,168237
ORD05241,PROJ03959,CUS004868,2024-09-27,confirmed,Partial,115226
ORD05242,PROJ02147,CUS003554,2024-06-01,Cancelled,Partial,312558
ORD05243,PROJ02196,CUS004268,2025-01-28,confirmed,Pending,447426
ORD05244,PROJ00801,CUS004644,2024-09-05,Confirmed,Pending,42974
ORD05245,PROJ00212,CUS001309,2025-05-01,Delivered,Partial,421382
ORD05246,PROJ00610,CUS002479,2024-05-04,Confirmed,Partial,290299
ORD05247,PROJ04945,CUS001709,2025-02-05,Cancelled,Paid,47599
ORD05248,PROJ04565,CUS001892,2024-10-09,Shipped,Paid,322789
ORD05249,PROJ02163,CUS003012,2024-12-27,Confirmed,Paid,277793
ORD05250,PROJ00249,CUS004236,2024-11-02,Cancelled,Partial,273827
ORD05251,PROJ00567,CUS001184,2025-07-27,Confirmed,paid,87535
ORD05252,PROJ03818,CUS003895,2024-10-05,Shipped,paid,85647
ORD05253,PROJ00449,CUS000179,2024-05-06,Cancelled,Partial,172319
ORD05254,PROJ00355,CUS004555,2024-05-21,Confirmed,Paid,256297
ORD05255,PROJ00824,CUS003552,2024-08-31,Delivered,paid,420944
ORD05256,PROJ04443,CUS002536,2025-08-15,confirmed,Partial,470076
ORD05257,PROJ03279,CUS000821,2025-05-09,confirmed,Partial,435488
ORD05258,PROJ00482,CUS000893,2024-10-29,Confirmed,Pending,116986
ORD05259,PROJ03421,CUS004358,2025-07-15,confirmed,Paid,464021
ORD05260,PROJ03429,CUS000782,2024-09-14,Confirmed,Pending,156171
ORD05261,PROJ01303,CUS004893,2024-11-16,Shipped,Paid,284460
ORD05262,PROJ04537,CUS001079,2024-10-07,Confirmed,Paid,428443
ORD05263,PROJ01101,CUS004314,2024-09-24,Confirmed,paid,296148
ORD05264,PROJ04563,CUS004659,2024-11-03,Delivered,paid,34091
ORD05265,PROJ01820,CUS003088,2025-05-26,confirmed,Paid,115095
ORD05266,PROJ01090,CUS004702,2024-07-12,Cancelled,Pending,377089
ORD05267,PROJ04839,CUS001210,2025-11-10,Cancelled,Pending,327793
ORD05268,PROJ01281,CUS004748,2025-02-26,confirmed,Pending,374357
ORD05269,PROJ00555,CUS003080,2024-12-20,Confirmed,Partial,266573
ORD05270,PROJ03965,CUS004237,2025-05-10,confirmed,Paid,191446
ORD05271,PROJ01183,CUS004572,2024-06-30,confirmed,paid,490812
ORD05272,PROJ04975,CUS002568,2024-11-27,Delivered,Partial,251380
ORD05273,PROJ04145,CUS003626,2024-07-13,Cancelled,Partial,104398
ORD05274,PROJ04121,CUS000064,2025-05-05,Confirmed,Pending,270308
ORD05275,PROJ03232,CUS001542,2024-09-09,Shipped,paid,409288
ORD05276,PROJ00357,CUS002156,2024-12-12,Shipped,Paid,198497
ORD05277,PROJ03472,CUS002610,2024-05-26,Confirmed,Partial,409173
ORD05278,PROJ03727,CUS001561,2025-05-13,Shipped,paid,474161
ORD05279,PROJ04602,CUS002314,2024-10-04,confirmed,Paid,32410
ORD05280,PROJ00727,CUS002260,2024-12-12,Delivered,paid,157504
ORD05281,PROJ03656,CUS004980,2024-05-21,Confirmed,Paid,71209
ORD05282,PROJ03651,CUS002706,2025-07-05,Confirmed,paid,158572
ORD05283,PROJ01224,CUS000749,2025-03-13,confirmed,Pending,187026
ORD05284,PROJ04629,CUS002850,2025-04-10,Cancelled,Pending,383201
ORD05285,PROJ01747,CUS003503,2024-10-14,Cancelled,Paid,262275
ORD05286,PROJ03678,CUS002225,2025-08-02,Cancelled,Paid,167127
ORD05287,PROJ00097,CUS004766,2025-02-02,Shipped,Partial,399692
ORD05288,PROJ03466,CUS004558,2024-04-17,Confirmed,Paid,388817
ORD05289,PROJ04207,CUS004314,2025-01-31,Delivered,Partial,362286
ORD05290,PROJ00414,CUS000680,2024-02-23,Delivered,Pending,251975
ORD05291,PROJ01811,CUS000689,2024-07-05,Shipped,Partial,192742
ORD05292,PROJ02953,CUS001808,2024-07-18,Confirmed,Pending,133968
ORD05293,PROJ04031,CUS000386,2024-02-27,Shipped,Paid,331786
ORD05294,PROJ02572,CUS002125,2024-06-06,Delivered,Partial,113653
ORD05295,PROJ04820,CUS004129,2025-09-09,Shipped,Pending,232268
ORD05296,PROJ00445,CUS004184,2025-07-27,confirmed,paid,499794
ORD05297,PROJ00806,CUS001240,2024-10-02,Confirmed,Partial,330032
ORD05298,PROJ01771,CUS000068,2025-05-30,Shipped,paid,247193
ORD05299,PROJ02261,CUS002116,2025-01-05,Confirmed,Partial,199340
ORD05300,PROJ00665,CUS004896,2025-04-25,Shipped,Paid,325003
ORD05301,PROJ00856,CUS001979,2024-04-27,confirmed,paid,241201
ORD05302,PROJ03603,CUS003648,2025-05-04,Delivered,Partial,110155
ORD05303,PROJ04658,CUS001133,2024-05-06,confirmed,Paid,136781
ORD05304,PROJ01367,CUS001907,2024-07-15,confirmed,paid,302569
ORD05305,PROJ01534,CUS000842,2024-03-02,Cancelled,paid,206499
ORD05306,PROJ04376,CUS001968,2024-05-09,Cancelled,Partial,499130
ORD05307,PROJ02202,CUS004573,2024-08-16,Shipped,Paid,83784
ORD05308,PROJ01237,CUS000057,2024-09-11,confirmed,Pending,152672
ORD05309,PROJ03094,CUS004060,2024-07-20,Confirmed,paid,373691
ORD05310,PROJ03332,CUS000108,2024-12-05,Confirmed,Partial,71384
ORD05311,PROJ02531,CUS000406,2024-07-15,Delivered,Paid,96159
ORD05312,PROJ01055,CUS000310,2024-09-20,Delivered,Paid,245147
ORD05313,PROJ02573,CUS004622,2024-09-15,Confirmed,Partial,161550
ORD05314,PROJ00991,CUS003086,2025-03-24,Shipped,paid,89768
ORD05315,PROJ04196,CUS000895,2024-06-17,Confirmed,Pending,371815
ORD05316,PROJ04810,CUS002741,2024-02-29,confirmed,Paid,95859
ORD05317,PROJ00524,CUS002267,2025-02-08,Delivered,paid,128901
ORD05318,PROJ01815,CUS001925,2024-12-13,Shipped,paid,249029
ORD05319,PROJ04341,CUS004028,2025-02-08,Confirmed,Partial,233631
ORD05320,PROJ00416,CUS001345,2025-01-24,Shipped,Partial,262975
ORD05321,PROJ03458,CUS002186,2024-11-09,Confirmed,Paid,20265
ORD05322,PROJ00026,CUS002825,2024-08-15,Shipped,Partial,389149
ORD05323,PROJ03866,CUS000531,2024-10-18,Shipped,Paid,215032
ORD05324,PROJ02024,CUS002080,2025-06-17,Confirmed,Partial,238612
ORD05325,PROJ01250,CUS003173,2025-03-19,confirmed,paid,88381
ORD05326,PROJ01709,CUS003594,2024-09-16,Cancelled,paid,66795
ORD05327,PROJ01678,CUS000972,2024-09-29,Confirmed,Partial,220425
ORD05328,PROJ01722,CUS003717,2024-11-08,Delivered,Pending,485879
ORD05329,PROJ00420,CUS000098,2024-02-03,Delivered,Partial,46448
ORD05330,PROJ01707,CUS002303,2025-06-29,confirmed,Paid,224331
ORD05331,PROJ02485,CUS000250,2025-01-08,Shipped,paid,100811
ORD05332,PROJ04898,CUS004672,2024-11-06,Shipped,Pending,177587
ORD05333,PROJ02302,CUS000841,2024-11-04,Cancelled,Partial,125170
ORD05334,PROJ04575,CUS001829,2024-12-24,Cancelled,paid,89297
ORD05335,PROJ03624,CUS002192,2024-10-19,Delivered,paid,42117
ORD05336,PROJ02535,CUS004991,2024-06-03,Shipped,Paid,363567
ORD05337,PROJ01620,CUS003865,2024-05-13,Delivered,paid,55733
ORD05338,PROJ02883,CUS000356,2025-01-14,Delivered,Paid,147226
ORD05339,PROJ01173,CUS004564,2025-06-11,Shipped,paid,140472
ORD05340,PROJ00045,CUS001076,2024-07-07,Shipped,paid,60661
ORD05341,PROJ04468,CUS004459,2024-05-09,Cancelled,Paid,182982
ORD05342,PROJ01551,CUS001738,2024-11-19,Shipped,Partial,71856
ORD05343,PROJ00507,CUS001032,2024-11-07,Confirmed,Paid,474024
ORD05344,PROJ00299,CUS003361,2025-01-27,Cancelled,Pending,449520
ORD05345,PROJ00744,CUS000001,2024-10-25,confirmed,Partial,314384
ORD05346,PROJ03924,CUS004729,2024-12-15,confirmed,Partial,61777
ORD05347,PROJ01863,CUS001012,2025-05-06,confirmed,Partial,360580
ORD05348,PROJ01488,CUS002444,2025-02-17,Shipped,Paid,453236
ORD05349,PROJ01969,CUS002738,2024-12-06,Cancelled,Partial,353116
ORD05350,PROJ04571,CUS001737,2025-04-13,Delivered,Pending,209661
ORD05351,PROJ00163,CUS002337,2025-06-11,Confirmed,paid,292998
ORD05352,PROJ00811,CUS000337,2024-04-04,confirmed,Paid,192688
ORD05353,PROJ02443,CUS001112,2024-09-28,Shipped,paid,332695
ORD05354,PROJ02457,CUS001060,2024-07-06,Delivered,Paid,427909
ORD05355,PROJ03760,CUS000170,2025-03-09,confirmed,Partial,403134
ORD05356,PROJ01300,CUS000944,2025-07-02,Delivered,Pending,378315
ORD05357,PROJ02357,CUS003980,2024-11-01,confirmed,Paid,27150
ORD05358,PROJ00193,CUS001079,2025-02-21,confirmed,Pending,475516
ORD05359,PROJ00161,CUS004973,2024-11-08,Delivered,Paid,384157
ORD05360,PROJ04100,CUS002304,2024-12-13,Delivered,Partial,434324
ORD05361,PROJ01817,CUS004268,2025-11-08,Cancelled,paid,46711
ORD05362,PROJ01468,CUS001043,2025-02-24,Shipped,Paid,159895
ORD05363,PROJ00130,CUS001830,2025-01-27,Cancelled,Paid,455695
ORD05364,PROJ04884,CUS002500,2024-11-20,Confirmed,Pending,476186
ORD05365,PROJ01415,CUS003781,2025-03-13,Shipped,Pending,393711
ORD05366,PROJ03151,CUS004701,2024-10-16,Confirmed,Paid,281464
ORD05367,PROJ01328,CUS003908,2025-06-07,confirmed,Paid,413363
ORD05368,PROJ04982,CUS000773,2025-07-30,Cancelled,Pending,168582
ORD05369,PROJ01393,CUS004973,2025-04-04,Shipped,Partial,191580
ORD05370,PROJ02798,CUS001239,2025-05-05,confirmed,Partial,259921
ORD05371,PROJ04487,CUS001312,2025-05-14,Confirmed,Pending,436999
ORD05372,PROJ02030,CUS004663,2025-08-10,Cancelled,Paid,362880
ORD05373,PROJ00051,CUS002250,2025-04-20,Confirmed,paid,444805
ORD05374,PROJ00729,CUS001374,2024-12-15,Delivered,Paid,180459
ORD05375,PROJ02386,CUS000316,2025-02-21,Cancelled,Partial,420533
ORD05376,PROJ01177,CUS004423,2024-06-12,Cancelled,Partial,303991
ORD05377,PROJ03178,CUS001321,2025-02-14,Delivered,Pending,242483
ORD05378,PROJ04738,CUS003703,2024-08-08,confirmed,Pending,117601
ORD05379,PROJ00466,CUS001321,2025-02-12,Confirmed,Partial,279487
ORD05380,PROJ03909,CUS004000,2024-10-01,confirmed,paid,108609
ORD05381,PROJ04031,CUS003329,2024-05-26,Delivered,Partial,263087
ORD05382,PROJ02227,CUS003374,2024-11-10,confirmed,Partial,175415
ORD05383,PROJ04992,CUS003258,2024-10-23,Confirmed,paid,202118
ORD05384,PROJ02721,CUS001406,2025-05-03,Confirmed,Partial,12358
ORD05385,PROJ02064,CUS003224,2025-02-23,Cancelled,Pending,343945
ORD05386,PROJ00421,CUS000263,2025-01-05,Confirmed,Pending,350694
ORD05387,PROJ04294,CUS003727,2024-01-29,Cancelled,Partial,297578
ORD05388,PROJ01900,CUS002337,2024-12-10,Shipped,Pending,66146
ORD05389,PROJ02625,CUS000053,2024-09-22,Delivered,Pending,43157
ORD05390,PROJ04394,CUS002981,2025-03-10,Confirmed,paid,416835
ORD05391,PROJ02122,CUS001386,2024-11-28,Shipped,Paid,332511
ORD05392,PROJ01579,CUS000308,2025-01-29,Cancelled,Paid,37936
ORD05393,PROJ01170,CUS004794,2024-05-30,Shipped,paid,209431
ORD05394,PROJ01320,CUS003454,2024-02-28,Delivered,Pending,89186
ORD05395,PROJ04807,CUS002994,2024-09-19,Shipped,Pending,302645
ORD05396,PROJ00144,CUS004245,2024-07-07,Confirmed,paid,371624
ORD05397,PROJ04600,CUS003713,2025-03-17,Cancelled,paid,169655
ORD05398,PROJ01279,CUS004545,2025-02-09,Cancelled,Paid,373471
ORD05399,PROJ00428,CUS003216,2025-05-22,Shipped,Pending,303445
ORD05400,PROJ04235,CUS001721,2025-01-21,Cancelled,Partial,147560
ORD05401,PROJ02228,CUS002021,2024-08-23,confirmed,Paid,133675
ORD05402,PROJ04291,CUS002254,2024-06-12,confirmed,paid,413926
ORD05403,PROJ02952,CUS000874,2024-09-25,confirmed,Partial,383240
ORD05404,PROJ04540,CUS000087,2024-04-14,Confirmed,paid,456321
ORD05405,PROJ01918,CUS000554,2024-07-18,Delivered,Pending,174630
ORD05406,PROJ03854,CUS004613,2025-04-15,Shipped,paid,266169
ORD05407,PROJ00258,CUS000092,2025-03-08,confirmed,paid,421531
ORD05408,PROJ04238,CUS001141,2025-01-11,confirmed,paid,111801
ORD05409,PROJ03465,CUS000441,2024-12-03,Confirmed,Pending,18104
ORD05410,PROJ01026,CUS001265,2025-01-15,Confirmed,Pending,162061
ORD05411,PROJ04047,CUS003857,2024-04-13,confirmed,Paid,19280
ORD05412,PROJ04345,CUS002026,2024-10-11,Cancelled,Partial,77800
ORD05413,PROJ03840,CUS004030,2024-02-19,Cancelled,paid,442147
ORD05414,PROJ04142,CUS003667,2024-05-30,Delivered,Pending,362961
ORD05415,PROJ02813,CUS001300,2024-05-12,Cancelled,Partial,277222
ORD05416,PROJ01722,CUS002045,2025-08-28,Confirmed,Pending,58704
ORD05417,PROJ02190,CUS004540,2024-01-15,Delivered,Pending,178444
ORD05418,PROJ04946,CUS000158,2025-04-15,Delivered,Pending,426760
ORD05419,PROJ02819,CUS001185,2024-06-28,Cancelled,Pending,412978
ORD05420,PROJ04615,CUS002905,2024-12-09,Cancelled,paid,327041
ORD05421,PROJ03257,CUS003439,2024-10-30,Confirmed,Partial,95807
ORD05422,PROJ00980,CUS002243,2025-06-16,Delivered,paid,289242
ORD05423,PROJ01539,CUS002672,2024-11-01,Delivered,Pending,108338
ORD05424,PROJ00722,CUS002164,2025-06-04,Cancelled,Pending,443844
ORD05425,PROJ04734,CUS000416,2025-05-12,Shipped,Pending,100491
ORD05426,PROJ04295,CUS003958,2025-05-07,Delivered,paid,249782
ORD05427,PROJ00251,CUS001277,2024-12-08,Shipped,Partial,372395
ORD05428,PROJ04282,CUS004723,2024-12-02,Delivered,paid,462665
ORD05429,PROJ04614,CUS001368,2025-03-09,Shipped,Paid,267720
ORD05430,PROJ04668,CUS003637,2024-11-05,Shipped,paid,400034
ORD05431,PROJ01768,CUS004850,2025-04-29,confirmed,Partial,52373
ORD05432,PROJ03136,CUS001040,2025-08-07,Cancelled,Pending,336305
ORD05433,PROJ02513,CUS000965,2024-12-30,Shipped,Pending,390964
ORD05434,PROJ01350,CUS002783,2024-02-19,Cancelled,Paid,221893
ORD05435,PROJ00066,CUS001061,2024-06-23,Confirmed,Pending,468238
ORD05436,PROJ04415,CUS001294,2024-12-20,Shipped,Pending,87380
ORD05437,PROJ03702,CUS004478,2024-04-02,Delivered,Pending,424838
ORD05438,PROJ00932,CUS003247,2025-01-11,Delivered,paid,243460
ORD05439,PROJ02937,CUS003626,2025-11-03,confirmed,Paid,267896
ORD05440,PROJ03244,CUS000983,2025-02-25,Confirmed,Partial,196657
ORD05441,PROJ02008,CUS000686,2025-11-17,Cancelled,Paid,175941
ORD05442,PROJ02107,CUS004676,2024-09-18,Cancelled,Paid,327969
ORD05443,PROJ04868,CUS004229,2024-10-06,Confirmed,paid,174606
ORD05444,PROJ03200,CUS004800,2025-11-05,Confirmed,Pending,274056
ORD05445,PROJ00381,CUS004680,2024-11-18,Shipped,Pending,130415
ORD05446,PROJ02255,CUS004897,2025-01-06,Cancelled,Pending,496849
ORD05447,PROJ00042,CUS001439,2025-03-21,Cancelled,Paid,41437
ORD05448,PROJ00115,CUS002835,2024-05-26,Delivered,paid,376075
ORD05449,PROJ01351,CUS000404,2024-07-09,Shipped,Paid,46084
ORD05450,PROJ01961,CUS003348,2025-02-24,Delivered,Paid,177351
ORD05451,PROJ01097,CUS004215,2024-09-22,Cancelled,Partial,124533
ORD05452,PROJ01656,CUS004422,2025-06-01,Confirmed,Pending,313563
ORD05453,PROJ01484,CUS002434,2025-01-01,confirmed,Partial,340797
ORD05454,PROJ02068,CUS004812,2025-07-07,confirmed,Pending,421398
ORD05455,PROJ03918,CUS000858,2024-10-21,Delivered,Partial,485324
ORD05456,PROJ00712,CUS004873,2024-04-24,Confirmed,Paid,447558
ORD05457,PROJ02015,CUS004405,2024-03-19,Confirmed,Partial,197316
ORD05458,PROJ01075,CUS002610,2025-03-06,Cancelled,Paid,15480
ORD05459,PROJ00263,CUS000005,2025-07-24,confirmed,Pending,483334
ORD05460,PROJ01818,CUS000738,2024-06-20,Shipped,Partial,354710
ORD05461,PROJ02347,CUS004858,2025-06-19,Cancelled,paid,81444
ORD05462,PROJ01440,CUS001990,2024-09-15,Confirmed,Pending,243050
ORD05463,PROJ04165,CUS000187,2024-11-09,Delivered,Partial,288673
ORD05464,PROJ04023,CUS001656,2025-01-02,Cancelled,Partial,271151
ORD05465,PROJ01395,CUS001241,2024-06-15,confirmed,paid,131976
ORD05466,PROJ03403,CUS001642,2024-11-09,Cancelled,paid,150343
ORD05467,PROJ00603,CUS001634,2024-11-14,confirmed,Paid,84376
ORD05468,PROJ02957,CUS004351,2024-08-18,Cancelled,Partial,72324
ORD05469,PROJ03529,CUS000227,2024-11-11,confirmed,Pending,93011
ORD05470,PROJ00435,CUS003713,2025-06-17,Confirmed,Paid,183213
ORD05471,PROJ04767,CUS001041,2024-10-27,Confirmed,paid,143247
ORD05472,PROJ04790,CUS001548,2025-06-22,Delivered,Pending,419786
ORD05473,PROJ04988,CUS002852,2025-04-17,confirmed,Partial,141128
ORD05474,PROJ00242,CUS003896,2025-05-11,Cancelled,Paid,15300
ORD05475,PROJ04280,CUS003929,2024-12-23,confirmed,paid,470889
ORD05476,PROJ00394,CUS003932,2025-01-10,Shipped,Pending,458679
ORD05477,PROJ01748,CUS001194,2025-01-12,confirmed,Partial,220255
ORD05478,PROJ03754,CUS001483,2025-01-11,confirmed,Paid,294535
ORD05479,PROJ01381,CUS004907,2024-04-09,Shipped,Partial,213837
ORD05480,PROJ00583,CUS001822,2024-11-11,Shipped,Paid,396023
ORD05481,PROJ01415,CUS003972,2025-07-28,Delivered,Partial,38734
ORD05482,PROJ01112,CUS001817,2024-11-09,confirmed,paid,179328
ORD05483,PROJ03260,CUS000006,2025-03-25,Delivered,Pending,121398
ORD05484,PROJ04577,CUS001226,2024-12-24,Shipped,Paid,458754
ORD05485,PROJ02602,CUS000650,2024-12-02,Delivered,paid,180492
ORD05486,PROJ01241,CUS002133,2024-07-19,Delivered,Partial,387155
ORD05487,PROJ02638,CUS004286,2024-10-04,Shipped,paid,142089
ORD05488,PROJ01089,CUS004703,2024-11-11,Confirmed,Pending,306680
ORD05489,PROJ03008,CUS000390,2024-09-30,Confirmed,paid,460064
ORD05490,PROJ04926,CUS003357,2025-07-06,Confirmed,Partial,415056
ORD05491,PROJ00568,CUS003432,2025-01-05,confirmed,paid,139958
ORD05492,PROJ03241,CUS004688,2024-08-29,Shipped,paid,425688
ORD05493,PROJ03895,CUS001794,2024-07-08,Confirmed,paid,357760
ORD05494,PROJ02596,CUS003177,2024-05-10,confirmed,paid,286201
ORD05495,PROJ03385,CUS001682,2024-11-21,Delivered,Partial,447947
ORD05496,PROJ02342,CUS004812,2025-07-20,Confirmed,paid,480934
ORD05497,PROJ00835,CUS003530,2024-10-28,Confirmed,Paid,429609
ORD05498,PROJ02080,CUS000586,2024-08-12,Shipped,Partial,489892
ORD05499,PROJ00286,CUS002526,2024-06-22,Delivered,Partial,256727
ORD05500,PROJ00398,CUS000726,2024-11-15,Cancelled,Pending,16806
ORD05501,PROJ02355,CUS002793,2024-07-18,Cancelled,Paid,299666
ORD05502,PROJ00773,CUS002758,2024-05-09,Confirmed,Paid,71743
ORD05503,PROJ01169,CUS002319,2025-02-22,Delivered,Paid,161841
ORD05504,PROJ01997,CUS000484,2024-12-22,Confirmed,Partial,323471
ORD05505,PROJ03108,CUS002875,2024-12-04,Delivered,paid,306464
ORD05506,PROJ00832,CUS003519,2024-07-20,Cancelled,Paid,139157
ORD05507,PROJ03386,CUS004363,2024-03-29,Confirmed,Paid,39935
ORD05508,PROJ04641,CUS001964,2024-04-17,confirmed,paid,20042
ORD05509,PROJ00466,CUS004051,2024-12-14,Delivered,Paid,5028
ORD05510,PROJ04823,CUS003034,2025-06-15,confirmed,Paid,208146
ORD05511,PROJ00635,CUS002916,2025-04-14,Confirmed,Pending,485269
ORD05512,PROJ01498,CUS004781,2025-04-03,Cancelled,Partial,292798
ORD05513,PROJ01889,CUS004473,2025-11-13,Delivered,Paid,101716
ORD05514,PROJ04237,CUS004007,2024-08-23,Delivered,Pending,376250
ORD05515,PROJ04629,CUS004403,2025-02-20,Shipped,Paid,178876
ORD05516,PROJ04708,CUS003978,2024-12-19,Shipped,paid,351679
ORD05517,PROJ01023,CUS003586,2024-11-28,confirmed,Paid,119127
ORD05518,PROJ01623,CUS000629,2024-11-02,Cancelled,Paid,40974
ORD05519,PROJ00035,CUS002197,2024-12-15,Cancelled,Pending,33405
ORD05520,PROJ04403,CUS004233,2024-05-10,confirmed,Paid,188457
ORD05521,PROJ00873,CUS004089,2024-02-29,Shipped,Pending,314378
ORD05522,PROJ00681,CUS003754,2025-03-16,Shipped,Partial,440941
ORD05523,PROJ03127,CUS004872,2025-02-02,Cancelled,paid,457038
ORD05524,PROJ04114,CUS001392,2025-02-16,Confirmed,Pending,31886
ORD05525,PROJ00962,CUS000090,2025-09-21,Delivered,Pending,163424
ORD05526,PROJ00362,CUS002952,2024-12-19,Cancelled,Pending,10629
ORD05527,PROJ03909,CUS001060,2025-01-21,Shipped,Paid,37696
ORD05528,PROJ03703,CUS002318,2025-04-28,Cancelled,paid,301484
ORD05529,PROJ04345,CUS000587,2024-09-21,Confirmed,paid,71378
ORD05530,PROJ02680,CUS001714,2024-11-25,Confirmed,Partial,263935
ORD05531,PROJ00815,CUS003355,2024-11-03,Cancelled,paid,217577
ORD05532,PROJ03064,CUS004801,2024-12-06,Delivered,Paid,343411
ORD05533,PROJ04681,CUS002078,2024-07-04,Shipped,paid,284504
ORD05534,PROJ02547,CUS000009,2025-02-25,Cancelled,Partial,302009
ORD05535,PROJ00288,CUS003744,2024-07-08,Cancelled,Paid,184847
ORD05536,PROJ01383,CUS004165,2025-01-14,confirmed,Paid,395982
ORD05537,PROJ03662,CUS001904,2024-12-17,Shipped,Partial,238922
ORD05538,PROJ04837,CUS001598,2024-06-15,Shipped,Partial,177707
ORD05539,PROJ02518,CUS001916,2025-10-20,confirmed,Paid,274725
ORD05540,PROJ00553,CUS002455,2024-08-18,Shipped,Partial,32462
ORD05541,PROJ03646,CUS004902,2024-09-22,confirmed,Partial,170805
ORD05542,PROJ04914,CUS004191,2025-05-19,Cancelled,Paid,284783
ORD05543,PROJ01463,CUS001225,2024-11-24,Confirmed,Partial,70007
ORD05544,PROJ02247,CUS003281,2024-09-23,confirmed,Pending,394196
ORD05545,PROJ02925,CUS004190,2024-09-18,Cancelled,paid,244885
ORD05546,PROJ04488,CUS003262,2025-02-06,Confirmed,paid,132134
ORD05547,PROJ00270,CUS002353,2025-06-02,Confirmed,Partial,417009
ORD05548,PROJ02883,CUS004973,2025-02-13,Cancelled,Partial,323467
ORD05549,PROJ03866,CUS003035,2025-03-29,confirmed,Pending,419880
ORD05550,PROJ02566,CUS001973,2024-07-01,Shipped,Pending,405142
ORD05551,PROJ04827,CUS003814,2025-06-03,Cancelled,paid,159152
ORD05552,PROJ03036,CUS004879,2025-06-02,Confirmed,Partial,38914
ORD05553,PROJ03870,CUS003636,2025-07-10,Delivered,Partial,488065
ORD05554,PROJ01297,CUS004201,2024-07-07,confirmed,Paid,116961
ORD05555,PROJ01917,CUS004714,2025-03-21,Confirmed,Partial,62192
ORD05556,PROJ02094,CUS002192,2024-08-13,Delivered,paid,143666
ORD05557,PROJ03533,CUS000470,2024-11-28,Delivered,paid,358284
ORD05558,PROJ02785,CUS001750,2025-03-08,confirmed,Partial,401523
ORD05559,PROJ02950,CUS004486,2024-02-29,Shipped,Partial,176825
ORD05560,PROJ02615,CUS003048,2025-04-15,Confirmed,paid,320061
ORD05561,PROJ04473,CUS001791,2025-04-02,Delivered,Paid,310853
ORD05562,PROJ00064,CUS003198,2024-12-25,confirmed,Pending,409586
ORD05563,PROJ00898,CUS001138,2025-03-10,Confirmed,Paid,58392
ORD05564,PROJ03110,CUS000293,2025-11-13,Delivered,Partial,158178
ORD05565,PROJ02041,CUS000710,2025-07-29,Delivered,Pending,6515
ORD05566,PROJ01717,CUS001188,2024-12-14,Confirmed,Paid,14510
ORD05567,PROJ02066,CUS001618,2025-07-14,Cancelled,Paid,185948
ORD05568,PROJ02986,CUS002176,2024-10-18,confirmed,Paid,380289
ORD05569,PROJ02743,CUS001714,2024-08-06,confirmed,Paid,384258
ORD05570,PROJ01077,CUS003541,2024-04-07,Confirmed,paid,461214
ORD05571,PROJ04558,CUS001830,2025-05-30,Cancelled,Partial,270674
ORD05572,PROJ03368,CUS002901,2025-04-23,confirmed,Pending,428082
ORD05573,PROJ04766,CUS001678,2025-11-03,Confirmed,Paid,402249
ORD05574,PROJ03422,CUS003401,2025-06-02,Confirmed,Partial,365532
ORD05575,PROJ01771,CUS003844,2025-07-17,Delivered,Pending,244973
ORD05576,PROJ04256,CUS002653,2025-03-19,Confirmed,paid,49062
ORD05577,PROJ02142,CUS002031,2025-07-08,Delivered,Pending,412236
ORD05578,PROJ03205,CUS000339,2025-02-27,Cancelled,Partial,83975
ORD05579,PROJ03751,CUS004293,2024-08-03,Confirmed,paid,402792
ORD05580,PROJ01376,CUS000466,2024-10-31,Confirmed,Pending,486497
ORD05581,PROJ04971,CUS003282,2024-07-09,Delivered,Partial,115871
ORD05582,PROJ03925,CUS003596,2024-05-30,Shipped,Paid,177237
ORD05583,PROJ02168,CUS000843,2025-01-09,Cancelled,paid,452778
ORD05584,PROJ03218,CUS000329,2025-07-01,confirmed,Paid,284736
ORD05585,PROJ00254,CUS003858,2024-05-27,Shipped,Pending,85297
ORD05586,PROJ00417,CUS002343,2025-01-08,Confirmed,Partial,424780
ORD05587,PROJ00960,CUS004767,2025-01-28,Shipped,Paid,256255
ORD05588,PROJ03840,CUS000906,2024-05-13,Shipped,Partial,432229
ORD05589,PROJ02269,CUS002982,2024-04-16,Delivered,Paid,161888
ORD05590,PROJ04053,CUS000250,2024-06-28,confirmed,Paid,183623
ORD05591,PROJ00817,CUS000648,2024-07-11,Shipped,Partial,341703
ORD05592,PROJ04231,CUS002219,2024-11-25,Shipped,Paid,12561
ORD05593,PROJ01155,CUS003365,2024-07-30,Delivered,paid,11478
ORD05594,PROJ02801,CUS003383,2024-09-05,confirmed,Pending,204762
ORD05595,PROJ00131,CUS000932,2025-06-29,Cancelled,Pending,162294
ORD05596,PROJ04022,CUS004342,2024-08-18,Confirmed,Partial,268912
ORD05597,PROJ00150,CUS002846,2024-01-01,Confirmed,Partial,304498
ORD05598,PROJ01777,CUS003854,2024-11-30,Confirmed,Paid,285144
ORD05599,PROJ04882,CUS002093,2024-11-27,Shipped,Pending,333901
ORD05600,PROJ01739,CUS003407,2025-08-01,Cancelled,Pending,328555
ORD05601,PROJ03388,CUS001402,2024-10-25,confirmed,Pending,391535
ORD05602,PROJ03017,CUS001155,2024-10-19,Confirmed,paid,363505
ORD05603,PROJ04062,CUS000980,2024-11-16,confirmed,Partial,55047
ORD05604,PROJ04891,CUS002169,2025-02-13,confirmed,Partial,329121
ORD05605,PROJ02413,CUS002166,2024-08-11,Cancelled,Paid,46035
ORD05606,PROJ04634,CUS000378,2024-09-02,Confirmed,paid,231064
ORD05607,PROJ00896,CUS001382,2025-07-19,Shipped,paid,78140
ORD05608,PROJ04152,CUS001251,2024-10-31,Confirmed,Pending,115730
ORD05609,PROJ02685,CUS002827,2025-01-11,Delivered,Paid,49804
ORD05610,PROJ01532,CUS002722,2024-12-31,Cancelled,Partial,352052
ORD05611,PROJ00361,CUS002422,2025-05-13,Confirmed,Partial,438706
ORD05612,PROJ03626,CUS003910,2025-01-09,Shipped,Partial,424806
ORD05613,PROJ03934,CUS004086,2025-01-27,confirmed,Pending,13304
ORD05614,PROJ03673,CUS004551,2025-01-20,Shipped,Pending,154513
ORD05615,PROJ02212,CUS004655,2024-12-07,Delivered,Partial,306322
ORD05616,PROJ04864,CUS004718,2024-12-31,Cancelled,Partial,97891
ORD05617,PROJ03840,CUS004426,2024-03-22,Shipped,Pending,88897
ORD05618,PROJ01144,CUS003499,2024-10-22,confirmed,Pending,371657
ORD05619,PROJ01972,CUS003824,2024-12-04,Confirmed,Pending,203849
ORD05620,PROJ04568,CUS000418,2024-08-25,Confirmed,Pending,98591
ORD05621,PROJ04178,CUS000171,2024-12-19,Confirmed,Paid,458553
ORD05622,PROJ03138,CUS000412,2025-07-04,Shipped,Partial,490044
ORD05623,PROJ03230,CUS004437,2025-03-15,Confirmed,Pending,382696
ORD05624,PROJ02487,CUS000013,2024-12-18,Cancelled,paid,155333
ORD05625,PROJ02838,CUS003961,2024-07-09,confirmed,Partial,391508
ORD05626,PROJ00387,CUS003098,2025-08-18,Shipped,Pending,439020
ORD05627,PROJ00360,CUS001479,2024-03-28,Confirmed,Pending,38143
ORD05628,PROJ03186,CUS004533,2024-11-22,Confirmed,paid,280151
ORD05629,PROJ00691,CUS003859,2025-02-15,Confirmed,Paid,324099
ORD05630,PROJ01767,CUS003295,2024-05-29,Shipped,Partial,287781
ORD05631,PROJ00789,CUS000143,2024-08-19,Delivered,Pending,183477
ORD05632,PROJ03179,CUS003088,2025-06-21,Delivered,paid,67116
ORD05633,PROJ03007,CUS002728,2024-12-18,Cancelled,Pending,438645
ORD05634,PROJ00813,CUS004646,2024-10-08,Delivered,paid,396661
ORD05635,PROJ00671,CUS000909,2025-02-17,confirmed,paid,78456
ORD05636,PROJ03294,CUS004572,2025-01-23,Delivered,Paid,430056
ORD05637,PROJ00209,CUS001004,2024-08-08,Delivered,Partial,264875
ORD05638,PROJ03334,CUS003307,2025-01-29,confirmed,Pending,331688
ORD05639,PROJ00654,CUS000008,2025-02-22,Shipped,paid,180263
ORD05640,PROJ04007,CUS004840,2024-05-23,Delivered,Pending,394370
ORD05641,PROJ01017,CUS002643,2024-11-19,Shipped,Partial,95549
ORD05642,PROJ01031,CUS002895,2025-01-05,confirmed,paid,175616
ORD05643,PROJ03365,CUS002845,2024-08-09,Confirmed,Pending,11258
ORD05644,PROJ03051,CUS002182,2025-03-01,Confirmed,paid,336921
ORD05645,PROJ04592,CUS000940,2024-06-10,confirmed,Partial,292518
ORD05646,PROJ00880,CUS002480,2024-12-13,Cancelled,Partial,228174
ORD05647,PROJ00535,CUS001957,2025-10-12,Confirmed,Paid,242187
ORD05648,PROJ03478,CUS003792,2025-01-30,Confirmed,paid,309807
ORD05649,PROJ02411,CUS004650,2024-05-11,confirmed,Paid,363962
ORD05650,PROJ03513,CUS000612,2024-10-31,Cancelled,paid,477451
ORD05651,PROJ00243,CUS000285,2024-10-25,Shipped,paid,7514
ORD05652,PROJ00227,CUS001618,2024-07-16,Confirmed,Pending,175070
ORD05653,PROJ00034,CUS001886,2024-09-02,Cancelled,Pending,299344
ORD05654,PROJ02672,CUS004177,2025-03-29,Delivered,Paid,482156
ORD05655,PROJ03673,CUS004886,2024-08-12,confirmed,Pending,214790
ORD05656,PROJ00903,CUS001284,2025-01-01,confirmed,Partial,266479
ORD05657,PROJ01554,CUS002670,2025-06-11,confirmed,Partial,97630
ORD05658,PROJ00685,CUS002812,2024-10-05,Cancelled,Pending,14933
ORD05659,PROJ02182,CUS004560,2025-01-08,confirmed,paid,93293
ORD05660,PROJ02378,CUS003411,2025-01-28,Shipped,Paid,110244
ORD05661,PROJ04790,CUS002543,2025-04-24,confirmed,Paid,470525
ORD05662,PROJ02252,CUS002599,2025-01-01,confirmed,paid,425378
ORD05663,PROJ04321,CUS000310,2024-07-26,Shipped,Partial,52951
ORD05664,PROJ04346,CUS002266,2024-10-06,confirmed,Pending,299607
ORD05665,PROJ01121,CUS000854,2025-01-03,Confirmed,paid,275432
ORD05666,PROJ02955,CUS000397,2025-04-20,Delivered,paid,202317
ORD05667,PROJ01877,CUS002740,2024-09-15,Confirmed,Paid,289462
ORD05668,PROJ04711,CUS004044,2025-05-15,Shipped,paid,249713
ORD05669,PROJ02954,CUS002186,2025-07-06,Confirmed,Pending,342201
ORD05670,PROJ00568,CUS002492,2025-01-11,Delivered,Partial,390101
ORD05671,PROJ00568,CUS002147,2024-12-30,confirmed,Pending,193836
ORD05672,PROJ02856,CUS003687,2024-04-26,Delivered,Pending,113102
ORD05673,PROJ01862,CUS002112,2025-01-21,confirmed,Paid,454688
ORD05674,PROJ03980,CUS002069,2024-11-21,Delivered,Paid,245811
ORD05675,PROJ03666,CUS001867,2024-04-22,Delivered,Partial,469007
ORD05676,PROJ04152,CUS002078,2024-10-31,Confirmed,Paid,54298
ORD05677,PROJ03591,CUS000062,2025-01-10,Delivered,Paid,333928
ORD05678,PROJ03716,CUS001026,2024-11-17,Delivered,Pending,460104
ORD05679,PROJ01966,CUS000336,2024-12-07,Cancelled,Pending,265769
ORD05680,PROJ03895,CUS000059,2024-05-21,confirmed,Partial,337766
ORD05681,PROJ02473,CUS000823,2024-11-29,Confirmed,Paid,113417
ORD05682,PROJ03589,CUS003611,2025-02-04,confirmed,Pending,272158
ORD05683,PROJ00967,CUS003193,2024-07-22,Delivered,Partial,486330
ORD05684,PROJ01316,CUS002770,2024-09-19,confirmed,paid,339334
ORD05685,PROJ02844,CUS004463,2024-08-21,Confirmed,Paid,489049
ORD05686,PROJ04066,CUS002517,2025-09-27,Confirmed,paid,25006
ORD05687,PROJ04452,CUS001195,2025-01-12,Cancelled,paid,278684
ORD05688,PROJ02446,CUS000754,2024-12-06,Shipped,Pending,469680
ORD05689,PROJ00172,CUS002751,2024-06-10,Delivered,Paid,471793
ORD05690,PROJ02578,CUS003187,2025-05-23,Confirmed,paid,335763
ORD05691,PROJ03717,CUS004971,2024-12-02,Confirmed,Pending,401850
ORD05692,PROJ02997,CUS004883,2024-11-02,Shipped,Pending,478834
ORD05693,PROJ03143,CUS000431,2024-12-11,Shipped,Partial,117957
ORD05694,PROJ03730,CUS003622,2025-10-29,Confirmed,Partial,213294
ORD05695,PROJ03510,CUS001448,2024-09-01,Delivered,Paid,359656
ORD05696,PROJ01546,CUS000081,2024-12-19,Confirmed,Pending,267601
ORD05697,PROJ04143,CUS003567,2024-09-03,confirmed,paid,101103
ORD05698,PROJ04389,CUS002914,2024-03-20,Delivered,Paid,485888
ORD05699,PROJ04201,CUS003844,2024-04-21,Cancelled,paid,456057
ORD05700,PROJ00769,CUS000120,2024-11-18,Delivered,paid,33830
ORD05701,PROJ04069,CUS004381,2024-04-07,Shipped,paid,440301
ORD05702,PROJ02344,CUS001377,2024-12-19,Shipped,paid,486657
ORD05703,PROJ01300,CUS000483,2025-07-17,Confirmed,paid,62645
ORD05704,PROJ01559,CUS004548,2024-04-29,Shipped,Partial,94552
ORD05705,PROJ00842,CUS003362,2024-04-03,confirmed,Paid,215377
ORD05706,PROJ00212,CUS001229,2024-12-04,confirmed,Paid,254094
ORD05707,PROJ03541,CUS001579,2024-10-22,Shipped,Paid,495707
ORD05708,PROJ01909,CUS000053,2025-01-17,confirmed,Pending,420843
ORD05709,PROJ02400,CUS004012,2024-11-20,Delivered,paid,398317
ORD05710,PROJ00509,CUS001221,2025-02-18,Confirmed,Paid,78070
ORD05711,PROJ03610,CUS001104,2025-01-28,Shipped,Partial,269108
ORD05712,PROJ01192,CUS001437,2025-04-06,confirmed,paid,193954
ORD05713,PROJ02833,CUS003050,2025-11-24,Cancelled,Pending,450424
ORD05714,PROJ02522,CUS003347,2025-01-05,Delivered,Partial,65810
ORD05715,PROJ02008,CUS001349,2025-08-03,Cancelled,Partial,33821
ORD05716,PROJ00336,CUS002255,2024-10-22,Delivered,Pending,142770
ORD05717,PROJ01898,CUS002867,2025-01-22,Delivered,Paid,383464
ORD05718,PROJ04053,CUS002605,2024-09-05,Confirmed,Partial,463600
ORD05719,PROJ00038,CUS004535,2025-03-13,Confirmed,paid,52779
ORD05720,PROJ04773,CUS002595,2024-12-17,Cancelled,Partial,290607
ORD05721,PROJ01414,CUS003196,2024-12-05,Delivered,Pending,38950
ORD05722,PROJ04912,CUS003852,2025-04-09,Confirmed,Paid,191990
ORD05723,PROJ01781,CUS002623,2024-10-25,Delivered,paid,416722
ORD05724,PROJ03901,CUS003466,2024-12-04,Shipped,Pending,300233
ORD05725,PROJ02523,CUS001229,2025-02-08,Shipped,paid,129743
ORD05726,PROJ00326,CUS004182,2025-03-14,Delivered,Pending,218173
ORD05727,PROJ03128,CUS000473,2025-02-22,Cancelled,Paid,476308
ORD05728,PROJ04500,CUS000898,2024-01-20,Confirmed,Paid,323864
ORD05729,PROJ03872,CUS004289,2025-07-11,Cancelled,Paid,432888
ORD05730,PROJ04055,CUS000917,2024-02-18,Confirmed,Paid,126263
ORD05731,PROJ04385,CUS002848,2024-12-18,Confirmed,Paid,185670
ORD05732,PROJ04064,CUS000620,2024-10-16,confirmed,paid,42364
ORD05733,PROJ01801,CUS000187,2024-08-30,confirmed,Partial,405482
ORD05734,PROJ02250,CUS002583,2024-10-08,confirmed,paid,19856
ORD05735,PROJ04639,CUS003248,2025-04-11,Cancelled,Pending,401926
ORD05736,PROJ01746,CUS002619,2024-09-11,Cancelled,Paid,460322
ORD05737,PROJ01329,CUS004434,2025-01-11,Delivered,paid,47135
ORD05738,PROJ00989,CUS004323,2025-01-22,Confirmed,Partial,408723
ORD05739,PROJ04422,CUS003733,2025-03-11,Delivered,paid,342244
ORD05740,PROJ00656,CUS002809,2025-05-09,confirmed,paid,401221
ORD05741,PROJ02458,CUS001372,2025-06-10,confirmed,Partial,183172
ORD05742,PROJ01452,CUS001225,2024-09-03,confirmed,Partial,201180
ORD05743,PROJ03126,CUS000058,2024-08-04,Delivered,Pending,385485
ORD05744,PROJ01908,CUS004500,2024-07-05,confirmed,Paid,66672
ORD05745,PROJ00455,CUS000255,2024-06-18,confirmed,paid,426814
ORD05746,PROJ03235,CUS000470,2025-01-12,Confirmed,Pending,491663
ORD05747,PROJ04554,CUS003293,2024-10-15,Shipped,Paid,469767
ORD05748,PROJ04706,CUS004347,2024-10-11,confirmed,Paid,499050
ORD05749,PROJ03651,CUS002852,2024-11-02,confirmed,Paid,81164
ORD05750,PROJ03408,CUS000331,2025-05-03,Shipped,Paid,195987
ORD05751,PROJ04491,CUS001835,2024-05-17,Cancelled,Pending,286152
ORD05752,PROJ02062,CUS004853,2025-04-21,Cancelled,Pending,122079
ORD05753,PROJ03887,CUS000085,2025-01-25,confirmed,paid,118601
ORD05754,PROJ03958,CUS000906,2024-06-23,Shipped,Pending,65586
ORD05755,PROJ01056,CUS001535,2024-11-26,Delivered,Paid,143474
ORD05756,PROJ04538,CUS003768,2024-09-13,Cancelled,paid,141416
ORD05757,PROJ01126,CUS003319,2024-10-19,Cancelled,paid,114924
ORD05758,PROJ00623,CUS002243,2024-12-24,Delivered,paid,247539
ORD05759,PROJ03840,CUS001882,2024-08-13,Delivered,Partial,254001
ORD05760,PROJ04385,CUS002106,2024-09-17,Delivered,paid,249155
ORD05761,PROJ02981,CUS002647,2024-11-19,Confirmed,Pending,155479
ORD05762,PROJ04192,CUS002239,2024-09-20,Shipped,Paid,354619
ORD05763,PROJ02700,CUS001575,2024-01-14,Confirmed,paid,273651
ORD05764,PROJ01638,CUS004208,2025-05-27,Cancelled,Partial,80026
ORD05765,PROJ01141,CUS000787,2024-11-30,confirmed,Partial,18621
ORD05766,PROJ02312,CUS001593,2024-11-06,Confirmed,Pending,90036
ORD05767,PROJ01560,CUS000068,2024-01-22,Delivered,Paid,419565
ORD05768,PROJ01337,CUS003100,2024-12-09,Shipped,Pending,217925
ORD05769,PROJ04879,CUS002012,2025-01-04,Cancelled,Paid,320998
ORD05770,PROJ04669,CUS003486,2025-04-24,Delivered,paid,163522
ORD05771,PROJ03067,CUS001722,2025-05-05,Delivered,paid,441615
ORD05772,PROJ04880,CUS004631,2024-12-18,Cancelled,Pending,136939
ORD05773,PROJ03832,CUS001613,2024-12-08,confirmed,Paid,228747
ORD05774,PROJ02688,CUS004853,2025-03-09,Delivered,Partial,314182
ORD05775,PROJ00505,CUS001805,2024-09-08,Shipped,Pending,194853
ORD05776,PROJ03096,CUS003134,2025-07-23,Cancelled,Paid,448724
ORD05777,PROJ03095,CUS001176,2024-06-26,Delivered,Paid,187683
ORD05778,PROJ01682,CUS004419,2025-05-19,Shipped,Partial,92269
ORD05779,PROJ00554,CUS003565,2024-03-02,Shipped,Paid,349332
ORD05780,PROJ02257,CUS003771,2024-09-11,Delivered,Paid,307657
ORD05781,PROJ03247,CUS002615,2024-05-25,confirmed,Paid,81570
ORD05782,PROJ02656,CUS002132,2025-04-17,Delivered,Pending,455419
ORD05783,PROJ03777,CUS003640,2025-04-22,Shipped,Paid,197537
ORD05784,PROJ04863,CUS000928,2024-05-07,Shipped,Pending,494116
ORD05785,PROJ03233,CUS003482,2025-02-09,confirmed,paid,203618
ORD05786,PROJ03682,CUS004661,2024-12-21,Shipped,Paid,490966
ORD05787,PROJ04126,CUS000293,2025-01-31,confirmed,Paid,19913
ORD05788,PROJ00109,CUS001355,2025-04-22,Delivered,paid,29506
ORD05789,PROJ00564,CUS002284,2025-02-22,Delivered,Pending,320344
ORD05790,PROJ04313,CUS000633,2024-06-26,Confirmed,Paid,430097
ORD05791,PROJ03032,CUS000950,2024-06-01,Confirmed,Paid,33957
ORD05792,PROJ01961,CUS001937,2025-03-07,Confirmed,paid,243736
ORD05793,PROJ04009,CUS001569,2024-11-18,Confirmed,Partial,229127
ORD05794,PROJ04372,CUS000714,2024-12-29,Delivered,Pending,280919
ORD05795,PROJ02612,CUS001826,2024-10-30,Cancelled,paid,232787
ORD05796,PROJ00200,CUS002879,2024-10-30,Cancelled,paid,171768
ORD05797,PROJ04440,CUS002436,2024-07-18,Delivered,paid,363820
ORD05798,PROJ01232,CUS003762,2024-08-28,Confirmed,Partial,95790
ORD05799,PROJ03092,CUS001955,2025-03-12,Shipped,Paid,328099
ORD05800,PROJ01129,CUS002279,2024-10-09,Cancelled,paid,81362
ORD05801,PROJ03724,CUS004805,2025-01-19,Cancelled,Paid,374732
ORD05802,PROJ02477,CUS000979,2025-04-17,Confirmed,paid,158975
ORD05803,PROJ03330,CUS004574,2024-06-14,Shipped,Partial,74164
ORD05804,PROJ04915,CUS001730,2024-06-02,Shipped,Pending,445573
ORD05805,PROJ00558,CUS000532,2025-01-04,Confirmed,Paid,444724
ORD05806,PROJ04242,CUS002998,2024-07-26,Cancelled,Paid,489256
ORD05807,PROJ00675,CUS003236,2024-06-29,Shipped,paid,494334
ORD05808,PROJ00491,CUS000213,2025-01-29,Confirmed,paid,162341
ORD05809,PROJ01600,CUS000330,2025-01-11,confirmed,Partial,261265
ORD05810,PROJ04022,CUS001322,2024-05-06,confirmed,Partial,397056
ORD05811,PROJ00999,CUS004861,2025-02-05,Shipped,paid,42126
ORD05812,PROJ04236,CUS000566,2024-08-03,Cancelled,Partial,479385
ORD05813,PROJ03455,CUS001511,2024-06-27,Confirmed,Pending,401408
ORD05814,PROJ00258,CUS003182,2025-07-13,Shipped,Partial,229553
ORD05815,PROJ03107,CUS004182,2024-05-26,confirmed,Partial,192261
ORD05816,PROJ03206,CUS002764,2024-12-27,confirmed,Partial,396376
ORD05817,PROJ03890,CUS003754,2024-08-06,Delivered,paid,386706
ORD05818,PROJ02841,CUS000235,2025-04-08,Confirmed,Paid,484567
ORD05819,PROJ04620,CUS003600,2024-04-01,Cancelled,Partial,59725
ORD05820,PROJ04087,CUS000014,2025-08-02,Delivered,Partial,70848
ORD05821,PROJ00045,CUS004141,2025-03-14,Delivered,Pending,365015
ORD05822,PROJ03063,CUS004701,2024-05-31,Shipped,Paid,275962
ORD05823,PROJ04581,CUS004075,2025-03-04,Delivered,Partial,246849
ORD05824,PROJ02365,CUS004454,2025-01-18,Shipped,paid,257071
ORD05825,PROJ04375,CUS000142,2024-07-10,Shipped,Partial,14126
ORD05826,PROJ02361,CUS000970,2025-01-05,confirmed,Pending,486073
ORD05827,PROJ00930,CUS004974,2024-01-13,confirmed,paid,489496
ORD05828,PROJ01156,CUS001389,2025-06-20,Cancelled,Partial,163414
ORD05829,PROJ03552,CUS004489,2025-04-14,Delivered,paid,243185
ORD05830,PROJ00076,CUS003928,2025-01-03,confirmed,Partial,281136
ORD05831,PROJ02775,CUS002810,2025-02-01,confirmed,Paid,21547
ORD05832,PROJ00373,CUS002636,2025-04-13,confirmed,Paid,150137
ORD05833,PROJ04781,CUS003251,2024-10-23,Cancelled,Paid,360511
ORD05834,PROJ01063,CUS001626,2024-01-30,Shipped,Partial,466526
ORD05835,PROJ01069,CUS000671,2024-09-06,Delivered,Partial,330024
ORD05836,PROJ02669,CUS001075,2025-06-23,Cancelled,Partial,360258
ORD05837,PROJ01046,CUS001710,2025-05-21,Shipped,Pending,475122
ORD05838,PROJ00067,CUS002492,2025-06-14,confirmed,Paid,178274
ORD05839,PROJ02403,CUS000396,2024-12-12,Shipped,Partial,38875
ORD05840,PROJ02152,CUS000068,2025-07-03,Cancelled,Partial,298741
ORD05841,PROJ02115,CUS001163,2024-11-30,Shipped,paid,10027
ORD05842,PROJ00300,CUS004968,2024-03-24,Delivered,Pending,245985
ORD05843,PROJ04991,CUS002416,2024-09-29,confirmed,Paid,345896
ORD05844,PROJ01524,CUS003389,2025-06-02,Cancelled,Partial,105147
ORD05845,PROJ04932,CUS001655,2024-07-03,Confirmed,paid,239924
ORD05846,PROJ05000,CUS000892,2024-11-07,Shipped,Paid,301201
ORD05847,PROJ01465,CUS001190,2024-07-30,Cancelled,Partial,103182
ORD05848,PROJ03498,CUS002805,2025-03-19,Cancelled,Pending,248329
ORD05849,PROJ00613,CUS004107,2025-01-07,Confirmed,Pending,403839
ORD05850,PROJ00434,CUS001638,2024-08-19,Shipped,Pending,275654
ORD05851,PROJ04461,CUS001238,2024-12-20,Delivered,Pending,387231
ORD05852,PROJ00359,CUS003833,2025-01-01,Shipped,Paid,461609
ORD05853,PROJ02861,CUS001670,2024-11-02,Cancelled,paid,84994
ORD05854,PROJ04176,CUS000802,2025-03-30,Delivered,Partial,211722
ORD05855,PROJ01120,CUS004502,2025-02-07,confirmed,paid,313703
ORD05856,PROJ00611,CUS003806,2024-03-26,Cancelled,Paid,412369
ORD05857,PROJ04780,CUS003780,2025-04-06,Cancelled,paid,398195
ORD05858,PROJ03157,CUS002545,2024-04-04,Shipped,paid,72697
ORD05859,PROJ01665,CUS002530,2025-05-29,confirmed,paid,168734
ORD05860,PROJ04504,CUS004658,2024-04-20,Cancelled,Partial,425007
ORD05861,PROJ02954,CUS001499,2024-09-28,confirmed,Paid,130067
ORD05862,PROJ03720,CUS000392,2025-02-17,Shipped,paid,68563
ORD05863,PROJ01276,CUS004022,2024-04-17,Shipped,Pending,218648
ORD05864,PROJ01232,CUS002232,2024-07-10,Delivered,Pending,367681
ORD05865,PROJ01897,CUS001539,2024-06-12,Delivered,Partial,450429
ORD05866,PROJ01334,CUS004703,2025-03-29,Delivered,Pending,177755
ORD05867,PROJ03686,CUS004170,2025-08-04,Shipped,Paid,15079
ORD05868,PROJ00892,CUS000737,2024-11-14,Delivered,Pending,308479
ORD05869,PROJ00949,CUS001825,2024-06-18,Delivered,Pending,396019
ORD05870,PROJ01371,CUS004183,2024-09-26,Cancelled,Paid,451385
ORD05871,PROJ02403,CUS003925,2025-07-07,Confirmed,paid,11008
ORD05872,PROJ00775,CUS000286,2024-08-09,Delivered,Pending,437542
ORD05873,PROJ01293,CUS004527,2024-08-23,confirmed,Paid,49650
ORD05874,PROJ00735,CUS001039,2024-10-26,confirmed,Paid,348158
ORD05875,PROJ01496,CUS004194,2025-07-13,confirmed,Pending,243619
ORD05876,PROJ04831,CUS002696,2025-01-05,confirmed,Pending,346503
ORD05877,PROJ02231,CUS002834,2025-04-23,Cancelled,Partial,55419
ORD05878,PROJ03892,CUS004022,2024-12-26,Shipped,paid,439266
ORD05879,PROJ00587,CUS004912,2024-12-27,Confirmed,Partial,13971
ORD05880,PROJ01379,CUS003226,2025-01-10,Confirmed,Partial,486942
ORD05881,PROJ03644,CUS001116,2025-04-12,Shipped,paid,15723
ORD05882,PROJ02367,CUS001743,2025-02-04,Delivered,paid,253241
ORD05883,PROJ04131,CUS002188,2025-05-26,Cancelled,Partial,419050
ORD05884,PROJ03190,CUS002213,2025-11-12,Confirmed,Partial,98199
ORD05885,PROJ00689,CUS002066,2024-07-02,Cancelled,Paid,206834
ORD05886,PROJ02142,CUS003934,2024-11-14,Confirmed,paid,455731
ORD05887,PROJ01455,CUS000495,2024-05-03,Shipped,Pending,429800
ORD05888,PROJ03560,CUS000830,2025-02-22,confirmed,Paid,198498
ORD05889,PROJ03345,CUS004232,2025-05-19,confirmed,Partial,25083
ORD05890,PROJ03682,CUS000136,2024-12-26,Cancelled,Paid,353666
ORD05891,PROJ04232,CUS001999,2024-07-04,Delivered,Partial,187965
ORD05892,PROJ00682,CUS003452,2024-10-19,confirmed,Partial,257085
ORD05893,PROJ04188,CUS000695,2024-09-07,confirmed,Paid,80239
ORD05894,PROJ00788,CUS000576,2024-10-07,Shipped,Paid,128524
ORD05895,PROJ02987,CUS001326,2025-04-18,Delivered,Paid,435098
ORD05896,PROJ02774,CUS004834,2025-02-13,Confirmed,Partial,100204
ORD05897,PROJ00542,CUS002309,2024-04-30,Confirmed,Pending,356496
ORD05898,PROJ02226,CUS004957,2024-05-01,Confirmed,paid,54439
ORD05899,PROJ04787,CUS002993,2025-03-06,Confirmed,Partial,140304
ORD05900,PROJ03332,CUS004905,2024-10-04,Shipped,Partial,406606
ORD05901,PROJ03606,CUS000733,2025-01-19,Delivered,Paid,314245
ORD05902,PROJ04514,CUS001857,2025-01-22,Cancelled,paid,464503
ORD05903,PROJ02836,CUS004009,2025-01-13,Confirmed,Pending,348499
ORD05904,PROJ01090,CUS003214,2024-07-29,Shipped,Pending,108878
ORD05905,PROJ01086,CUS003821,2024-08-13,Cancelled,Pending,465882
ORD05906,PROJ03055,CUS000651,2024-08-04,confirmed,paid,231983
ORD05907,PROJ04842,CUS003220,2024-05-22,confirmed,Paid,140135
ORD05908,PROJ01911,CUS002698,2025-01-25,Cancelled,Paid,138093
ORD05909,PROJ04277,CUS001392,2025-10-20,Confirmed,Pending,71668
ORD05910,PROJ00043,CUS001776,2024-04-15,Shipped,paid,362224
ORD05911,PROJ01379,CUS004075,2024-10-22,Shipped,Partial,427380
ORD05912,PROJ03143,CUS004271,2025-01-16,Shipped,Partial,276159
ORD05913,PROJ01480,CUS001793,2025-06-15,confirmed,Partial,496145
ORD05914,PROJ01253,CUS003568,2024-04-30,Delivered,Pending,156175
ORD05915,PROJ04196,CUS002088,2024-06-18,Delivered,Pending,408868
ORD05916,PROJ00592,CUS001056,2024-02-19,Cancelled,Partial,175467
ORD05917,PROJ03846,CUS000165,2024-05-27,Cancelled,Pending,320424
ORD05918,PROJ03785,CUS003747,2024-11-24,Shipped,Pending,35756
ORD05919,PROJ01904,CUS002759,2025-03-30,Confirmed,Paid,468428
ORD05920,PROJ01552,CUS003752,2025-07-22,confirmed,Paid,271843
ORD05921,PROJ02003,CUS003128,2025-01-13,Delivered,Partial,163876
ORD05922,PROJ03055,CUS001566,2025-03-10,Shipped,Pending,73976
ORD05923,PROJ02651,CUS002072,2025-06-14,Cancelled,Partial,256255
ORD05924,PROJ02828,CUS002458,2024-11-07,Shipped,paid,112150
ORD05925,PROJ00283,CUS004910,2025-10-13,Delivered,Partial,51755
ORD05926,PROJ00657,CUS003744,2024-06-13,Delivered,Pending,314473
ORD05927,PROJ02762,CUS004362,2025-04-06,Confirmed,paid,42032
ORD05928,PROJ03309,CUS000124,2025-10-08,Cancelled,Partial,320000
ORD05929,PROJ02019,CUS002202,2024-10-25,Shipped,Partial,460480
ORD05930,PROJ04099,CUS003332,2025-04-03,Shipped,paid,200047
ORD05931,PROJ02034,CUS002804,2025-04-20,Delivered,Pending,11863
ORD05932,PROJ01058,CUS004198,2024-09-22,confirmed,Paid,69714
ORD05933,PROJ04114,CUS002108,2025-02-24,confirmed,Paid,159908
ORD05934,PROJ03957,CUS002863,2024-07-20,Delivered,Paid,332835
ORD05935,PROJ02796,CUS004480,2025-02-04,Shipped,Paid,175575
ORD05936,PROJ00567,CUS001555,2025-09-17,Confirmed,paid,230657
ORD05937,PROJ04370,CUS001179,2024-11-05,Delivered,Partial,284884
ORD05938,PROJ04794,CUS001396,2024-10-28,Shipped,paid,497117
ORD05939,PROJ00655,CUS004676,2025-04-28,Delivered,Paid,416376
ORD05940,PROJ01422,CUS002854,2025-03-24,Delivered,paid,291041
ORD05941,PROJ04631,CUS004501,2024-12-09,Confirmed,paid,165551
ORD05942,PROJ00863,CUS004634,2025-03-17,Shipped,Partial,357431
ORD05943,PROJ02025,CUS002030,2024-09-22,Shipped,Partial,429882
ORD05944,PROJ01858,CUS001149,2024-11-19,Shipped,paid,378668
ORD05945,PROJ04025,CUS000279,2025-01-09,confirmed,Paid,222907
ORD05946,PROJ01883,CUS002635,2024-10-08,Confirmed,Partial,111858
ORD05947,PROJ01534,CUS002265,2024-07-22,Cancelled,paid,440475
ORD05948,PROJ04304,CUS000704,2025-04-15,Delivered,Pending,113535
ORD05949,PROJ00391,CUS003180,2025-05-16,Cancelled,Partial,167971
ORD05950,PROJ03692,CUS002412,2024-11-05,Confirmed,Paid,485271
ORD05951,PROJ02271,CUS000762,2024-12-24,Cancelled,Pending,401038
ORD05952,PROJ00197,CUS001216,2025-01-02,Cancelled,Paid,315208
ORD05953,PROJ00435,CUS000436,2024-11-27,Delivered,paid,179647
ORD05954,PROJ03843,CUS001256,2025-01-28,Delivered,Paid,320051
ORD05955,PROJ03709,CUS000258,2025-04-04,Confirmed,Pending,68519
ORD05956,PROJ02728,CUS004421,2024-09-07,Delivered,paid,86544
ORD05957,PROJ01843,CUS004606,2024-02-23,Confirmed,Paid,126091
ORD05958,PROJ01312,CUS004007,2025-04-13,Cancelled,paid,116871
ORD05959,PROJ03060,CUS001765,2025-02-12,Confirmed,paid,411964
ORD05960,PROJ03214,CUS000001,2024-08-16,Confirmed,Partial,99479
ORD05961,PROJ00102,CUS003991,2024-09-02,Cancelled,Pending,397372
ORD05962,PROJ04805,CUS004564,2024-03-21,Shipped,Pending,184141
ORD05963,PROJ03163,CUS001111,2024-12-03,Cancelled,paid,425940
ORD05964,PROJ00067,CUS000472,2024-12-09,Confirmed,Partial,76531
ORD05965,PROJ02723,CUS002809,2024-05-29,Confirmed,Partial,10355
ORD05966,PROJ01492,CUS001514,2024-05-18,Shipped,Paid,177991
ORD05967,PROJ00067,CUS003307,2025-02-13,confirmed,Paid,313496
ORD05968,PROJ01297,CUS003922,2025-02-07,Delivered,Pending,418894
ORD05969,PROJ02282,CUS004138,2025-01-15,confirmed,Paid,62085
ORD05970,PROJ01066,CUS001514,2024-10-19,Delivered,Partial,254279
ORD05971,PROJ02423,CUS000216,2024-12-07,Cancelled,Partial,308549
ORD05972,PROJ04197,CUS000443,2024-06-18,confirmed,Partial,424651
ORD05973,PROJ04164,CUS002957,2025-08-25,Shipped,Pending,417612
ORD05974,PROJ03351,CUS002716,2024-12-15,Shipped,paid,472402
ORD05975,PROJ00273,CUS002841,2024-10-15,Cancelled,Pending,428901
ORD05976,PROJ03949,CUS002639,2024-11-10,Confirmed,Partial,297294
ORD05977,PROJ00328,CUS004083,2025-02-23,Cancelled,Paid,5728
ORD05978,PROJ04043,CUS002092,2025-01-13,Cancelled,paid,125240
ORD05979,PROJ03857,CUS001197,2025-06-18,Delivered,Paid,266255
ORD05980,PROJ00976,CUS000044,2024-12-04,Shipped,paid,412074
ORD05981,PROJ03255,CUS000862,2024-08-08,Confirmed,paid,337297
ORD05982,PROJ04197,CUS002241,2024-06-24,Confirmed,Paid,126897
ORD05983,PROJ00124,CUS003095,2024-07-20,Confirmed,Pending,447391
ORD05984,PROJ03782,CUS001371,2024-03-02,confirmed,Pending,426583
ORD05985,PROJ04453,CUS002003,2025-06-18,Confirmed,paid,434701
ORD05986,PROJ02444,CUS002994,2024-10-02,Cancelled,Partial,46052
ORD05987,PROJ02965,CUS004350,2024-10-09,Confirmed,paid,298465
ORD05988,PROJ04371,CUS002473,2024-10-29,Shipped,Partial,218045
ORD05989,PROJ01936,CUS002242,2025-03-05,confirmed,Partial,378929
ORD05990,PROJ03396,CUS001118,2025-01-11,Confirmed,paid,131685
ORD05991,PROJ00110,CUS000505,2024-11-21,confirmed,Pending,410527
ORD05992,PROJ01569,CUS001690,2025-05-20,Confirmed,Paid,283882
ORD05993,PROJ00066,CUS002509,2024-06-13,confirmed,Paid,422605
ORD05994,PROJ00247,CUS000920,2025-02-12,Shipped,Partial,33879
ORD05995,PROJ02579,CUS002878,2025-03-13,Confirmed,Pending,401748
ORD05996,PROJ03562,CUS000999,2024-12-09,Cancelled,Paid,459486
ORD05997,PROJ01393,CUS002927,2024-05-29,confirmed,Paid,410150
ORD05998,PROJ03610,CUS004338,2024-12-30,Delivered,Pending,46033
ORD05999,PROJ00869,CUS000229,2025-08-03,confirmed,Partial,353062
ORD06000,PROJ00222,CUS004689,2025-07-23,Delivered,Partial,269987
ORD06001,PROJ01892,CUS004720,2025-11-10,Shipped,Pending,351336
ORD06002,PROJ03796,CUS001200,2025-01-25,Confirmed,paid,311105
ORD06003,PROJ03476,CUS001033,2024-12-14,confirmed,paid,451945
ORD06004,PROJ02948,CUS004250,2025-04-24,Shipped,Pending,267987
ORD06005,PROJ02632,CUS000658,2025-06-19,Shipped,Pending,427492
ORD06006,PROJ01441,CUS003763,2024-08-07,confirmed,Pending,102509
ORD06007,PROJ00337,CUS001203,2025-07-29,Delivered,Pending,41890
ORD06008,PROJ03123,CUS003510,2024-11-29,confirmed,Paid,302810
ORD06009,PROJ02657,CUS002605,2025-06-30,confirmed,paid,210048
ORD06010,PROJ00780,CUS001162,2024-03-15,Confirmed,Paid,201885
ORD06011,PROJ01086,CUS002005,2024-08-14,Delivered,Partial,139775
ORD06012,PROJ02529,CUS003512,2024-07-08,Cancelled,paid,198620
ORD06013,PROJ02829,CUS003851,2025-01-04,Cancelled,paid,493620
ORD06014,PROJ03814,CUS004273,2024-11-29,Cancelled,paid,474431
ORD06015,PROJ03462,CUS003361,2024-09-15,Delivered,Partial,213486
ORD06016,PROJ01835,CUS004068,2025-02-06,Cancelled,paid,168282
ORD06017,PROJ00436,CUS004381,2024-08-16,confirmed,paid,353875
ORD06018,PROJ01880,CUS002323,2024-07-27,Delivered,paid,299164
ORD06019,PROJ04095,CUS001154,2024-11-30,Cancelled,Partial,470228
ORD06020,PROJ01020,CUS000594,2024-04-07,confirmed,Pending,50876
ORD06021,PROJ00499,CUS001450,2024-12-01,confirmed,Partial,223179
ORD06022,PROJ00881,CUS001916,2025-05-05,Cancelled,paid,52159
ORD06023,PROJ01962,CUS004031,2025-06-13,confirmed,Pending,228591
ORD06024,PROJ03155,CUS002447,2024-08-26,Shipped,Pending,450636
ORD06025,PROJ01644,CUS001979,2024-11-09,Confirmed,Paid,314970
ORD06026,PROJ00349,CUS002676,2025-01-16,Shipped,Paid,457690
ORD06027,PROJ04852,CUS003857,2024-01-19,Cancelled,Paid,473695
ORD06028,PROJ01122,CUS003832,2025-01-14,Confirmed,Paid,392584
ORD06029,PROJ04087,CUS004904,2024-10-06,Delivered,paid,30605
ORD06030,PROJ03599,CUS000103,2024-09-28,Shipped,paid,93063
ORD06031,PROJ03137,CUS003296,2025-04-14,Confirmed,Pending,18584
ORD06032,PROJ01963,CUS004253,2025-02-04,Delivered,Paid,51966
ORD06033,PROJ01857,CUS004523,2025-02-26,Confirmed,paid,165527
ORD06034,PROJ04461,CUS004715,2025-06-03,Delivered,Pending,163022
ORD06035,PROJ03368,CUS000244,2024-09-26,Confirmed,Paid,353240
ORD06036,PROJ01746,CUS004165,2024-10-20,Delivered,Pending,261524
ORD06037,PROJ01006,CUS000277,2024-12-05,Cancelled,Partial,320439
ORD06038,PROJ04494,CUS003631,2025-04-16,Confirmed,Pending,448125
ORD06039,PROJ00685,CUS001160,2025-04-10,Confirmed,paid,55901
ORD06040,PROJ02558,CUS003880,2024-10-21,Delivered,paid,54800
ORD06041,PROJ02990,CUS004347,2025-05-05,Confirmed,Partial,416682
ORD06042,PROJ03385,CUS001251,2024-09-07,Cancelled,paid,282611
ORD06043,PROJ01382,CUS002113,2025-06-01,confirmed,Paid,433969
ORD06044,PROJ00102,CUS000481,2024-10-12,Delivered,Pending,332776
ORD06045,PROJ04225,CUS000997,2025-06-07,Confirmed,Pending,76873
ORD06046,PROJ02284,CUS004206,2024-10-23,confirmed,paid,475654
ORD06047,PROJ02217,CUS004119,2025-04-12,Shipped,Partial,465465
ORD06048,PROJ04067,CUS000561,2025-04-06,Shipped,Pending,308579
ORD06049,PROJ04992,CUS003609,2024-11-26,Delivered,Pending,447033
ORD06050,PROJ02013,CUS001733,2024-02-12,Confirmed,Paid,453550
ORD06051,PROJ04871,CUS003874,2025-02-27,Delivered,Pending,208266
ORD06052,PROJ04712,CUS003019,2024-10-07,Confirmed,paid,372428
ORD06053,PROJ00350,CUS003930,2024-10-26,Cancelled,Paid,384597
ORD06054,PROJ03425,CUS000467,2024-11-02,Delivered,Partial,460330
ORD06055,PROJ03674,CUS001788,2024-06-04,confirmed,paid,190819
ORD06056,PROJ04668,CUS000065,2025-01-08,confirmed,Partial,271060
ORD06057,PROJ00035,CUS000188,2025-01-07,Cancelled,Paid,330355
ORD06058,PROJ00769,CUS001431,2025-09-28,Delivered,Paid,250960
ORD06059,PROJ03010,CUS003758,2024-12-14,Confirmed,Partial,75328
ORD06060,PROJ03520,CUS001774,2024-01-22,confirmed,Pending,54985
ORD06061,PROJ02852,CUS002979,2024-08-22,confirmed,Partial,223175
ORD06062,PROJ01721,CUS001095,2024-10-10,Cancelled,paid,287547
ORD06063,PROJ03383,CUS004420,2025-03-10,confirmed,paid,485166
ORD06064,PROJ01957,CUS001508,2025-01-02,Shipped,Pending,349722
ORD06065,PROJ03168,CUS001229,2025-06-15,confirmed,Partial,175160
ORD06066,PROJ04956,CUS003561,2024-10-18,Confirmed,Pending,483790
ORD06067,PROJ04570,CUS003109,2025-02-16,Confirmed,paid,174695
ORD06068,PROJ01018,CUS001924,2025-05-11,confirmed,Partial,352823
ORD06069,PROJ04524,CUS003544,2024-12-26,Delivered,Paid,259868
ORD06070,PROJ00016,CUS001616,2025-02-26,Delivered,Partial,92868
ORD06071,PROJ04332,CUS002760,2024-11-10,confirmed,Pending,141007
ORD06072,PROJ04485,CUS002863,2024-06-21,Confirmed,Partial,186068
ORD06073,PROJ02177,CUS003147,2024-11-23,Delivered,Pending,367834
ORD06074,PROJ01387,CUS000121,2025-04-06,Delivered,paid,166629
ORD06075,PROJ03144,CUS000806,2025-03-13,Shipped,Paid,331597
ORD06076,PROJ03749,CUS000206,2025-02-16,Delivered,Paid,356107
ORD06077,PROJ00050,CUS004321,2024-10-08,Delivered,Paid,376815
ORD06078,PROJ01632,CUS000531,2025-01-28,Confirmed,paid,89271
ORD06079,PROJ00472,CUS003002,2024-11-21,Cancelled,paid,180224
ORD06080,PROJ02000,CUS000704,2025-07-29,confirmed,Pending,356829
ORD06081,PROJ01599,CUS001680,2024-03-26,Cancelled,paid,429980
ORD06082,PROJ04707,CUS003279,2025-01-28,Confirmed,Pending,426188
ORD06083,PROJ00847,CUS003728,2024-11-02,Confirmed,paid,348228
ORD06084,PROJ00043,CUS003502,2024-11-09,confirmed,Pending,111289
ORD06085,PROJ04436,CUS004022,2025-06-16,Delivered,Pending,428447
ORD06086,PROJ02725,CUS001056,2024-08-17,Confirmed,Partial,285109
ORD06087,PROJ04441,CUS002830,2024-12-12,Cancelled,Paid,492725
ORD06088,PROJ03592,CUS004927,2025-12-19,confirmed,Paid,356430
ORD06089,PROJ03350,CUS000625,2025-02-11,Delivered,paid,282156
ORD06090,PROJ01802,CUS003520,2024-11-17,Delivered,Paid,163482
ORD06091,PROJ00378,CUS002167,2024-08-22,Shipped,Pending,448761
ORD06092,PROJ00516,CUS004299,2024-09-30,Cancelled,Pending,219289
ORD06093,PROJ00956,CUS002252,2024-12-10,Cancelled,Paid,448468
ORD06094,PROJ01619,CUS002107,2024-11-27,Cancelled,Partial,85222
ORD06095,PROJ00933,CUS000326,2024-08-20,Delivered,Partial,268896
ORD06096,PROJ02949,CUS001320,2024-06-09,confirmed,Pending,270560
ORD06097,PROJ01468,CUS002008,2025-05-03,confirmed,paid,118018
ORD06098,PROJ04345,CUS000163,2025-02-09,Shipped,Paid,175862
ORD06099,PROJ00744,CUS004572,2024-12-09,confirmed,Pending,481655
ORD06100,PROJ01365,CUS003478,2024-10-21,confirmed,Paid,193696
ORD06101,PROJ02516,CUS001677,2024-12-22,confirmed,paid,76116
ORD06102,PROJ01575,CUS000002,2024-05-11,Confirmed,Paid,31226
ORD06103,PROJ00383,CUS002946,2024-12-31,Confirmed,paid,293256
ORD06104,PROJ00965,CUS002156,2025-01-21,Shipped,Paid,288463
ORD06105,PROJ04736,CUS004418,2025-03-07,Delivered,Paid,447625
ORD06106,PROJ04993,CUS002908,2024-12-30,confirmed,Partial,468483
ORD06107,PROJ04036,CUS002455,2024-08-17,Shipped,Partial,203478
ORD06108,PROJ02678,CUS003060,2025-01-12,Shipped,paid,92842
ORD06109,PROJ04316,CUS001092,2024-02-08,confirmed,Paid,280433
ORD06110,PROJ03312,CUS004681,2024-10-28,Confirmed,Partial,97681
ORD06111,PROJ01853,CUS002920,2024-12-22,Shipped,Pending,203310
ORD06112,PROJ01129,CUS001595,2025-02-07,Delivered,Partial,17503
ORD06113,PROJ02846,CUS003591,2025-02-04,Cancelled,Pending,251669
ORD06114,PROJ00880,CUS002582,2025-08-01,confirmed,Pending,132013
ORD06115,PROJ00655,CUS002208,2025-02-23,Confirmed,paid,283105
ORD06116,PROJ02716,CUS003104,2024-11-23,Confirmed,Paid,22925
ORD06117,PROJ01849,CUS003370,2024-11-22,Confirmed,Partial,309807
ORD06118,PROJ02005,CUS003892,2025-09-26,Cancelled,Partial,199426
ORD06119,PROJ03247,CUS003201,2024-05-05,Shipped,Pending,246064
ORD06120,PROJ04570,CUS002847,2025-03-29,Cancelled,Pending,460941
ORD06121,PROJ01844,CUS001392,2024-11-21,Cancelled,Paid,214329
ORD06122,PROJ03938,CUS002600,2024-11-08,Delivered,Paid,25764
ORD06123,PROJ00440,CUS003651,2025-02-04,Confirmed,paid,81134
ORD06124,PROJ00035,CUS000090,2024-12-01,Confirmed,paid,341044
ORD06125,PROJ01013,CUS000945,2025-03-10,Delivered,Partial,347210
ORD06126,PROJ04882,CUS004867,2025-01-18,Confirmed,Paid,281344
ORD06127,PROJ01707,CUS001278,2024-09-04,confirmed,Pending,312058
ORD06128,PROJ04953,CUS004228,2024-11-19,Confirmed,Pending,484819
ORD06129,PROJ04150,CUS002234,2024-10-13,Confirmed,Paid,197789
ORD06130,PROJ03865,CUS003386,2024-12-15,Confirmed,Paid,59498
ORD06131,PROJ04729,CUS003209,2025-01-16,Shipped,Paid,16807
ORD06132,PROJ02552,CUS003361,2025-07-26,Confirmed,Partial,293281
ORD06133,PROJ02995,CUS000034,2025-01-03,Confirmed,Pending,443721
ORD06134,PROJ01101,CUS003589,2025-02-26,Cancelled,paid,464692
ORD06135,PROJ03099,CUS002379,2024-09-21,Cancelled,Paid,295990
ORD06136,PROJ02368,CUS000362,2024-08-02,Cancelled,Partial,212223
ORD06137,PROJ03304,CUS003006,2025-01-07,confirmed,Partial,59623
ORD06138,PROJ01048,CUS003464,2025-06-09,confirmed,Partial,481472
ORD06139,PROJ04034,CUS002165,2024-12-08,Cancelled,Paid,480302
ORD06140,PROJ00977,CUS002162,2025-04-18,Cancelled,Partial,210118
ORD06141,PROJ01378,CUS003191,2024-09-13,Confirmed,Partial,64458
ORD06142,PROJ03647,CUS002587,2024-10-23,Delivered,Partial,44460
ORD06143,PROJ04707,CUS002587,2024-04-20,Shipped,paid,380097
ORD06144,PROJ04237,CUS001693,2024-12-07,Shipped,Paid,121194
ORD06145,PROJ03501,CUS003957,2024-09-30,Confirmed,Partial,271134
ORD06146,PROJ04348,CUS000011,2024-05-26,Shipped,Paid,238242
ORD06147,PROJ02610,CUS003971,2024-01-18,Shipped,Pending,420671
ORD06148,PROJ00190,CUS004122,2024-05-29,Delivered,Paid,259215
ORD06149,PROJ02918,CUS001301,2024-08-27,Cancelled,Partial,206841
ORD06150,PROJ01686,CUS001494,2025-07-25,Confirmed,Pending,227298
ORD06151,PROJ01091,CUS000641,2025-02-04,Shipped,paid,266350
ORD06152,PROJ03341,CUS004537,2024-09-05,Shipped,Paid,355034
ORD06153,PROJ00195,CUS003399,2024-04-20,Shipped,Paid,456427
ORD06154,PROJ01049,CUS003167,2025-04-01,Shipped,Paid,193202
ORD06155,PROJ00421,CUS000224,2024-08-17,Shipped,Pending,499716
ORD06156,PROJ02879,CUS000151,2025-06-11,Cancelled,Paid,327800
ORD06157,PROJ01072,CUS002706,2025-01-05,Cancelled,Partial,314600
ORD06158,PROJ01397,CUS001313,2024-12-03,Confirmed,paid,343773
ORD06159,PROJ02284,CUS004878,2025-02-06,Cancelled,Partial,15099
ORD06160,PROJ02827,CUS004609,2024-09-25,confirmed,Pending,235702
ORD06161,PROJ03218,CUS004034,2024-06-18,Confirmed,Paid,62095
ORD06162,PROJ01174,CUS003459,2025-04-27,Cancelled,Pending,297762
ORD06163,PROJ01739,CUS003193,2025-10-07,Cancelled,Pending,220317
ORD06164,PROJ01941,CUS002404,2024-02-13,confirmed,Partial,6234
ORD06165,PROJ01085,CUS001566,2025-04-26,Cancelled,Partial,300634
ORD06166,PROJ02133,CUS000068,2024-09-17,Delivered,Paid,414489
ORD06167,PROJ03730,CUS002630,2025-08-08,Delivered,Partial,433445
ORD06168,PROJ02910,CUS001096,2024-12-26,confirmed,paid,485369
ORD06169,PROJ02432,CUS004011,2024-04-05,confirmed,paid,384280
ORD06170,PROJ04628,CUS001454,2024-10-18,Shipped,Pending,218494
ORD06171,PROJ03034,CUS003632,2025-01-08,Delivered,Paid,303144
ORD06172,PROJ01736,CUS001266,2025-05-05,Delivered,Paid,190166
ORD06173,PROJ04534,CUS000793,2024-09-27,Delivered,Partial,227553
ORD06174,PROJ04528,CUS000405,2025-06-12,Delivered,Paid,385209
ORD06175,PROJ03013,CUS001611,2025-06-26,Cancelled,paid,306833
ORD06176,PROJ01619,CUS004908,2024-11-30,Cancelled,paid,39236
ORD06177,PROJ03829,CUS001938,2024-10-01,Shipped,Paid,474847
ORD06178,PROJ04224,CUS000076,2025-05-30,Confirmed,Pending,25716
ORD06179,PROJ03499,CUS001232,2024-09-22,confirmed,Pending,411118
ORD06180,PROJ02713,CUS004984,2024-11-29,Cancelled,Partial,7127
ORD06181,PROJ04337,CUS002357,2025-04-22,Shipped,Pending,90775
ORD06182,PROJ02911,CUS004052,2024-06-13,confirmed,paid,153547
ORD06183,PROJ00623,CUS002146,2024-12-24,Delivered,Pending,282057
ORD06184,PROJ03305,CUS004969,2024-10-28,Shipped,Partial,491720
ORD06185,PROJ04666,CUS003541,2025-07-30,Shipped,paid,179827
ORD06186,PROJ01949,CUS000891,2025-01-06,Shipped,Pending,194692
ORD06187,PROJ03507,CUS004437,2024-08-05,Confirmed,Paid,224680
ORD06188,PROJ04821,CUS001333,2025-01-20,Confirmed,Partial,189667
ORD06189,PROJ02572,CUS001384,2024-05-08,Cancelled,Paid,302975
ORD06190,PROJ03465,CUS000528,2024-07-20,Delivered,Paid,242718
ORD06191,PROJ02214,CUS000695,2024-11-26,Confirmed,Partial,144251
ORD06192,PROJ02002,CUS001885,2025-01-04,Shipped,Pending,322041
ORD06193,PROJ01549,CUS002037,2024-10-30,Shipped,Paid,375658
ORD06194,PROJ04826,CUS003787,2025-02-07,Confirmed,Pending,162280
ORD06195,PROJ00708,CUS001956,2025-03-23,Shipped,Pending,432705
ORD06196,PROJ04317,CUS004807,2024-09-20,Confirmed,Paid,20077
ORD06197,PROJ01399,CUS003805,2024-06-07,Delivered,Paid,205184
ORD06198,PROJ01183,CUS000830,2025-02-08,confirmed,paid,313367
ORD06199,PROJ02410,CUS000167,2025-04-25,Delivered,paid,321107
ORD06200,PROJ02581,CUS001615,2024-10-18,confirmed,Pending,476742
ORD06201,PROJ01681,CUS003658,2025-01-01,Shipped,Pending,307937
ORD06202,PROJ01826,CUS002293,2025-07-04,Delivered,Pending,479807
ORD06203,PROJ01572,CUS000388,2024-06-02,Confirmed,Pending,162819
ORD06204,PROJ03860,CUS003895,2025-02-19,Confirmed,Partial,340793
ORD06205,PROJ04712,CUS000256,2024-10-20,Confirmed,paid,366556
ORD06206,PROJ02197,CUS002581,2024-06-02,confirmed,paid,118184
ORD06207,PROJ03965,CUS003980,2025-03-23,Shipped,Partial,191846
ORD06208,PROJ01197,CUS001270,2025-04-02,Delivered,Partial,166392
ORD06209,PROJ04852,CUS003346,2025-01-15,Shipped,Pending,476514
ORD06210,PROJ03004,CUS000737,2025-05-28,Confirmed,Pending,86696
ORD06211,PROJ02957,CUS004810,2024-07-27,confirmed,Partial,45457
ORD06212,PROJ01632,CUS004694,2025-05-25,Confirmed,paid,420051
ORD06213,PROJ04299,CUS002310,2024-09-29,Shipped,Partial,191396
ORD06214,PROJ04736,CUS000745,2024-11-07,Delivered,Partial,276015
ORD06215,PROJ00257,CUS000366,2025-01-28,confirmed,paid,114149
ORD06216,PROJ03116,CUS002061,2024-10-07,Confirmed,Pending,153083
ORD06217,PROJ02761,CUS000407,2024-07-29,Shipped,Partial,224471
ORD06218,PROJ01862,CUS000737,2024-12-23,Cancelled,Partial,81704
ORD06219,PROJ00247,CUS004952,2025-02-19,Shipped,Paid,196873
ORD06220,PROJ00962,CUS000489,2024-11-03,Delivered,Pending,337890
ORD06221,PROJ00741,CUS002235,2025-10-05,Delivered,paid,464380
ORD06222,PROJ00978,CUS003169,2024-10-25,Delivered,Paid,96629
ORD06223,PROJ02190,CUS002987,2024-08-29,confirmed,Paid,458519
ORD06224,PROJ02878,CUS004055,2025-01-08,confirmed,Paid,15447
ORD06225,PROJ04111,CUS002474,2024-06-19,Delivered,paid,474110
ORD06226,PROJ02382,CUS002738,2024-03-02,Delivered,Pending,391323
ORD06227,PROJ00447,CUS003144,2024-10-27,Delivered,Paid,256504
ORD06228,PROJ01420,CUS002856,2024-04-21,Confirmed,Paid,489292
ORD06229,PROJ01803,CUS001571,2025-05-23,Shipped,Pending,353600
ORD06230,PROJ00853,CUS003921,2025-03-05,Delivered,Pending,310036
ORD06231,PROJ02066,CUS002877,2025-03-03,Cancelled,Paid,81937
ORD06232,PROJ04389,CUS000925,2024-09-22,Cancelled,Pending,23916
ORD06233,PROJ04423,CUS004701,2024-04-25,Shipped,Paid,71031
ORD06234,PROJ04070,CUS001619,2024-12-28,Delivered,paid,261637
ORD06235,PROJ00615,CUS003601,2024-12-21,confirmed,Partial,27073
ORD06236,PROJ02932,CUS000879,2024-10-24,Cancelled,Pending,397431
ORD06237,PROJ03969,CUS000816,2025-04-28,Shipped,Pending,283577
ORD06238,PROJ03253,CUS002942,2024-01-12,Delivered,Pending,48846
ORD06239,PROJ01084,CUS000548,2024-10-07,Confirmed,Pending,274281
ORD06240,PROJ04256,CUS001127,2025-04-06,Shipped,paid,330646
ORD06241,PROJ03938,CUS003381,2024-09-30,Shipped,Pending,67695
ORD06242,PROJ04325,CUS000502,2025-10-25,Delivered,Paid,72812
ORD06243,PROJ04875,CUS003274,2025-04-25,Delivered,Partial,421556
ORD06244,PROJ03815,CUS001878,2025-02-02,confirmed,Partial,489603
ORD06245,PROJ04794,CUS000770,2025-04-22,Cancelled,paid,309112
ORD06246,PROJ00760,CUS000651,2025-06-12,Cancelled,Pending,265279
ORD06247,PROJ01782,CUS002566,2024-11-14,Cancelled,Pending,280133
ORD06248,PROJ03552,CUS001096,2025-03-18,confirmed,Partial,285930
ORD06249,PROJ00989,CUS003043,2024-12-04,Delivered,Paid,307119
ORD06250,PROJ01551,CUS001932,2025-02-27,Delivered,Pending,120231
ORD06251,PROJ00659,CUS000212,2025-02-14,Cancelled,paid,254043
ORD06252,PROJ04238,CUS002266,2024-10-25,Shipped,Pending,392774
ORD06253,PROJ02389,CUS002685,2025-06-17,Cancelled,Paid,459328
ORD06254,PROJ04473,CUS000731,2025-02-01,confirmed,Paid,166374
ORD06255,PROJ01238,CUS003873,2024-07-01,Cancelled,paid,8968
ORD06256,PROJ01940,CUS004620,2024-03-09,Delivered,paid,53553
ORD06257,PROJ04099,CUS000133,2025-10-11,confirmed,paid,70731
ORD06258,PROJ02585,CUS001348,2025-05-06,Delivered,Pending,490576
ORD06259,PROJ01791,CUS001837,2024-02-24,Delivered,Partial,388567
ORD06260,PROJ02541,CUS003242,2025-01-04,Cancelled,paid,21186
ORD06261,PROJ02526,CUS003826,2024-12-19,Confirmed,paid,20330
ORD06262,PROJ03016,CUS002322,2025-06-21,Shipped,Pending,151280
ORD06263,PROJ00149,CUS002955,2025-05-09,Confirmed,Pending,207105
ORD06264,PROJ02383,CUS001227,2025-03-04,Delivered,Pending,124785
ORD06265,PROJ04553,CUS002839,2025-01-31,Shipped,Partial,262314
ORD06266,PROJ00069,CUS002622,2024-10-10,Cancelled,Paid,211999
ORD06267,PROJ04498,CUS001471,2024-11-19,Delivered,paid,192177
ORD06268,PROJ02787,CUS002384,2024-10-28,Shipped,Partial,464381
ORD06269,PROJ00178,CUS003544,2025-02-04,Shipped,Pending,206147
ORD06270,PROJ04537,CUS004473,2024-09-15,Shipped,paid,339927
ORD06271,PROJ00155,CUS003559,2024-06-01,Cancelled,paid,268764
ORD06272,PROJ04001,CUS000971,2025-07-06,Confirmed,Partial,23702
ORD06273,PROJ02781,CUS003336,2024-12-10,Shipped,Pending,232901
ORD06274,PROJ00871,CUS000021,2025-06-24,Confirmed,Pending,464092
ORD06275,PROJ02899,CUS003200,2025-10-01,confirmed,paid,242950
ORD06276,PROJ04374,CUS003491,2024-02-13,Confirmed,Partial,129543
ORD06277,PROJ01451,CUS004516,2024-11-12,Confirmed,paid,448536
ORD06278,PROJ00034,CUS003884,2025-03-18,Confirmed,Pending,58796
ORD06279,PROJ03713,CUS002726,2024-09-21,Shipped,Pending,276267
ORD06280,PROJ03494,CUS000488,2025-03-12,confirmed,Partial,256692
ORD06281,PROJ00897,CUS003688,2024-11-28,Cancelled,paid,428814
ORD06282,PROJ03061,CUS001751,2024-07-18,Cancelled,Partial,275053
ORD06283,PROJ02085,CUS002296,2024-09-02,Cancelled,Partial,344587
ORD06284,PROJ04713,CUS001799,2025-04-20,confirmed,Pending,389890
ORD06285,PROJ00092,CUS003676,2025-03-06,Confirmed,Pending,364323
ORD06286,PROJ01768,CUS002603,2025-04-04,Shipped,Paid,398683
ORD06287,PROJ01762,CUS001887,2025-03-04,Confirmed,Paid,445627
ORD06288,PROJ00152,CUS000738,2024-07-26,Delivered,Pending,397665
ORD06289,PROJ04941,CUS000209,2025-01-23,confirmed,Partial,397141
ORD06290,PROJ03486,CUS000360,2024-02-25,confirmed,Paid,18816
ORD06291,PROJ04975,CUS000481,2024-09-17,confirmed,paid,361254
ORD06292,PROJ00107,CUS003944,2025-10-21,Cancelled,Partial,96864
ORD06293,PROJ02629,CUS004262,2025-04-06,Cancelled,paid,252736
ORD06294,PROJ03866,CUS000720,2025-01-26,Delivered,Pending,467706
ORD06295,PROJ00183,CUS000176,2024-06-16,Shipped,Partial,372113
ORD06296,PROJ02434,CUS001335,2025-04-06,Shipped,Paid,218868
ORD06297,PROJ01094,CUS001049,2024-01-09,Cancelled,paid,282083
ORD06298,PROJ04217,CUS003732,2024-09-23,confirmed,paid,215124
ORD06299,PROJ02878,CUS001260,2024-12-24,Confirmed,paid,305472
ORD06300,PROJ02838,CUS003998,2024-06-06,Delivered,paid,91300
ORD06301,PROJ02512,CUS001703,2025-06-30,confirmed,Pending,271220
ORD06302,PROJ02353,CUS004651,2025-02-22,Confirmed,Paid,98081
ORD06303,PROJ01851,CUS003468,2025-01-16,confirmed,paid,73285
ORD06304,PROJ00635,CUS004330,2025-04-11,Confirmed,Pending,379547
ORD06305,PROJ03379,CUS002505,2024-08-02,confirmed,paid,156451
ORD06306,PROJ03074,CUS003267,2024-10-30,Delivered,Partial,356408
ORD06307,PROJ01709,CUS004631,2024-06-01,Cancelled,Paid,100430
ORD06308,PROJ04306,CUS002287,2025-02-12,confirmed,Pending,289445
ORD06309,PROJ01527,CUS002542,2024-06-05,Confirmed,paid,337769
ORD06310,PROJ03992,CUS001828,2024-09-21,Shipped,Paid,399335
ORD06311,PROJ01968,CUS000603,2024-11-08,confirmed,paid,151907
ORD06312,PROJ02815,CUS002764,2024-07-15,confirmed,paid,422963
ORD06313,PROJ01766,CUS001365,2025-03-12,confirmed,paid,476936
ORD06314,PROJ04624,CUS000286,2024-10-20,Shipped,Partial,105627
ORD06315,PROJ01876,CUS004135,2024-10-16,Delivered,Paid,272058
ORD06316,PROJ04016,CUS004834,2025-01-10,Cancelled,Pending,371220
ORD06317,PROJ04701,CUS001066,2025-07-11,Cancelled,Paid,373980
ORD06318,PROJ04304,CUS001314,2025-07-20,Confirmed,Pending,314482
ORD06319,PROJ01236,CUS000523,2024-06-25,confirmed,paid,406706
ORD06320,PROJ03467,CUS003050,2024-05-22,Delivered,Pending,486126
ORD06321,PROJ00260,CUS001068,2024-07-08,Confirmed,Partial,337100
ORD06322,PROJ02178,CUS001521,2024-08-06,Confirmed,paid,472134
ORD06323,PROJ01076,CUS004904,2025-01-16,Delivered,Partial,434537
ORD06324,PROJ01683,CUS001867,2025-06-12,Delivered,paid,15679
ORD06325,PROJ04268,CUS004746,2024-10-15,Cancelled,Partial,67014
ORD06326,PROJ04682,CUS002592,2024-09-26,Delivered,paid,10055
ORD06327,PROJ01404,CUS001315,2024-10-25,Confirmed,Partial,238842
ORD06328,PROJ02102,CUS000576,2025-06-05,Cancelled,Partial,347772
ORD06329,PROJ01763,CUS004325,2024-11-13,Cancelled,Partial,130468
ORD06330,PROJ00818,CUS000159,2024-10-10,Confirmed,Paid,14886
ORD06331,PROJ02962,CUS000683,2024-11-28,Delivered,paid,356591
ORD06332,PROJ03895,CUS003872,2024-04-29,Cancelled,Paid,369602
ORD06333,PROJ00688,CUS001085,2025-07-04,Cancelled,paid,316566
ORD06334,PROJ04829,CUS004707,2024-11-27,confirmed,Partial,349326
ORD06335,PROJ02689,CUS001697,2025-04-17,Shipped,paid,57358
ORD06336,PROJ01364,CUS001866,2025-06-17,Confirmed,Partial,413002
ORD06337,PROJ02611,CUS002303,2024-09-15,Confirmed,Pending,118155
ORD06338,PROJ02726,CUS002755,2025-03-31,Confirmed,Partial,214505
ORD06339,PROJ00949,CUS002819,2024-07-01,Cancelled,Pending,93558
ORD06340,PROJ01247,CUS001723,2024-06-06,Confirmed,paid,89055
ORD06341,PROJ00694,CUS003898,2024-02-19,Cancelled,Partial,39136
ORD06342,PROJ00486,CUS001225,2024-12-15,confirmed,paid,5548
ORD06343,PROJ00942,CUS001123,2024-09-12,confirmed,paid,271091
ORD06344,PROJ02365,CUS000067,2025-01-17,Delivered,Pending,10063
ORD06345,PROJ01573,CUS000645,2025-03-08,Cancelled,paid,242288
ORD06346,PROJ03701,CUS002221,2025-10-11,Cancelled,Pending,31671
ORD06347,PROJ00627,CUS004491,2024-12-04,confirmed,Pending,55345
ORD06348,PROJ04632,CUS002720,2025-02-13,Cancelled,Partial,311954
ORD06349,PROJ00550,CUS001830,2025-01-11,Confirmed,paid,411620
ORD06350,PROJ02616,CUS004180,2025-01-14,Cancelled,Pending,157981
ORD06351,PROJ03176,CUS001673,2024-10-23,confirmed,Partial,13542
ORD06352,PROJ01882,CUS000131,2025-04-25,Confirmed,Partial,180206
ORD06353,PROJ03837,CUS003240,2024-02-11,Confirmed,Paid,177902
ORD06354,PROJ04414,CUS000716,2025-03-21,Confirmed,paid,129013
ORD06355,PROJ03266,CUS004101,2024-07-13,Delivered,Pending,291482
ORD06356,PROJ01472,CUS003248,2024-09-13,Confirmed,Partial,441054
ORD06357,PROJ02270,CUS004121,2024-12-04,confirmed,Partial,372116
ORD06358,PROJ03616,CUS000584,2025-06-21,Delivered,Paid,267600
ORD06359,PROJ02376,CUS000922,2024-11-12,Confirmed,paid,363364
ORD06360,PROJ04951,CUS003305,2024-01-18,Delivered,Paid,305951
ORD06361,PROJ03739,CUS000789,2024-11-26,Delivered,Paid,138651
ORD06362,PROJ03086,CUS002617,2025-01-15,Delivered,Paid,427622
ORD06363,PROJ00023,CUS002049,2024-10-24,Confirmed,Partial,195763
ORD06364,PROJ03040,CUS004124,2024-03-12,Cancelled,Partial,470686
ORD06365,PROJ00481,CUS004970,2025-01-30,Confirmed,paid,189902
ORD06366,PROJ04322,CUS000133,2025-07-04,confirmed,paid,186979
ORD06367,PROJ00227,CUS003389,2024-11-04,Cancelled,Partial,150136
ORD06368,PROJ02233,CUS001146,2025-02-15,Shipped,Partial,100623
ORD06369,PROJ00770,CUS003897,2024-09-17,Cancelled,Paid,265970
ORD06370,PROJ00923,CUS000452,2025-06-28,Shipped,paid,106554
ORD06371,PROJ03427,CUS001386,2025-03-31,Delivered,Paid,284333
ORD06372,PROJ02231,CUS004028,2025-04-20,confirmed,paid,128138
ORD06373,PROJ03438,CUS002460,2024-06-01,Shipped,Pending,422818
ORD06374,PROJ02698,CUS004474,2024-11-01,confirmed,Partial,410346
ORD06375,PROJ01611,CUS000705,2025-01-19,Delivered,Partial,43794
ORD06376,PROJ03557,CUS002149,2024-02-21,confirmed,Partial,320028
ORD06377,PROJ03456,CUS004254,2025-02-19,Shipped,paid,358900
ORD06378,PROJ04013,CUS000681,2024-08-15,Confirmed,Paid,205483
ORD06379,PROJ04955,CUS002248,2024-10-12,Confirmed,Pending,317517
ORD06380,PROJ00212,CUS003821,2025-01-20,Delivered,Pending,450326
ORD06381,PROJ01137,CUS003153,2024-05-10,confirmed,Partial,352292
ORD06382,PROJ00736,CUS003431,2024-09-22,Shipped,Partial,8168
ORD06383,PROJ04018,CUS003574,2024-12-02,Shipped,Partial,124905
ORD06384,PROJ00043,CUS002986,2024-04-11,confirmed,Pending,264211
ORD06385,PROJ01361,CUS000608,2024-05-14,Delivered,Paid,156324
ORD06386,PROJ00472,CUS002168,2025-04-28,Delivered,Paid,342340
ORD06387,PROJ03672,CUS000919,2025-01-07,Confirmed,Partial,19994
ORD06388,PROJ02475,CUS004339,2025-02-22,Delivered,Partial,314439
ORD06389,PROJ04535,CUS001912,2025-11-10,confirmed,Pending,20948
ORD06390,PROJ01025,CUS001649,2024-12-16,Cancelled,paid,78801
ORD06391,PROJ03006,CUS004479,2025-06-03,Delivered,Paid,461495
ORD06392,PROJ00035,CUS000002,2024-11-26,Delivered,paid,384485
ORD06393,PROJ04759,CUS000433,2025-04-02,Cancelled,Pending,103359
ORD06394,PROJ04743,CUS001525,2025-02-08,Cancelled,Paid,252176
ORD06395,PROJ04294,CUS002275,2024-04-23,Confirmed,paid,305445
ORD06396,PROJ02080,CUS001470,2024-11-18,Shipped,paid,225504
ORD06397,PROJ01329,CUS000467,2025-01-06,Cancelled,Pending,313849
ORD06398,PROJ01705,CUS004570,2024-03-25,Confirmed,paid,354834
ORD06399,PROJ02885,CUS002000,2025-07-02,Cancelled,Pending,323343
ORD06400,PROJ04459,CUS004174,2024-09-01,Delivered,Partial,116317
ORD06401,PROJ00074,CUS004673,2024-09-22,Shipped,Paid,253084
ORD06402,PROJ02892,CUS000217,2024-11-04,confirmed,Partial,335578
ORD06403,PROJ04398,CUS003531,2024-06-06,Shipped,Paid,238514
ORD06404,PROJ03159,CUS003667,2025-01-15,confirmed,Pending,270457
ORD06405,PROJ00904,CUS001867,2024-11-18,confirmed,Paid,270663
ORD06406,PROJ04032,CUS004257,2025-06-21,Delivered,Paid,290925
ORD06407,PROJ01929,CUS004733,2024-09-28,Shipped,Pending,438112
ORD06408,PROJ03429,CUS001599,2024-09-30,confirmed,paid,111322
ORD06409,PROJ01382,CUS004001,2025-04-09,Confirmed,Partial,466344
ORD06410,PROJ01673,CUS003071,2024-06-03,Cancelled,Paid,499968
ORD06411,PROJ00374,CUS003664,2025-05-06,Confirmed,Paid,441058
ORD06412,PROJ01038,CUS000414,2025-06-25,Shipped,Partial,336879
ORD06413,PROJ03526,CUS001307,2025-04-14,Delivered,Pending,448755
ORD06414,PROJ01019,CUS003943,2025-01-30,confirmed,Partial,98435
ORD06415,PROJ04212,CUS004429,2024-08-23,confirmed,Partial,394808
ORD06416,PROJ00293,CUS000526,2025-01-31,Confirmed,Partial,383690
ORD06417,PROJ02804,CUS002008,2024-10-02,Delivered,Paid,260313
ORD06418,PROJ03832,CUS002105,2024-09-16,confirmed,Pending,425099
ORD06419,PROJ01882,CUS000990,2024-06-27,Delivered,Partial,239789
ORD06420,PROJ01274,CUS001470,2025-10-13,confirmed,Paid,477756
ORD06421,PROJ03208,CUS001764,2024-08-20,confirmed,Partial,20006
ORD06422,PROJ01001,CUS003446,2024-12-17,confirmed,paid,212515
ORD06423,PROJ00993,CUS000634,2024-10-26,Cancelled,Partial,89264
ORD06424,PROJ03328,CUS001143,2024-12-31,Confirmed,paid,48946
ORD06425,PROJ03728,CUS002978,2025-07-27,Confirmed,Partial,122989
ORD06426,PROJ01952,CUS004870,2024-11-15,confirmed,Pending,17624
ORD06427,PROJ01101,CUS002323,2025-09-21,Delivered,Pending,187818
ORD06428,PROJ03752,CUS001214,2025-06-26,Delivered,Pending,426967
ORD06429,PROJ00431,CUS000310,2025-06-12,Shipped,Paid,239608
ORD06430,PROJ02810,CUS001819,2025-01-14,confirmed,Partial,341613
ORD06431,PROJ00885,CUS002706,2025-01-09,Cancelled,Partial,280759
ORD06432,PROJ03122,CUS001536,2025-05-31,Delivered,Pending,138151
ORD06433,PROJ01718,CUS004258,2025-04-07,Confirmed,paid,390854
ORD06434,PROJ01993,CUS000406,2024-06-12,Shipped,Partial,199051
ORD06435,PROJ03606,CUS003342,2024-12-26,Cancelled,paid,232424
ORD06436,PROJ04166,CUS002916,2024-08-03,confirmed,paid,324809
ORD06437,PROJ02743,CUS002778,2024-08-08,Cancelled,Pending,468267
ORD06438,PROJ03399,CUS005000,2024-08-08,confirmed,paid,25477
ORD06439,PROJ02110,CUS001159,2024-10-27,confirmed,Paid,136000
ORD06440,PROJ00785,CUS002545,2024-03-01,Cancelled,Paid,469582
ORD06441,PROJ03623,CUS002400,2024-01-16,Cancelled,Pending,49756
ORD06442,PROJ04372,CUS002479,2025-08-05,Delivered,Paid,177746
ORD06443,PROJ03504,CUS000349,2024-10-26,Cancelled,Partial,116643
ORD06444,PROJ03172,CUS002550,2024-07-25,Shipped,paid,128395
ORD06445,PROJ04818,CUS002697,2025-01-16,Cancelled,paid,87050
ORD06446,PROJ04315,CUS002230,2025-07-08,Shipped,Pending,212758
ORD06447,PROJ01583,CUS003571,2025-02-02,Shipped,Partial,415414
ORD06448,PROJ03886,CUS003313,2024-08-03,Confirmed,Partial,480852
ORD06449,PROJ02068,CUS004192,2024-08-31,Delivered,Pending,42559
ORD06450,PROJ01043,CUS000600,2024-03-31,Shipped,Pending,464829
ORD06451,PROJ01750,CUS004979,2025-01-07,Delivered,Pending,77533
ORD06452,PROJ04937,CUS002737,2024-12-09,Shipped,paid,440472
ORD06453,PROJ01534,CUS003426,2025-05-01,Delivered,Pending,409522
ORD06454,PROJ03047,CUS001925,2024-11-05,Confirmed,Pending,223901
ORD06455,PROJ04841,CUS000294,2025-05-09,Cancelled,Pending,350124
ORD06456,PROJ00301,CUS004824,2024-04-29,confirmed,paid,434243
ORD06457,PROJ04381,CUS004438,2024-11-09,Delivered,Partial,305530
ORD06458,PROJ00790,CUS004603,2025-03-04,Cancelled,Pending,201512
ORD06459,PROJ00993,CUS004671,2024-11-16,Cancelled,paid,195415
ORD06460,PROJ00122,CUS004098,2024-06-30,confirmed,Partial,319618
ORD06461,PROJ00122,CUS000860,2024-09-03,Confirmed,Paid,93069
ORD06462,PROJ04511,CUS002407,2024-11-11,Delivered,paid,448043
ORD06463,PROJ00467,CUS001612,2024-07-22,Shipped,Partial,188338
ORD06464,PROJ04266,CUS001624,2025-01-02,Delivered,paid,211150
ORD06465,PROJ03664,CUS001104,2025-04-24,Confirmed,Pending,317523
ORD06466,PROJ02572,CUS001790,2024-08-10,Delivered,Paid,315540
ORD06467,PROJ04895,CUS004352,2024-12-23,Confirmed,paid,127180
ORD06468,PROJ02439,CUS000287,2025-06-03,confirmed,Partial,32340
ORD06469,PROJ02380,CUS001489,2024-11-24,Confirmed,Pending,485386
ORD06470,PROJ04834,CUS004304,2025-02-25,Cancelled,Partial,468506
ORD06471,PROJ01635,CUS003022,2024-01-27,Shipped,paid,414189
ORD06472,PROJ04777,CUS002754,2025-09-19,Shipped,Pending,290663
ORD06473,PROJ02932,CUS000022,2024-12-24,Shipped,Pending,218009
ORD06474,PROJ03528,CUS002345,2024-04-09,Shipped,paid,477880
ORD06475,PROJ00820,CUS003347,2025-02-14,Delivered,Pending,343643
ORD06476,PROJ01383,CUS004879,2025-02-28,Confirmed,Partial,447146
ORD06477,PROJ04303,CUS001045,2024-12-14,Cancelled,Paid,20726
ORD06478,PROJ00473,CUS000079,2025-01-07,Delivered,Partial,309104
ORD06479,PROJ04039,CUS002112,2024-07-06,confirmed,Paid,117047
ORD06480,PROJ04751,CUS003505,2025-07-20,Cancelled,Partial,145337
ORD06481,PROJ02000,CUS004561,2024-08-06,Cancelled,Partial,345395
ORD06482,PROJ04187,CUS003003,2024-11-08,Shipped,Pending,440911
ORD06483,PROJ00070,CUS000380,2025-06-13,confirmed,Partial,420670
ORD06484,PROJ04772,CUS001448,2024-04-19,Confirmed,Paid,415631
ORD06485,PROJ00666,CUS000175,2025-08-09,Confirmed,Partial,243324
ORD06486,PROJ03629,CUS001517,2024-10-28,confirmed,Partial,340638
ORD06487,PROJ03171,CUS004542,2025-01-05,Shipped,paid,405358
ORD06488,PROJ04885,CUS002768,2024-09-23,Cancelled,Partial,47870
ORD06489,PROJ01701,CUS001493,2024-02-15,Shipped,Paid,317963
ORD06490,PROJ04818,CUS002730,2024-10-13,Confirmed,paid,476136
ORD06491,PROJ00452,CUS002447,2024-09-01,Cancelled,Partial,455135
ORD06492,PROJ03243,CUS001117,2024-03-27,Delivered,Paid,232745
ORD06493,PROJ03861,CUS000781,2024-09-27,confirmed,Partial,11448
ORD06494,PROJ01482,CUS004976,2025-05-15,confirmed,paid,394164
ORD06495,PROJ01296,CUS004194,2025-02-26,Shipped,paid,302243
ORD06496,PROJ01090,CUS000468,2024-06-26,Shipped,Paid,214400
ORD06497,PROJ02151,CUS000420,2024-12-03,Delivered,Paid,49998
ORD06498,PROJ01741,CUS000942,2025-03-12,Cancelled,paid,343048
ORD06499,PROJ04188,CUS001778,2024-12-28,Delivered,Paid,422673
ORD06500,PROJ01754,CUS003009,2025-01-03,Confirmed,Pending,64764
ORD06501,PROJ04895,CUS000646,2024-10-15,Cancelled,Paid,308420
ORD06502,PROJ01304,CUS002586,2024-01-19,Confirmed,Pending,351368
ORD06503,PROJ01655,CUS001328,2024-11-24,Shipped,Partial,259582
ORD06504,PROJ01835,CUS001743,2025-02-12,Shipped,Pending,133311
ORD06505,PROJ04822,CUS003652,2024-09-10,Confirmed,Paid,269695
ORD06506,PROJ01033,CUS001265,2024-10-30,Confirmed,Pending,86589
ORD06507,PROJ01792,CUS000687,2024-09-15,Shipped,paid,274010
ORD06508,PROJ02988,CUS000497,2024-11-26,Delivered,Partial,441676
ORD06509,PROJ01140,CUS003889,2024-09-30,Confirmed,paid,190198
ORD06510,PROJ00797,CUS000977,2025-03-09,Shipped,Pending,250441
ORD06511,PROJ03508,CUS001435,2024-08-20,Confirmed,Paid,271143
ORD06512,PROJ03498,CUS001142,2025-02-05,Shipped,Pending,276006
ORD06513,PROJ00787,CUS000091,2024-04-22,Confirmed,Partial,143220
ORD06514,PROJ02449,CUS000382,2024-12-01,Delivered,paid,75315
ORD06515,PROJ02210,CUS004439,2025-02-26,Delivered,Paid,120211
ORD06516,PROJ00250,CUS000401,2025-01-07,Confirmed,paid,151107
ORD06517,PROJ02250,CUS002575,2025-02-23,Delivered,Partial,25844
ORD06518,PROJ02564,CUS001384,2025-05-11,Shipped,Paid,408759
ORD06519,PROJ01312,CUS004447,2025-03-05,confirmed,Paid,319042
ORD06520,PROJ00464,CUS003579,2025-08-05,Shipped,Partial,435080
ORD06521,PROJ03675,CUS002589,2025-06-10,Shipped,paid,218905
ORD06522,PROJ00300,CUS001938,2024-03-08,confirmed,paid,59923
ORD06523,PROJ03057,CUS003905,2025-02-12,Confirmed,Partial,137958
ORD06524,PROJ01984,CUS000507,2024-12-17,Shipped,Pending,130609
ORD06525,PROJ04434,CUS000227,2025-11-23,confirmed,Partial,496582
ORD06526,PROJ01962,CUS000498,2025-02-13,Confirmed,paid,400286
ORD06527,PROJ04286,CUS001560,2024-10-06,Delivered,paid,382071
ORD06528,PROJ03431,CUS001824,2024-05-31,Cancelled,Partial,290790
ORD06529,PROJ00002,CUS002038,2025-02-19,Delivered,Partial,460978
ORD06530,PROJ04931,CUS003640,2025-04-06,Shipped,Partial,273735
ORD06531,PROJ00648,CUS004372,2025-07-21,Shipped,Partial,160219
ORD06532,PROJ02258,CUS000164,2025-04-19,Confirmed,paid,343677
ORD06533,PROJ01109,CUS000789,2024-11-02,Delivered,Partial,78128
ORD06534,PROJ01492,CUS001198,2024-05-03,confirmed,Paid,50348
ORD06535,PROJ01557,CUS000480,2025-04-03,Delivered,paid,310524
ORD06536,PROJ04655,CUS004253,2025-06-08,Shipped,Paid,125562
ORD06537,PROJ01998,CUS004810,2024-09-22,Shipped,Paid,422666
ORD06538,PROJ04908,CUS002624,2025-03-20,Confirmed,Paid,114049
ORD06539,PROJ02237,CUS003766,2024-08-13,Shipped,Paid,22924
ORD06540,PROJ01446,CUS002383,2024-09-01,Confirmed,paid,276981
ORD06541,PROJ00344,CUS002152,2025-01-16,confirmed,paid,426636
ORD06542,PROJ00107,CUS004714,2024-09-29,Confirmed,Partial,113469
ORD06543,PROJ04547,CUS002215,2024-11-08,Cancelled,Paid,84737
ORD06544,PROJ00362,CUS003930,2025-02-07,Cancelled,Partial,277451
ORD06545,PROJ02792,CUS000779,2024-07-25,Delivered,Partial,231818
ORD06546,PROJ03879,CUS001522,2024-12-27,Confirmed,Paid,441453
ORD06547,PROJ03254,CUS002800,2025-01-21,Shipped,Pending,372289
ORD06548,PROJ03440,CUS001558,2024-07-12,Cancelled,Partial,416444
ORD06549,PROJ02809,CUS002351,2024-05-11,confirmed,Partial,104607
ORD06550,PROJ03910,CUS003969,2024-03-17,Delivered,paid,249011
ORD06551,PROJ00110,CUS002698,2024-10-08,confirmed,Partial,218474
ORD06552,PROJ02292,CUS002634,2024-09-28,Confirmed,Pending,175595
ORD06553,PROJ00707,CUS001080,2024-03-10,Cancelled,paid,41233
ORD06554,PROJ03538,CUS004389,2025-02-14,Shipped,Partial,155381
ORD06555,PROJ00016,CUS003165,2025-01-07,Delivered,Paid,231478
ORD06556,PROJ02304,CUS002761,2024-03-07,Cancelled,Pending,240572
ORD06557,PROJ03794,CUS001517,2025-06-10,Confirmed,Pending,47042
ORD06558,PROJ03950,CUS000983,2025-01-02,confirmed,Pending,365977
ORD06559,PROJ04834,CUS003558,2024-03-31,confirmed,paid,423822
ORD06560,PROJ03389,CUS002760,2024-03-31,confirmed,paid,280348
ORD06561,PROJ01948,CUS003221,2024-12-25,Shipped,Paid,34521
ORD06562,PROJ03689,CUS001515,2025-04-10,Shipped,Partial,333245
ORD06563,PROJ04577,CUS003822,2024-12-25,Cancelled,paid,441238
ORD06564,PROJ03097,CUS004130,2025-01-21,Confirmed,Pending,80244
ORD06565,PROJ04927,CUS002461,2024-08-30,Confirmed,Paid,320986
ORD06566,PROJ04991,CUS004631,2025-03-29,Delivered,Partial,238563
ORD06567,PROJ03573,CUS004953,2025-03-08,Confirmed,Partial,480633
ORD06568,PROJ00893,CUS004935,2025-03-14,Delivered,Partial,371740
ORD06569,PROJ01875,CUS001191,2024-08-10,confirmed,paid,405664
ORD06570,PROJ03584,CUS001984,2024-12-02,Shipped,Paid,427501
ORD06571,PROJ02562,CUS000566,2024-09-20,confirmed,Paid,134280
ORD06572,PROJ03439,CUS004832,2024-08-06,Delivered,paid,183799
ORD06573,PROJ00983,CUS002452,2025-04-16,Confirmed,Partial,492351
ORD06574,PROJ02670,CUS004809,2024-07-05,Delivered,Pending,296421
ORD06575,PROJ00414,CUS000204,2024-02-05,Delivered,Partial,79945
ORD06576,PROJ00849,CUS002703,2025-02-26,Shipped,Pending,152878
ORD06577,PROJ04108,CUS000606,2024-12-08,Cancelled,Pending,76550
ORD06578,PROJ04488,CUS003225,2025-05-15,confirmed,paid,289563
ORD06579,PROJ03345,CUS002892,2025-03-29,Delivered,Paid,496170
ORD06580,PROJ04919,CUS002774,2025-02-18,Shipped,Paid,243469
ORD06581,PROJ00700,CUS000150,2025-02-10,Confirmed,Paid,461887
ORD06582,PROJ04169,CUS001242,2024-12-21,Delivered,Pending,384683
ORD06583,PROJ03585,CUS003293,2024-12-03,Cancelled,Partial,26931
ORD06584,PROJ03581,CUS004190,2025-10-09,Confirmed,Partial,311160
ORD06585,PROJ03393,CUS002794,2024-06-21,Confirmed,Partial,171956
ORD06586,PROJ00787,CUS000536,2024-02-05,Shipped,Paid,315699
ORD06587,PROJ03560,CUS003846,2025-04-06,Confirmed,paid,411823
ORD06588,PROJ03483,CUS004026,2025-01-19,Delivered,Partial,222390
ORD06589,PROJ02195,CUS000554,2024-07-08,Confirmed,Partial,224308
ORD06590,PROJ04828,CUS001113,2025-02-25,Delivered,Partial,56583
ORD06591,PROJ01234,CUS004893,2024-10-13,Cancelled,Partial,481058
ORD06592,PROJ00575,CUS001887,2024-01-04,Shipped,Pending,265666
ORD06593,PROJ03821,CUS003100,2024-09-30,Cancelled,paid,75859
ORD06594,PROJ01051,CUS001576,2024-12-21,Delivered,Pending,376397
ORD06595,PROJ00345,CUS001730,2025-01-21,Confirmed,Paid,348105
ORD06596,PROJ00712,CUS000207,2024-09-07,Shipped,paid,403949
ORD06597,PROJ01745,CUS000383,2025-02-04,Delivered,Partial,140120
ORD06598,PROJ04711,CUS000394,2025-06-02,Delivered,Pending,62001
ORD06599,PROJ01783,CUS000948,2024-10-13,Delivered,Pending,319430
ORD06600,PROJ01016,CUS002743,2025-01-14,Shipped,paid,112748
ORD06601,PROJ02571,CUS000044,2024-10-16,confirmed,Pending,96420
ORD06602,PROJ03243,CUS000067,2024-03-22,Delivered,Paid,272106
ORD06603,PROJ04463,CUS001353,2024-11-21,Shipped,Partial,272293
ORD06604,PROJ02736,CUS002017,2025-07-04,Cancelled,Paid,84907
ORD06605,PROJ03084,CUS001525,2024-05-14,Shipped,Partial,325952
ORD06606,PROJ00683,CUS004766,2024-08-02,confirmed,paid,83457
ORD06607,PROJ04726,CUS001341,2025-04-11,Delivered,Paid,118030
ORD06608,PROJ03761,CUS003688,2025-03-10,Shipped,Partial,225172
ORD06609,PROJ01289,CUS003600,2025-02-23,Confirmed,Pending,361012
ORD06610,PROJ02832,CUS001758,2025-01-13,confirmed,Paid,409976
ORD06611,PROJ03067,CUS003791,2025-05-05,Shipped,Partial,376986
ORD06612,PROJ03158,CUS000456,2024-09-07,Delivered,Paid,326998
ORD06613,PROJ01357,CUS001745,2024-08-09,Delivered,Paid,129575
ORD06614,PROJ04257,CUS001197,2024-07-28,Delivered,paid,308756
ORD06615,PROJ04710,CUS004872,2025-01-06,Confirmed,Paid,477653
ORD06616,PROJ03520,CUS003656,2024-02-11,Confirmed,Partial,130383
ORD06617,PROJ03716,CUS001621,2024-07-08,Cancelled,paid,7836
ORD06618,PROJ04933,CUS001808,2024-07-23,Delivered,Pending,254634
ORD06619,PROJ02010,CUS001411,2024-05-30,confirmed,paid,180931
ORD06620,PROJ01334,CUS004339,2025-02-06,Shipped,paid,40864
ORD06621,PROJ00727,CUS003123,2025-02-26,Confirmed,paid,410237
ORD06622,PROJ02121,CUS002178,2024-10-25,Cancelled,Pending,437019
ORD06623,PROJ00919,CUS003835,2024-09-23,Confirmed,paid,410694
ORD06624,PROJ04229,CUS004118,2025-02-06,Cancelled,paid,345557
ORD06625,PROJ02009,CUS000288,2025-03-30,Cancelled,Paid,149816
ORD06626,PROJ00976,CUS002308,2024-07-24,confirmed,Pending,406639
ORD06627,PROJ04052,CUS000214,2024-01-23,Shipped,Pending,259467
ORD06628,PROJ03375,CUS001557,2025-04-03,confirmed,Partial,286972
ORD06629,PROJ01365,CUS001437,2024-11-17,Cancelled,Pending,256868
ORD06630,PROJ03261,CUS004703,2024-12-12,Delivered,Paid,438870
ORD06631,PROJ02741,CUS000944,2024-09-17,Delivered,Partial,149823
ORD06632,PROJ03668,CUS001758,2025-03-17,Cancelled,paid,203587
ORD06633,PROJ01699,CUS004938,2024-05-20,Cancelled,Partial,109256
ORD06634,PROJ03514,CUS004781,2025-03-04,confirmed,Partial,228395
ORD06635,PROJ04495,CUS003118,2024-11-18,confirmed,Paid,250900
ORD06636,PROJ02471,CUS001416,2024-05-31,Cancelled,paid,182280
ORD06637,PROJ03319,CUS003097,2025-05-19,Confirmed,Partial,438041
ORD06638,PROJ03821,CUS002703,2025-03-23,Shipped,Partial,137264
ORD06639,PROJ04217,CUS002373,2024-10-17,Shipped,paid,338899
ORD06640,PROJ05000,CUS003846,2024-08-16,confirmed,paid,350877
ORD06641,PROJ04327,CUS002585,2025-07-15,Shipped,paid,227686
ORD06642,PROJ04985,CUS000068,2025-01-13,Cancelled,paid,85340
ORD06643,PROJ02009,CUS004914,2024-03-23,Cancelled,Pending,14578
ORD06644,PROJ01556,CUS004962,2024-10-03,confirmed,Partial,469739
ORD06645,PROJ01654,CUS004068,2025-02-15,confirmed,paid,76513
ORD06646,PROJ00016,CUS003677,2024-09-28,Confirmed,Pending,374792
ORD06647,PROJ03412,CUS000085,2024-05-24,Confirmed,paid,470024
ORD06648,PROJ00927,CUS004040,2024-12-20,Cancelled,paid,42919
ORD06649,PROJ04973,CUS000424,2025-07-13,Cancelled,Paid,433658
ORD06650,PROJ00500,CUS005000,2025-03-11,Shipped,Partial,408491
ORD06651,PROJ02197,CUS003611,2024-04-23,confirmed,Paid,411710
ORD06652,PROJ02077,CUS001364,2024-10-27,Cancelled,paid,339303
ORD06653,PROJ00483,CUS001096,2025-04-21,Confirmed,Partial,418443
ORD06654,PROJ04834,CUS003436,2024-09-23,confirmed,Partial,425909
ORD06655,PROJ01519,CUS004787,2024-08-10,Confirmed,paid,103107
ORD06656,PROJ02066,CUS001400,2025-04-14,confirmed,paid,435613
ORD06657,PROJ01689,CUS001866,2024-06-11,Delivered,paid,459007
ORD06658,PROJ00857,CUS000981,2024-06-07,confirmed,paid,211140
ORD06659,PROJ00951,CUS002561,2025-02-06,Shipped,paid,227973
ORD06660,PROJ01706,CUS001126,2025-06-14,confirmed,Pending,319497
ORD06661,PROJ02762,CUS003294,2025-04-21,Shipped,Paid,386865
ORD06662,PROJ01000,CUS002041,2025-02-23,confirmed,Paid,401774
ORD06663,PROJ03522,CUS002631,2024-06-01,confirmed,Pending,102348
ORD06664,PROJ02070,CUS003967,2024-01-08,Shipped,paid,133293
ORD06665,PROJ04649,CUS002706,2025-08-02,Cancelled,Partial,138082
ORD06666,PROJ00173,CUS000817,2025-06-19,Shipped,Partial,76715
ORD06667,PROJ02153,CUS001323,2024-11-01,confirmed,Paid,336082
ORD06668,PROJ01879,CUS000645,2025-03-25,Confirmed,Partial,309358
ORD06669,PROJ02126,CUS001131,2024-03-17,Confirmed,paid,144466
ORD06670,PROJ00514,CUS001562,2024-10-28,confirmed,Partial,234116
ORD06671,PROJ02303,CUS000043,2024-04-11,Shipped,paid,184680
ORD06672,PROJ04721,CUS001986,2024-09-10,Cancelled,Partial,175751
ORD06673,PROJ02323,CUS002695,2025-02-23,Cancelled,Partial,122411
ORD06674,PROJ03443,CUS002560,2024-12-31,Shipped,Partial,315436
ORD06675,PROJ02901,CUS002126,2024-10-16,Delivered,Paid,105727
ORD06676,PROJ00553,CUS000165,2025-01-31,Cancelled,Pending,361205
ORD06677,PROJ01155,CUS000205,2024-08-01,Delivered,paid,132418
ORD06678,PROJ04173,CUS003481,2024-01-17,Confirmed,paid,483602
ORD06679,PROJ02351,CUS001437,2024-03-04,Confirmed,Pending,195807
ORD06680,PROJ01942,CUS001445,2024-11-01,Confirmed,Paid,98027
ORD06681,PROJ01227,CUS002706,2025-04-24,Confirmed,Pending,474489
ORD06682,PROJ00248,CUS004027,2025-01-18,Shipped,Paid,177662
ORD06683,PROJ01159,CUS002068,2024-10-06,Shipped,Pending,330627
ORD06684,PROJ03005,CUS004913,2024-03-23,Shipped,Paid,378190
ORD06685,PROJ01201,CUS000404,2025-05-09,Shipped,Partial,75268
ORD06686,PROJ01202,CUS001578,2025-05-20,Delivered,Pending,324984
ORD06687,PROJ01068,CUS000539,2025-04-25,Delivered,Paid,188823
ORD06688,PROJ00874,CUS002459,2024-02-03,Delivered,Paid,355219
ORD06689,PROJ01097,CUS002782,2024-06-01,Shipped,Paid,494037
ORD06690,PROJ02950,CUS000732,2024-02-29,Delivered,Paid,493225
ORD06691,PROJ01647,CUS003089,2024-09-17,Delivered,Partial,394307
ORD06692,PROJ00876,CUS003374,2025-05-21,Delivered,Partial,204139
ORD06693,PROJ00374,CUS001551,2025-04-24,confirmed,Pending,331356
ORD06694,PROJ03279,CUS003259,2025-01-05,Shipped,Paid,294085
ORD06695,PROJ02469,CUS004470,2024-09-13,Confirmed,Partial,359457
ORD06696,PROJ00874,CUS001344,2024-05-21,Delivered,Pending,221097
ORD06697,PROJ02143,CUS004007,2025-06-03,confirmed,paid,236095
ORD06698,PROJ03977,CUS000042,2024-06-20,Delivered,Partial,201425
ORD06699,PROJ04276,CUS000438,2024-08-30,Confirmed,Pending,163823
ORD06700,PROJ04655,CUS002354,2025-11-26,Cancelled,Paid,454791
ORD06701,PROJ03355,CUS002574,2024-10-26,Shipped,paid,227877
ORD06702,PROJ03491,CUS000214,2024-02-23,confirmed,Partial,210952
ORD06703,PROJ04534,CUS003538,2024-09-16,Cancelled,paid,475636
ORD06704,PROJ03966,CUS003895,2024-12-06,confirmed,Pending,80353
ORD06705,PROJ03300,CUS003933,2024-12-18,Shipped,Partial,407275
ORD06706,PROJ03111,CUS001340,2024-04-30,Cancelled,Pending,492527
ORD06707,PROJ03775,CUS002468,2024-12-18,confirmed,paid,456439
ORD06708,PROJ03705,CUS003946,2024-12-18,Cancelled,paid,190184
ORD06709,PROJ02879,CUS004331,2025-04-28,confirmed,Partial,470645
ORD06710,PROJ02550,CUS003750,2024-01-14,Shipped,paid,198114
ORD06711,PROJ01234,CUS004249,2025-03-20,Shipped,Paid,421738
ORD06712,PROJ04599,CUS003475,2025-01-31,Delivered,Pending,237873
ORD06713,PROJ02338,CUS004038,2024-11-16,Confirmed,Paid,440715
ORD06714,PROJ01202,CUS002668,2024-07-02,Delivered,paid,7880
ORD06715,PROJ00076,CUS000341,2025-02-26,Cancelled,Pending,260647
ORD06716,PROJ04577,CUS000156,2025-01-14,Delivered,paid,115252
ORD06717,PROJ04447,CUS002188,2024-08-08,Confirmed,Partial,16306
ORD06718,PROJ02305,CUS001868,2025-05-09,confirmed,Paid,208914
ORD06719,PROJ03030,CUS000477,2024-03-10,Confirmed,Pending,432363
ORD06720,PROJ02593,CUS003125,2024-09-08,Shipped,Paid,369616
ORD06721,PROJ00049,CUS003109,2024-06-29,Confirmed,Paid,454419
ORD06722,PROJ03370,CUS002569,2024-04-14,Confirmed,Pending,72040
ORD06723,PROJ00066,CUS001015,2024-06-15,Shipped,Pending,396922
ORD06724,PROJ02487,CUS000624,2024-07-28,Delivered,Partial,349948
ORD06725,PROJ00657,CUS000302,2024-05-28,Confirmed,Pending,466900
ORD06726,PROJ02244,CUS004720,2024-08-24,confirmed,paid,474268
ORD06727,PROJ03739,CUS000346,2024-10-03,confirmed,Partial,219409
ORD06728,PROJ03229,CUS001708,2025-06-08,Delivered,Partial,160772
ORD06729,PROJ03014,CUS000263,2025-09-02,Delivered,Pending,151880
ORD06730,PROJ02998,CUS000379,2024-04-07,Shipped,Paid,101090
ORD06731,PROJ03963,CUS003703,2025-01-23,confirmed,Partial,182974
ORD06732,PROJ03738,CUS004957,2025-01-06,Delivered,paid,233257
ORD06733,PROJ03511,CUS001800,2024-09-03,Shipped,Paid,69541
ORD06734,PROJ04182,CUS000888,2024-12-14,Cancelled,Partial,424237
ORD06735,PROJ02415,CUS004059,2024-10-01,Cancelled,Pending,122654
ORD06736,PROJ00675,CUS000506,2024-07-30,Delivered,Partial,137864
ORD06737,PROJ01754,CUS000451,2024-12-31,Confirmed,Partial,139332
ORD06738,PROJ00912,CUS004425,2025-01-15,Cancelled,Pending,61350
ORD06739,PROJ02270,CUS001958,2024-12-06,Shipped,Partial,382943
ORD06740,PROJ03842,CUS003945,2024-07-04,Confirmed,Partial,64852
ORD06741,PROJ04378,CUS002645,2025-02-10,Delivered,paid,455406
ORD06742,PROJ00602,CUS002192,2024-10-31,Shipped,paid,123595
ORD06743,PROJ04030,CUS002405,2024-08-14,Shipped,Paid,302670
ORD06744,PROJ01115,CUS000455,2025-04-18,Confirmed,paid,96272
ORD06745,PROJ04409,CUS000541,2025-04-25,Shipped,paid,14080
ORD06746,PROJ03604,CUS003787,2024-12-09,confirmed,Partial,449373
ORD06747,PROJ02018,CUS000873,2024-08-25,Confirmed,Paid,81710
ORD06748,PROJ04676,CUS004360,2024-07-28,Shipped,Paid,118956
ORD06749,PROJ01001,CUS003214,2024-12-20,Confirmed,Paid,84682
ORD06750,PROJ01312,CUS004637,2025-08-19,confirmed,Pending,348676
ORD06751,PROJ02767,CUS004383,2024-08-18,confirmed,Pending,198617
ORD06752,PROJ02684,CUS002062,2025-04-04,confirmed,Partial,414927
ORD06753,PROJ01978,CUS002302,2024-11-30,confirmed,Partial,324830
ORD06754,PROJ00026,CUS004198,2024-03-01,Shipped,paid,22970
ORD06755,PROJ04895,CUS004080,2024-11-20,Shipped,Paid,473399
ORD06756,PROJ02353,CUS003377,2024-05-08,Confirmed,Pending,210127
ORD06757,PROJ04513,CUS003771,2024-12-13,Delivered,Pending,182488
ORD06758,PROJ04575,CUS004381,2025-03-26,Cancelled,Partial,85634
ORD06759,PROJ00038,CUS000037,2024-12-29,Cancelled,Paid,380419
ORD06760,PROJ03688,CUS003638,2025-05-22,Delivered,Pending,119737
ORD06761,PROJ00799,CUS000201,2025-01-14,Delivered,Partial,306589
ORD06762,PROJ03964,CUS004786,2024-10-12,Cancelled,Partial,265014
ORD06763,PROJ02150,CUS001607,2024-11-17,Shipped,Partial,329266
ORD06764,PROJ04525,CUS004509,2025-07-17,Cancelled,paid,254518
ORD06765,PROJ04640,CUS004255,2025-04-25,Confirmed,Paid,222076
ORD06766,PROJ04866,CUS001496,2025-06-17,confirmed,Paid,237519
ORD06767,PROJ03621,CUS001819,2024-03-07,Confirmed,Paid,232961
ORD06768,PROJ03088,CUS000633,2025-09-14,Delivered,paid,401770
ORD06769,PROJ04442,CUS001617,2024-06-07,Confirmed,paid,133411
ORD06770,PROJ00193,CUS003745,2024-12-16,Shipped,Paid,67229
ORD06771,PROJ00391,CUS004017,2025-02-20,confirmed,paid,272878
ORD06772,PROJ03911,CUS002588,2024-10-30,Delivered,Pending,485710
ORD06773,PROJ03111,CUS000754,2024-03-26,Confirmed,Partial,40292
ORD06774,PROJ02162,CUS001348,2025-01-07,Shipped,Partial,400420
ORD06775,PROJ01610,CUS002231,2024-12-02,Cancelled,paid,101518
ORD06776,PROJ01049,CUS002841,2025-02-20,confirmed,Paid,406955
ORD06777,PROJ03274,CUS004825,2025-01-05,Confirmed,Partial,287083
ORD06778,PROJ00096,CUS003279,2025-02-12,confirmed,Pending,78975
ORD06779,PROJ00820,CUS004768,2025-01-13,Cancelled,paid,259302
ORD06780,PROJ01536,CUS000506,2024-08-19,Cancelled,Paid,125976
ORD06781,PROJ01759,CUS001687,2024-06-04,Shipped,Pending,480724
ORD06782,PROJ02829,CUS000307,2024-11-21,Shipped,Partial,443322
ORD06783,PROJ01409,CUS000786,2025-01-22,Cancelled,Paid,213980
ORD06784,PROJ01878,CUS004847,2025-01-31,Cancelled,paid,90603
ORD06785,PROJ02062,CUS000762,2024-07-13,Confirmed,Pending,95524
ORD06786,PROJ00427,CUS004503,2025-02-21,confirmed,paid,267977
ORD06787,PROJ03347,CUS003062,2024-12-25,confirmed,Paid,277422
ORD06788,PROJ04159,CUS003665,2025-01-23,Confirmed,Partial,440059
ORD06789,PROJ04679,CUS000519,2025-04-01,Cancelled,Partial,346236
ORD06790,PROJ03519,CUS004178,2024-09-02,Shipped,Pending,66626
ORD06791,PROJ02716,CUS000605,2024-11-16,Cancelled,paid,126262
ORD06792,PROJ03369,CUS001196,2024-01-17,Cancelled,Paid,135453
ORD06793,PROJ00724,CUS004127,2024-10-19,Shipped,Paid,454660
ORD06794,PROJ02601,CUS003402,2024-06-24,confirmed,paid,499170
ORD06795,PROJ02005,CUS001340,2025-05-26,Delivered,Partial,115254
ORD06796,PROJ03979,CUS004830,2024-09-11,Cancelled,Pending,469337
ORD06797,PROJ02691,CUS004939,2025-06-04,confirmed,Pending,225411
ORD06798,PROJ01257,CUS004048,2024-08-24,Delivered,Partial,72570
ORD06799,PROJ03854,CUS001681,2025-03-04,Shipped,paid,363312
ORD06800,PROJ03327,CUS001717,2024-12-17,Cancelled,paid,155958
ORD06801,PROJ04981,CUS002417,2025-02-13,Confirmed,paid,434372
ORD06802,PROJ04353,CUS000767,2025-02-16,Shipped,Partial,492716
ORD06803,PROJ03596,CUS002910,2024-11-01,Shipped,Paid,189037
ORD06804,PROJ00069,CUS003617,2025-06-15,Confirmed,Partial,341763
ORD06805,PROJ00798,CUS002715,2025-03-24,Cancelled,paid,294424
ORD06806,PROJ00602,CUS001751,2024-05-18,Confirmed,Paid,105060
ORD06807,PROJ03215,CUS004022,2024-09-17,Shipped,paid,66870
ORD06808,PROJ03470,CUS000529,2024-06-01,Cancelled,Partial,205005
ORD06809,PROJ00879,CUS004761,2024-12-10,confirmed,paid,454376
ORD06810,PROJ04294,CUS001304,2024-10-19,Cancelled,Partial,308937
ORD06811,PROJ04218,CUS001142,2024-10-10,Confirmed,Partial,112217
ORD06812,PROJ01414,CUS002479,2025-03-18,Confirmed,Pending,398158
ORD06813,PROJ03672,CUS004826,2024-07-27,Delivered,paid,118674
ORD06814,PROJ03746,CUS000886,2025-03-04,Shipped,Partial,163364
ORD06815,PROJ02855,CUS002670,2025-01-06,Confirmed,Partial,274464
ORD06816,PROJ04237,CUS003926,2024-07-08,confirmed,Paid,252321
ORD06817,PROJ00343,CUS004466,2024-08-09,Shipped,Partial,410269
ORD06818,PROJ02214,CUS004192,2025-01-25,Delivered,Pending,43402
ORD06819,PROJ03372,CUS004639,2025-06-08,Shipped,Paid,347682
ORD06820,PROJ01683,CUS004941,2024-11-19,Delivered,Paid,474693
ORD06821,PROJ03282,CUS004099,2025-02-03,Delivered,Partial,178246
ORD06822,PROJ01340,CUS000700,2025-05-29,Confirmed,Paid,475386
ORD06823,PROJ01036,CUS001808,2024-11-18,Delivered,Pending,436636
ORD06824,PROJ03944,CUS002684,2024-08-19,Confirmed,paid,289078
ORD06825,PROJ04816,CUS002660,2024-05-15,Delivered,paid,32345
ORD06826,PROJ03210,CUS002058,2024-12-14,Shipped,Paid,137788
ORD06827,PROJ04500,CUS004902,2024-04-25,Delivered,paid,9760
ORD06828,PROJ01069,CUS003382,2025-11-09,Delivered,Partial,277404
ORD06829,PROJ02400,CUS000466,2025-01-14,Shipped,Pending,395337
ORD06830,PROJ01107,CUS004956,2024-10-10,confirmed,Partial,427599
ORD06831,PROJ02891,CUS000616,2024-11-08,Shipped,Partial,460317
ORD06832,PROJ01397,CUS003515,2025-04-14,confirmed,paid,419692
ORD06833,PROJ02925,CUS002080,2024-03-31,Delivered,Pending,179260
ORD06834,PROJ01244,CUS003146,2025-02-23,Shipped,Partial,366370
ORD06835,PROJ02816,CUS001356,2024-08-28,Cancelled,Pending,482441
ORD06836,PROJ04938,CUS002898,2025-02-25,Confirmed,Partial,266075
ORD06837,PROJ00024,CUS000664,2025-03-03,Delivered,Pending,389916
ORD06838,PROJ02985,CUS000961,2024-05-01,Delivered,Pending,218374
ORD06839,PROJ02847,CUS002746,2025-12-07,Delivered,Partial,101875
ORD06840,PROJ04100,CUS003508,2024-11-07,Delivered,Partial,425410
ORD06841,PROJ03641,CUS000969,2024-03-21,Confirmed,Paid,138912
ORD06842,PROJ04350,CUS001211,2024-11-22,Cancelled,Partial,250887
ORD06843,PROJ04915,CUS003932,2025-04-06,Delivered,Paid,417202
ORD06844,PROJ01934,CUS000970,2024-12-08,confirmed,Pending,71186
ORD06845,PROJ04675,CUS002852,2025-03-29,Delivered,Pending,261053
ORD06846,PROJ02573,CUS002063,2025-03-20,confirmed,Pending,303251
ORD06847,PROJ03531,CUS001038,2024-12-10,confirmed,paid,145720
ORD06848,PROJ02964,CUS000492,2024-12-16,Delivered,paid,18693
ORD06849,PROJ04597,CUS001251,2024-08-21,confirmed,Paid,143486
ORD06850,PROJ04467,CUS002076,2024-01-24,Cancelled,Partial,299510
ORD06851,PROJ01946,CUS002067,2025-01-09,Delivered,Pending,428870
ORD06852,PROJ03846,CUS003578,2025-01-06,Cancelled,Partial,117744
ORD06853,PROJ02480,CUS003026,2025-01-13,Cancelled,paid,321600
ORD06854,PROJ00428,CUS004375,2025-06-03,confirmed,Pending,186807
ORD06855,PROJ02385,CUS004345,2025-07-14,Delivered,Pending,353067
ORD06856,PROJ03310,CUS001063,2024-09-15,confirmed,Pending,199759
ORD06857,PROJ04747,CUS004357,2025-03-21,Confirmed,Partial,320897
ORD06858,PROJ01589,CUS001125,2025-03-23,Shipped,Pending,446927
ORD06859,PROJ04302,CUS001006,2024-11-03,confirmed,Paid,295480
ORD06860,PROJ03804,CUS003469,2024-05-27,Confirmed,paid,50737
ORD06861,PROJ04608,CUS003544,2024-12-17,confirmed,Pending,46631
ORD06862,PROJ03177,CUS002835,2024-11-17,Cancelled,Pending,52789
ORD06863,PROJ03665,CUS002278,2025-03-15,Shipped,Partial,46161
ORD06864,PROJ03759,CUS002768,2024-07-18,Cancelled,Paid,398751
ORD06865,PROJ01746,CUS002364,2024-08-21,Delivered,Paid,81334
ORD06866,PROJ02404,CUS003468,2024-05-24,Shipped,Pending,322089
ORD06867,PROJ03904,CUS002762,2024-08-20,Confirmed,Partial,450381
ORD06868,PROJ00297,CUS004773,2024-10-30,Delivered,Pending,364197
ORD06869,PROJ02794,CUS002565,2024-12-03,Cancelled,Partial,307375
ORD06870,PROJ04435,CUS000072,2024-04-06,Shipped,Pending,460794
ORD06871,PROJ01927,CUS003932,2025-06-25,confirmed,paid,488463
ORD06872,PROJ03846,CUS001778,2024-08-25,Confirmed,paid,113876
ORD06873,PROJ04379,CUS002865,2024-05-27,Confirmed,Pending,112536
ORD06874,PROJ00833,CUS001448,2025-05-08,Delivered,paid,134617
ORD06875,PROJ02975,CUS000041,2025-10-04,confirmed,Pending,247140
ORD06876,PROJ04789,CUS000975,2024-08-04,confirmed,Paid,105880
ORD06877,PROJ02712,CUS000584,2024-12-21,Shipped,paid,23559
ORD06878,PROJ01283,CUS000452,2025-02-27,Confirmed,Partial,198568
ORD06879,PROJ01445,CUS001382,2025-05-02,Shipped,Partial,315870
ORD06880,PROJ02271,CUS002382,2024-08-01,confirmed,Pending,433544
ORD06881,PROJ00394,CUS000673,2024-11-08,Confirmed,Paid,376409
ORD06882,PROJ04305,CUS001851,2025-02-25,Shipped,Paid,90239
ORD06883,PROJ00583,CUS000861,2025-08-18,Confirmed,Pending,444639
ORD06884,PROJ00441,CUS003557,2024-11-30,Shipped,Paid,318748
ORD06885,PROJ00948,CUS003988,2025-03-14,Cancelled,Pending,191991
ORD06886,PROJ00998,CUS001291,2025-07-25,confirmed,Paid,446076
ORD06887,PROJ00475,CUS002393,2025-01-27,Delivered,paid,483716
ORD06888,PROJ00920,CUS003971,2024-11-17,Delivered,paid,52015
ORD06889,PROJ04691,CUS003048,2024-07-21,Delivered,Pending,494485
ORD06890,PROJ00001,CUS004553,2025-01-11,Delivered,Partial,377992
ORD06891,PROJ02187,CUS001310,2024-08-13,confirmed,Pending,262962
ORD06892,PROJ01116,CUS001435,2025-04-14,Cancelled,Paid,199606
ORD06893,PROJ01234,CUS000326,2024-10-05,confirmed,paid,436495
ORD06894,PROJ01366,CUS004787,2025-01-16,Shipped,Pending,116545
ORD06895,PROJ02396,CUS003285,2024-03-21,Delivered,Paid,425084
ORD06896,PROJ01176,CUS000901,2024-12-21,Cancelled,Paid,496874
ORD06897,PROJ02056,CUS004660,2024-10-28,Cancelled,paid,86779
ORD06898,PROJ03946,CUS000027,2024-12-12,Delivered,Paid,223038
ORD06899,PROJ01268,CUS002087,2024-10-28,Delivered,Partial,70431
ORD06900,PROJ03284,CUS004172,2024-05-17,Delivered,paid,413687
ORD06901,PROJ04068,CUS004697,2025-10-11,confirmed,Partial,94595
ORD06902,PROJ00061,CUS002990,2025-01-23,Confirmed,Pending,247014
ORD06903,PROJ00715,CUS000840,2024-12-08,Shipped,Pending,323528
ORD06904,PROJ03370,CUS000158,2025-01-25,Confirmed,Partial,143167
ORD06905,PROJ01248,CUS002807,2024-10-09,Shipped,Paid,41056
ORD06906,PROJ02048,CUS004798,2025-06-07,Confirmed,Paid,239956
ORD06907,PROJ02959,CUS000401,2024-02-12,Cancelled,Partial,299229
ORD06908,PROJ04357,CUS000213,2025-01-01,confirmed,Pending,7340
ORD06909,PROJ03453,CUS000047,2025-09-11,Confirmed,Paid,88788
ORD06910,PROJ03528,CUS003613,2024-07-23,Delivered,Pending,63338
ORD06911,PROJ04937,CUS004135,2025-01-06,Confirmed,paid,238817
ORD06912,PROJ01234,CUS004521,2025-04-06,Confirmed,paid,76184
ORD06913,PROJ02485,CUS001307,2025-05-09,Delivered,Partial,176420
ORD06914,PROJ00634,CUS004970,2024-10-02,Confirmed,Pending,123453
ORD06915,PROJ02160,CUS003997,2025-05-19,Shipped,Pending,318048
ORD06916,PROJ02077,CUS001027,2024-12-26,Shipped,Pending,453902
ORD06917,PROJ02680,CUS001457,2024-12-28,Shipped,paid,65219
ORD06918,PROJ04720,CUS004460,2024-11-30,Confirmed,paid,315736
ORD06919,PROJ03382,CUS003209,2025-02-19,Cancelled,paid,92738
ORD06920,PROJ02222,CUS000127,2025-09-19,confirmed,Paid,130620
ORD06921,PROJ02010,CUS001675,2024-06-25,confirmed,paid,266514
ORD06922,PROJ01152,CUS000221,2025-02-01,Shipped,Partial,326682
ORD06923,PROJ03140,CUS001041,2025-01-07,Confirmed,Pending,472519
ORD06924,PROJ02757,CUS002901,2024-03-01,Cancelled,paid,188359
ORD06925,PROJ01778,CUS003833,2024-08-10,confirmed,paid,45326
ORD06926,PROJ01197,CUS003955,2024-11-19,Shipped,Pending,239238
ORD06927,PROJ00220,CUS001451,2024-12-10,confirmed,Partial,43534
ORD06928,PROJ01791,CUS001187,2024-09-14,Cancelled,Pending,344919
ORD06929,PROJ03748,CUS004472,2024-09-25,Confirmed,Pending,354457
ORD06930,PROJ04868,CUS002866,2025-04-19,confirmed,Partial,361472
ORD06931,PROJ04805,CUS004918,2024-03-22,confirmed,Pending,259023
ORD06932,PROJ04360,CUS001665,2024-12-15,confirmed,paid,493144
ORD06933,PROJ03899,CUS000680,2025-07-30,Cancelled,paid,257419
ORD06934,PROJ00786,CUS003571,2024-08-27,Confirmed,Partial,472518
ORD06935,PROJ01069,CUS004607,2025-12-04,Delivered,Pending,22001
ORD06936,PROJ00710,CUS000883,2025-08-06,Confirmed,paid,56800
ORD06937,PROJ02941,CUS002248,2024-07-09,confirmed,Partial,59960
ORD06938,PROJ02436,CUS003456,2024-07-09,Confirmed,Pending,344288
ORD06939,PROJ02869,CUS001526,2024-07-27,Delivered,paid,493266
ORD06940,PROJ03644,CUS001122,2024-08-29,Confirmed,Partial,345400
ORD06941,PROJ01662,CUS004907,2024-12-07,confirmed,Partial,292421
ORD06942,PROJ04694,CUS003430,2024-04-25,Cancelled,Partial,298171
ORD06943,PROJ01092,CUS000333,2025-03-22,Confirmed,Paid,118040
ORD06944,PROJ00054,CUS003748,2024-12-06,Delivered,Partial,150728
ORD06945,PROJ03782,CUS003288,2024-06-25,confirmed,Paid,134129
ORD06946,PROJ04040,CUS004483,2025-01-31,Shipped,Pending,29195
ORD06947,PROJ04194,CUS001537,2024-10-21,Cancelled,Pending,173079
ORD06948,PROJ00811,CUS003641,2024-04-14,Shipped,paid,337579
ORD06949,PROJ04689,CUS003521,2025-01-20,Shipped,Partial,30303
ORD06950,PROJ02663,CUS004303,2024-10-22,Cancelled,Pending,49139
ORD06951,PROJ03311,CUS004542,2025-03-11,confirmed,Pending,438125
ORD06952,PROJ01220,CUS000246,2025-10-15,Confirmed,Paid,80338
ORD06953,PROJ04332,CUS004925,2025-06-14,confirmed,Partial,399791
ORD06954,PROJ04769,CUS000685,2024-10-29,Delivered,Pending,396127
ORD06955,PROJ02316,CUS002944,2025-03-09,confirmed,paid,305334
ORD06956,PROJ03033,CUS004567,2025-01-06,Confirmed,Pending,286911
ORD06957,PROJ01513,CUS000808,2025-01-12,Cancelled,Paid,193138
ORD06958,PROJ04462,CUS003531,2025-01-01,Delivered,Paid,85104
ORD06959,PROJ04711,CUS004275,2025-06-07,Confirmed,paid,382309
ORD06960,PROJ02786,CUS002165,2025-01-15,Delivered,Partial,390164
ORD06961,PROJ01316,CUS003537,2025-02-21,Confirmed,Pending,228164
ORD06962,PROJ01524,CUS002766,2025-02-06,confirmed,paid,324043
ORD06963,PROJ02873,CUS000323,2024-04-08,Cancelled,paid,260120
ORD06964,PROJ01183,CUS002456,2024-11-22,Confirmed,Partial,228978
ORD06965,PROJ03726,CUS000255,2024-03-24,Confirmed,Paid,153139
ORD06966,PROJ04074,CUS003761,2025-07-16,confirmed,Paid,184031
ORD06967,PROJ03542,CUS004229,2024-03-26,Confirmed,paid,297789
ORD06968,PROJ03690,CUS003971,2024-06-08,Shipped,Partial,184672
ORD06969,PROJ04107,CUS003359,2024-02-23,Delivered,Pending,156712
ORD06970,PROJ03452,CUS003104,2024-11-20,Cancelled,paid,392723
ORD06971,PROJ03966,CUS003201,2025-04-25,confirmed,Partial,220726
ORD06972,PROJ03526,CUS001027,2025-08-16,confirmed,Partial,68601
ORD06973,PROJ04469,CUS004622,2025-03-12,Shipped,Pending,101629
ORD06974,PROJ02256,CUS000800,2024-07-10,Delivered,Pending,236656
ORD06975,PROJ02522,CUS002205,2025-07-13,Delivered,Pending,378674
ORD06976,PROJ03612,CUS002661,2024-03-20,Confirmed,Paid,397224
ORD06977,PROJ01282,CUS004160,2024-09-26,confirmed,paid,83562
ORD06978,PROJ04282,CUS002884,2025-03-03,Cancelled,paid,336756
ORD06979,PROJ02066,CUS004563,2025-04-14,Confirmed,Partial,376151
ORD06980,PROJ00015,CUS003215,2024-07-26,Shipped,paid,261360
ORD06981,PROJ03121,CUS003140,2024-10-21,confirmed,Paid,489133
ORD06982,PROJ02827,CUS001481,2024-06-16,Cancelled,Paid,425260
ORD06983,PROJ04479,CUS000577,2025-03-24,Confirmed,paid,326023
ORD06984,PROJ02034,CUS000327,2025-01-05,Cancelled,Partial,424376
ORD06985,PROJ00800,CUS002609,2025-04-05,Confirmed,Partial,380581
ORD06986,PROJ01602,CUS003594,2024-07-31,Shipped,Pending,123946
ORD06987,PROJ01817,CUS002736,2025-01-04,Shipped,paid,106794
ORD06988,PROJ04101,CUS000355,2025-04-11,Confirmed,Partial,110287
ORD06989,PROJ01489,CUS004269,2025-03-02,Shipped,Partial,371636
ORD06990,PROJ01872,CUS003367,2025-02-06,Shipped,Pending,125027
ORD06991,PROJ03531,CUS004485,2024-02-22,Confirmed,Paid,71664
ORD06992,PROJ04899,CUS003998,2025-08-12,Delivered,paid,16176
ORD06993,PROJ02952,CUS003410,2024-08-24,Cancelled,Pending,254539
ORD06994,PROJ03577,CUS001235,2025-01-26,Delivered,paid,274128
ORD06995,PROJ02582,CUS002966,2025-02-16,Cancelled,paid,324696
ORD06996,PROJ03016,CUS002924,2025-04-24,Delivered,Partial,471974
ORD06997,PROJ04867,CUS004310,2024-12-26,Delivered,Paid,161706
ORD06998,PROJ03850,CUS000438,2025-03-27,Cancelled,Partial,482650
ORD06999,PROJ01780,CUS003628,2025-04-12,confirmed,Partial,401803
ORD07000,PROJ04032,CUS003589,2024-11-02,Delivered,Paid,255427
ORD07001,PROJ00777,CUS001334,2024-12-24,Cancelled,Paid,244932
ORD07002,PROJ00915,CUS000114,2024-12-27,Cancelled,paid,449614
ORD07003,PROJ04791,CUS003743,2024-06-08,Confirmed,paid,429320
ORD07004,PROJ04218,CUS002010,2024-12-01,Confirmed,Partial,73781
ORD07005,PROJ02740,CUS004538,2024-11-04,Confirmed,paid,39433
ORD07006,PROJ02198,CUS002236,2024-11-13,confirmed,Paid,66675
ORD07007,PROJ04826,CUS003929,2025-01-06,confirmed,Paid,309968
ORD07008,PROJ00759,CUS002676,2025-01-05,Shipped,Partial,213649
ORD07009,PROJ02889,CUS002466,2025-07-24,Delivered,Pending,194782
ORD07010,PROJ03893,CUS004341,2025-11-10,Cancelled,Partial,174198
ORD07011,PROJ03962,CUS004513,2025-01-07,Delivered,Pending,395483
ORD07012,PROJ02064,CUS002580,2025-06-12,Cancelled,Paid,188364
ORD07013,PROJ04196,CUS003352,2025-03-15,Delivered,Partial,127560
ORD07014,PROJ00322,CUS001445,2024-08-01,Delivered,paid,238087
ORD07015,PROJ04533,CUS000685,2025-03-07,Shipped,paid,113334
ORD07016,PROJ04611,CUS003942,2024-10-11,Delivered,Partial,368836
ORD07017,PROJ00970,CUS002571,2024-05-01,Delivered,Partial,34162
ORD07018,PROJ00360,CUS003805,2024-01-05,confirmed,Paid,175196
ORD07019,PROJ03854,CUS003883,2025-01-03,Delivered,Partial,379074
ORD07020,PROJ02775,CUS004136,2024-11-26,Cancelled,Paid,351953
ORD07021,PROJ01952,CUS004722,2025-06-13,confirmed,Paid,203294
ORD07022,PROJ01413,CUS002981,2024-10-09,Cancelled,paid,478063
ORD07023,PROJ04308,CUS002161,2025-06-06,Delivered,Pending,310038
ORD07024,PROJ02118,CUS003992,2024-09-08,Delivered,paid,465733
ORD07025,PROJ01527,CUS003861,2025-02-02,Confirmed,Paid,255915
ORD07026,PROJ02369,CUS000474,2024-12-19,Confirmed,Paid,478022
ORD07027,PROJ04842,CUS000465,2025-07-24,Confirmed,paid,81291
ORD07028,PROJ04309,CUS003198,2024-10-11,Shipped,Pending,14763
ORD07029,PROJ00868,CUS002170,2024-12-08,Cancelled,Paid,356800
ORD07030,PROJ00761,CUS000949,2024-03-22,Shipped,paid,229943
ORD07031,PROJ04853,CUS002200,2025-10-05,Confirmed,Partial,111224
ORD07032,PROJ00658,CUS004352,2025-03-05,Shipped,paid,234052
ORD07033,PROJ04739,CUS004521,2024-12-15,Cancelled,Partial,363815
ORD07034,PROJ04459,CUS003679,2025-06-15,confirmed,Partial,240658
ORD07035,PROJ04827,CUS004497,2025-05-22,Delivered,Pending,446272
ORD07036,PROJ02015,CUS002649,2025-07-11,Confirmed,paid,210220
ORD07037,PROJ03485,CUS002771,2024-05-31,confirmed,Partial,446806
ORD07038,PROJ01912,CUS003238,2024-06-11,Cancelled,Partial,14352
ORD07039,PROJ04531,CUS001444,2025-08-21,Delivered,Partial,144453
ORD07040,PROJ02363,CUS000052,2025-03-04,Delivered,Pending,133091
ORD07041,PROJ03037,CUS000907,2025-03-07,Shipped,Paid,359681
ORD07042,PROJ04581,CUS003095,2024-12-14,Confirmed,paid,113606
ORD07043,PROJ04786,CUS002706,2025-03-28,Delivered,paid,37330
ORD07044,PROJ00209,CUS001521,2024-09-24,confirmed,Paid,470628
ORD07045,PROJ04899,CUS000133,2024-10-02,Shipped,paid,426939
ORD07046,PROJ02844,CUS001092,2024-08-09,confirmed,Paid,468313
ORD07047,PROJ03769,CUS001566,2024-10-17,Delivered,Partial,157428
ORD07048,PROJ00852,CUS002107,2024-08-12,Confirmed,Paid,173217
ORD07049,PROJ01275,CUS001426,2025-02-15,Confirmed,Partial,26772
ORD07050,PROJ00418,CUS000678,2024-12-31,Shipped,Paid,34408
ORD07051,PROJ02355,CUS001062,2024-09-01,Delivered,Pending,23761
ORD07052,PROJ03135,CUS000215,2024-08-27,Confirmed,Paid,246419
ORD07053,PROJ00834,CUS001684,2024-12-14,Confirmed,Paid,116958
ORD07054,PROJ04951,CUS000397,2024-03-03,Cancelled,Pending,308870
ORD07055,PROJ03627,CUS001236,2025-07-03,Confirmed,paid,142005
ORD07056,PROJ03810,CUS001250,2024-06-28,Cancelled,Pending,202045
ORD07057,PROJ01241,CUS002574,2024-04-29,Shipped,paid,180094
ORD07058,PROJ04060,CUS001090,2024-02-06,Confirmed,paid,49897
ORD07059,PROJ02957,CUS002848,2025-03-08,Shipped,Pending,485069
ORD07060,PROJ00282,CUS002273,2025-08-11,Confirmed,paid,305485
ORD07061,PROJ02852,CUS002325,2025-07-20,Cancelled,Pending,232612
ORD07062,PROJ04734,CUS004913,2024-12-08,Shipped,paid,33360
ORD07063,PROJ01394,CUS002542,2025-02-06,Delivered,Paid,498965
ORD07064,PROJ01409,CUS000114,2025-04-20,Delivered,Pending,102614
ORD07065,PROJ02959,CUS000125,2024-02-12,Shipped,Pending,470769
ORD07066,PROJ01173,CUS000434,2025-09-07,Shipped,Partial,196461
ORD07067,PROJ03363,CUS001677,2024-06-06,Delivered,Pending,85953
ORD07068,PROJ01220,CUS001763,2025-02-03,confirmed,Partial,41445
ORD07069,PROJ03262,CUS002688,2025-09-07,Confirmed,Paid,11136
ORD07070,PROJ04623,CUS000395,2024-04-24,Confirmed,Paid,125999
ORD07071,PROJ01483,CUS002878,2024-08-12,Cancelled,paid,116837
ORD07072,PROJ04315,CUS004786,2025-04-18,Shipped,Pending,340185
ORD07073,PROJ03020,CUS000497,2024-11-10,Delivered,Paid,30856
ORD07074,PROJ00374,CUS002395,2024-10-23,Delivered,Paid,270703
ORD07075,PROJ04759,CUS003451,2024-11-02,Shipped,Partial,343323
ORD07076,PROJ04120,CUS004808,2025-05-13,Cancelled,paid,205056
ORD07077,PROJ04104,CUS000868,2024-10-23,Confirmed,Paid,479495
ORD07078,PROJ01208,CUS004169,2024-12-22,confirmed,Partial,63596
ORD07079,PROJ04442,CUS001957,2024-12-24,Cancelled,Partial,55293
ORD07080,PROJ02055,CUS003964,2024-12-13,Cancelled,Paid,441352
ORD07081,PROJ04279,CUS003324,2025-03-19,Shipped,paid,347153
ORD07082,PROJ04451,CUS000381,2024-11-24,Shipped,Paid,338830
ORD07083,PROJ01491,CUS004899,2025-11-01,Cancelled,Pending,244512
ORD07084,PROJ00553,CUS002865,2024-11-25,Confirmed,Pending,359735
ORD07085,PROJ01977,CUS001457,2024-07-03,Confirmed,Partial,225910
ORD07086,PROJ02642,CUS004487,2024-12-11,confirmed,paid,353418
ORD07087,PROJ03629,CUS002436,2024-12-15,confirmed,paid,357392
ORD07088,PROJ04599,CUS002983,2025-08-17,Cancelled,Paid,41171
ORD07089,PROJ01569,CUS002472,2024-11-27,Shipped,Partial,200146
ORD07090,PROJ01899,CUS004245,2025-03-02,Confirmed,paid,353310
ORD07091,PROJ03548,CUS000509,2024-07-22,Cancelled,Partial,372129
ORD07092,PROJ00226,CUS001802,2024-10-18,Cancelled,Partial,280480
ORD07093,PROJ03120,CUS002359,2024-01-25,Delivered,Partial,353994
ORD07094,PROJ03311,CUS004134,2024-12-27,Cancelled,Paid,329434
ORD07095,PROJ00093,CUS004372,2024-10-12,confirmed,paid,283067
ORD07096,PROJ00984,CUS003407,2024-01-26,Shipped,Pending,15716
ORD07097,PROJ03529,CUS004248,2025-09-15,Confirmed,Pending,127369
ORD07098,PROJ00625,CUS001378,2025-05-14,Delivered,Partial,400457
ORD07099,PROJ03801,CUS004890,2025-09-06,Shipped,Paid,30167
ORD07100,PROJ03402,CUS002393,2024-06-11,confirmed,paid,30358
ORD07101,PROJ00349,CUS003724,2025-01-14,Confirmed,Paid,370754
ORD07102,PROJ01607,CUS003703,2025-02-25,Shipped,paid,372513
ORD07103,PROJ02630,CUS002072,2024-06-18,Cancelled,paid,128458
ORD07104,PROJ04878,CUS000027,2025-01-13,confirmed,Partial,322697
ORD07105,PROJ00874,CUS002069,2024-09-06,Delivered,Partial,248032
ORD07106,PROJ03707,CUS003062,2024-03-21,Delivered,paid,80622
ORD07107,PROJ00230,CUS000578,2024-08-01,Shipped,paid,278305
ORD07108,PROJ03959,CUS001949,2024-08-06,Confirmed,Partial,153647
ORD07109,PROJ01298,CUS003514,2024-02-21,Confirmed,paid,490328
ORD07110,PROJ01168,CUS002181,2024-12-10,Shipped,Partial,367438
ORD07111,PROJ02055,CUS000330,2025-02-11,Shipped,Pending,20981
ORD07112,PROJ01616,CUS002318,2025-09-09,Cancelled,paid,499099
ORD07113,PROJ03611,CUS003550,2025-05-27,Delivered,Pending,142242
ORD07114,PROJ03326,CUS002185,2024-11-14,Shipped,paid,284795
ORD07115,PROJ04733,CUS002819,2024-02-21,Cancelled,Pending,18279
ORD07116,PROJ03537,CUS000272,2025-03-29,Delivered,Paid,412803
ORD07117,PROJ02793,CUS001202,2025-01-09,Delivered,Partial,471851
ORD07118,PROJ00509,CUS004605,2024-12-03,Delivered,Paid,484974
ORD07119,PROJ00126,CUS003452,2024-11-02,confirmed,paid,427112
ORD07120,PROJ02291,CUS000460,2024-11-07,confirmed,paid,187163
ORD07121,PROJ04229,CUS003543,2025-03-09,Cancelled,Partial,492491
ORD07122,PROJ00458,CUS004530,2024-11-09,Shipped,paid,100554
ORD07123,PROJ01404,CUS001463,2024-08-28,Cancelled,Paid,357388
ORD07124,PROJ00837,CUS002001,2025-06-20,Delivered,Paid,378205
ORD07125,PROJ00980,CUS003324,2025-09-24,Confirmed,paid,403596
ORD07126,PROJ01451,CUS003963,2024-11-09,Delivered,Partial,493275
ORD07127,PROJ02472,CUS000437,2025-06-18,Cancelled,Partial,452919
ORD07128,PROJ01907,CUS000192,2025-07-21,Cancelled,Partial,378999
ORD07129,PROJ03460,CUS000327,2024-11-24,Delivered,Paid,315816
ORD07130,PROJ04040,CUS001314,2025-01-17,Confirmed,Pending,165761
ORD07131,PROJ02289,CUS003649,2025-02-19,Shipped,Partial,89579
ORD07132,PROJ01524,CUS000187,2025-11-02,Cancelled,paid,498222
ORD07133,PROJ02566,CUS004042,2024-06-15,Shipped,paid,55188
ORD07134,PROJ04323,CUS001165,2024-10-27,Shipped,Partial,334026
ORD07135,PROJ04024,CUS004577,2024-08-25,Shipped,Partial,271245
ORD07136,PROJ01587,CUS001886,2024-07-20,confirmed,Pending,439015
ORD07137,PROJ03557,CUS003843,2024-09-14,Cancelled,paid,14639
ORD07138,PROJ03379,CUS001590,2025-03-07,Confirmed,Paid,187100
ORD07139,PROJ04818,CUS002731,2024-11-26,Delivered,Partial,463373
ORD07140,PROJ02535,CUS000708,2024-06-02,Shipped,Paid,174605
ORD07141,PROJ04740,CUS003802,2024-11-16,confirmed,Partial,172423
ORD07142,PROJ00138,CUS004329,2024-04-04,Cancelled,Pending,28996
ORD07143,PROJ01292,CUS004845,2024-09-22,Delivered,paid,116927
ORD07144,PROJ02239,CUS003363,2025-02-13,Cancelled,Pending,147878
ORD07145,PROJ00032,CUS004151,2024-01-06,Delivered,Partial,393243
ORD07146,PROJ02183,CUS004079,2024-07-21,Delivered,Partial,145621
ORD07147,PROJ02840,CUS001460,2024-07-15,Shipped,Pending,35294
ORD07148,PROJ03866,CUS000471,2025-05-31,Confirmed,Paid,41314
ORD07149,PROJ01922,CUS002824,2024-10-28,Confirmed,Pending,288641
ORD07150,PROJ04881,CUS003484,2024-03-24,Confirmed,paid,414102
ORD07151,PROJ01607,CUS000678,2025-05-03,Shipped,Pending,157480
ORD07152,PROJ03040,CUS003803,2024-11-22,Shipped,paid,477191
ORD07153,PROJ04545,CUS000951,2025-05-04,Shipped,paid,265997
ORD07154,PROJ02298,CUS004670,2024-06-23,Shipped,Pending,432431
ORD07155,PROJ02337,CUS003720,2025-05-14,confirmed,Pending,157477
ORD07156,PROJ01108,CUS003619,2024-06-14,Delivered,Partial,366061
ORD07157,PROJ00163,CUS004559,2025-01-21,Cancelled,Partial,150317
ORD07158,PROJ04296,CUS003979,2024-05-02,Shipped,Paid,209909
ORD07159,PROJ01330,CUS001674,2025-02-03,confirmed,Paid,451730
ORD07160,PROJ01134,CUS003149,2025-03-11,confirmed,paid,338032
ORD07161,PROJ04030,CUS003393,2024-12-03,Cancelled,Partial,306765
ORD07162,PROJ03906,CUS000428,2024-10-20,confirmed,Pending,438161
ORD07163,PROJ04260,CUS002891,2025-01-09,Cancelled,paid,434584
ORD07164,PROJ04671,CUS000305,2025-10-04,confirmed,Pending,208089
ORD07165,PROJ00489,CUS002714,2024-07-20,Delivered,Paid,270802
ORD07166,PROJ03548,CUS004862,2024-07-13,Confirmed,Paid,279446
ORD07167,PROJ02251,CUS000595,2025-08-01,Shipped,Paid,397929
ORD07168,PROJ02110,CUS002730,2025-11-04,confirmed,paid,136268
ORD07169,PROJ00803,CUS001594,2025-05-07,Confirmed,Pending,115920
ORD07170,PROJ00415,CUS003883,2025-01-07,Cancelled,Pending,140389
ORD07171,PROJ03202,CUS004239,2024-09-20,confirmed,paid,35787
ORD07172,PROJ01515,CUS000489,2025-07-07,Shipped,Pending,238614
ORD07173,PROJ04439,CUS001458,2024-05-27,Confirmed,Paid,380370
ORD07174,PROJ02596,CUS004602,2025-10-01,Confirmed,Paid,429312
ORD07175,PROJ04437,CUS001829,2025-04-21,Shipped,paid,101098
ORD07176,PROJ00616,CUS000436,2025-01-11,confirmed,paid,366243
ORD07177,PROJ01832,CUS004385,2025-06-10,Confirmed,Paid,248760
ORD07178,PROJ00079,CUS003692,2024-11-25,confirmed,Partial,370344
ORD07179,PROJ01091,CUS001650,2025-01-03,Shipped,Partial,495552
ORD07180,PROJ00100,CUS004946,2025-02-13,Delivered,Paid,327198
ORD07181,PROJ00561,CUS001455,2024-09-16,Delivered,Pending,126718
ORD07182,PROJ00659,CUS000075,2024-08-23,Confirmed,Partial,242650
ORD07183,PROJ02238,CUS002189,2024-09-07,confirmed,paid,408205
ORD07184,PROJ00568,CUS000569,2024-12-26,Shipped,Pending,223515
ORD07185,PROJ01568,CUS004361,2024-12-20,confirmed,Partial,498636
ORD07186,PROJ03638,CUS003748,2024-07-25,Cancelled,paid,447540
ORD07187,PROJ03930,CUS000705,2024-06-02,Delivered,paid,36977
ORD07188,PROJ04128,CUS001690,2025-01-20,Delivered,Paid,321783
ORD07189,PROJ04670,CUS003854,2024-10-28,Delivered,Paid,15504
ORD07190,PROJ00648,CUS003986,2025-05-23,Shipped,paid,88051
ORD07191,PROJ00089,CUS003143,2024-12-03,Delivered,Pending,172310
ORD07192,PROJ03773,CUS001751,2025-06-06,confirmed,paid,214586
ORD07193,PROJ01999,CUS000098,2024-12-03,confirmed,paid,21274
ORD07194,PROJ01990,CUS002790,2025-01-14,Shipped,paid,391940
ORD07195,PROJ02926,CUS002294,2024-09-10,Cancelled,Partial,111238
ORD07196,PROJ00311,CUS003901,2025-07-12,Shipped,Partial,368924
ORD07197,PROJ00052,CUS001592,2024-11-20,Cancelled,Partial,94718
ORD07198,PROJ00727,CUS002438,2025-02-01,confirmed,Partial,496303
ORD07199,PROJ02403,CUS002755,2024-10-20,Cancelled,paid,323746
ORD07200,PROJ01793,CUS004765,2024-10-12,confirmed,Partial,54177
ORD07201,PROJ01791,CUS003667,2025-03-14,Confirmed,Pending,492935
ORD07202,PROJ01243,CUS002100,2025-07-24,Confirmed,Paid,195592
ORD07203,PROJ02209,CUS000554,2024-04-03,Confirmed,Partial,52361
ORD07204,PROJ02456,CUS004305,2025-08-29,Confirmed,Partial,406409
ORD07205,PROJ01115,CUS001301,2024-11-11,Delivered,Pending,462646
ORD07206,PROJ00545,CUS003643,2025-02-01,confirmed,Paid,96553
ORD07207,PROJ00881,CUS001400,2025-02-14,confirmed,Pending,201748
ORD07208,PROJ00961,CUS001599,2024-03-25,Confirmed,Pending,82020
ORD07209,PROJ00102,CUS004545,2024-11-11,Delivered,Partial,224338
ORD07210,PROJ00126,CUS002106,2024-09-20,confirmed,Paid,179155
ORD07211,PROJ02561,CUS003590,2024-04-21,Delivered,Pending,127716
ORD07212,PROJ01281,CUS001113,2024-03-21,Confirmed,paid,398671
ORD07213,PROJ03988,CUS003770,2025-01-16,Cancelled,paid,387847
ORD07214,PROJ02377,CUS001204,2024-08-12,confirmed,Partial,333171
ORD07215,PROJ00660,CUS004813,2024-06-29,Confirmed,Partial,292592
ORD07216,PROJ03679,CUS001248,2025-06-09,Delivered,Paid,54544
ORD07217,PROJ00490,CUS002797,2025-01-16,Cancelled,Pending,83328
ORD07218,PROJ03771,CUS004243,2024-06-15,Delivered,Paid,391422
ORD07219,PROJ03984,CUS002355,2024-11-20,confirmed,Paid,171399
ORD07220,PROJ00848,CUS002430,2025-07-31,Delivered,Paid,159953
ORD07221,PROJ02145,CUS003255,2024-12-12,confirmed,Partial,114267
ORD07222,PROJ01367,CUS000793,2024-09-07,confirmed,paid,216883
ORD07223,PROJ02153,CUS002723,2024-10-17,Delivered,Paid,424373
ORD07224,PROJ00142,CUS003797,2024-08-25,Shipped,Partial,233313
ORD07225,PROJ00351,CUS001445,2024-10-11,Cancelled,Pending,438787
ORD07226,PROJ03360,CUS004345,2024-01-09,confirmed,Paid,428188
ORD07227,PROJ00393,CUS001678,2024-11-22,Confirmed,Partial,322049
ORD07228,PROJ01822,CUS000015,2025-02-02,Confirmed,paid,464616
ORD07229,PROJ03768,CUS003596,2025-01-17,Delivered,Pending,187479
ORD07230,PROJ04651,CUS002181,2025-02-11,Cancelled,paid,414929
ORD07231,PROJ00620,CUS000515,2024-12-21,Confirmed,Paid,385664
ORD07232,PROJ02945,CUS001183,2024-11-15,Confirmed,paid,412922
ORD07233,PROJ02835,CUS002180,2025-02-16,Cancelled,Paid,250303
ORD07234,PROJ01754,CUS003503,2025-01-12,Confirmed,Paid,124508
ORD07235,PROJ02630,CUS004021,2024-06-19,Delivered,Partial,208551
ORD07236,PROJ01217,CUS004138,2025-05-08,Shipped,paid,427495
ORD07237,PROJ01221,CUS001860,2024-12-03,Cancelled,paid,438729
ORD07238,PROJ02329,CUS003489,2025-02-20,confirmed,paid,342782
ORD07239,PROJ01244,CUS000532,2024-10-31,Confirmed,paid,151642
ORD07240,PROJ03941,CUS003138,2024-09-08,Confirmed,paid,133635
ORD07241,PROJ03025,CUS000153,2025-10-04,confirmed,Paid,471322
ORD07242,PROJ04676,CUS000383,2025-07-10,Cancelled,Paid,440908
ORD07243,PROJ01985,CUS000454,2024-06-05,Cancelled,paid,141154
ORD07244,PROJ03142,CUS001500,2025-08-03,Cancelled,Pending,466820
ORD07245,PROJ03287,CUS001814,2024-12-31,Cancelled,Partial,375095
ORD07246,PROJ02715,CUS002248,2025-04-07,Cancelled,Paid,269375
ORD07247,PROJ04273,CUS004799,2024-08-06,Delivered,Partial,492712
ORD07248,PROJ02299,CUS000852,2024-12-28,Confirmed,paid,347958
ORD07249,PROJ00308,CUS002191,2025-04-17,Cancelled,Partial,306277
ORD07250,PROJ02181,CUS003407,2024-05-26,Shipped,Partial,154509
ORD07251,PROJ00337,CUS001269,2025-09-22,Shipped,paid,205941
ORD07252,PROJ01013,CUS003645,2025-03-05,confirmed,Pending,14091
ORD07253,PROJ00073,CUS000691,2025-04-04,Shipped,Paid,17194
ORD07254,PROJ02504,CUS003054,2025-04-30,confirmed,paid,154952
ORD07255,PROJ04390,CUS002420,2025-06-12,Confirmed,Pending,150914
ORD07256,PROJ03143,CUS003795,2024-12-09,Delivered,paid,393015
ORD07257,PROJ00175,CUS001737,2025-01-30,Confirmed,paid,187211
ORD07258,PROJ04346,CUS002158,2024-10-07,Delivered,paid,64601
ORD07259,PROJ00689,CUS004732,2024-10-05,Delivered,Partial,339316
ORD07260,PROJ02822,CUS002907,2025-01-15,Delivered,Paid,118743
ORD07261,PROJ00085,CUS001166,2024-05-06,Shipped,paid,297981
ORD07262,PROJ00855,CUS002961,2025-01-20,Delivered,paid,229394
ORD07263,PROJ04287,CUS001607,2025-05-04,Cancelled,paid,143453
ORD07264,PROJ03119,CUS000099,2024-12-12,Cancelled,Pending,101595
ORD07265,PROJ00431,CUS000526,2025-06-17,Shipped,paid,320120
ORD07266,PROJ01383,CUS003539,2024-07-03,Confirmed,paid,77691
ORD07267,PROJ04523,CUS004147,2024-09-25,Delivered,paid,216443
ORD07268,PROJ03911,CUS004654,2024-08-02,Confirmed,Pending,458657
ORD07269,PROJ00881,CUS002196,2025-02-27,Cancelled,Paid,405952
ORD07270,PROJ02790,CUS004883,2024-02-04,Cancelled,Partial,380561
ORD07271,PROJ04179,CUS004180,2024-05-30,Cancelled,Pending,491801
ORD07272,PROJ03154,CUS004736,2025-06-19,Delivered,Partial,241185
ORD07273,PROJ03197,CUS001078,2024-04-28,Delivered,Partial,108575
ORD07274,PROJ04032,CUS003299,2024-12-09,Delivered,Partial,421628
ORD07275,PROJ01209,CUS001124,2025-03-28,Shipped,Paid,181403
ORD07276,PROJ02756,CUS001204,2024-07-05,Shipped,Pending,208866
ORD07277,PROJ00644,CUS002871,2024-11-29,Confirmed,Paid,408273
ORD07278,PROJ02039,CUS000076,2025-08-25,Shipped,Pending,203366
ORD07279,PROJ02998,CUS001893,2024-03-29,Cancelled,Partial,315385
ORD07280,PROJ00905,CUS001057,2024-12-30,Shipped,Paid,238878
ORD07281,PROJ02531,CUS004792,2024-10-06,Shipped,Partial,115225
ORD07282,PROJ03895,CUS003098,2024-06-06,confirmed,Pending,469227
ORD07283,PROJ01047,CUS004886,2025-06-20,confirmed,Paid,172199
ORD07284,PROJ02114,CUS004187,2025-03-30,Confirmed,Paid,375626
ORD07285,PROJ04925,CUS003207,2025-02-12,confirmed,Partial,172681
ORD07286,PROJ03350,CUS001957,2025-01-10,Confirmed,Pending,407041
ORD07287,PROJ03088,CUS004042,2025-08-26,confirmed,paid,476896
ORD07288,PROJ02519,CUS004688,2024-09-12,Cancelled,Paid,338794
ORD07289,PROJ02904,CUS000147,2024-12-29,Delivered,paid,98157
ORD07290,PROJ04156,CUS000958,2025-04-03,Shipped,Partial,300760
ORD07291,PROJ01772,CUS000443,2024-11-24,Delivered,paid,275571
ORD07292,PROJ04683,CUS003060,2024-06-27,Confirmed,Pending,416445
ORD07293,PROJ01860,CUS001486,2024-10-31,confirmed,paid,146981
ORD07294,PROJ02307,CUS002653,2024-08-26,Shipped,Paid,95769
ORD07295,PROJ02641,CUS000469,2025-08-13,confirmed,Partial,29238
ORD07296,PROJ01389,CUS002503,2025-04-26,Shipped,paid,280004
ORD07297,PROJ01620,CUS004772,2024-12-14,confirmed,Partial,230131
ORD07298,PROJ02683,CUS003788,2025-07-24,confirmed,Pending,140462
ORD07299,PROJ01306,CUS002461,2025-04-14,confirmed,Partial,260047
ORD07300,PROJ00167,CUS001190,2025-07-27,Delivered,Partial,421920
ORD07301,PROJ04471,CUS002789,2024-05-14,confirmed,Pending,425571
ORD07302,PROJ01420,CUS001812,2024-03-05,Delivered,Partial,373021
ORD07303,PROJ02793,CUS002376,2024-11-18,confirmed,Partial,90926
ORD07304,PROJ00748,CUS004020,2024-10-07,Confirmed,Partial,28493
ORD07305,PROJ02164,CUS001192,2025-07-30,Delivered,Paid,344595
ORD07306,PROJ04164,CUS000189,2024-08-02,confirmed,Paid,427334
ORD07307,PROJ04040,CUS001148,2025-04-25,Shipped,Partial,97145
ORD07308,PROJ01683,CUS004816,2024-05-24,Shipped,paid,118946
ORD07309,PROJ00602,CUS004943,2024-11-06,Shipped,Partial,295402
ORD07310,PROJ01224,CUS004339,2025-03-12,Confirmed,Pending,319255
ORD07311,PROJ04783,CUS004104,2025-07-07,Cancelled,Partial,468291
ORD07312,PROJ02121,CUS002973,2024-09-06,Cancelled,Paid,65677
ORD07313,PROJ01918,CUS003480,2024-08-26,Delivered,paid,380896
ORD07314,PROJ03899,CUS001876,2025-08-25,confirmed,Pending,111207
ORD07315,PROJ02290,CUS002431,2024-10-08,Shipped,Pending,106976
ORD07316,PROJ04268,CUS002925,2024-09-17,confirmed,paid,286780
ORD07317,PROJ02452,CUS004384,2024-11-01,Confirmed,Paid,89100
ORD07318,PROJ04388,CUS002644,2025-05-28,Confirmed,Partial,45984
ORD07319,PROJ01941,CUS001552,2024-02-13,Delivered,Pending,140972
ORD07320,PROJ01128,CUS004173,2024-12-02,confirmed,Partial,101227
ORD07321,PROJ03707,CUS000033,2024-02-24,Confirmed,Partial,318800
ORD07322,PROJ01112,CUS002692,2025-07-07,Shipped,Partial,397018
ORD07323,PROJ00100,CUS000039,2025-09-10,Shipped,Paid,53101
ORD07324,PROJ04790,CUS003624,2025-07-17,Delivered,paid,299401
ORD07325,PROJ03544,CUS000507,2025-01-12,Delivered,Partial,480945
ORD07326,PROJ04850,CUS001171,2024-01-30,Cancelled,Pending,336343
ORD07327,PROJ01050,CUS004898,2024-02-05,Shipped,Partial,378921
ORD07328,PROJ04282,CUS000794,2024-10-20,Delivered,Pending,161387
ORD07329,PROJ02576,CUS000040,2025-01-20,Confirmed,Pending,148951
ORD07330,PROJ03025,CUS002944,2024-12-09,Confirmed,Partial,148740
ORD07331,PROJ04832,CUS000433,2024-04-26,Confirmed,paid,112206
ORD07332,PROJ00500,CUS001430,2024-02-28,Delivered,Pending,311185
ORD07333,PROJ01720,CUS002449,2024-10-03,confirmed,Partial,405202
ORD07334,PROJ04654,CUS002352,2025-06-24,Cancelled,Paid,74917
ORD07335,PROJ01436,CUS001800,2024-07-05,Cancelled,Pending,42427
ORD07336,PROJ02979,CUS004594,2024-11-05,Cancelled,paid,280488
ORD07337,PROJ01385,CUS000405,2024-12-13,Confirmed,paid,118076
ORD07338,PROJ02530,CUS004619,2025-04-02,Cancelled,paid,170272
ORD07339,PROJ02140,CUS003458,2024-10-20,Cancelled,Pending,469357
ORD07340,PROJ02069,CUS003582,2025-01-29,confirmed,Paid,475291
ORD07341,PROJ00876,CUS003027,2024-10-11,Confirmed,Paid,23707
ORD07342,PROJ01348,CUS002232,2024-08-27,Delivered,paid,245052
ORD07343,PROJ02357,CUS003164,2024-10-30,Cancelled,Pending,457252
ORD07344,PROJ04043,CUS000805,2024-12-07,confirmed,Paid,25820
ORD07345,PROJ04595,CUS001875,2024-02-16,Confirmed,Partial,372764
ORD07346,PROJ04804,CUS000448,2024-07-08,Delivered,Paid,369415
ORD07347,PROJ03819,CUS001305,2024-03-22,Cancelled,Paid,58456
ORD07348,PROJ01999,CUS004103,2024-07-28,Delivered,paid,348005
ORD07349,PROJ04674,CUS002094,2024-09-29,Shipped,Partial,436185
ORD07350,PROJ00217,CUS004666,2025-03-21,Shipped,Pending,331713
ORD07351,PROJ04577,CUS002926,2025-07-20,Cancelled,paid,204829
ORD07352,PROJ01481,CUS001027,2025-02-06,Delivered,Pending,393575
ORD07353,PROJ04865,CUS001370,2024-11-02,Delivered,Paid,311684
ORD07354,PROJ04130,CUS003952,2024-09-30,Delivered,Partial,21661
ORD07355,PROJ02240,CUS001994,2024-11-11,Shipped,Partial,31387
ORD07356,PROJ02395,CUS001618,2024-12-26,Confirmed,Paid,45941
ORD07357,PROJ03629,CUS003442,2024-10-25,Shipped,Pending,364003
ORD07358,PROJ02684,CUS001267,2025-04-21,Confirmed,Paid,434668
ORD07359,PROJ00570,CUS001776,2024-01-04,Delivered,Paid,34403
ORD07360,PROJ02215,CUS001927,2024-07-02,Cancelled,Paid,494234
ORD07361,PROJ01972,CUS000433,2024-11-24,confirmed,Pending,332961
ORD07362,PROJ03459,CUS004369,2024-07-30,Confirmed,Paid,218421
ORD07363,PROJ02879,CUS002003,2025-04-08,Delivered,Pending,167773
ORD07364,PROJ03748,CUS000123,2024-12-16,confirmed,Partial,359383
ORD07365,PROJ00850,CUS003692,2024-09-28,Shipped,Partial,264921
ORD07366,PROJ02821,CUS000603,2025-09-04,Shipped,Pending,321114
ORD07367,PROJ04796,CUS003514,2024-08-12,confirmed,Paid,219373
ORD07368,PROJ01080,CUS002716,2024-12-05,Delivered,Paid,470483
ORD07369,PROJ01651,CUS000395,2025-04-22,confirmed,paid,80416
ORD07370,PROJ01691,CUS003396,2024-01-31,Delivered,Paid,61705
ORD07371,PROJ01142,CUS001451,2024-11-26,Delivered,paid,112972
ORD07372,PROJ04941,CUS001210,2025-08-29,confirmed,Partial,304601
ORD07373,PROJ00963,CUS004642,2025-06-22,Delivered,paid,427444
ORD07374,PROJ04753,CUS002838,2025-01-28,confirmed,Pending,299790
ORD07375,PROJ00716,CUS003398,2025-06-13,Confirmed,Paid,390185
ORD07376,PROJ01953,CUS001766,2024-09-18,Delivered,paid,395494
ORD07377,PROJ04396,CUS000869,2024-04-27,confirmed,Pending,246334
ORD07378,PROJ01196,CUS003334,2024-06-22,Delivered,Pending,270630
ORD07379,PROJ03708,CUS002167,2025-06-18,Cancelled,Paid,484531
ORD07380,PROJ04673,CUS004308,2024-08-29,Confirmed,Pending,112620
ORD07381,PROJ02634,CUS000231,2025-01-04,Delivered,Pending,212672
ORD07382,PROJ01897,CUS002607,2025-01-05,confirmed,Pending,166998
ORD07383,PROJ02259,CUS004527,2024-03-27,Confirmed,paid,399063
ORD07384,PROJ01268,CUS003263,2024-11-16,Confirmed,Partial,293889
ORD07385,PROJ03066,CUS000283,2025-01-15,confirmed,paid,16204
ORD07386,PROJ02394,CUS003627,2024-07-08,confirmed,Pending,282603
ORD07387,PROJ01635,CUS001922,2024-06-06,Delivered,paid,267089
ORD07388,PROJ00120,CUS004536,2024-12-09,confirmed,Partial,64793
ORD07389,PROJ03299,CUS004975,2024-11-18,Confirmed,paid,494902
ORD07390,PROJ04935,CUS004913,2025-08-24,Cancelled,Paid,167018
ORD07391,PROJ02888,CUS004528,2025-02-11,Cancelled,Partial,423487
ORD07392,PROJ03044,CUS004940,2025-02-02,Delivered,Partial,50067
ORD07393,PROJ01833,CUS004071,2025-09-15,confirmed,Partial,68510
ORD07394,PROJ04686,CUS000447,2024-11-26,Cancelled,Paid,178325
ORD07395,PROJ02121,CUS000723,2024-12-13,Shipped,Partial,490789
ORD07396,PROJ02478,CUS002587,2024-03-15,confirmed,Partial,210643
ORD07397,PROJ00316,CUS001684,2025-01-03,confirmed,Pending,272934
ORD07398,PROJ04081,CUS000699,2025-01-02,confirmed,Pending,387107
ORD07399,PROJ00120,CUS002738,2024-07-14,Delivered,Partial,218675
ORD07400,PROJ02781,CUS001696,2025-01-15,Shipped,paid,276044
ORD07401,PROJ00981,CUS000426,2025-08-02,confirmed,Paid,470692
ORD07402,PROJ03348,CUS000915,2024-12-10,Confirmed,paid,299957
ORD07403,PROJ04156,CUS004692,2025-03-14,Shipped,Paid,396440
ORD07404,PROJ03714,CUS003401,2024-05-28,Confirmed,paid,445982
ORD07405,PROJ01447,CUS000112,2025-04-11,Shipped,Partial,328550
ORD07406,PROJ00571,CUS000836,2025-03-05,Delivered,Paid,476821
ORD07407,PROJ03667,CUS001248,2025-03-27,confirmed,Paid,233858
ORD07408,PROJ02014,CUS004173,2024-12-08,Delivered,Pending,426089
ORD07409,PROJ02820,CUS003381,2025-07-19,Delivered,Partial,150136
ORD07410,PROJ02243,CUS001658,2024-12-10,Delivered,Partial,304635
ORD07411,PROJ03015,CUS003873,2024-10-30,Cancelled,paid,449122
ORD07412,PROJ04044,CUS003348,2024-05-19,confirmed,Partial,224890
ORD07413,PROJ04993,CUS004626,2025-01-26,Shipped,Pending,43236
ORD07414,PROJ00552,CUS004698,2025-02-21,confirmed,Partial,448384
ORD07415,PROJ04454,CUS000478,2025-05-25,confirmed,Pending,291075
ORD07416,PROJ00013,CUS000553,2024-08-01,Shipped,paid,249189
ORD07417,PROJ00698,CUS004337,2024-10-16,Shipped,Partial,109667
ORD07418,PROJ01717,CUS002736,2025-03-24,Confirmed,Partial,399902
ORD07419,PROJ01089,CUS001759,2024-12-16,Cancelled,Paid,122309
ORD07420,PROJ04427,CUS000937,2024-08-07,Cancelled,Pending,436152
ORD07421,PROJ00367,CUS004567,2024-08-14,Shipped,Partial,137276
ORD07422,PROJ01577,CUS003312,2024-12-17,Shipped,Paid,76787
ORD07423,PROJ00511,CUS004857,2024-08-01,Cancelled,Partial,226309
ORD07424,PROJ01442,CUS004737,2025-02-02,Confirmed,Paid,416796
ORD07425,PROJ03974,CUS000516,2024-09-19,Cancelled,paid,176228
ORD07426,PROJ04611,CUS004535,2024-08-23,Cancelled,Pending,302446
ORD07427,PROJ02719,CUS001191,2024-10-13,Cancelled,paid,203482
ORD07428,PROJ03494,CUS004144,2025-02-24,Cancelled,paid,302054
ORD07429,PROJ01538,CUS001354,2024-11-28,Delivered,Paid,22418
ORD07430,PROJ00486,CUS001263,2024-08-17,Cancelled,Partial,88370
ORD07431,PROJ01808,CUS000923,2024-12-21,confirmed,Partial,370528
ORD07432,PROJ02612,CUS000583,2025-04-18,Confirmed,Pending,140080
ORD07433,PROJ02317,CUS003661,2024-08-29,confirmed,Paid,93008
ORD07434,PROJ03876,CUS004005,2024-09-19,Confirmed,paid,150365
ORD07435,PROJ02110,CUS003092,2024-06-19,confirmed,Partial,406912
ORD07436,PROJ02835,CUS004133,2025-02-02,Shipped,Paid,486415
ORD07437,PROJ02504,CUS002243,2024-12-04,Confirmed,Partial,44235
ORD07438,PROJ04061,CUS001900,2024-11-13,Shipped,Pending,64414
ORD07439,PROJ03965,CUS000352,2024-09-16,Confirmed,Partial,116459
ORD07440,PROJ04913,CUS002776,2025-04-14,Confirmed,Partial,182304
ORD07441,PROJ02372,CUS004318,2025-05-19,Cancelled,Paid,183899
ORD07442,PROJ00543,CUS000746,2025-01-22,Cancelled,Partial,388050
ORD07443,PROJ04392,CUS002908,2025-02-17,confirmed,Paid,397738
ORD07444,PROJ04248,CUS003011,2024-09-01,confirmed,Pending,241092
ORD07445,PROJ04517,CUS002363,2025-04-07,Cancelled,Partial,194749
ORD07446,PROJ03654,CUS004498,2024-06-21,confirmed,Partial,287830
ORD07447,PROJ00099,CUS001914,2024-06-21,Cancelled,Paid,287774
ORD07448,PROJ01327,CUS000392,2024-09-26,Cancelled,paid,349410
ORD07449,PROJ01337,CUS001438,2024-08-23,Delivered,paid,49606
ORD07450,PROJ01169,CUS004199,2024-10-17,confirmed,Partial,413650
ORD07451,PROJ01017,CUS002153,2025-02-13,Cancelled,paid,210558
ORD07452,PROJ01201,CUS003204,2025-04-29,Confirmed,Paid,283040
ORD07453,PROJ03276,CUS001423,2024-05-11,Shipped,Paid,253936
ORD07454,PROJ04548,CUS000696,2024-07-21,confirmed,Partial,302656
ORD07455,PROJ00403,CUS004011,2025-01-05,confirmed,paid,213912
ORD07456,PROJ02683,CUS000202,2024-09-21,Delivered,paid,98535
ORD07457,PROJ00291,CUS003508,2024-07-22,Cancelled,Partial,281069
ORD07458,PROJ00597,CUS004140,2024-11-20,confirmed,paid,174354
ORD07459,PROJ02256,CUS001339,2024-08-09,Cancelled,Pending,271936
ORD07460,PROJ04887,CUS003018,2024-08-20,confirmed,Partial,384377
ORD07461,PROJ04555,CUS004128,2025-08-23,confirmed,Paid,367109
ORD07462,PROJ02833,CUS001349,2025-02-26,confirmed,paid,323740
ORD07463,PROJ04919,CUS002847,2025-05-16,confirmed,Partial,181044
ORD07464,PROJ01900,CUS001510,2025-04-12,confirmed,paid,205002
ORD07465,PROJ02904,CUS003608,2025-01-25,Shipped,Paid,43874
ORD07466,PROJ01437,CUS000442,2025-01-19,confirmed,Partial,191394
ORD07467,PROJ03495,CUS001427,2025-03-03,confirmed,Paid,463039
ORD07468,PROJ00122,CUS004195,2025-03-23,Shipped,Paid,12413
ORD07469,PROJ04894,CUS002123,2024-11-21,Cancelled,Pending,12862
ORD07470,PROJ01188,CUS002770,2024-07-23,confirmed,paid,191839
ORD07471,PROJ04768,CUS004403,2025-01-05,Delivered,Pending,323565
ORD07472,PROJ03030,CUS002005,2025-03-15,Shipped,Partial,343933
ORD07473,PROJ02932,CUS002870,2025-03-04,Cancelled,Pending,429964
ORD07474,PROJ04133,CUS000589,2025-04-18,confirmed,paid,356563
ORD07475,PROJ01057,CUS004684,2025-04-01,Cancelled,Partial,303089
ORD07476,PROJ03376,CUS004767,2024-09-21,Delivered,paid,90417
ORD07477,PROJ00700,CUS001493,2025-02-18,Confirmed,Pending,69480
ORD07478,PROJ01038,CUS002343,2025-01-09,Delivered,Paid,222959
ORD07479,PROJ03683,CUS003371,2024-12-18,Shipped,Paid,180978
ORD07480,PROJ04155,CUS003833,2024-05-22,Cancelled,paid,405796
ORD07481,PROJ02041,CUS002555,2024-10-14,Shipped,Partial,426601
ORD07482,PROJ03191,CUS003674,2024-11-11,confirmed,Partial,175499
ORD07483,PROJ03949,CUS001560,2024-12-29,Shipped,Paid,286372
ORD07484,PROJ02024,CUS004176,2024-11-18,confirmed,paid,115273
ORD07485,PROJ02311,CUS004451,2025-01-27,Shipped,Pending,240556
ORD07486,PROJ03481,CUS000575,2024-09-01,Delivered,Partial,421355
ORD07487,PROJ01892,CUS001274,2025-02-24,Confirmed,Partial,376343
ORD07488,PROJ02413,CUS002476,2025-11-17,Confirmed,Pending,8611
ORD07489,PROJ01689,CUS001480,2024-05-18,Shipped,Pending,196964
ORD07490,PROJ01803,CUS002496,2025-06-27,Shipped,Paid,460097
ORD07491,PROJ02051,CUS000060,2024-03-17,Shipped,Partial,211920
ORD07492,PROJ00243,CUS000590,2025-01-27,Shipped,Partial,377323
ORD07493,PROJ02655,CUS000056,2025-01-06,Shipped,Pending,452010
ORD07494,PROJ04256,CUS002155,2024-08-20,Confirmed,Paid,58152
ORD07495,PROJ02952,CUS002963,2025-03-03,Cancelled,Pending,265400
ORD07496,PROJ04935,CUS000408,2025-01-12,confirmed,Partial,353954
ORD07497,PROJ03781,CUS003917,2024-12-11,Confirmed,Paid,284234
ORD07498,PROJ03155,CUS004299,2025-03-03,Cancelled,Partial,380304
ORD07499,PROJ04494,CUS000041,2025-03-13,Shipped,paid,478160
ORD07500,PROJ04896,CUS004636,2024-11-28,Delivered,paid,116744
ORD07501,PROJ02711,CUS003949,2025-03-03,Shipped,Partial,191027
ORD07502,PROJ04464,CUS000014,2025-06-08,Cancelled,paid,217301
ORD07503,PROJ04138,CUS002745,2024-09-02,Confirmed,Partial,454088
ORD07504,PROJ03249,CUS002142,2025-05-02,Confirmed,Paid,450279
ORD07505,PROJ02819,CUS003108,2024-12-13,Confirmed,Partial,304202
ORD07506,PROJ04370,CUS003056,2024-08-21,Confirmed,Pending,285418
ORD07507,PROJ02459,CUS000675,2024-10-24,confirmed,Partial,151585
ORD07508,PROJ01727,CUS002791,2025-04-10,confirmed,Partial,292164
ORD07509,PROJ00390,CUS004011,2024-04-27,Shipped,Paid,61096
ORD07510,PROJ04568,CUS004180,2024-09-07,Delivered,Paid,444926
ORD07511,PROJ01942,CUS000693,2025-01-18,Shipped,Paid,413087
ORD07512,PROJ02180,CUS001055,2024-10-31,Delivered,Paid,214064
ORD07513,PROJ02121,CUS004400,2025-01-09,Cancelled,paid,111736
ORD07514,PROJ00995,CUS001623,2024-04-07,Confirmed,paid,67981
ORD07515,PROJ03853,CUS002256,2024-11-20,Confirmed,Partial,67778
ORD07516,PROJ04649,CUS003802,2025-08-02,Confirmed,paid,198126
ORD07517,PROJ02524,CUS004619,2025-12-08,Shipped,paid,190020
ORD07518,PROJ00030,CUS000900,2024-10-08,Shipped,Pending,175071
ORD07519,PROJ03416,CUS000138,2024-02-22,Cancelled,paid,296727
ORD07520,PROJ03125,CUS001127,2025-01-03,confirmed,paid,376501
ORD07521,PROJ00400,CUS001926,2024-11-07,Shipped,Paid,380794
ORD07522,PROJ02081,CUS001120,2024-11-09,Delivered,Partial,360052
ORD07523,PROJ00224,CUS004337,2025-03-22,Cancelled,Pending,299983
ORD07524,PROJ01458,CUS004558,2025-02-21,Shipped,Paid,381675
ORD07525,PROJ01119,CUS004042,2025-07-26,confirmed,Paid,121359
ORD07526,PROJ03117,CUS003026,2025-05-24,confirmed,Pending,414273
ORD07527,PROJ01653,CUS001257,2024-06-24,Cancelled,Partial,414702
ORD07528,PROJ04217,CUS004237,2024-12-17,Cancelled,Pending,171341
ORD07529,PROJ02031,CUS002838,2025-10-21,Delivered,paid,217935
ORD07530,PROJ01842,CUS003401,2025-04-02,Shipped,Paid,58897
ORD07531,PROJ04321,CUS004646,2024-08-16,confirmed,Partial,286735
ORD07532,PROJ04018,CUS002473,2024-12-03,confirmed,Paid,123154
ORD07533,PROJ00959,CUS004781,2024-12-10,Shipped,Partial,169217
ORD07534,PROJ04595,CUS003743,2025-08-04,Delivered,paid,440684
ORD07535,PROJ01091,CUS004282,2024-11-23,Cancelled,Paid,309792
ORD07536,PROJ04822,CUS002435,2024-07-09,Delivered,paid,38374
ORD07537,PROJ03236,CUS001238,2025-05-15,Shipped,paid,32203
ORD07538,PROJ00778,CUS001615,2025-08-17,Confirmed,Pending,267058
ORD07539,PROJ01276,CUS003641,2024-09-05,Shipped,paid,214413
ORD07540,PROJ00944,CUS003153,2024-01-14,Confirmed,Paid,76768
ORD07541,PROJ02066,CUS003179,2025-02-08,Delivered,Paid,174779
ORD07542,PROJ02686,CUS002491,2024-11-04,Shipped,Partial,439029
ORD07543,PROJ01401,CUS003215,2024-08-19,Cancelled,paid,31078
ORD07544,PROJ03653,CUS002035,2024-11-08,confirmed,paid,489871
ORD07545,PROJ04817,CUS003958,2024-12-03,Cancelled,paid,216912
ORD07546,PROJ02092,CUS004644,2025-01-25,Shipped,paid,237998
ORD07547,PROJ01602,CUS004044,2025-04-24,confirmed,Pending,36806
ORD07548,PROJ04989,CUS004432,2024-11-08,Confirmed,Partial,450594
ORD07549,PROJ03899,CUS002000,2024-06-08,Delivered,Partial,165039
ORD07550,PROJ04767,CUS003338,2025-03-14,Cancelled,Partial,140237
ORD07551,PROJ01505,CUS004695,2024-07-18,Cancelled,paid,375386
ORD07552,PROJ01218,CUS000571,2024-10-20,Delivered,Paid,211955
ORD07553,PROJ00135,CUS000666,2025-03-08,Shipped,Partial,209746
ORD07554,PROJ01475,CUS000977,2024-11-22,confirmed,Pending,301588
ORD07555,PROJ00805,CUS000851,2025-02-27,Delivered,Pending,446939
ORD07556,PROJ02696,CUS003578,2025-04-24,Confirmed,Partial,56551
ORD07557,PROJ00981,CUS002219,2025-03-22,Cancelled,paid,226589
ORD07558,PROJ02134,CUS000546,2025-04-13,Shipped,Paid,6992
ORD07559,PROJ00747,CUS000596,2024-10-14,Cancelled,Pending,369179
ORD07560,PROJ03803,CUS003413,2024-10-04,Cancelled,Partial,241653
ORD07561,PROJ04435,CUS003157,2025-09-29,Delivered,Paid,450957
ORD07562,PROJ01070,CUS001374,2025-05-04,Shipped,Pending,121232
ORD07563,PROJ02993,CUS002710,2025-02-13,Delivered,paid,440156
ORD07564,PROJ00834,CUS003768,2024-07-13,Delivered,Pending,363616
ORD07565,PROJ02678,CUS002559,2024-12-11,Confirmed,Partial,420196
ORD07566,PROJ01347,CUS002474,2024-10-05,Confirmed,Pending,299821
ORD07567,PROJ00138,CUS004393,2025-05-11,Shipped,Paid,357021
ORD07568,PROJ00182,CUS002305,2025-07-31,confirmed,paid,90595
ORD07569,PROJ03542,CUS004429,2024-05-05,Shipped,Paid,168972
ORD07570,PROJ03360,CUS004619,2025-08-29,Cancelled,Pending,229126
ORD07571,PROJ03231,CUS001648,2024-10-13,Cancelled,Paid,41473
ORD07572,PROJ04542,CUS000591,2025-04-15,Delivered,Partial,326730
ORD07573,PROJ00597,CUS002293,2025-01-28,Cancelled,paid,194954
ORD07574,PROJ03038,CUS001189,2024-04-30,Delivered,Pending,137361
ORD07575,PROJ03359,CUS002261,2024-12-12,Cancelled,paid,19016
ORD07576,PROJ03386,CUS002065,2024-06-13,Confirmed,Pending,280568
ORD07577,PROJ02076,CUS001769,2025-01-23,confirmed,Paid,449458
ORD07578,PROJ03238,CUS004565,2024-11-19,Confirmed,Pending,21660
ORD07579,PROJ01920,CUS000569,2025-01-05,Shipped,Partial,309134
ORD07580,PROJ04109,CUS003223,2024-05-24,Shipped,paid,437947
ORD07581,PROJ03993,CUS004293,2025-03-23,Cancelled,Pending,50448
ORD07582,PROJ03254,CUS002522,2024-12-19,Delivered,Partial,292180
ORD07583,PROJ00338,CUS001331,2024-12-27,Confirmed,Paid,234615
ORD07584,PROJ02760,CUS002459,2024-01-26,Confirmed,paid,335186
ORD07585,PROJ02571,CUS001968,2024-10-09,confirmed,Pending,143727
ORD07586,PROJ03301,CUS003819,2025-02-09,Delivered,paid,484664
ORD07587,PROJ00067,CUS003734,2025-03-09,Shipped,Paid,257962
ORD07588,PROJ04374,CUS001876,2024-02-10,Confirmed,Paid,210862
ORD07589,PROJ02479,CUS002218,2024-10-01,Shipped,Paid,248747
ORD07590,PROJ03743,CUS000817,2024-08-21,confirmed,Partial,111565
ORD07591,PROJ02047,CUS001390,2025-02-23,confirmed,Paid,403482
ORD07592,PROJ02314,CUS002951,2024-09-30,confirmed,Paid,488123
ORD07593,PROJ01335,CUS000616,2025-04-09,Cancelled,paid,220284
ORD07594,PROJ01288,CUS002071,2024-06-07,Delivered,Pending,322655
ORD07595,PROJ01736,CUS001435,2025-07-05,Cancelled,Partial,158593
ORD07596,PROJ01351,CUS000617,2024-07-10,confirmed,Paid,117114
ORD07597,PROJ01960,CUS004586,2025-01-06,Shipped,Pending,341822
ORD07598,PROJ02107,CUS004666,2025-07-23,Cancelled,paid,200320
ORD07599,PROJ01862,CUS001438,2024-12-03,Confirmed,Pending,330402
ORD07600,PROJ00011,CUS001687,2025-07-14,Shipped,Pending,144996
ORD07601,PROJ02420,CUS004842,2025-02-25,Cancelled,Pending,155610
ORD07602,PROJ01696,CUS001130,2024-01-22,confirmed,Paid,464974
ORD07603,PROJ02054,CUS002932,2025-06-04,Confirmed,Partial,226158
ORD07604,PROJ01813,CUS000860,2025-03-08,Confirmed,Paid,477112
ORD07605,PROJ04273,CUS001910,2024-09-20,Delivered,Paid,486894
ORD07606,PROJ00708,CUS001539,2025-04-23,Confirmed,paid,499983
ORD07607,PROJ01586,CUS002006,2024-05-17,Cancelled,Pending,144905
ORD07608,PROJ02265,CUS001253,2025-04-27,confirmed,Partial,236503
ORD07609,PROJ02036,CUS001661,2024-10-18,Delivered,paid,255957
ORD07610,PROJ01199,CUS002300,2024-04-25,Confirmed,Pending,235327
ORD07611,PROJ03736,CUS003005,2025-04-19,Shipped,Partial,357541
ORD07612,PROJ00671,CUS000855,2024-12-16,Confirmed,Pending,238456
ORD07613,PROJ02563,CUS002616,2024-11-04,Confirmed,Pending,5605
ORD07614,PROJ00042,CUS001573,2025-04-03,Delivered,paid,422623
ORD07615,PROJ04285,CUS004922,2024-01-21,Shipped,Partial,416678
ORD07616,PROJ00834,CUS002173,2024-03-31,Cancelled,Partial,477651
ORD07617,PROJ04177,CUS001456,2025-01-07,Shipped,Paid,238517
ORD07618,PROJ00387,CUS001321,2025-07-08,Delivered,Pending,171044
ORD07619,PROJ01613,CUS002287,2025-03-26,confirmed,paid,419231
ORD07620,PROJ04526,CUS003619,2025-04-01,Delivered,Paid,94590
ORD07621,PROJ00361,CUS002164,2024-12-15,Confirmed,Paid,59220
ORD07622,PROJ04613,CUS001344,2025-01-30,Shipped,paid,218432
ORD07623,PROJ02981,CUS000449,2024-12-20,Confirmed,Pending,222799
ORD07624,PROJ03409,CUS004603,2024-10-11,Confirmed,paid,482067
ORD07625,PROJ04160,CUS001299,2024-05-19,Shipped,Pending,18743
ORD07626,PROJ03143,CUS000143,2025-01-17,Confirmed,Partial,434116
ORD07627,PROJ01263,CUS001684,2025-03-31,Cancelled,Pending,362912
ORD07628,PROJ01264,CUS001669,2024-09-22,Cancelled,Paid,179168
ORD07629,PROJ03930,CUS002035,2025-07-11,Delivered,Partial,89752
ORD07630,PROJ00937,CUS003351,2024-06-08,Confirmed,Paid,154219
ORD07631,PROJ00062,CUS001097,2024-11-28,Shipped,Pending,243157
ORD07632,PROJ03856,CUS004925,2024-12-29,Cancelled,Paid,403734
ORD07633,PROJ02004,CUS001116,2024-11-30,Cancelled,Partial,162893
ORD07634,PROJ01533,CUS002913,2025-04-16,Shipped,Pending,275440
ORD07635,PROJ02763,CUS003873,2025-06-16,Shipped,paid,389592
ORD07636,PROJ03644,CUS004321,2024-12-02,Shipped,paid,20002
ORD07637,PROJ02573,CUS003790,2025-06-23,Shipped,paid,170001
ORD07638,PROJ04064,CUS003321,2024-07-19,Shipped,paid,19933
ORD07639,PROJ03216,CUS001328,2025-06-28,Delivered,Partial,463053
ORD07640,PROJ03706,CUS000441,2024-06-22,Shipped,paid,432203
ORD07641,PROJ00235,CUS001881,2025-05-21,Cancelled,paid,179113
ORD07642,PROJ00152,CUS004174,2024-05-28,Shipped,Pending,339789
ORD07643,PROJ00643,CUS002505,2025-05-24,Shipped,paid,346279
ORD07644,PROJ04429,CUS003884,2024-05-06,Delivered,Pending,285256
ORD07645,PROJ03336,CUS001062,2025-03-02,Cancelled,Partial,330687
ORD07646,PROJ01356,CUS003579,2024-09-18,Delivered,paid,126730
ORD07647,PROJ03855,CUS000660,2024-09-30,Cancelled,paid,447958
ORD07648,PROJ02240,CUS003185,2024-11-16,confirmed,Pending,331437
ORD07649,PROJ04585,CUS000829,2024-11-08,Cancelled,Pending,44993
ORD07650,PROJ02556,CUS004240,2024-10-15,Confirmed,Paid,33705
ORD07651,PROJ00997,CUS004443,2024-05-11,confirmed,Paid,401130
ORD07652,PROJ03851,CUS003710,2025-01-03,Delivered,Pending,173138
ORD07653,PROJ01344,CUS001390,2024-10-31,Delivered,Partial,416125
ORD07654,PROJ01222,CUS002017,2024-09-23,confirmed,Paid,227664
ORD07655,PROJ04625,CUS002582,2024-05-07,Delivered,Paid,122175
ORD07656,PROJ03722,CUS003873,2024-12-05,Shipped,Pending,268845
ORD07657,PROJ00497,CUS004070,2025-01-10,Shipped,Pending,358100
ORD07658,PROJ02317,CUS004977,2024-06-15,Cancelled,Paid,462832
ORD07659,PROJ04929,CUS000791,2025-06-30,Delivered,Paid,443180
ORD07660,PROJ04310,CUS001979,2024-12-31,Shipped,Paid,435159
ORD07661,PROJ01804,CUS000054,2024-10-12,confirmed,Paid,141531
ORD07662,PROJ01713,CUS004635,2025-03-09,Shipped,Partial,161126
ORD07663,PROJ01274,CUS003155,2025-01-24,confirmed,Partial,375629
ORD07664,PROJ02340,CUS001645,2024-03-04,Shipped,Pending,454213
ORD07665,PROJ00052,CUS000500,2025-03-11,Shipped,Paid,458227
ORD07666,PROJ02255,CUS003907,2025-02-17,confirmed,Pending,397005
ORD07667,PROJ03852,CUS004890,2025-04-26,Delivered,Pending,39528
ORD07668,PROJ02708,CUS004427,2024-10-08,Cancelled,Partial,493488
ORD07669,PROJ03922,CUS002835,2024-06-28,confirmed,Partial,50932
ORD07670,PROJ02832,CUS001940,2024-10-25,confirmed,Pending,485981
ORD07671,PROJ00674,CUS003284,2024-09-11,confirmed,Pending,442852
ORD07672,PROJ02791,CUS001725,2024-12-08,Cancelled,Partial,230530
ORD07673,PROJ00215,CUS000426,2025-02-09,confirmed,Partial,93765
ORD07674,PROJ01965,CUS002134,2025-08-09,Delivered,Pending,472503
ORD07675,PROJ02366,CUS002234,2025-04-18,confirmed,Partial,175808
ORD07676,PROJ01616,CUS001933,2025-09-08,confirmed,paid,50198
ORD07677,PROJ00843,CUS000201,2025-06-09,confirmed,Paid,439329
ORD07678,PROJ03867,CUS000894,2024-12-11,Shipped,Partial,307369
ORD07679,PROJ01128,CUS000720,2024-10-31,Confirmed,Paid,195745
ORD07680,PROJ02986,CUS001367,2024-12-12,confirmed,Partial,171205
ORD07681,PROJ00997,CUS004023,2025-02-15,Cancelled,paid,60374
ORD07682,PROJ03280,CUS003410,2025-06-19,confirmed,paid,498458
ORD07683,PROJ03764,CUS001640,2025-01-04,confirmed,Pending,201843
ORD07684,PROJ02420,CUS002016,2024-10-14,Cancelled,paid,270875
ORD07685,PROJ03786,CUS001467,2025-01-26,Shipped,Partial,461950
ORD07686,PROJ00666,CUS004674,2025-04-03,Cancelled,paid,393586
ORD07687,PROJ00729,CUS004832,2025-03-04,Cancelled,paid,112389
ORD07688,PROJ03013,CUS003111,2025-03-05,confirmed,Partial,176631
ORD07689,PROJ04658,CUS003743,2024-05-26,Delivered,Paid,318905
ORD07690,PROJ01489,CUS002062,2025-03-17,Delivered,Pending,309567
ORD07691,PROJ01920,CUS004677,2024-08-28,Shipped,Paid,217264
ORD07692,PROJ01452,CUS000710,2025-01-09,Cancelled,Partial,433262
ORD07693,PROJ03488,CUS000643,2024-12-14,Cancelled,paid,422721
ORD07694,PROJ01953,CUS002269,2024-10-08,Delivered,Partial,112749
ORD07695,PROJ03966,CUS001933,2025-02-03,Shipped,Partial,457713
ORD07696,PROJ04216,CUS001183,2024-06-24,confirmed,Partial,220630
ORD07697,PROJ03876,CUS000737,2025-01-20,Shipped,Pending,115344
ORD07698,PROJ04062,CUS003377,2024-11-07,Shipped,paid,145841
ORD07699,PROJ03292,CUS004260,2025-06-18,Delivered,Paid,300356
ORD07700,PROJ02061,CUS003925,2024-05-18,Cancelled,Pending,442128
ORD07701,PROJ00939,CUS000409,2025-02-22,Shipped,Partial,336907
ORD07702,PROJ01304,CUS002974,2024-02-05,Delivered,Partial,336965
ORD07703,PROJ02767,CUS003410,2025-03-09,confirmed,Pending,157101
ORD07704,PROJ00739,CUS002794,2025-09-29,Confirmed,Partial,40788
ORD07705,PROJ03452,CUS004934,2024-08-21,Cancelled,paid,8197
ORD07706,PROJ02153,CUS003144,2024-10-21,Cancelled,Pending,61903
ORD07707,PROJ00269,CUS002007,2024-09-15,confirmed,Pending,97597
ORD07708,PROJ01006,CUS001770,2024-06-10,Shipped,Paid,216141
ORD07709,PROJ03611,CUS002624,2024-09-28,Cancelled,Partial,368901
ORD07710,PROJ03023,CUS001553,2025-04-24,Shipped,Partial,489795
ORD07711,PROJ00827,CUS002478,2024-07-04,Confirmed,Paid,335354
ORD07712,PROJ03645,CUS002189,2024-06-15,Shipped,Partial,97448
ORD07713,PROJ03287,CUS000837,2025-01-11,confirmed,Partial,379750
ORD07714,PROJ01117,CUS004678,2024-07-21,Shipped,Pending,471694
ORD07715,PROJ03127,CUS002991,2024-09-12,Confirmed,Partial,373722
ORD07716,PROJ04199,CUS002419,2025-01-07,confirmed,Partial,36909
ORD07717,PROJ01416,CUS002512,2024-06-24,Confirmed,paid,152355
ORD07718,PROJ04509,CUS000723,2024-10-11,Cancelled,Paid,488948
ORD07719,PROJ00893,CUS003005,2024-12-26,Cancelled,Partial,499018
ORD07720,PROJ03003,CUS004774,2024-10-18,Shipped,Pending,439561
ORD07721,PROJ01429,CUS003479,2024-08-18,Shipped,Paid,65580
ORD07722,PROJ03646,CUS003700,2024-07-12,Confirmed,paid,468092
ORD07723,PROJ02050,CUS003165,2025-02-12,Shipped,Partial,282261
ORD07724,PROJ01846,CUS003890,2024-11-20,Shipped,Paid,339938
ORD07725,PROJ01099,CUS003880,2025-01-03,Delivered,Paid,308786
ORD07726,PROJ00232,CUS002269,2024-11-07,confirmed,Pending,101843
ORD07727,PROJ04505,CUS001826,2025-02-03,Cancelled,Pending,187808
ORD07728,PROJ04513,CUS000544,2024-06-22,Confirmed,paid,125207
ORD07729,PROJ00113,CUS000374,2025-02-15,Cancelled,Pending,284293
ORD07730,PROJ01569,CUS004138,2024-11-23,Delivered,Pending,219310
ORD07731,PROJ03474,CUS002560,2025-04-24,confirmed,paid,493049
ORD07732,PROJ03633,CUS000648,2024-12-19,Delivered,paid,176267
ORD07733,PROJ04079,CUS003179,2025-03-13,Shipped,Pending,19647
ORD07734,PROJ03291,CUS002108,2024-03-29,Confirmed,Pending,97842
ORD07735,PROJ00855,CUS001382,2025-02-03,Delivered,paid,146320
ORD07736,PROJ03615,CUS001761,2024-09-20,Confirmed,Partial,404258
ORD07737,PROJ04189,CUS004596,2024-10-21,Shipped,Pending,234395
ORD07738,PROJ00971,CUS003625,2024-09-06,Confirmed,Partial,53117
ORD07739,PROJ03345,CUS004649,2025-04-02,Delivered,Paid,167122
ORD07740,PROJ03813,CUS003728,2024-10-15,Shipped,paid,47399
ORD07741,PROJ00787,CUS001201,2024-02-06,Shipped,paid,171585
ORD07742,PROJ01097,CUS002485,2024-07-03,Cancelled,paid,479811
ORD07743,PROJ02575,CUS004621,2025-10-31,confirmed,Pending,274566
ORD07744,PROJ04076,CUS000889,2025-04-07,Cancelled,Partial,180441
ORD07745,PROJ00751,CUS002661,2024-12-22,Shipped,Partial,14512
ORD07746,PROJ04359,CUS003719,2024-12-17,Delivered,Paid,168399
ORD07747,PROJ02450,CUS004361,2025-10-30,Shipped,paid,473247
ORD07748,PROJ03542,CUS004457,2024-11-30,Shipped,paid,90148
ORD07749,PROJ00125,CUS004078,2025-03-27,Confirmed,paid,338720
ORD07750,PROJ02996,CUS000001,2025-01-02,Cancelled,Pending,220606
ORD07751,PROJ01166,CUS001254,2024-10-17,Delivered,Paid,345248
ORD07752,PROJ04654,CUS003490,2025-04-03,Confirmed,Pending,118966
ORD07753,PROJ00379,CUS002619,2025-03-30,confirmed,Pending,108901
ORD07754,PROJ04990,CUS003443,2024-08-03,confirmed,paid,384079
ORD07755,PROJ02904,CUS002576,2025-01-03,Delivered,paid,495510
ORD07756,PROJ03451,CUS003026,2025-03-28,confirmed,Pending,497621
ORD07757,PROJ01739,CUS002631,2025-08-04,Delivered,Paid,260379
ORD07758,PROJ01610,CUS000570,2025-05-04,confirmed,paid,134372
ORD07759,PROJ03184,CUS001208,2025-06-19,Delivered,Paid,312637
ORD07760,PROJ03261,CUS004096,2025-02-17,Cancelled,Pending,46375
ORD07761,PROJ01857,CUS000553,2024-08-30,Delivered,Pending,416797
ORD07762,PROJ01234,CUS002038,2024-06-18,confirmed,Pending,62396
ORD07763,PROJ00193,CUS004994,2024-12-31,confirmed,Pending,353731
ORD07764,PROJ03425,CUS004552,2024-10-25,confirmed,paid,211398
ORD07765,PROJ01268,CUS003360,2025-05-21,Delivered,paid,291631
ORD07766,PROJ02309,CUS004553,2025-02-26,Confirmed,paid,193953
ORD07767,PROJ00266,CUS004494,2024-08-04,Cancelled,Pending,489402
ORD07768,PROJ01143,CUS001750,2024-11-30,Delivered,Partial,491231
ORD07769,PROJ02015,CUS004749,2024-12-06,Cancelled,Pending,431740
ORD07770,PROJ03078,CUS001412,2025-01-27,confirmed,Pending,433056
ORD07771,PROJ00275,CUS000445,2024-12-02,Shipped,Pending,350384
ORD07772,PROJ03777,CUS001512,2024-05-22,confirmed,Partial,112534
ORD07773,PROJ04293,CUS002329,2025-03-15,Cancelled,Pending,46671
ORD07774,PROJ02718,CUS004217,2025-03-24,Cancelled,paid,54380
ORD07775,PROJ02514,CUS004136,2024-05-26,Delivered,Pending,395254
ORD07776,PROJ04139,CUS004029,2025-05-11,confirmed,Paid,218607
ORD07777,PROJ01152,CUS004807,2025-07-14,confirmed,Partial,476467
ORD07778,PROJ00758,CUS000623,2024-04-21,Cancelled,paid,430143
ORD07779,PROJ01542,CUS004430,2024-07-22,Confirmed,paid,370000
ORD07780,PROJ04285,CUS002009,2024-10-07,Confirmed,Pending,236724
ORD07781,PROJ03868,CUS000444,2025-04-28,Shipped,Pending,6978
ORD07782,PROJ04639,CUS004374,2025-01-15,Cancelled,Pending,332894
ORD07783,PROJ03403,CUS004118,2024-11-23,Cancelled,Pending,40786
ORD07784,PROJ00778,CUS002801,2025-02-27,Delivered,Pending,125392
ORD07785,PROJ03183,CUS001296,2024-08-01,confirmed,Paid,249854
ORD07786,PROJ02969,CUS003399,2025-02-05,Shipped,Partial,455247
ORD07787,PROJ03091,CUS000966,2025-06-04,Cancelled,paid,211428
ORD07788,PROJ04553,CUS004143,2025-02-04,Shipped,Paid,290712
ORD07789,PROJ01742,CUS000196,2025-01-29,Confirmed,paid,450068
ORD07790,PROJ00225,CUS001258,2024-11-25,Delivered,Partial,352377
ORD07791,PROJ01119,CUS003468,2025-01-19,Delivered,Pending,285906
ORD07792,PROJ00825,CUS002092,2025-03-03,Confirmed,paid,411059
ORD07793,PROJ01678,CUS000289,2025-01-10,Cancelled,Partial,405251
ORD07794,PROJ02824,CUS000627,2024-05-19,Confirmed,Partial,82348
ORD07795,PROJ00168,CUS002371,2025-04-18,Delivered,Partial,495238
ORD07796,PROJ04540,CUS003792,2024-03-31,Delivered,Pending,153639
ORD07797,PROJ03281,CUS003535,2025-01-28,Shipped,paid,411111
ORD07798,PROJ00391,CUS004924,2024-12-30,Shipped,Paid,24190
ORD07799,PROJ00654,CUS000339,2024-12-10,Delivered,Pending,22073
ORD07800,PROJ04819,CUS003649,2024-05-17,Confirmed,paid,155110
ORD07801,PROJ01953,CUS003037,2024-11-27,Delivered,paid,474367
ORD07802,PROJ02709,CUS004185,2024-04-28,Shipped,paid,346523
ORD07803,PROJ04725,CUS004992,2024-10-23,Shipped,Pending,75696
ORD07804,PROJ01013,CUS004381,2025-01-31,Cancelled,paid,431190
ORD07805,PROJ01674,CUS004562,2025-01-13,Confirmed,paid,21810
ORD07806,PROJ00754,CUS004325,2025-02-20,Confirmed,Partial,22006
ORD07807,PROJ00414,CUS002004,2024-03-06,Shipped,Partial,175105
ORD07808,PROJ03212,CUS003003,2025-04-08,confirmed,Paid,333400
ORD07809,PROJ02885,CUS004748,2025-05-07,confirmed,Pending,439943
ORD07810,PROJ04067,CUS000709,2025-02-10,Shipped,Pending,89448
ORD07811,PROJ00814,CUS003831,2024-12-08,confirmed,Paid,209589
ORD07812,PROJ00018,CUS003819,2025-06-27,confirmed,Paid,19283
ORD07813,PROJ01068,CUS001750,2025-03-29,Shipped,Partial,305316
ORD07814,PROJ01649,CUS001543,2024-03-12,Confirmed,Pending,161170
ORD07815,PROJ02385,CUS002227,2025-04-09,Shipped,Paid,124073
ORD07816,PROJ01127,CUS001866,2025-06-07,Confirmed,Partial,430992
ORD07817,PROJ00894,CUS000125,2024-12-14,Cancelled,Paid,415199
ORD07818,PROJ04841,CUS002235,2024-11-22,confirmed,Partial,73018
ORD07819,PROJ02841,CUS004732,2025-02-02,Shipped,Partial,212668
ORD07820,PROJ01389,CUS003665,2025-01-14,confirmed,Pending,282443
ORD07821,PROJ03160,CUS000825,2024-06-19,Shipped,Pending,313348
ORD07822,PROJ02179,CUS001923,2024-10-11,Shipped,Partial,228637
ORD07823,PROJ00202,CUS003491,2024-12-24,Delivered,Paid,208052
ORD07824,PROJ04733,CUS002205,2024-03-07,Delivered,Paid,393898
ORD07825,PROJ00796,CUS002266,2024-02-08,Shipped,Partial,167597
ORD07826,PROJ02140,CUS004289,2024-08-31,Shipped,Pending,121735
ORD07827,PROJ00761,CUS000359,2024-12-19,Confirmed,Partial,476980
ORD07828,PROJ02273,CUS002472,2025-02-18,confirmed,paid,482003
ORD07829,PROJ01912,CUS000035,2024-03-01,Confirmed,paid,49272
ORD07830,PROJ04671,CUS003351,2024-10-02,Delivered,Paid,20486
ORD07831,PROJ00879,CUS001177,2024-11-17,Cancelled,paid,496221
ORD07832,PROJ01036,CUS004558,2024-11-21,Confirmed,Partial,499518
ORD07833,PROJ03655,CUS003073,2025-01-29,Confirmed,paid,288082
ORD07834,PROJ00937,CUS002406,2024-07-09,Delivered,paid,349355
ORD07835,PROJ02552,CUS002435,2025-01-01,Confirmed,Partial,207197
ORD07836,PROJ04280,CUS000719,2024-11-05,Cancelled,paid,184974
ORD07837,PROJ01422,CUS001654,2024-11-23,Delivered,Paid,452530
ORD07838,PROJ04680,CUS000403,2024-06-21,confirmed,Partial,29915
ORD07839,PROJ00279,CUS000323,2024-12-03,confirmed,Paid,333360
ORD07840,PROJ00765,CUS001952,2025-10-06,Confirmed,Pending,104100
ORD07841,PROJ03988,CUS001845,2024-11-25,Cancelled,Paid,453552
ORD07842,PROJ02018,CUS002694,2024-06-28,confirmed,paid,156849
ORD07843,PROJ02124,CUS004957,2024-10-18,Confirmed,Paid,51850
ORD07844,PROJ00130,CUS003908,2025-09-12,Cancelled,Pending,196561
ORD07845,PROJ00858,CUS000565,2025-10-26,Cancelled,paid,92465
ORD07846,PROJ01353,CUS004081,2024-08-14,Confirmed,paid,173227
ORD07847,PROJ03480,CUS001511,2024-08-29,Delivered,Partial,112194
ORD07848,PROJ02842,CUS001563,2025-03-27,Cancelled,Pending,388086
ORD07849,PROJ03149,CUS002743,2024-10-22,confirmed,Partial,308719
ORD07850,PROJ02650,CUS002372,2024-05-05,Confirmed,Paid,7294
ORD07851,PROJ04657,CUS004130,2024-10-02,Confirmed,Paid,201398
ORD07852,PROJ00033,CUS002781,2024-03-04,Delivered,Partial,102341
ORD07853,PROJ04278,CUS004162,2024-12-09,confirmed,Pending,173094
ORD07854,PROJ03452,CUS002954,2024-09-02,confirmed,paid,242102
ORD07855,PROJ03612,CUS004381,2024-03-28,Shipped,Pending,125002
ORD07856,PROJ00511,CUS003898,2024-11-29,Shipped,Partial,383759
ORD07857,PROJ04558,CUS003035,2025-01-12,Delivered,Partial,416919
ORD07858,PROJ00218,CUS002904,2025-05-23,confirmed,Pending,22185
ORD07859,PROJ04308,CUS003583,2024-10-04,Delivered,Paid,372424
ORD07860,PROJ00224,CUS002654,2025-03-15,Shipped,paid,459311
ORD07861,PROJ04611,CUS000450,2024-09-14,Shipped,Pending,407665
ORD07862,PROJ02013,CUS002568,2024-02-16,Delivered,Pending,277729
ORD07863,PROJ04476,CUS000065,2025-03-24,Cancelled,Pending,117042
ORD07864,PROJ01390,CUS001159,2024-11-13,Delivered,Pending,344650
ORD07865,PROJ04689,CUS000794,2025-03-20,Delivered,Partial,225155
ORD07866,PROJ00623,CUS002983,2025-01-13,Cancelled,Pending,48320
ORD07867,PROJ00359,CUS001235,2025-06-11,Delivered,Partial,91516
ORD07868,PROJ02067,CUS001146,2024-01-28,Delivered,Pending,179698
ORD07869,PROJ01217,CUS000458,2025-02-17,Shipped,paid,113507
ORD07870,PROJ03994,CUS004597,2025-01-23,Cancelled,Partial,71097
ORD07871,PROJ00021,CUS003490,2025-02-13,Confirmed,Pending,302481
ORD07872,PROJ04839,CUS000063,2025-05-14,Shipped,paid,416585
ORD07873,PROJ00452,CUS002034,2024-08-27,Delivered,Partial,191724
ORD07874,PROJ01425,CUS000013,2024-12-06,Delivered,Pending,95017
ORD07875,PROJ00245,CUS002028,2025-05-02,Delivered,Partial,396055
ORD07876,PROJ01610,CUS000813,2025-06-14,Cancelled,Partial,362037
ORD07877,PROJ03988,CUS003158,2024-11-22,confirmed,paid,454837
ORD07878,PROJ00130,CUS004219,2024-10-05,Delivered,Pending,481609
ORD07879,PROJ04048,CUS002485,2025-05-31,Shipped,Pending,270438
ORD07880,PROJ00138,CUS000220,2025-07-11,Cancelled,Pending,269143
ORD07881,PROJ01761,CUS002841,2024-10-16,Delivered,Partial,5026
ORD07882,PROJ01903,CUS004081,2025-01-05,Confirmed,Paid,107677
ORD07883,PROJ00390,CUS001551,2024-12-21,Delivered,Partial,109970
ORD07884,PROJ02809,CUS003338,2024-12-16,Confirmed,paid,290339
ORD07885,PROJ02759,CUS000074,2025-01-24,Delivered,Paid,430603
ORD07886,PROJ01856,CUS001765,2025-05-06,Delivered,paid,45084
ORD07887,PROJ00519,CUS004396,2025-05-31,Confirmed,Partial,178647
ORD07888,PROJ00904,CUS001344,2024-06-13,Cancelled,Partial,53582
ORD07889,PROJ02864,CUS003206,2024-12-13,confirmed,Partial,334958
ORD07890,PROJ03118,CUS003846,2024-07-22,Cancelled,Partial,92785
ORD07891,PROJ03360,CUS000514,2024-04-15,confirmed,Partial,234622
ORD07892,PROJ02547,CUS004123,2025-01-26,Delivered,Partial,496834
ORD07893,PROJ04843,CUS002124,2024-10-17,Shipped,Paid,252229
ORD07894,PROJ03896,CUS004307,2025-05-23,Confirmed,Paid,98594
ORD07895,PROJ01390,CUS000123,2025-01-20,Cancelled,Pending,107197
ORD07896,PROJ02117,CUS001131,2025-07-24,Confirmed,Pending,235251
ORD07897,PROJ04881,CUS000448,2024-03-26,Delivered,Paid,96919
ORD07898,PROJ02798,CUS000311,2024-12-27,confirmed,Pending,356870
ORD07899,PROJ03397,CUS003911,2024-11-14,Confirmed,Paid,383864
ORD07900,PROJ02167,CUS000854,2024-08-06,Cancelled,Partial,206474
ORD07901,PROJ02817,CUS003495,2024-09-18,Confirmed,paid,57230
ORD07902,PROJ02133,CUS003728,2024-11-04,Delivered,paid,422488
ORD07903,PROJ04671,CUS004820,2025-04-27,Shipped,Pending,32293
ORD07904,PROJ01591,CUS003254,2025-04-09,confirmed,Pending,471196
ORD07905,PROJ03987,CUS003016,2025-03-04,confirmed,Partial,438796
ORD07906,PROJ04834,CUS004526,2024-11-20,Shipped,Pending,35791
ORD07907,PROJ00125,CUS000621,2024-09-10,Shipped,Pending,491393
ORD07908,PROJ03504,CUS001214,2024-08-27,Confirmed,Pending,129651
ORD07909,PROJ02082,CUS001250,2025-03-29,Confirmed,Pending,291364
ORD07910,PROJ02346,CUS001304,2025-01-19,Shipped,Paid,255783
ORD07911,PROJ04936,CUS001417,2024-10-24,Shipped,paid,178258
ORD07912,PROJ00296,CUS003401,2025-06-28,confirmed,Paid,115030
ORD07913,PROJ04613,CUS002853,2024-10-04,Shipped,paid,498460
ORD07914,PROJ01621,CUS004277,2024-12-02,Cancelled,Paid,427657
ORD07915,PROJ04319,CUS000398,2025-04-13,confirmed,Pending,144839
ORD07916,PROJ03916,CUS004522,2025-01-05,Cancelled,Paid,271807
ORD07917,PROJ04727,CUS003392,2024-12-13,Shipped,Paid,183254
ORD07918,PROJ03820,CUS000937,2024-11-15,Confirmed,paid,452902
ORD07919,PROJ00803,CUS000496,2025-06-16,Cancelled,Partial,366488
ORD07920,PROJ01020,CUS000970,2024-02-03,Shipped,Paid,436400
ORD07921,PROJ00651,CUS003333,2024-07-24,Delivered,Pending,192808
ORD07922,PROJ01311,CUS004602,2024-12-03,Confirmed,Partial,480248
ORD07923,PROJ02365,CUS001979,2024-09-25,Cancelled,Pending,285773
ORD07924,PROJ03453,CUS003117,2025-01-14,Cancelled,Partial,306583
ORD07925,PROJ01981,CUS002972,2024-07-31,confirmed,Partial,447603
ORD07926,PROJ02170,CUS001735,2024-11-21,Delivered,paid,184378
ORD07927,PROJ00185,CUS000540,2024-08-08,Shipped,Partial,46442
ORD07928,PROJ01535,CUS003549,2024-06-22,confirmed,Paid,346168
ORD07929,PROJ03221,CUS003797,2025-01-14,Delivered,paid,308439
ORD07930,PROJ00603,CUS001148,2024-09-16,Delivered,paid,467538
ORD07931,PROJ00709,CUS001598,2024-12-26,Shipped,Paid,165616
ORD07932,PROJ03889,CUS000878,2024-03-08,confirmed,Pending,169587
ORD07933,PROJ03087,CUS002444,2025-03-23,Cancelled,paid,224344
ORD07934,PROJ00367,CUS003857,2025-01-24,Confirmed,Pending,308425
ORD07935,PROJ04987,CUS004923,2024-07-16,Delivered,paid,24281
ORD07936,PROJ03978,CUS003583,2024-09-17,Delivered,Partial,355990
ORD07937,PROJ01529,CUS000849,2025-04-15,Cancelled,paid,300760
ORD07938,PROJ02578,CUS002483,2024-09-10,Cancelled,Paid,476110
ORD07939,PROJ03719,CUS000831,2025-04-08,Confirmed,Paid,180845
ORD07940,PROJ00897,CUS000724,2025-04-29,Delivered,Partial,468121
ORD07941,PROJ04714,CUS001314,2024-11-22,Cancelled,Paid,123164
ORD07942,PROJ02976,CUS004503,2024-12-15,confirmed,Partial,87820
ORD07943,PROJ00300,CUS001949,2024-01-12,Delivered,paid,461665
ORD07944,PROJ01361,CUS002037,2025-04-16,Delivered,Paid,170123
ORD07945,PROJ00365,CUS000122,2025-03-20,confirmed,paid,429260
ORD07946,PROJ00885,CUS000518,2024-10-22,confirmed,paid,255316
ORD07947,PROJ02708,CUS001731,2025-03-05,Confirmed,Partial,230946
ORD07948,PROJ01647,CUS002386,2024-06-02,Shipped,Paid,113423
ORD07949,PROJ02386,CUS003407,2025-01-22,Confirmed,paid,142866
ORD07950,PROJ00031,CUS003545,2024-10-05,Delivered,Partial,196889
ORD07951,PROJ00494,CUS004063,2024-06-15,Delivered,Partial,74199
ORD07952,PROJ02329,CUS000286,2024-05-08,Delivered,Partial,105258
ORD07953,PROJ03220,CUS002791,2024-03-17,Delivered,paid,248347
ORD07954,PROJ03766,CUS001910,2024-08-23,Confirmed,Paid,44065
ORD07955,PROJ00281,CUS001777,2024-04-17,Cancelled,paid,319355
ORD07956,PROJ01140,CUS002370,2024-05-21,confirmed,paid,47016
ORD07957,PROJ03258,CUS002343,2024-12-30,Confirmed,Partial,109455
ORD07958,PROJ04146,CUS002603,2025-07-10,Cancelled,Pending,84778
ORD07959,PROJ03084,CUS002089,2024-03-27,Cancelled,Pending,78196
ORD07960,PROJ02602,CUS001672,2025-05-12,Delivered,Partial,224961
ORD07961,PROJ03208,CUS004450,2025-01-05,Cancelled,Pending,15295
ORD07962,PROJ01490,CUS000457,2025-03-12,confirmed,Paid,305869
ORD07963,PROJ04569,CUS003501,2024-04-16,Delivered,Partial,149859
ORD07964,PROJ04460,CUS001889,2024-07-24,confirmed,Pending,466928
ORD07965,PROJ02385,CUS001789,2025-02-04,confirmed,paid,334089
ORD07966,PROJ01437,CUS000355,2024-05-31,Delivered,Pending,485462
ORD07967,PROJ00342,CUS001215,2024-12-18,Confirmed,paid,76420
ORD07968,PROJ03813,CUS002305,2025-06-18,Shipped,Partial,126391
ORD07969,PROJ04833,CUS000145,2024-07-09,confirmed,Pending,60822
ORD07970,PROJ00101,CUS002861,2025-01-28,Cancelled,Pending,448396
ORD07971,PROJ04187,CUS000151,2025-08-16,Delivered,Pending,388667
ORD07972,PROJ02049,CUS001007,2024-11-14,Shipped,Pending,218487
ORD07973,PROJ02771,CUS002123,2024-11-02,confirmed,paid,428247
ORD07974,PROJ01507,CUS002926,2025-01-10,Cancelled,Paid,491097
ORD07975,PROJ01794,CUS003126,2025-05-21,Confirmed,Paid,23842
ORD07976,PROJ00710,CUS001918,2024-12-04,Confirmed,Pending,236826
ORD07977,PROJ01873,CUS000678,2025-03-18,Delivered,Paid,459142
ORD07978,PROJ03118,CUS000151,2024-12-01,confirmed,Pending,170635
ORD07979,PROJ01098,CUS004936,2025-01-23,confirmed,Pending,456819
ORD07980,PROJ04711,CUS003331,2025-07-07,Cancelled,Paid,143581
ORD07981,PROJ03733,CUS003482,2025-02-21,Shipped,Pending,121462
ORD07982,PROJ04457,CUS002313,2025-04-30,Shipped,Paid,178994
ORD07983,PROJ03264,CUS003260,2024-10-24,Shipped,Pending,483851
ORD07984,PROJ03608,CUS001805,2025-05-18,confirmed,Pending,80164
ORD07985,PROJ04116,CUS001754,2024-09-27,Delivered,Pending,16858
ORD07986,PROJ03158,CUS003314,2024-07-26,Shipped,Pending,292099
ORD07987,PROJ00836,CUS001376,2024-09-11,Cancelled,paid,143665
ORD07988,PROJ02858,CUS001488,2024-12-09,Confirmed,paid,381922
ORD07989,PROJ03121,CUS001565,2024-10-27,Delivered,Pending,59218
ORD07990,PROJ01108,CUS000841,2024-06-17,Shipped,Partial,192942
ORD07991,PROJ04912,CUS003008,2024-12-23,Cancelled,Paid,119190
ORD07992,PROJ00811,CUS003571,2024-04-27,Cancelled,paid,423474
ORD07993,PROJ00391,CUS000545,2025-01-18,Confirmed,Pending,48221
ORD07994,PROJ03524,CUS000053,2025-05-05,Delivered,Pending,351952
ORD07995,PROJ04214,CUS003831,2024-10-30,Shipped,Paid,481547
ORD07996,PROJ02439,CUS004491,2024-12-30,Cancelled,Paid,48763
ORD07997,PROJ04492,CUS003915,2024-08-30,Cancelled,paid,113487
ORD07998,PROJ04391,CUS001143,2025-06-22,Shipped,Pending,131063
ORD07999,PROJ01383,CUS004971,2025-05-21,Shipped,Pending,486141
ORD08000,PROJ02258,CUS000702,2025-04-25,Cancelled,Partial,260062
ORD08001,PROJ03760,CUS003806,2025-04-19,Delivered,paid,324008
ORD08002,PROJ00227,CUS001420,2024-09-10,Confirmed,Pending,19932
ORD08003,PROJ02250,CUS002762,2024-02-09,confirmed,Partial,329810
ORD08004,PROJ04867,CUS003102,2024-12-07,confirmed,paid,496473
ORD08005,PROJ03718,CUS000177,2025-01-24,Delivered,Paid,166577
ORD08006,PROJ00956,CUS001771,2024-12-06,Cancelled,Paid,174090
ORD08007,PROJ00960,CUS003008,2024-08-24,Shipped,Pending,497884
ORD08008,PROJ04222,CUS000962,2025-05-21,confirmed,paid,453280
ORD08009,PROJ03180,CUS003365,2024-02-10,confirmed,Pending,76118
ORD08010,PROJ04485,CUS000474,2024-05-24,confirmed,Paid,70735
ORD08011,PROJ04075,CUS003271,2024-08-27,Cancelled,Partial,199370
ORD08012,PROJ01003,CUS003204,2025-02-15,Delivered,Partial,81084
ORD08013,PROJ00139,CUS003106,2025-10-13,confirmed,Pending,107578
ORD08014,PROJ00982,CUS001212,2024-07-18,Confirmed,Paid,295470
ORD08015,PROJ03388,CUS000322,2025-02-10,confirmed,Paid,200180
ORD08016,PROJ02800,CUS002009,2024-06-03,Shipped,paid,389095
ORD08017,PROJ02539,CUS000024,2024-05-04,Confirmed,Pending,36911
ORD08018,PROJ01253,CUS000601,2024-05-07,Delivered,paid,164322
ORD08019,PROJ00338,CUS003204,2024-10-26,Cancelled,Paid,155149
ORD08020,PROJ01945,CUS000807,2025-02-04,Confirmed,Pending,399716
ORD08021,PROJ01353,CUS000100,2025-02-22,Shipped,Paid,480758
ORD08022,PROJ04490,CUS002623,2025-05-17,Confirmed,paid,185994
ORD08023,PROJ03502,CUS002231,2024-09-30,Shipped,Paid,238800
ORD08024,PROJ03783,CUS002315,2025-07-27,confirmed,Pending,72292
ORD08025,PROJ02945,CUS003974,2024-08-21,Cancelled,Paid,82189
ORD08026,PROJ02691,CUS003307,2025-04-13,Cancelled,paid,370862
ORD08027,PROJ02998,CUS000195,2024-06-20,Delivered,Paid,390148
ORD08028,PROJ00131,CUS001713,2025-02-05,Cancelled,Paid,405396
ORD08029,PROJ00384,CUS001306,2024-11-15,Confirmed,Pending,279307
ORD08030,PROJ03769,CUS004033,2024-12-13,Shipped,Partial,57033
ORD08031,PROJ03520,CUS004913,2024-02-06,Shipped,Partial,420029
ORD08032,PROJ00250,CUS001501,2024-05-12,Shipped,Paid,258966
ORD08033,PROJ04105,CUS002832,2025-06-25,Delivered,Partial,65421
ORD08034,PROJ00004,CUS003368,2025-01-18,confirmed,Paid,178357
ORD08035,PROJ04096,CUS004557,2024-10-24,Confirmed,Paid,37166
ORD08036,PROJ00078,CUS003454,2024-11-13,Confirmed,Partial,432682
ORD08037,PROJ02347,CUS004065,2025-08-02,confirmed,paid,261767
ORD08038,PROJ04414,CUS004410,2024-08-07,confirmed,Partial,309209
ORD08039,PROJ04410,CUS001675,2025-03-21,Delivered,Paid,421594
ORD08040,PROJ03805,CUS004895,2024-10-11,Shipped,Partial,342879
ORD08041,PROJ04809,CUS000463,2024-08-26,Shipped,paid,448019
ORD08042,PROJ00433,CUS002171,2025-03-08,Confirmed,Pending,352822
ORD08043,PROJ00905,CUS000230,2025-01-21,Shipped,Partial,237696
ORD08044,PROJ03456,CUS003004,2025-01-19,Shipped,Pending,156137
ORD08045,PROJ01679,CUS000214,2024-11-10,Shipped,paid,416200
ORD08046,PROJ02711,CUS000554,2025-01-19,Delivered,paid,302641
ORD08047,PROJ03699,CUS004114,2025-07-28,Delivered,Pending,358054
ORD08048,PROJ00364,CUS003086,2025-01-02,confirmed,Paid,192181
ORD08049,PROJ04013,CUS000470,2025-11-28,Cancelled,paid,85240
ORD08050,PROJ01485,CUS001913,2025-04-19,Shipped,paid,321060
ORD08051,PROJ02191,CUS001110,2024-09-23,confirmed,paid,163829
ORD08052,PROJ02967,CUS002657,2024-12-04,Delivered,Paid,262013
ORD08053,PROJ02572,CUS002701,2024-06-29,Confirmed,Partial,136221
ORD08054,PROJ04744,CUS002387,2024-06-01,Delivered,Pending,443345
ORD08055,PROJ01437,CUS002872,2024-03-26,Shipped,Pending,339120
ORD08056,PROJ00571,CUS000845,2025-03-12,Cancelled,paid,493525
ORD08057,PROJ02507,CUS000478,2025-01-22,Cancelled,Paid,304024
ORD08058,PROJ01569,CUS003007,2025-06-05,Delivered,paid,201486
ORD08059,PROJ03061,CUS003596,2024-11-02,Confirmed,Paid,350320
ORD08060,PROJ04332,CUS001028,2024-09-27,Shipped,Partial,148678
ORD08061,PROJ02661,CUS004748,2024-08-18,Shipped,Paid,154997
ORD08062,PROJ02673,CUS001239,2025-03-09,confirmed,paid,207509
ORD08063,PROJ03569,CUS003394,2025-01-18,confirmed,Partial,283800
ORD08064,PROJ01682,CUS003044,2024-06-04,confirmed,Partial,360730
ORD08065,PROJ04390,CUS003657,2025-04-27,confirmed,Pending,337302
ORD08066,PROJ02929,CUS002675,2024-05-18,confirmed,Paid,307077
ORD08067,PROJ01170,CUS004137,2024-06-17,Confirmed,Paid,66365
ORD08068,PROJ02267,CUS003027,2024-12-01,confirmed,Pending,161585
ORD08069,PROJ02502,CUS004885,2025-03-10,Shipped,Paid,281283
ORD08070,PROJ01671,CUS002293,2024-07-28,Confirmed,Paid,427961
ORD08071,PROJ00408,CUS003335,2024-12-11,confirmed,paid,191838
ORD08072,PROJ02799,CUS001514,2024-11-14,Shipped,Pending,110799
ORD08073,PROJ01423,CUS003747,2024-03-11,Confirmed,Partial,279688
ORD08074,PROJ02990,CUS004349,2025-04-15,Delivered,Pending,217123
ORD08075,PROJ03845,CUS004026,2025-10-17,Cancelled,Partial,154302
ORD08076,PROJ00366,CUS001733,2024-12-23,Confirmed,Paid,18290
ORD08077,PROJ01246,CUS001424,2024-12-07,Confirmed,Pending,87452
ORD08078,PROJ04631,CUS000836,2024-10-08,confirmed,Partial,121161
ORD08079,PROJ04449,CUS003772,2024-10-21,confirmed,Paid,343718
ORD08080,PROJ02926,CUS000954,2024-10-09,Shipped,paid,394931
ORD08081,PROJ02771,CUS003705,2024-11-27,Cancelled,paid,371632
ORD08082,PROJ04773,CUS001006,2024-12-12,Shipped,Paid,442591
ORD08083,PROJ02225,CUS001324,2024-05-16,confirmed,paid,459136
ORD08084,PROJ01402,CUS003036,2024-12-15,confirmed,Paid,476188
ORD08085,PROJ00373,CUS002335,2024-08-09,Confirmed,Paid,40071
ORD08086,PROJ00189,CUS001671,2025-01-14,Shipped,paid,385469
ORD08087,PROJ00748,CUS003217,2024-12-29,Shipped,Pending,226436
ORD08088,PROJ04382,CUS003495,2024-10-29,Cancelled,Pending,301286
ORD08089,PROJ03890,CUS002546,2024-05-19,confirmed,Paid,349265
ORD08090,PROJ02063,CUS000034,2024-12-09,Cancelled,paid,289005
ORD08091,PROJ03969,CUS001965,2024-12-07,confirmed,Partial,483074
ORD08092,PROJ03550,CUS001696,2024-04-22,Shipped,paid,297731
ORD08093,PROJ02829,CUS002090,2024-10-14,Cancelled,Paid,315356
ORD08094,PROJ04215,CUS002101,2025-02-17,Shipped,Paid,223518
ORD08095,PROJ03505,CUS003397,2025-09-29,Delivered,Pending,455683
ORD08096,PROJ01266,CUS001244,2024-04-10,Cancelled,Partial,481947
ORD08097,PROJ00184,CUS004855,2024-09-25,Shipped,paid,467227
ORD08098,PROJ04472,CUS004270,2025-02-21,Cancelled,Partial,289193
ORD08099,PROJ01530,CUS003904,2024-12-26,Cancelled,Pending,428775
ORD08100,PROJ01132,CUS000870,2024-07-20,Shipped,Pending,389047
ORD08101,PROJ01107,CUS001680,2025-01-07,confirmed,Paid,251408
ORD08102,PROJ01649,CUS004876,2024-04-02,Delivered,paid,98163
ORD08103,PROJ03286,CUS003568,2025-09-18,confirmed,Paid,69696
ORD08104,PROJ04203,CUS001854,2025-06-27,Cancelled,Partial,203946
ORD08105,PROJ02614,CUS000779,2024-10-10,confirmed,Paid,67770
ORD08106,PROJ02619,CUS001869,2025-03-21,Cancelled,Partial,461102
ORD08107,PROJ01506,CUS004265,2024-06-25,Confirmed,Paid,416930
ORD08108,PROJ01135,CUS001518,2025-05-05,confirmed,Partial,277780
ORD08109,PROJ01830,CUS004030,2024-04-11,confirmed,Paid,378104
ORD08110,PROJ01720,CUS000453,2025-03-20,Shipped,Pending,494668
ORD08111,PROJ03748,CUS001256,2024-12-14,Delivered,Paid,58917
ORD08112,PROJ01344,CUS003027,2025-03-24,Confirmed,Pending,334160
ORD08113,PROJ02581,CUS001085,2024-11-24,Delivered,Pending,346484
ORD08114,PROJ00742,CUS000701,2025-03-01,Cancelled,Paid,415504
ORD08115,PROJ00513,CUS000156,2024-07-14,Confirmed,Paid,356958
ORD08116,PROJ02285,CUS000530,2024-11-02,Cancelled,Partial,414463
ORD08117,PROJ00121,CUS003962,2025-06-10,Delivered,Paid,474899
ORD08118,PROJ00611,CUS004989,2024-11-17,Confirmed,Paid,248468
ORD08119,PROJ04635,CUS004571,2025-09-29,Confirmed,Pending,159530
ORD08120,PROJ02772,CUS001057,2025-03-07,Cancelled,Paid,409696
ORD08121,PROJ00709,CUS003123,2025-04-09,confirmed,Paid,354437
ORD08122,PROJ01328,CUS004686,2025-09-19,Confirmed,Pending,316244
ORD08123,PROJ00264,CUS003359,2024-10-29,Cancelled,paid,179611
ORD08124,PROJ04981,CUS004175,2025-06-08,Cancelled,paid,273853
ORD08125,PROJ02934,CUS001601,2025-03-14,Cancelled,paid,399814
ORD08126,PROJ01212,CUS001778,2025-01-25,Shipped,Partial,329942
ORD08127,PROJ03764,CUS004379,2025-02-05,Shipped,Paid,240037
ORD08128,PROJ04008,CUS004991,2024-05-31,Cancelled,Paid,264526
ORD08129,PROJ02575,CUS001377,2025-04-27,Cancelled,Paid,218402
ORD08130,PROJ03133,CUS004098,2024-12-27,Cancelled,paid,262629
ORD08131,PROJ03860,CUS000250,2025-03-21,Cancelled,Partial,497657
ORD08132,PROJ03494,CUS004959,2025-01-02,Confirmed,Partial,356030
ORD08133,PROJ01722,CUS000167,2025-03-18,confirmed,paid,186170
ORD08134,PROJ01198,CUS002043,2025-11-01,Confirmed,Pending,338222
ORD08135,PROJ01998,CUS004168,2024-09-23,Shipped,paid,273411
ORD08136,PROJ03204,CUS000619,2025-06-02,Confirmed,Pending,377055
ORD08137,PROJ00278,CUS002589,2024-12-19,Cancelled,Pending,268645
ORD08138,PROJ01848,CUS002383,2024-05-23,Delivered,Pending,183129
ORD08139,PROJ04427,CUS003781,2024-06-09,Delivered,Paid,184816
ORD08140,PROJ02739,CUS000078,2025-02-21,Shipped,Pending,367460
ORD08141,PROJ03177,CUS002286,2024-11-04,Confirmed,Paid,172072
ORD08142,PROJ02946,CUS002875,2024-12-23,Delivered,paid,15829
ORD08143,PROJ00790,CUS003890,2025-01-05,Shipped,paid,243331
ORD08144,PROJ02147,CUS000926,2024-04-09,Shipped,Paid,494801
ORD08145,PROJ03609,CUS003651,2024-10-21,Cancelled,Pending,46540
ORD08146,PROJ02549,CUS000956,2024-04-05,Cancelled,Partial,105613
ORD08147,PROJ02170,CUS003049,2024-02-27,Confirmed,paid,417316
ORD08148,PROJ03485,CUS003888,2024-05-14,Shipped,Pending,133795
ORD08149,PROJ02767,CUS002634,2024-12-01,Shipped,paid,247586
ORD08150,PROJ04175,CUS004646,2024-08-27,Shipped,Paid,463249
ORD08151,PROJ00862,CUS001212,2024-07-05,Cancelled,paid,20356
ORD08152,PROJ03604,CUS004328,2024-10-16,Shipped,paid,44997
ORD08153,PROJ04983,CUS000149,2024-11-30,Shipped,Partial,168837
ORD08154,PROJ01009,CUS003648,2024-12-19,Shipped,paid,384974
ORD08155,PROJ04920,CUS002252,2025-05-08,Cancelled,Partial,102202
ORD08156,PROJ00506,CUS000663,2025-01-02,Cancelled,paid,350520
ORD08157,PROJ00268,CUS001468,2025-04-28,Delivered,Paid,138933
ORD08158,PROJ00012,CUS003954,2024-11-28,Shipped,Partial,479885
ORD08159,PROJ00277,CUS004698,2025-06-23,Confirmed,paid,411579
ORD08160,PROJ03752,CUS001410,2025-03-14,Shipped,Pending,450021
ORD08161,PROJ04633,CUS001442,2024-09-27,confirmed,paid,116917
ORD08162,PROJ03478,CUS004833,2025-07-29,Confirmed,Paid,203810
ORD08163,PROJ02970,CUS003024,2025-02-24,Delivered,Pending,339245
ORD08164,PROJ01506,CUS004467,2024-08-12,Cancelled,paid,468085
ORD08165,PROJ02574,CUS002705,2024-10-03,confirmed,Paid,134790
ORD08166,PROJ00813,CUS000715,2025-11-15,confirmed,Pending,420372
ORD08167,PROJ02877,CUS003020,2025-04-10,Cancelled,paid,66537
ORD08168,PROJ03125,CUS004639,2024-07-07,Delivered,Pending,312026
ORD08169,PROJ01499,CUS000822,2024-05-08,Cancelled,Paid,163617
ORD08170,PROJ04126,CUS004769,2024-03-04,Cancelled,Paid,403349
ORD08171,PROJ02220,CUS001316,2024-09-06,Cancelled,Paid,282969
ORD08172,PROJ00336,CUS001648,2025-02-21,confirmed,Paid,142612
ORD08173,PROJ03417,CUS002554,2024-07-30,confirmed,Partial,169241
ORD08174,PROJ00195,CUS002612,2025-05-19,Shipped,Pending,206434
ORD08175,PROJ02061,CUS002718,2024-06-24,confirmed,Paid,332660
ORD08176,PROJ03446,CUS000983,2025-07-12,Delivered,Paid,146688
ORD08177,PROJ02136,CUS002525,2025-01-28,Delivered,Paid,139660
ORD08178,PROJ02570,CUS001366,2024-03-13,Cancelled,paid,91303
ORD08179,PROJ04349,CUS000434,2024-05-15,confirmed,Pending,446730
ORD08180,PROJ00527,CUS002898,2025-02-27,confirmed,Paid,351488
ORD08181,PROJ00664,CUS003565,2025-02-11,Cancelled,Pending,141022
ORD08182,PROJ01587,CUS002335,2024-09-04,Delivered,Paid,428929
ORD08183,PROJ00161,CUS002439,2024-09-19,Cancelled,Pending,216893
ORD08184,PROJ02382,CUS000820,2024-04-02,confirmed,Pending,458251
ORD08185,PROJ02551,CUS004504,2024-03-20,confirmed,Paid,366514
ORD08186,PROJ03147,CUS002486,2024-09-23,Cancelled,Pending,369094
ORD08187,PROJ04425,CUS002672,2024-06-18,Shipped,Paid,430316
ORD08188,PROJ04159,CUS002126,2025-03-22,Delivered,Paid,283725
ORD08189,PROJ04989,CUS002404,2024-11-04,confirmed,Pending,367769
ORD08190,PROJ03842,CUS000016,2024-08-10,confirmed,paid,499819
ORD08191,PROJ04149,CUS002239,2024-02-26,Confirmed,Partial,213307
ORD08192,PROJ02964,CUS001304,2024-11-14,Delivered,Partial,313841
ORD08193,PROJ04128,CUS003724,2024-11-03,Delivered,paid,124581
ORD08194,PROJ02101,CUS003388,2024-10-25,confirmed,Pending,155865
ORD08195,PROJ02015,CUS003425,2025-02-21,Confirmed,Partial,124995
ORD08196,PROJ00991,CUS003813,2025-02-25,Delivered,paid,450352
ORD08197,PROJ02611,CUS004086,2024-08-28,Confirmed,Pending,450611
ORD08198,PROJ00339,CUS003925,2024-12-04,Cancelled,Pending,349220
ORD08199,PROJ01085,CUS001297,2024-10-30,Delivered,Partial,84397
ORD08200,PROJ03075,CUS004575,2024-02-22,Cancelled,Pending,69453
ORD08201,PROJ00562,CUS001978,2024-09-30,Delivered,Partial,192928
ORD08202,PROJ04767,CUS002649,2025-03-16,confirmed,Pending,124405
ORD08203,PROJ03171,CUS001432,2025-01-02,Cancelled,Partial,371784
ORD08204,PROJ03825,CUS004559,2024-09-24,Cancelled,paid,493477
ORD08205,PROJ03213,CUS002086,2025-07-11,confirmed,Partial,12289
ORD08206,PROJ00383,CUS001201,2025-07-21,Shipped,Partial,182911
ORD08207,PROJ03640,CUS003113,2024-07-23,Shipped,Paid,165438
ORD08208,PROJ00694,CUS002025,2024-01-25,Shipped,Pending,379707
ORD08209,PROJ02660,CUS002372,2025-01-15,Delivered,Paid,372520
ORD08210,PROJ02740,CUS001034,2024-11-13,Cancelled,Pending,310335
ORD08211,PROJ04385,CUS003182,2025-09-15,Cancelled,paid,33516
ORD08212,PROJ03435,CUS000497,2025-03-20,Cancelled,Partial,477469
ORD08213,PROJ03693,CUS001187,2025-07-01,Cancelled,paid,413804
ORD08214,PROJ01889,CUS000742,2024-07-26,confirmed,paid,9017
ORD08215,PROJ04115,CUS003139,2024-11-22,Delivered,Paid,335922
ORD08216,PROJ02986,CUS002847,2024-11-26,Cancelled,paid,189577
ORD08217,PROJ00137,CUS001193,2025-04-18,Shipped,Pending,127713
ORD08218,PROJ02494,CUS001344,2024-04-13,Cancelled,Paid,110209
ORD08219,PROJ04528,CUS004250,2025-01-31,confirmed,paid,217992
ORD08220,PROJ04707,CUS000916,2024-06-20,Cancelled,Pending,347188
ORD08221,PROJ03567,CUS002018,2024-10-28,Delivered,Partial,376354
ORD08222,PROJ03895,CUS000624,2024-04-27,confirmed,Paid,76081
ORD08223,PROJ03119,CUS001266,2024-09-24,Shipped,paid,36600
ORD08224,PROJ03227,CUS003447,2025-03-30,Shipped,Partial,308467
ORD08225,PROJ01261,CUS000981,2024-08-31,Cancelled,paid,52864
ORD08226,PROJ04573,CUS003710,2025-02-24,confirmed,Partial,392375
ORD08227,PROJ02547,CUS002284,2024-11-19,Delivered,paid,326044
ORD08228,PROJ04573,CUS001940,2025-03-06,Confirmed,paid,23779
ORD08229,PROJ04619,CUS000085,2025-06-19,Cancelled,Paid,498685
ORD08230,PROJ00986,CUS001322,2025-06-17,Delivered,Partial,10189
ORD08231,PROJ00390,CUS001196,2024-03-11,Confirmed,paid,385645
ORD08232,PROJ00247,CUS001533,2024-12-24,Delivered,Partial,311689
ORD08233,PROJ02146,CUS000041,2025-10-06,Delivered,Pending,236401
ORD08234,PROJ04078,CUS003375,2025-05-21,Shipped,Pending,480786
ORD08235,PROJ00317,CUS004354,2025-04-04,Confirmed,Paid,372579
ORD08236,PROJ01058,CUS003344,2024-09-15,Cancelled,Paid,282791
ORD08237,PROJ02706,CUS001305,2025-02-18,Shipped,Partial,183054
ORD08238,PROJ02915,CUS003781,2024-04-06,Shipped,Pending,220035
ORD08239,PROJ01824,CUS001624,2024-10-25,Shipped,Paid,342344
ORD08240,PROJ04682,CUS001675,2025-02-16,Cancelled,Paid,275338
ORD08241,PROJ04316,CUS001829,2024-04-10,Confirmed,paid,244310
ORD08242,PROJ04013,CUS001884,2024-12-08,Delivered,Pending,353365
ORD08243,PROJ04780,CUS000211,2025-01-01,Cancelled,Paid,393679
ORD08244,PROJ03869,CUS004679,2025-05-24,Cancelled,Paid,420298
ORD08245,PROJ01419,CUS001782,2025-10-10,confirmed,Paid,159455
ORD08246,PROJ02522,CUS004436,2024-11-24,Cancelled,Partial,490231
ORD08247,PROJ03600,CUS001813,2024-01-20,confirmed,paid,205658
ORD08248,PROJ02295,CUS000809,2024-12-16,Shipped,Partial,241184
ORD08249,PROJ04303,CUS003913,2024-12-31,Delivered,Paid,486011
ORD08250,PROJ04937,CUS001560,2024-12-19,Confirmed,Pending,490489
ORD08251,PROJ00609,CUS004546,2024-12-04,Confirmed,Partial,116983
ORD08252,PROJ04910,CUS003925,2025-01-18,Cancelled,paid,225140
ORD08253,PROJ03210,CUS004307,2024-09-13,Shipped,Paid,129388
ORD08254,PROJ02625,CUS002822,2024-10-15,Delivered,paid,295377
ORD08255,PROJ00306,CUS000470,2024-08-27,confirmed,Partial,475615
ORD08256,PROJ03720,CUS000729,2024-12-18,Shipped,Paid,402337
ORD08257,PROJ03264,CUS003272,2024-10-23,Confirmed,Paid,84665
ORD08258,PROJ02873,CUS002516,2024-03-02,Cancelled,paid,361589
ORD08259,PROJ02079,CUS000034,2025-02-16,Cancelled,Pending,107470
ORD08260,PROJ01961,CUS002195,2025-02-22,Shipped,paid,216173
ORD08261,PROJ00485,CUS000336,2025-01-20,Delivered,paid,12077
ORD08262,PROJ03364,CUS000125,2025-07-19,Cancelled,Pending,347950
ORD08263,PROJ03739,CUS001074,2025-07-13,Shipped,Paid,228987
ORD08264,PROJ04738,CUS004019,2024-09-28,confirmed,paid,7328
ORD08265,PROJ04795,CUS000716,2024-12-28,Cancelled,Pending,326448
ORD08266,PROJ04851,CUS000692,2024-06-17,Cancelled,paid,258678
ORD08267,PROJ00785,CUS000610,2024-03-07,confirmed,paid,11143
ORD08268,PROJ03291,CUS002139,2024-04-09,Confirmed,paid,427668
ORD08269,PROJ04197,CUS003633,2024-06-28,Confirmed,Partial,350943
ORD08270,PROJ02042,CUS004060,2025-05-25,Confirmed,paid,281565
ORD08271,PROJ00194,CUS001791,2025-07-14,Shipped,Pending,318587
ORD08272,PROJ02576,CUS002729,2024-12-21,Cancelled,Pending,349310
ORD08273,PROJ02851,CUS001069,2025-02-16,Confirmed,Partial,403768
ORD08274,PROJ03467,CUS003650,2024-08-06,Cancelled,paid,449631
ORD08275,PROJ03969,CUS000943,2024-06-24,confirmed,Pending,385886
ORD08276,PROJ01019,CUS002248,2025-02-08,Delivered,Partial,374093
ORD08277,PROJ04127,CUS004467,2025-02-25,Delivered,Pending,115520
ORD08278,PROJ03032,CUS000323,2024-09-15,Shipped,Partial,407619
ORD08279,PROJ04093,CUS002626,2025-08-08,Confirmed,Pending,290051
ORD08280,PROJ00310,CUS001170,2024-01-21,confirmed,Paid,207431
ORD08281,PROJ04443,CUS000833,2024-10-16,Shipped,Partial,260197
ORD08282,PROJ01028,CUS000774,2025-05-21,Delivered,Partial,324508
ORD08283,PROJ02990,CUS002503,2025-04-20,Cancelled,Pending,127824
ORD08284,PROJ04202,CUS003396,2025-04-13,confirmed,Pending,380573
ORD08285,PROJ04847,CUS003430,2024-09-12,confirmed,Partial,181558
ORD08286,PROJ02371,CUS003127,2024-04-16,Shipped,paid,170558
ORD08287,PROJ04797,CUS000851,2025-03-04,Shipped,Pending,367222
ORD08288,PROJ00385,CUS004835,2024-10-17,confirmed,paid,425249
ORD08289,PROJ03744,CUS001657,2024-09-05,Cancelled,Partial,440626
ORD08290,PROJ01735,CUS000227,2024-03-03,Delivered,Partial,493807
ORD08291,PROJ00079,CUS002380,2025-06-02,Confirmed,paid,408591
ORD08292,PROJ00918,CUS003417,2024-10-06,Delivered,Paid,141967
ORD08293,PROJ04688,CUS002176,2024-12-31,Cancelled,Pending,436366
ORD08294,PROJ04487,CUS000062,2024-11-05,confirmed,Pending,480914
ORD08295,PROJ01296,CUS002595,2025-04-06,Shipped,Pending,181622
ORD08296,PROJ01066,CUS002276,2024-11-21,Delivered,Pending,464539
ORD08297,PROJ01127,CUS004412,2025-10-25,confirmed,Paid,77288
ORD08298,PROJ02586,CUS004050,2025-06-13,Delivered,paid,206720
ORD08299,PROJ01124,CUS000891,2025-04-17,Shipped,Partial,349661
ORD08300,PROJ04776,CUS003273,2025-05-05,Delivered,Paid,227793
ORD08301,PROJ03637,CUS003865,2024-10-31,Delivered,Pending,411107
ORD08302,PROJ00661,CUS004604,2024-12-26,Confirmed,paid,338142
ORD08303,PROJ02345,CUS002336,2024-11-22,Cancelled,Pending,464316
ORD08304,PROJ01697,CUS000484,2025-04-19,confirmed,Paid,164525
ORD08305,PROJ03026,CUS003062,2024-11-19,Shipped,Partial,301496
ORD08306,PROJ03334,CUS003998,2025-02-25,Confirmed,paid,24727
ORD08307,PROJ04339,CUS003973,2025-03-18,confirmed,Partial,152049
ORD08308,PROJ00085,CUS001252,2024-04-01,Cancelled,Partial,70406
ORD08309,PROJ03598,CUS004023,2025-02-08,Cancelled,paid,104739
ORD08310,PROJ02860,CUS004573,2024-08-11,Confirmed,Partial,123416
ORD08311,PROJ01777,CUS003877,2024-12-15,Delivered,Partial,343941
ORD08312,PROJ04965,CUS002651,2025-01-19,Cancelled,Partial,244437
ORD08313,PROJ02882,CUS001380,2024-11-24,Shipped,Pending,269066
ORD08314,PROJ04952,CUS000012,2025-06-27,Cancelled,Paid,86627
ORD08315,PROJ02762,CUS001776,2025-02-02,Delivered,Paid,50121
ORD08316,PROJ04566,CUS002129,2024-12-12,Delivered,Paid,244512
ORD08317,PROJ04571,CUS000103,2025-05-05,Cancelled,Paid,393840
ORD08318,PROJ01491,CUS004430,2024-04-26,Cancelled,Partial,372707
ORD08319,PROJ02546,CUS002895,2025-02-18,confirmed,Pending,186356
ORD08320,PROJ02077,CUS004277,2024-10-07,Delivered,Pending,499152
ORD08321,PROJ03340,CUS001386,2024-12-20,Delivered,Paid,35542
ORD08322,PROJ00194,CUS000649,2024-02-29,Delivered,paid,162708
ORD08323,PROJ04138,CUS003864,2024-07-08,Shipped,Partial,212066
ORD08324,PROJ00583,CUS002515,2025-04-10,confirmed,Pending,487435
ORD08325,PROJ04098,CUS004363,2024-05-13,Shipped,Paid,455764
ORD08326,PROJ03598,CUS003324,2024-11-21,Shipped,Pending,227397
ORD08327,PROJ04330,CUS001121,2025-01-29,Delivered,Partial,59598
ORD08328,PROJ03168,CUS000954,2025-06-27,Cancelled,Pending,373185
ORD08329,PROJ03694,CUS003901,2024-06-21,Cancelled,Pending,278935
ORD08330,PROJ01963,CUS000156,2025-06-14,confirmed,paid,298913
ORD08331,PROJ04582,CUS002609,2024-09-02,Shipped,paid,243001
ORD08332,PROJ04775,CUS001949,2024-04-03,Confirmed,Paid,224906
ORD08333,PROJ00971,CUS000952,2024-09-29,Confirmed,Partial,437621
ORD08334,PROJ04728,CUS003048,2025-01-07,Delivered,Partial,171442
ORD08335,PROJ01599,CUS002952,2024-04-26,Shipped,Paid,98738
ORD08336,PROJ00423,CUS001813,2025-01-05,Delivered,Partial,131139
ORD08337,PROJ03157,CUS004592,2024-01-13,Delivered,Pending,305363
ORD08338,PROJ03669,CUS002787,2025-01-23,Confirmed,Paid,387213
ORD08339,PROJ02400,CUS004133,2024-03-23,Shipped,Pending,227784
ORD08340,PROJ01398,CUS002746,2024-06-04,Delivered,Paid,453944
ORD08341,PROJ00902,CUS000455,2024-10-29,Delivered,Partial,216392
ORD08342,PROJ01545,CUS003346,2024-08-20,Confirmed,Partial,72638
ORD08343,PROJ03221,CUS001817,2025-01-24,Cancelled,Pending,434314
ORD08344,PROJ02770,CUS004549,2024-07-24,Shipped,paid,484825
ORD08345,PROJ03739,CUS002635,2025-05-20,Delivered,Partial,81871
ORD08346,PROJ02362,CUS000793,2025-03-22,Cancelled,Pending,36027
ORD08347,PROJ01452,CUS003639,2024-11-07,Cancelled,Partial,171676
ORD08348,PROJ02752,CUS000918,2024-12-31,confirmed,Partial,86896
ORD08349,PROJ02538,CUS001773,2025-01-03,Cancelled,paid,365933
ORD08350,PROJ01283,CUS004059,2025-05-19,confirmed,Pending,95488
ORD08351,PROJ02384,CUS002481,2025-01-16,Confirmed,Partial,270852
ORD08352,PROJ02263,CUS002197,2024-06-04,Cancelled,Pending,386997
ORD08353,PROJ01314,CUS003447,2025-04-30,Delivered,Pending,197495
ORD08354,PROJ02453,CUS001794,2024-11-05,Cancelled,paid,12490
ORD08355,PROJ01543,CUS001844,2024-05-16,Shipped,Partial,409447
ORD08356,PROJ04075,CUS003166,2025-02-08,confirmed,Paid,77498
ORD08357,PROJ04922,CUS003663,2025-02-04,Cancelled,Partial,13461
ORD08358,PROJ02683,CUS001298,2025-02-15,Confirmed,paid,434837
ORD08359,PROJ02041,CUS002586,2025-01-26,confirmed,Pending,399396
ORD08360,PROJ03790,CUS002003,2024-06-29,Confirmed,Paid,498599
ORD08361,PROJ01973,CUS002490,2024-09-25,Confirmed,Pending,456474
ORD08362,PROJ04545,CUS000229,2025-04-28,Delivered,Pending,251686
ORD08363,PROJ03022,CUS004380,2025-07-08,confirmed,Pending,27132
ORD08364,PROJ02205,CUS003188,2025-05-24,Delivered,Pending,171717
ORD08365,PROJ01216,CUS003670,2024-03-18,Confirmed,Pending,275128
ORD08366,PROJ00014,CUS004543,2024-02-27,Delivered,Partial,56056
ORD08367,PROJ01952,CUS003757,2025-02-18,Shipped,Partial,152333
ORD08368,PROJ00436,CUS002158,2024-07-10,Delivered,Paid,362415
ORD08369,PROJ03640,CUS003931,2024-08-03,confirmed,paid,396001
ORD08370,PROJ04743,CUS004803,2025-02-26,Cancelled,Partial,101738
ORD08371,PROJ03902,CUS002423,2025-03-20,Shipped,Partial,363310
ORD08372,PROJ02684,CUS004967,2025-03-13,confirmed,Paid,86523
ORD08373,PROJ03778,CUS003928,2024-06-20,Shipped,Paid,199848
ORD08374,PROJ01813,CUS000773,2024-11-08,Delivered,Pending,49612
ORD08375,PROJ02977,CUS002819,2025-04-05,Delivered,Paid,133239
ORD08376,PROJ02747,CUS000755,2025-03-16,Shipped,paid,474895
ORD08377,PROJ04407,CUS001989,2024-12-20,confirmed,Pending,97359
ORD08378,PROJ00340,CUS001144,2024-11-24,Cancelled,Paid,187309
ORD08379,PROJ00241,CUS004344,2025-03-01,Delivered,Partial,114860
ORD08380,PROJ02640,CUS004273,2024-12-19,Shipped,paid,88110
ORD08381,PROJ01551,CUS002193,2024-12-02,Delivered,Pending,33935
ORD08382,PROJ02844,CUS001134,2024-08-29,confirmed,Paid,352448
ORD08383,PROJ00405,CUS002598,2025-01-13,confirmed,paid,76629
ORD08384,PROJ00915,CUS001382,2024-12-11,confirmed,paid,305195
ORD08385,PROJ03353,CUS004695,2024-12-03,Shipped,Partial,263305
ORD08386,PROJ01846,CUS003128,2024-06-05,Confirmed,Pending,427843
ORD08387,PROJ01770,CUS003008,2025-03-09,Delivered,paid,321858
ORD08388,PROJ00856,CUS004750,2024-02-07,confirmed,Pending,144437
ORD08389,PROJ04555,CUS001320,2025-09-30,Confirmed,Pending,352981
ORD08390,PROJ03331,CUS000585,2024-10-10,Cancelled,Pending,169958
ORD08391,PROJ02647,CUS000550,2024-08-24,Delivered,Pending,462164
ORD08392,PROJ01071,CUS004023,2024-12-26,Shipped,Paid,152700
ORD08393,PROJ02856,CUS004200,2025-02-21,Confirmed,Partial,379295
ORD08394,PROJ00057,CUS003096,2025-03-22,confirmed,Partial,401444
ORD08395,PROJ02783,CUS000549,2025-04-04,Shipped,Partial,498765
ORD08396,PROJ01587,CUS002064,2024-09-08,Confirmed,Pending,247314
ORD08397,PROJ01335,CUS001847,2024-11-29,Confirmed,Partial,216002
ORD08398,PROJ02232,CUS003915,2024-09-04,Confirmed,paid,298960
ORD08399,PROJ01618,CUS004736,2024-10-12,confirmed,paid,144094
ORD08400,PROJ01707,CUS004786,2024-10-08,Shipped,paid,78690
ORD08401,PROJ01001,CUS001511,2025-01-15,Cancelled,Pending,191529
ORD08402,PROJ02438,CUS004130,2025-04-06,Delivered,Partial,163545
ORD08403,PROJ01767,CUS002196,2024-06-08,confirmed,Paid,343940
ORD08404,PROJ02587,CUS004885,2024-09-17,Delivered,Paid,15897
ORD08405,PROJ03920,CUS004727,2025-02-28,Shipped,paid,28529
ORD08406,PROJ00140,CUS004251,2025-06-04,confirmed,paid,297072
ORD08407,PROJ04706,CUS004418,2024-12-14,confirmed,Partial,418403
ORD08408,PROJ04320,CUS001261,2024-01-30,Delivered,paid,437166
ORD08409,PROJ01926,CUS000157,2025-07-23,Delivered,Paid,188448
ORD08410,PROJ00573,CUS003179,2025-07-14,Confirmed,paid,484463
ORD08411,PROJ00472,CUS002553,2025-05-04,Shipped,paid,434181
ORD08412,PROJ02911,CUS002943,2025-04-06,confirmed,paid,402723
ORD08413,PROJ03257,CUS003247,2024-11-14,confirmed,Pending,324011
ORD08414,PROJ04259,CUS001770,2025-01-03,confirmed,Paid,412455
ORD08415,PROJ00398,CUS001744,2025-01-31,Confirmed,Pending,13790
ORD08416,PROJ02526,CUS001793,2024-11-07,confirmed,Paid,170647
ORD08417,PROJ00761,CUS000797,2024-06-29,Shipped,Partial,269937
ORD08418,PROJ03308,CUS002717,2025-06-12,Confirmed,paid,141590
ORD08419,PROJ00395,CUS000971,2025-08-02,Cancelled,paid,269393
ORD08420,PROJ02440,CUS004962,2024-12-19,Cancelled,Partial,290948
ORD08421,PROJ04727,CUS003748,2024-11-20,Cancelled,Pending,102784
ORD08422,PROJ00582,CUS002951,2024-12-10,Delivered,Partial,57338
ORD08423,PROJ03433,CUS003309,2024-12-28,Shipped,Paid,327099
ORD08424,PROJ04700,CUS004862,2025-09-05,Cancelled,Paid,324523
ORD08425,PROJ02659,CUS004151,2025-08-17,Cancelled,Partial,241273
ORD08426,PROJ01514,CUS000970,2025-01-18,Confirmed,Pending,361119
ORD08427,PROJ03821,CUS000982,2024-09-26,Cancelled,Paid,185609
ORD08428,PROJ00300,CUS004925,2024-02-10,Delivered,Partial,426560
ORD08429,PROJ04417,CUS002266,2025-01-05,Confirmed,Pending,101274
ORD08430,PROJ03812,CUS003050,2024-08-17,confirmed,paid,66249
ORD08431,PROJ03721,CUS004160,2025-07-27,Cancelled,Partial,21454
ORD08432,PROJ02008,CUS000600,2025-10-11,Cancelled,Paid,306872
ORD08433,PROJ01507,CUS001809,2025-01-17,Shipped,Paid,208806
ORD08434,PROJ01718,CUS000270,2025-02-25,Delivered,Pending,156500
ORD08435,PROJ02728,CUS002185,2024-10-12,Shipped,Partial,149435
ORD08436,PROJ00279,CUS003561,2025-01-20,confirmed,Pending,419673
ORD08437,PROJ04156,CUS004781,2025-02-24,confirmed,Paid,262227
ORD08438,PROJ04344,CUS004167,2025-09-03,Shipped,paid,140600
ORD08439,PROJ00397,CUS002216,2025-09-14,Shipped,Partial,58653
ORD08440,PROJ03341,CUS004182,2024-11-19,Confirmed,Partial,145049
ORD08441,PROJ04694,CUS003017,2024-05-11,confirmed,Pending,73737
ORD08442,PROJ00449,CUS001773,2025-04-28,Delivered,Partial,274605
ORD08443,PROJ01614,CUS004715,2024-03-04,Confirmed,Pending,173568
ORD08444,PROJ01812,CUS000085,2024-09-30,Shipped,Pending,276990
ORD08445,PROJ04553,CUS002676,2024-11-20,confirmed,Pending,246181
ORD08446,PROJ00948,CUS000595,2024-12-27,Confirmed,Pending,281413
ORD08447,PROJ02748,CUS003565,2024-06-24,confirmed,paid,277118
ORD08448,PROJ03089,CUS002593,2024-10-18,Shipped,paid,99250
ORD08449,PROJ00355,CUS003290,2024-03-14,Delivered,Paid,393614
ORD08450,PROJ03988,CUS003973,2025-02-08,confirmed,paid,191516
ORD08451,PROJ01219,CUS004108,2024-10-15,Cancelled,Partial,206640
ORD08452,PROJ02026,CUS000498,2025-01-24,confirmed,Partial,49387
ORD08453,PROJ00013,CUS002104,2024-11-04,confirmed,Pending,314502
ORD08454,PROJ02080,CUS002938,2024-12-21,confirmed,Pending,61911
ORD08455,PROJ03089,CUS000582,2025-07-03,Delivered,Paid,344960
ORD08456,PROJ02880,CUS002363,2024-07-06,Confirmed,Pending,236433
ORD08457,PROJ01824,CUS004229,2025-01-11,Delivered,Paid,358578
ORD08458,PROJ01071,CUS001013,2025-01-06,confirmed,Paid,370075
ORD08459,PROJ03628,CUS002548,2025-06-12,Cancelled,Pending,47776
ORD08460,PROJ00818,CUS003671,2024-10-06,Cancelled,paid,290506
ORD08461,PROJ02945,CUS003184,2024-05-20,Shipped,Paid,118775
ORD08462,PROJ00455,CUS003275,2024-05-16,Shipped,Paid,7503
ORD08463,PROJ04642,CUS003602,2025-03-10,Cancelled,Partial,250456
ORD08464,PROJ02778,CUS004825,2024-04-06,confirmed,Pending,191240
ORD08465,PROJ01901,CUS004423,2025-01-16,confirmed,paid,244354
ORD08466,PROJ00204,CUS000280,2025-02-15,Delivered,paid,267647
ORD08467,PROJ03767,CUS000449,2024-09-14,Delivered,Paid,244655
ORD08468,PROJ04456,CUS003150,2024-08-20,Shipped,Paid,79164
ORD08469,PROJ00033,CUS002753,2024-10-13,confirmed,Paid,39815
ORD08470,PROJ01544,CUS004165,2025-07-13,Shipped,Pending,192160
ORD08471,PROJ04109,CUS002489,2024-09-08,Cancelled,paid,58957
ORD08472,PROJ01907,CUS002260,2025-10-22,confirmed,paid,371832
ORD08473,PROJ00927,CUS000243,2024-09-08,Delivered,paid,108317
ORD08474,PROJ04853,CUS003180,2025-02-21,Confirmed,paid,11784
ORD08475,PROJ04532,CUS003807,2025-01-25,Shipped,Paid,499729
ORD08476,PROJ02826,CUS002127,2024-12-28,Confirmed,Pending,128698
ORD08477,PROJ00272,CUS003119,2024-03-06,Delivered,Paid,309310
ORD08478,PROJ01449,CUS003836,2025-01-21,Cancelled,Pending,17416
ORD08479,PROJ01849,CUS004316,2025-02-16,confirmed,Partial,13151
ORD08480,PROJ01330,CUS001231,2024-10-14,Confirmed,Pending,377503
ORD08481,PROJ02842,CUS001552,2025-02-24,Confirmed,Partial,106628
ORD08482,PROJ01454,CUS003094,2024-12-13,confirmed,Paid,289164
ORD08483,PROJ00073,CUS003372,2025-02-27,Confirmed,Paid,62659
ORD08484,PROJ03513,CUS002741,2024-10-24,Confirmed,paid,450176
ORD08485,PROJ02112,CUS003417,2024-12-08,Shipped,Pending,252688
ORD08486,PROJ02378,CUS003486,2025-01-25,confirmed,paid,193504
ORD08487,PROJ04261,CUS004358,2024-12-29,Confirmed,Pending,270271
ORD08488,PROJ04887,CUS001580,2025-01-03,Delivered,Partial,340737
ORD08489,PROJ04941,CUS003764,2024-09-08,Confirmed,Partial,344140
ORD08490,PROJ04180,CUS001600,2024-11-16,Cancelled,paid,14753
ORD08491,PROJ03750,CUS003407,2024-09-19,Confirmed,Partial,78411
ORD08492,PROJ02750,CUS004110,2024-06-28,Shipped,paid,229350
ORD08493,PROJ03944,CUS002115,2024-08-13,Shipped,Paid,470204
ORD08494,PROJ03676,CUS000529,2025-02-12,confirmed,Pending,320589
ORD08495,PROJ02162,CUS000061,2024-06-26,Confirmed,Partial,386521
ORD08496,PROJ04646,CUS004284,2024-09-17,Cancelled,paid,217764
ORD08497,PROJ02575,CUS001185,2024-12-02,Delivered,Pending,220668
ORD08498,PROJ03378,CUS003757,2025-04-26,Delivered,Pending,217093
ORD08499,PROJ02340,CUS003842,2024-06-06,Delivered,Pending,57643
ORD08500,PROJ04381,CUS000631,2025-11-23,confirmed,Partial,432126
ORD08501,PROJ01800,CUS000660,2024-08-18,Delivered,Paid,171527
ORD08502,PROJ01335,CUS002548,2025-04-19,Cancelled,Pending,173635
ORD08503,PROJ01889,CUS001818,2025-01-07,Confirmed,Paid,191633
ORD08504,PROJ02354,CUS003223,2024-09-15,Delivered,paid,488958
ORD08505,PROJ03041,CUS004493,2024-07-26,Shipped,Pending,67518
ORD08506,PROJ04312,CUS004468,2025-11-20,Confirmed,Paid,458967
ORD08507,PROJ03061,CUS000248,2025-01-02,Delivered,paid,150800
ORD08508,PROJ03578,CUS001769,2025-01-25,Confirmed,Pending,415887
ORD08509,PROJ02731,CUS003981,2025-02-04,confirmed,Pending,454882
ORD08510,PROJ01224,CUS004311,2025-02-16,Cancelled,Paid,86198
ORD08511,PROJ00687,CUS001669,2024-11-16,Delivered,Paid,96566
ORD08512,PROJ02499,CUS001075,2025-03-12,Confirmed,Pending,162947
ORD08513,PROJ00661,CUS002933,2024-12-04,Delivered,Partial,49197
ORD08514,PROJ00165,CUS004181,2024-12-12,Confirmed,paid,353187
ORD08515,PROJ02059,CUS000732,2025-01-01,confirmed,paid,332239
ORD08516,PROJ02711,CUS001167,2024-12-11,Confirmed,Partial,40928
ORD08517,PROJ02093,CUS002379,2024-11-26,Shipped,Partial,144991
ORD08518,PROJ02999,CUS000361,2024-04-06,Confirmed,Paid,220663
ORD08519,PROJ00927,CUS001001,2024-09-04,Confirmed,Pending,85700
ORD08520,PROJ03513,CUS001407,2024-12-22,confirmed,Paid,63232
ORD08521,PROJ02987,CUS001633,2024-09-23,Delivered,Partial,309665
ORD08522,PROJ00019,CUS001131,2024-10-03,Shipped,Paid,136053
ORD08523,PROJ03102,CUS001875,2024-03-25,Confirmed,Paid,295904
ORD08524,PROJ01110,CUS001133,2025-02-27,Confirmed,Pending,473954
ORD08525,PROJ01256,CUS004370,2024-06-20,Delivered,Partial,402475
ORD08526,PROJ04336,CUS002039,2024-10-11,confirmed,Pending,6455
ORD08527,PROJ00678,CUS004200,2025-02-06,confirmed,Pending,257105
ORD08528,PROJ04306,CUS004833,2024-12-31,Shipped,paid,382466
ORD08529,PROJ04838,CUS003536,2024-06-16,Shipped,Partial,53723
ORD08530,PROJ04133,CUS000018,2024-12-03,Cancelled,paid,292238
ORD08531,PROJ03775,CUS000055,2024-10-25,Delivered,paid,190210
ORD08532,PROJ01766,CUS003344,2024-05-21,confirmed,Partial,262687
ORD08533,PROJ03767,CUS001475,2024-07-28,confirmed,Partial,410503
ORD08534,PROJ03335,CUS002917,2024-12-07,Shipped,Pending,182364
ORD08535,PROJ00364,CUS002023,2025-01-17,Shipped,Partial,434119
ORD08536,PROJ00034,CUS003795,2025-01-15,Shipped,Partial,232068
ORD08537,PROJ00239,CUS001916,2024-09-22,Delivered,Partial,353068
ORD08538,PROJ02797,CUS003462,2024-11-29,Shipped,Partial,333134
ORD08539,PROJ00422,CUS001625,2024-09-22,Delivered,paid,58939
ORD08540,PROJ02323,CUS000854,2025-06-12,Shipped,paid,183419
ORD08541,PROJ04764,CUS003826,2024-08-03,Cancelled,Partial,131065
ORD08542,PROJ01995,CUS004944,2025-05-09,Shipped,Pending,413201
ORD08543,PROJ00190,CUS000568,2024-12-06,confirmed,Paid,211704
ORD08544,PROJ00297,CUS004919,2024-11-23,Delivered,paid,394794
ORD08545,PROJ01576,CUS004816,2024-11-15,Cancelled,Paid,102754
ORD08546,PROJ04131,CUS003828,2024-11-21,confirmed,paid,157373
ORD08547,PROJ01114,CUS003682,2024-12-09,confirmed,Pending,304323
ORD08548,PROJ02625,CUS004485,2025-08-29,confirmed,paid,172720
ORD08549,PROJ04949,CUS003931,2024-10-03,Cancelled,paid,6315
ORD08550,PROJ04609,CUS002316,2025-03-02,Confirmed,Paid,150050
ORD08551,PROJ01920,CUS003675,2025-03-13,Delivered,Pending,305593
ORD08552,PROJ03442,CUS002239,2025-02-11,Delivered,Paid,57025
ORD08553,PROJ00508,CUS004591,2025-02-15,Cancelled,paid,398671
ORD08554,PROJ03913,CUS003591,2024-07-28,Shipped,Pending,369051
ORD08555,PROJ00079,CUS003932,2024-12-11,Confirmed,Paid,333891
ORD08556,PROJ03503,CUS002574,2025-02-16,confirmed,Partial,104109
ORD08557,PROJ02834,CUS003277,2025-01-23,Confirmed,Partial,232729
ORD08558,PROJ02871,CUS002314,2025-01-14,Confirmed,Partial,420709
ORD08559,PROJ00242,CUS004641,2024-08-28,Confirmed,Pending,331055
ORD08560,PROJ03715,CUS000836,2024-06-22,Shipped,Paid,128213
ORD08561,PROJ00506,CUS001078,2025-01-15,Cancelled,Paid,118813
ORD08562,PROJ00375,CUS002460,2025-02-27,confirmed,Pending,333566
ORD08563,PROJ03680,CUS003301,2024-12-17,Delivered,Partial,230466
ORD08564,PROJ03322,CUS004209,2024-11-28,Cancelled,Paid,466894
ORD08565,PROJ03045,CUS002911,2024-07-27,Confirmed,Paid,197338
ORD08566,PROJ01742,CUS004907,2024-12-31,confirmed,Pending,231049
ORD08567,PROJ00492,CUS004586,2024-10-05,Delivered,Pending,430147
ORD08568,PROJ01232,CUS001067,2025-09-01,confirmed,Partial,389096
ORD08569,PROJ02398,CUS002928,2024-11-16,Delivered,Partial,314312
ORD08570,PROJ01395,CUS000124,2024-06-08,Delivered,Partial,294355
ORD08571,PROJ00453,CUS002046,2024-08-17,Delivered,Partial,196045
ORD08572,PROJ01438,CUS003559,2024-05-19,Shipped,paid,384996
ORD08573,PROJ03867,CUS000778,2024-05-11,Shipped,Partial,176716
ORD08574,PROJ03848,CUS000797,2024-09-19,Cancelled,Partial,200793
ORD08575,PROJ02823,CUS003159,2025-03-27,Cancelled,Paid,88157
ORD08576,PROJ00044,CUS004773,2024-08-03,confirmed,Paid,41886
ORD08577,PROJ00998,CUS001925,2025-02-16,confirmed,paid,150453
ORD08578,PROJ04303,CUS001603,2024-12-26,Delivered,Paid,171697
ORD08579,PROJ04200,CUS002290,2025-04-19,Shipped,Pending,204003
ORD08580,PROJ02026,CUS004162,2024-06-17,Shipped,Paid,499035
ORD08581,PROJ02197,CUS002178,2024-04-22,Cancelled,Pending,16292
ORD08582,PROJ03523,CUS004594,2024-08-28,Shipped,Paid,82622
ORD08583,PROJ01035,CUS004405,2024-04-28,Shipped,Partial,37347
ORD08584,PROJ03533,CUS000088,2025-06-07,Confirmed,Pending,63624
ORD08585,PROJ01888,CUS002538,2025-02-04,Confirmed,paid,226950
ORD08586,PROJ02064,CUS002483,2025-01-23,Shipped,Pending,197603
ORD08587,PROJ01237,CUS000680,2024-08-18,Cancelled,Partial,13477
ORD08588,PROJ01463,CUS001699,2024-07-02,Confirmed,paid,218083
ORD08589,PROJ04065,CUS004216,2024-09-24,Cancelled,Partial,140345
ORD08590,PROJ00734,CUS002049,2025-06-18,Confirmed,Paid,299311
ORD08591,PROJ02141,CUS004182,2025-01-05,Shipped,Pending,313727
ORD08592,PROJ03174,CUS001489,2024-08-08,Delivered,Partial,182939
ORD08593,PROJ00793,CUS000911,2024-12-25,Shipped,Paid,148499
ORD08594,PROJ02459,CUS002103,2024-12-28,Delivered,Partial,58434
ORD08595,PROJ00337,CUS000718,2025-07-31,Delivered,Partial,193939
ORD08596,PROJ03001,CUS001144,2025-01-09,Delivered,paid,111855
ORD08597,PROJ03921,CUS002518,2024-10-08,Cancelled,Partial,432823
ORD08598,PROJ02437,CUS002633,2024-12-17,Confirmed,Pending,85024
ORD08599,PROJ02732,CUS001358,2025-07-28,Confirmed,paid,27964
ORD08600,PROJ00480,CUS004151,2024-01-05,confirmed,Partial,72403
ORD08601,PROJ00408,CUS001561,2024-12-14,Delivered,Pending,17110
ORD08602,PROJ03619,CUS000945,2025-01-17,Delivered,paid,226419
ORD08603,PROJ00715,CUS002469,2025-03-07,Cancelled,Paid,365854
ORD08604,PROJ00345,CUS000809,2025-01-09,Delivered,Pending,484427
ORD08605,PROJ00050,CUS003578,2025-06-08,Confirmed,Pending,234145
ORD08606,PROJ04379,CUS001420,2025-02-27,confirmed,Pending,230887
ORD08607,PROJ04788,CUS004932,2024-11-15,confirmed,paid,358770
ORD08608,PROJ04197,CUS004798,2024-08-23,Cancelled,Pending,199680
ORD08609,PROJ00375,CUS003478,2024-11-18,Confirmed,Paid,274456
ORD08610,PROJ00146,CUS002593,2025-05-06,confirmed,paid,103709
ORD08611,PROJ04502,CUS000007,2024-03-28,Cancelled,paid,143954
ORD08612,PROJ01565,CUS004607,2024-11-25,Confirmed,Pending,82144
ORD08613,PROJ04408,CUS000198,2025-02-05,Confirmed,Partial,429059
ORD08614,PROJ00783,CUS001203,2025-08-06,Cancelled,Partial,150747
ORD08615,PROJ02336,CUS001909,2024-05-03,Shipped,Pending,292916
ORD08616,PROJ03297,CUS000142,2024-12-15,Confirmed,Partial,338649
ORD08617,PROJ04565,CUS003013,2025-02-05,Cancelled,paid,471745
ORD08618,PROJ03805,CUS002989,2025-08-30,confirmed,Partial,291365
ORD08619,PROJ00858,CUS002000,2025-06-30,confirmed,Paid,169800
ORD08620,PROJ02064,CUS002841,2024-06-26,Confirmed,paid,331508
ORD08621,PROJ00929,CUS001678,2024-12-10,Cancelled,paid,341632
ORD08622,PROJ01259,CUS000695,2024-11-25,Confirmed,Pending,397330
ORD08623,PROJ01699,CUS004095,2025-02-22,Cancelled,paid,384434
ORD08624,PROJ02791,CUS004078,2024-12-26,confirmed,Paid,341286
ORD08625,PROJ04100,CUS004488,2025-01-12,confirmed,paid,163851
ORD08626,PROJ01262,CUS004367,2024-12-10,Delivered,paid,18171
ORD08627,PROJ03464,CUS004157,2025-02-13,Cancelled,Pending,89549
ORD08628,PROJ00305,CUS001439,2024-10-20,confirmed,Paid,170885
ORD08629,PROJ04950,CUS003331,2024-01-18,Cancelled,paid,111240
ORD08630,PROJ04449,CUS004413,2025-05-14,Confirmed,Partial,172236
ORD08631,PROJ03588,CUS001694,2024-07-06,confirmed,Pending,185267
ORD08632,PROJ03808,CUS002785,2024-10-25,Delivered,Paid,14176
ORD08633,PROJ00949,CUS000039,2024-05-25,Shipped,paid,337552
ORD08634,PROJ03606,CUS002852,2024-10-27,Delivered,Pending,295184
ORD08635,PROJ02140,CUS003753,2024-08-23,Shipped,Paid,474553
ORD08636,PROJ01191,CUS001514,2025-07-19,Shipped,Partial,130179
ORD08637,PROJ00590,CUS001155,2025-07-05,Delivered,paid,398429
ORD08638,PROJ04473,CUS003307,2025-02-16,Cancelled,Pending,439609
ORD08639,PROJ04400,CUS002494,2025-02-06,Confirmed,paid,9360
ORD08640,PROJ00562,CUS004752,2024-08-20,Shipped,Pending,441666
ORD08641,PROJ02341,CUS001414,2024-12-27,Shipped,Pending,35994
ORD08642,PROJ02857,CUS000420,2025-08-15,confirmed,Paid,180355
ORD08643,PROJ04804,CUS002599,2024-06-22,Delivered,Paid,61513
ORD08644,PROJ00162,CUS004569,2024-05-16,Shipped,Partial,108350
ORD08645,PROJ04644,CUS004866,2025-08-26,Cancelled,Pending,476831
ORD08646,PROJ00297,CUS000977,2024-09-16,Confirmed,Pending,236169
ORD08647,PROJ01758,CUS001192,2024-12-16,Delivered,Partial,32545
ORD08648,PROJ03828,CUS000467,2024-05-12,Shipped,Paid,7701
ORD08649,PROJ03071,CUS000779,2025-05-05,confirmed,Pending,443984
ORD08650,PROJ02978,CUS004415,2024-10-16,Shipped,paid,9780
ORD08651,PROJ01142,CUS003908,2024-11-16,confirmed,Paid,185167
ORD08652,PROJ02953,CUS004999,2025-03-21,Shipped,Pending,186561
ORD08653,PROJ02523,CUS003483,2025-02-14,confirmed,paid,185539
ORD08654,PROJ00091,CUS003647,2024-08-12,confirmed,Pending,452849
ORD08655,PROJ00938,CUS002895,2024-09-03,Confirmed,Partial,50974
ORD08656,PROJ03637,CUS003475,2024-10-03,Cancelled,Paid,310250
ORD08657,PROJ00972,CUS000577,2024-12-08,Cancelled,Paid,195352
ORD08658,PROJ00070,CUS003856,2025-04-16,Delivered,paid,446949
ORD08659,PROJ03952,CUS001796,2024-05-12,confirmed,Paid,447249
ORD08660,PROJ01855,CUS002744,2024-08-27,Confirmed,Paid,162212
ORD08661,PROJ00067,CUS000512,2025-10-19,Cancelled,paid,359782
ORD08662,PROJ01455,CUS002882,2024-07-21,Cancelled,Paid,415879
ORD08663,PROJ01704,CUS001601,2024-12-05,Cancelled,Paid,274516
ORD08664,PROJ00766,CUS003691,2025-04-02,Shipped,Paid,397938
ORD08665,PROJ02128,CUS004219,2025-01-05,Confirmed,paid,394109
ORD08666,PROJ01018,CUS000758,2024-09-07,confirmed,Pending,156756
ORD08667,PROJ02525,CUS002512,2025-03-03,Confirmed,Paid,447430
ORD08668,PROJ02990,CUS004205,2024-12-29,Shipped,Pending,466690
ORD08669,PROJ01597,CUS000670,2025-03-21,Confirmed,Paid,140205
ORD08670,PROJ04296,CUS001183,2025-05-17,Confirmed,Pending,189469
ORD08671,PROJ00190,CUS002050,2024-12-10,Shipped,Partial,80550
ORD08672,PROJ03834,CUS004169,2024-10-08,Shipped,Pending,35248
ORD08673,PROJ01210,CUS001737,2024-09-07,Cancelled,paid,66158
ORD08674,PROJ04890,CUS001298,2024-01-01,Shipped,Partial,448197
ORD08675,PROJ00816,CUS000756,2025-08-31,Shipped,paid,121384
ORD08676,PROJ03064,CUS003843,2024-12-09,Delivered,Paid,224744
ORD08677,PROJ03638,CUS003054,2024-06-10,Confirmed,paid,271918
ORD08678,PROJ03669,CUS003898,2024-12-24,confirmed,Pending,34353
ORD08679,PROJ04915,CUS004410,2024-09-18,Confirmed,paid,219550
ORD08680,PROJ01895,CUS003791,2024-08-19,Shipped,Paid,401377
ORD08681,PROJ01320,CUS002025,2024-01-12,Cancelled,Pending,10556
ORD08682,PROJ01349,CUS000727,2024-07-31,Confirmed,Pending,63562
ORD08683,PROJ04704,CUS001819,2025-02-16,confirmed,Pending,233921
ORD08684,PROJ03863,CUS002129,2025-01-31,Cancelled,Pending,206510
ORD08685,PROJ02293,CUS000470,2025-06-03,Shipped,Pending,17224
ORD08686,PROJ04612,CUS001224,2024-11-01,Delivered,Paid,113223
ORD08687,PROJ03397,CUS001806,2025-08-08,Confirmed,paid,241632
ORD08688,PROJ00799,CUS003579,2025-03-29,Delivered,Partial,293116
ORD08689,PROJ02513,CUS000054,2025-01-11,confirmed,Partial,457240
ORD08690,PROJ01299,CUS003874,2024-09-29,Delivered,Pending,300752
ORD08691,PROJ02802,CUS002044,2024-08-24,Confirmed,Paid,490935
ORD08692,PROJ00812,CUS000595,2025-07-30,Shipped,Partial,431430
ORD08693,PROJ02422,CUS003324,2025-05-04,Confirmed,paid,236602
ORD08694,PROJ00150,CUS001489,2024-02-27,Shipped,Paid,181156
ORD08695,PROJ01697,CUS004534,2025-01-09,Cancelled,paid,486451
ORD08696,PROJ01373,CUS003457,2024-05-31,Delivered,Partial,492390
ORD08697,PROJ01791,CUS000321,2024-03-22,Delivered,Paid,320050
ORD08698,PROJ02619,CUS001315,2025-03-15,Delivered,Partial,93339
ORD08699,PROJ04620,CUS002279,2024-02-17,Confirmed,Pending,305679
ORD08700,PROJ02753,CUS001746,2025-04-22,Shipped,paid,261405
ORD08701,PROJ02171,CUS003495,2025-08-13,Confirmed,Partial,479883
ORD08702,PROJ04305,CUS001183,2024-08-26,Shipped,Pending,300314
ORD08703,PROJ04511,CUS004088,2024-10-13,Delivered,Partial,24874
ORD08704,PROJ04579,CUS000861,2024-11-15,Shipped,Pending,462114
ORD08705,PROJ04696,CUS002536,2024-08-09,Shipped,Paid,188506
ORD08706,PROJ01771,CUS003181,2025-02-19,Shipped,Partial,274272
ORD08707,PROJ00583,CUS004545,2024-07-12,confirmed,Paid,138675
ORD08708,PROJ04278,CUS003837,2025-02-08,confirmed,Partial,91980
ORD08709,PROJ02899,CUS004856,2024-10-17,Delivered,Paid,6494
ORD08710,PROJ01124,CUS003394,2025-01-17,Cancelled,Partial,407365
ORD08711,PROJ00297,CUS003624,2024-11-01,Cancelled,Pending,364209
ORD08712,PROJ01072,CUS004873,2024-11-07,Shipped,paid,119364
ORD08713,PROJ03351,CUS004989,2024-12-14,Confirmed,Paid,285736
ORD08714,PROJ00396,CUS004506,2025-10-28,Confirmed,Pending,209605
ORD08715,PROJ02192,CUS002487,2025-05-25,confirmed,Partial,247582
ORD08716,PROJ01996,CUS000359,2024-08-31,Delivered,paid,122455
ORD08717,PROJ00542,CUS002289,2024-06-18,Delivered,Paid,315348
ORD08718,PROJ04175,CUS003654,2024-10-09,Delivered,Pending,63538
ORD08719,PROJ00876,CUS002445,2025-08-03,Shipped,paid,153689
ORD08720,PROJ03677,CUS001246,2024-12-21,confirmed,Partial,138812
ORD08721,PROJ00827,CUS004607,2024-06-23,Cancelled,paid,489811
ORD08722,PROJ02083,CUS003688,2024-10-07,Cancelled,Pending,407958
ORD08723,PROJ01793,CUS004598,2025-03-26,confirmed,paid,429116
ORD08724,PROJ00342,CUS002866,2025-03-12,Confirmed,paid,344661
ORD08725,PROJ02337,CUS002479,2025-03-24,Confirmed,Pending,36197
ORD08726,PROJ03107,CUS004229,2024-04-30,confirmed,Paid,178812
ORD08727,PROJ00178,CUS001386,2025-01-28,Confirmed,Partial,162660
ORD08728,PROJ04797,CUS001315,2025-03-29,Shipped,Paid,209885
ORD08729,PROJ00360,CUS004104,2024-07-17,Shipped,Paid,237360
ORD08730,PROJ02597,CUS004093,2025-05-13,Confirmed,paid,488981
ORD08731,PROJ01934,CUS001086,2024-08-01,confirmed,Partial,103587
ORD08732,PROJ03624,CUS001002,2024-11-27,confirmed,Paid,483646
ORD08733,PROJ02954,CUS001111,2024-10-09,Cancelled,Pending,201886
ORD08734,PROJ02680,CUS004638,2025-01-28,Shipped,Paid,77308
ORD08735,PROJ00088,CUS003588,2024-06-10,confirmed,Pending,149395
ORD08736,PROJ01335,CUS002634,2025-02-22,Cancelled,Paid,213850
ORD08737,PROJ00567,CUS003823,2025-05-04,Shipped,Partial,426389
ORD08738,PROJ02320,CUS002419,2025-03-12,confirmed,Paid,171797
ORD08739,PROJ04564,CUS000282,2025-03-19,Shipped,Pending,148179
ORD08740,PROJ03559,CUS002890,2024-12-18,Delivered,Pending,165288
ORD08741,PROJ03262,CUS002297,2025-02-12,Shipped,paid,394930
ORD08742,PROJ03322,CUS001034,2025-02-14,Cancelled,Partial,318794
ORD08743,PROJ00314,CUS001657,2024-06-04,Delivered,Partial,281683
ORD08744,PROJ01687,CUS003852,2025-01-29,Confirmed,Paid,359436
ORD08745,PROJ03519,CUS000219,2024-09-03,Confirmed,Paid,320096
ORD08746,PROJ04859,CUS000856,2024-12-01,confirmed,Paid,457556
ORD08747,PROJ03078,CUS000531,2025-08-08,Confirmed,Paid,373587
ORD08748,PROJ01674,CUS002521,2024-07-05,confirmed,Partial,492756
ORD08749,PROJ02029,CUS001718,2024-12-07,Confirmed,Paid,486167
ORD08750,PROJ04638,CUS004009,2025-04-15,Confirmed,paid,248761
ORD08751,PROJ04402,CUS002949,2025-01-25,Shipped,Partial,161124
ORD08752,PROJ02141,CUS001701,2025-05-10,Shipped,Paid,245530
ORD08753,PROJ03518,CUS004024,2024-06-10,Shipped,Pending,26852
ORD08754,PROJ00927,CUS000165,2025-01-06,Delivered,Pending,222746
ORD08755,PROJ02281,CUS004315,2025-06-25,confirmed,paid,267945
ORD08756,PROJ02885,CUS004797,2025-01-08,confirmed,Paid,129335
ORD08757,PROJ03476,CUS002556,2025-09-01,Confirmed,Paid,225938
ORD08758,PROJ01116,CUS000634,2024-12-06,confirmed,Paid,307366
ORD08759,PROJ00752,CUS003458,2025-01-09,confirmed,Partial,227640
ORD08760,PROJ01485,CUS001258,2024-11-12,confirmed,paid,61797
ORD08761,PROJ03481,CUS004772,2024-10-28,Confirmed,Partial,37057
ORD08762,PROJ00245,CUS000171,2025-06-29,Delivered,Partial,21955
ORD08763,PROJ02834,CUS000183,2025-01-11,Delivered,Paid,30950
ORD08764,PROJ03968,CUS002828,2024-10-19,Confirmed,Pending,426340
ORD08765,PROJ00990,CUS004820,2024-08-12,Shipped,paid,15728
ORD08766,PROJ01250,CUS003396,2025-01-04,Confirmed,paid,365494
ORD08767,PROJ00884,CUS002402,2024-10-14,Confirmed,Paid,188700
ORD08768,PROJ04095,CUS002675,2025-02-23,Confirmed,Pending,496112
ORD08769,PROJ02260,CUS003227,2024-08-26,Shipped,Pending,490242
ORD08770,PROJ00109,CUS004671,2025-04-22,confirmed,Pending,484028
ORD08771,PROJ03439,CUS002245,2025-04-06,Delivered,Paid,490142
ORD08772,PROJ02883,CUS001183,2025-02-26,Confirmed,paid,416197
ORD08773,PROJ02987,CUS000970,2024-10-15,confirmed,Paid,25477
ORD08774,PROJ03468,CUS001026,2024-04-13,confirmed,paid,120777
ORD08775,PROJ01049,CUS002572,2025-03-09,confirmed,Paid,83833
ORD08776,PROJ02465,CUS004808,2025-05-07,Cancelled,paid,63581
ORD08777,PROJ00695,CUS000926,2025-03-17,Cancelled,Paid,342250
ORD08778,PROJ03521,CUS003269,2024-12-12,Confirmed,paid,186668
ORD08779,PROJ04484,CUS004790,2025-01-01,Cancelled,Partial,315386
ORD08780,PROJ01099,CUS001866,2025-04-29,Delivered,paid,243892
ORD08781,PROJ03868,CUS002327,2024-08-04,Delivered,Partial,454269
ORD08782,PROJ03495,CUS004626,2025-07-11,Delivered,Pending,303233
ORD08783,PROJ00193,CUS003650,2025-03-18,confirmed,paid,382351
ORD08784,PROJ01184,CUS002734,2025-06-21,Confirmed,Paid,451820
ORD08785,PROJ03334,CUS004558,2024-10-25,Confirmed,Partial,9765
ORD08786,PROJ00562,CUS003131,2024-09-01,Confirmed,Pending,476593
ORD08787,PROJ03624,CUS002943,2025-02-10,Confirmed,paid,204537
ORD08788,PROJ02386,CUS004971,2025-01-21,confirmed,Paid,176255
ORD08789,PROJ01549,CUS003453,2024-10-17,Confirmed,Pending,105672
ORD08790,PROJ02403,CUS004905,2025-03-17,confirmed,Pending,256558
ORD08791,PROJ04925,CUS002102,2024-10-27,Confirmed,Partial,267924
ORD08792,PROJ00228,CUS002753,2024-03-18,Shipped,paid,427925
ORD08793,PROJ00149,CUS004991,2025-05-27,Cancelled,Partial,38184
ORD08794,PROJ03928,CUS001050,2024-11-19,Cancelled,Partial,122736
ORD08795,PROJ03565,CUS001259,2025-01-04,Shipped,Partial,53895
ORD08796,PROJ01990,CUS003614,2025-04-06,confirmed,Pending,464714
ORD08797,PROJ00718,CUS003219,2024-08-21,confirmed,Partial,433121
ORD08798,PROJ03004,CUS000021,2024-07-18,confirmed,paid,427131
ORD08799,PROJ01748,CUS002859,2024-12-01,Delivered,Pending,28613
ORD08800,PROJ03240,CUS004289,2025-04-03,Delivered,paid,228368
ORD08801,PROJ02145,CUS000902,2024-12-11,Confirmed,Paid,191432
ORD08802,PROJ04515,CUS001847,2025-05-27,Cancelled,Paid,106920
ORD08803,PROJ02317,CUS001715,2024-03-26,Cancelled,Paid,120719
ORD08804,PROJ03301,CUS000725,2024-06-03,Delivered,Partial,87266
ORD08805,PROJ00035,CUS004334,2024-12-16,Delivered,paid,158582
ORD08806,PROJ01543,CUS003330,2025-02-10,Delivered,Pending,56666
ORD08807,PROJ02343,CUS001741,2025-02-16,confirmed,Partial,310623
ORD08808,PROJ03729,CUS002878,2024-02-24,Shipped,Partial,416057
ORD08809,PROJ01928,CUS001408,2024-05-27,Cancelled,Pending,384516
ORD08810,PROJ03168,CUS003747,2024-12-29,confirmed,Partial,97201
ORD08811,PROJ02368,CUS002781,2024-08-04,Delivered,Partial,355686
ORD08812,PROJ00965,CUS003704,2025-02-21,confirmed,paid,410677
ORD08813,PROJ01949,CUS000948,2024-09-21,Delivered,Pending,380911
ORD08814,PROJ02532,CUS003272,2024-12-09,Shipped,paid,247603
ORD08815,PROJ01181,CUS002789,2024-11-23,confirmed,Paid,363927
ORD08816,PROJ03066,CUS002652,2025-01-03,Cancelled,Partial,445864
ORD08817,PROJ01198,CUS002279,2025-09-10,Delivered,Pending,239236
ORD08818,PROJ03037,CUS004736,2025-01-09,Cancelled,paid,498485
ORD08819,PROJ01087,CUS004770,2024-05-14,Confirmed,Pending,217321
ORD08820,PROJ04755,CUS001261,2025-05-28,Delivered,paid,265931
ORD08821,PROJ04511,CUS001252,2024-10-22,confirmed,paid,24932
ORD08822,PROJ01605,CUS003737,2024-11-05,Cancelled,Pending,283833
ORD08823,PROJ03365,CUS001918,2024-09-18,Delivered,Partial,393810
ORD08824,PROJ01736,CUS002668,2025-01-31,Shipped,Paid,60907
ORD08825,PROJ01467,CUS000608,2024-12-02,Confirmed,paid,161507
ORD08826,PROJ02381,CUS001034,2024-09-09,confirmed,Partial,187150
ORD08827,PROJ04782,CUS000438,2024-08-11,Delivered,paid,13269
ORD08828,PROJ02960,CUS000135,2024-09-07,Delivered,Partial,111144
ORD08829,PROJ03006,CUS002855,2025-04-17,Cancelled,Pending,175111
ORD08830,PROJ02463,CUS000123,2024-05-23,confirmed,paid,341714
ORD08831,PROJ03274,CUS000826,2025-04-11,Cancelled,Pending,270348
ORD08832,PROJ01023,CUS000767,2024-12-18,Confirmed,paid,381201
ORD08833,PROJ01396,CUS000205,2024-12-23,Cancelled,Partial,114617
ORD08834,PROJ04318,CUS000386,2025-02-11,Delivered,paid,444641
ORD08835,PROJ02143,CUS000041,2025-04-23,Confirmed,Partial,168682
ORD08836,PROJ00302,CUS000689,2024-09-02,Shipped,Paid,290781
ORD08837,PROJ03111,CUS004674,2024-04-24,Delivered,paid,157166
ORD08838,PROJ04308,CUS002295,2025-05-16,confirmed,Paid,344425
ORD08839,PROJ00079,CUS003241,2024-12-10,Delivered,Paid,455525
ORD08840,PROJ03636,CUS001732,2025-06-04,Shipped,paid,83542
ORD08841,PROJ04667,CUS002893,2024-12-29,Delivered,Partial,29304
ORD08842,PROJ02363,CUS004999,2025-02-15,Shipped,paid,216052
ORD08843,PROJ03835,CUS002415,2024-12-25,Cancelled,Paid,73119
ORD08844,PROJ01697,CUS001773,2025-04-03,Confirmed,Partial,151280
ORD08845,PROJ02711,CUS000805,2025-02-27,confirmed,paid,476196
ORD08846,PROJ00341,CUS001550,2025-06-28,Delivered,Paid,79933
ORD08847,PROJ00272,CUS004610,2024-02-05,confirmed,Paid,453592
ORD08848,PROJ04098,CUS002141,2024-03-10,confirmed,paid,369790
ORD08849,PROJ01967,CUS001684,2024-08-31,Confirmed,paid,319627
ORD08850,PROJ00066,CUS003822,2025-02-07,confirmed,Paid,339574
ORD08851,PROJ04297,CUS004468,2025-02-16,confirmed,Partial,326564
ORD08852,PROJ01070,CUS002245,2025-08-11,Cancelled,Partial,33132
ORD08853,PROJ01676,CUS001420,2025-01-14,Confirmed,Partial,381156
ORD08854,PROJ00276,CUS000179,2024-12-01,confirmed,Pending,496577
ORD08855,PROJ01001,CUS001445,2025-01-21,Delivered,Partial,322352
ORD08856,PROJ00587,CUS001734,2024-12-07,Delivered,Partial,433995
ORD08857,PROJ02045,CUS004874,2024-09-21,confirmed,Pending,356749
ORD08858,PROJ01181,CUS003263,2024-11-21,confirmed,Paid,314362
ORD08859,PROJ01822,CUS002375,2025-02-20,confirmed,paid,172212
ORD08860,PROJ03811,CUS003624,2024-02-13,Confirmed,Pending,347480
ORD08861,PROJ02241,CUS001878,2024-01-13,Cancelled,Pending,450295
ORD08862,PROJ01388,CUS004075,2024-12-31,Shipped,Pending,8593
ORD08863,PROJ01304,CUS000119,2024-03-28,Cancelled,Paid,74352
ORD08864,PROJ01017,CUS003189,2024-12-19,Delivered,Paid,368435
ORD08865,PROJ04673,CUS003924,2024-10-19,confirmed,Partial,322701
ORD08866,PROJ00053,CUS002708,2025-06-16,Confirmed,Paid,281473
ORD08867,PROJ00786,CUS002749,2024-09-21,Shipped,paid,413689
ORD08868,PROJ04842,CUS002014,2025-04-15,confirmed,Pending,83130
ORD08869,PROJ02063,CUS004671,2024-11-01,Cancelled,Pending,402699
ORD08870,PROJ02696,CUS000737,2024-12-18,Delivered,Pending,308014
ORD08871,PROJ03203,CUS003451,2025-06-01,Shipped,Partial,221692
ORD08872,PROJ02696,CUS004360,2025-02-22,Cancelled,Paid,100775
ORD08873,PROJ03973,CUS001691,2024-11-13,Shipped,Paid,450479
ORD08874,PROJ03831,CUS001267,2024-07-30,Cancelled,Partial,402250
ORD08875,PROJ02443,CUS001826,2024-11-19,Delivered,Partial,177142
ORD08876,PROJ00499,CUS001580,2024-12-02,Cancelled,Paid,486373
ORD08877,PROJ01604,CUS002559,2024-12-14,Shipped,Partial,376275
ORD08878,PROJ01734,CUS000374,2024-03-10,Delivered,Paid,473202
ORD08879,PROJ02953,CUS004495,2025-09-24,Shipped,paid,51439
ORD08880,PROJ04338,CUS001224,2025-01-16,Cancelled,paid,49534
ORD08881,PROJ00531,CUS000651,2025-01-20,Confirmed,Partial,274987
ORD08882,PROJ03025,CUS000537,2025-02-22,Confirmed,Paid,21505
ORD08883,PROJ02457,CUS001950,2024-06-20,Confirmed,Partial,439881
ORD08884,PROJ00370,CUS003028,2024-10-20,confirmed,Pending,421750
ORD08885,PROJ01007,CUS002334,2024-12-14,Shipped,Paid,228407
ORD08886,PROJ04829,CUS001938,2024-10-25,Confirmed,Pending,306280
ORD08887,PROJ01055,CUS002922,2025-02-16,Delivered,Pending,495155
ORD08888,PROJ04521,CUS001509,2025-08-13,Shipped,Partial,265191
ORD08889,PROJ00640,CUS003489,2024-09-26,Cancelled,Pending,261270
ORD08890,PROJ03797,CUS002476,2024-06-06,confirmed,Paid,238630
ORD08891,PROJ02234,CUS001144,2024-11-25,Shipped,Paid,31316
ORD08892,PROJ00101,CUS002789,2025-01-05,Shipped,Pending,157863
ORD08893,PROJ02799,CUS001899,2024-10-17,Shipped,Paid,231353
ORD08894,PROJ00834,CUS000905,2024-04-01,Confirmed,Paid,12836
ORD08895,PROJ02136,CUS001330,2024-11-24,Delivered,Pending,324152
ORD08896,PROJ03295,CUS001929,2024-08-22,Shipped,paid,43209
ORD08897,PROJ03433,CUS003768,2025-01-07,confirmed,Pending,331710
ORD08898,PROJ03179,CUS000941,2025-08-09,Confirmed,Partial,153454
ORD08899,PROJ02915,CUS001823,2025-08-22,Shipped,Partial,19829
ORD08900,PROJ01538,CUS004147,2024-12-09,Cancelled,Pending,498763
ORD08901,PROJ02680,CUS001372,2024-08-17,Cancelled,Pending,360745
ORD08902,PROJ00435,CUS004775,2025-03-07,Shipped,Partial,341901
ORD08903,PROJ02010,CUS004519,2024-05-03,Confirmed,paid,139862
ORD08904,PROJ00678,CUS004926,2025-05-13,Cancelled,paid,188206
ORD08905,PROJ04642,CUS000653,2024-12-20,confirmed,Paid,203337
ORD08906,PROJ04198,CUS000078,2024-10-27,Confirmed,Partial,161028
ORD08907,PROJ03509,CUS004809,2024-06-08,Cancelled,Paid,401137
ORD08908,PROJ00808,CUS004098,2024-02-06,Shipped,Partial,9869
ORD08909,PROJ01388,CUS002633,2025-01-06,Shipped,Partial,100235
ORD08910,PROJ00512,CUS002797,2024-07-02,Cancelled,Partial,458866
ORD08911,PROJ03018,CUS004428,2025-04-30,confirmed,paid,58966
ORD08912,PROJ04420,CUS003347,2024-06-24,Shipped,Partial,174082
ORD08913,PROJ02057,CUS000137,2024-12-03,Delivered,Pending,95695
ORD08914,PROJ01132,CUS000300,2025-02-26,Delivered,Pending,169644
ORD08915,PROJ03954,CUS000141,2024-10-26,Confirmed,Partial,203495
ORD08916,PROJ04028,CUS000426,2024-11-04,confirmed,Partial,345826
ORD08917,PROJ02136,CUS000885,2024-10-01,Shipped,paid,329005
ORD08918,PROJ00517,CUS000257,2024-12-07,Shipped,Pending,298671
ORD08919,PROJ04223,CUS004169,2024-09-08,Confirmed,Pending,135997
ORD08920,PROJ01027,CUS003496,2025-02-22,Shipped,Pending,183825
ORD08921,PROJ00847,CUS002696,2024-09-15,Shipped,Pending,357688
ORD08922,PROJ02805,CUS003787,2024-10-06,Delivered,paid,38855
ORD08923,PROJ03703,CUS002616,2025-03-13,Delivered,paid,419661
ORD08924,PROJ01422,CUS003468,2024-10-28,Delivered,paid,366019
ORD08925,PROJ00607,CUS002252,2025-08-24,Shipped,Partial,468539
ORD08926,PROJ02415,CUS001797,2024-11-07,Delivered,Paid,106604
ORD08927,PROJ04228,CUS003087,2025-02-18,Shipped,Pending,495941
ORD08928,PROJ00176,CUS000197,2024-12-01,Delivered,Partial,147306
ORD08929,PROJ01235,CUS004588,2025-03-06,Delivered,Paid,184213
ORD08930,PROJ00717,CUS003608,2025-01-16,Cancelled,Pending,273864
ORD08931,PROJ00868,CUS004106,2024-09-05,confirmed,Partial,103959
ORD08932,PROJ03087,CUS000523,2024-12-28,confirmed,Partial,456630
ORD08933,PROJ00822,CUS003151,2025-04-05,confirmed,Pending,231389
ORD08934,PROJ02504,CUS003794,2025-04-14,Confirmed,Pending,94131
ORD08935,PROJ00300,CUS001508,2024-02-13,Shipped,Pending,22174
ORD08936,PROJ00149,CUS004574,2025-06-06,Shipped,Partial,17341
ORD08937,PROJ03422,CUS000199,2025-06-20,confirmed,paid,215548
ORD08938,PROJ01292,CUS002960,2024-09-18,confirmed,Partial,303846
ORD08939,PROJ00152,CUS001786,2024-06-24,Cancelled,Partial,263013
ORD08940,PROJ01383,CUS004356,2024-12-24,Cancelled,Paid,181068
ORD08941,PROJ04622,CUS000813,2024-01-02,Cancelled,paid,144624
ORD08942,PROJ00203,CUS001017,2025-06-07,Cancelled,Pending,6283
ORD08943,PROJ02713,CUS000188,2024-10-26,confirmed,Partial,349378
ORD08944,PROJ03531,CUS004119,2025-01-24,Confirmed,Paid,115040
ORD08945,PROJ04023,CUS000812,2025-03-27,confirmed,Pending,274095
ORD08946,PROJ02939,CUS002409,2025-05-14,Delivered,Partial,138311
ORD08947,PROJ01944,CUS000826,2024-04-18,Confirmed,Partial,439475
ORD08948,PROJ01909,CUS002196,2024-07-11,Confirmed,paid,125020
ORD08949,PROJ03215,CUS004215,2024-09-10,Shipped,Partial,276173
ORD08950,PROJ01481,CUS000746,2025-01-13,confirmed,Pending,497199
ORD08951,PROJ02616,CUS000451,2024-12-08,Shipped,paid,165772
ORD08952,PROJ04269,CUS001660,2025-01-27,Delivered,Paid,496425
ORD08953,PROJ01181,CUS003325,2024-12-18,confirmed,paid,379237
ORD08954,PROJ00131,CUS004566,2024-11-12,confirmed,Pending,495882
ORD08955,PROJ00238,CUS000104,2025-05-06,Confirmed,Paid,286170
ORD08956,PROJ01180,CUS003951,2025-08-06,Shipped,Paid,219717
ORD08957,PROJ03800,CUS000265,2024-12-23,Confirmed,Pending,273872
ORD08958,PROJ01457,CUS003891,2024-12-30,Delivered,Pending,129043
ORD08959,PROJ01081,CUS000952,2025-03-23,confirmed,Partial,121633
ORD08960,PROJ00078,CUS004503,2025-05-12,Confirmed,Pending,465774
ORD08961,PROJ01696,CUS004088,2024-04-30,Confirmed,paid,90291
ORD08962,PROJ01476,CUS000033,2025-12-12,confirmed,Pending,421960
ORD08963,PROJ03263,CUS002472,2025-03-14,Shipped,Paid,365264
ORD08964,PROJ04753,CUS003684,2024-10-10,confirmed,Partial,238432
ORD08965,PROJ02698,CUS001335,2025-01-18,Confirmed,Pending,11743
ORD08966,PROJ00747,CUS004837,2024-09-10,Confirmed,Partial,75141
ORD08967,PROJ03926,CUS001057,2024-12-28,Confirmed,Partial,234366
ORD08968,PROJ00149,CUS001632,2025-04-18,Delivered,paid,474655
ORD08969,PROJ04278,CUS003990,2025-01-20,Confirmed,Paid,286137
ORD08970,PROJ02604,CUS004429,2024-06-11,Shipped,Pending,377094
ORD08971,PROJ01626,CUS004824,2024-10-12,Shipped,paid,65642
ORD08972,PROJ01282,CUS001834,2024-08-05,Cancelled,Paid,307048
ORD08973,PROJ00993,CUS001554,2024-09-15,confirmed,Pending,289297
ORD08974,PROJ03593,CUS000125,2024-05-21,Shipped,Pending,361476
ORD08975,PROJ04168,CUS001683,2024-10-17,confirmed,Partial,350016
ORD08976,PROJ00839,CUS003194,2025-04-02,Shipped,Pending,163555
ORD08977,PROJ02320,CUS001640,2024-11-09,confirmed,paid,178787
ORD08978,PROJ00943,CUS002772,2024-11-28,confirmed,Partial,341877
ORD08979,PROJ02967,CUS004221,2024-12-02,Shipped,paid,126024
ORD08980,PROJ00136,CUS004865,2024-10-05,Cancelled,Pending,35667
ORD08981,PROJ03429,CUS000897,2024-09-14,confirmed,Paid,341185
ORD08982,PROJ03059,CUS000516,2024-10-05,Shipped,Paid,163299
ORD08983,PROJ04551,CUS003236,2024-03-19,confirmed,paid,218920
ORD08984,PROJ00717,CUS003712,2024-09-14,Delivered,Partial,190820
ORD08985,PROJ04237,CUS003796,2024-09-29,confirmed,Partial,229129
ORD08986,PROJ04326,CUS003045,2025-03-20,Confirmed,Pending,165053
ORD08987,PROJ04224,CUS004363,2025-01-04,Shipped,Paid,390714
ORD08988,PROJ02690,CUS001828,2025-01-09,confirmed,paid,13989
ORD08989,PROJ03972,CUS000969,2024-12-22,Cancelled,paid,392354
ORD08990,PROJ01705,CUS001735,2024-04-14,confirmed,Paid,182932
ORD08991,PROJ04228,CUS000245,2024-08-25,Cancelled,Partial,390824
ORD08992,PROJ04911,CUS000098,2024-06-10,Cancelled,Paid,161488
ORD08993,PROJ04684,CUS001642,2024-08-12,Shipped,Paid,165956
ORD08994,PROJ04406,CUS000135,2024-10-13,Shipped,Pending,385285
ORD08995,PROJ00474,CUS001608,2024-08-01,Confirmed,paid,360042
ORD08996,PROJ03904,CUS001598,2024-11-21,Cancelled,Pending,136914
ORD08997,PROJ00963,CUS004944,2025-08-03,Shipped,Paid,467991
ORD08998,PROJ00078,CUS002810,2025-09-10,confirmed,Paid,321694
ORD08999,PROJ02992,CUS003389,2024-05-23,Cancelled,paid,94148
ORD09000,PROJ01609,CUS000299,2024-09-18,Shipped,paid,157245
ORD09001,PROJ01442,CUS002200,2024-09-03,Confirmed,Partial,491873
ORD09002,PROJ04207,CUS000176,2025-07-05,Cancelled,Pending,429409
ORD09003,PROJ04309,CUS003546,2024-09-19,Shipped,Paid,342218
ORD09004,PROJ02128,CUS001009,2025-01-19,Shipped,paid,358563
ORD09005,PROJ01253,CUS002289,2024-07-02,confirmed,Paid,226413
ORD09006,PROJ02159,CUS000246,2024-06-24,confirmed,Partial,285484
ORD09007,PROJ04751,CUS002612,2025-08-23,Cancelled,paid,161279
ORD09008,PROJ03430,CUS001889,2024-12-11,Delivered,Paid,365843
ORD09009,PROJ02370,CUS001963,2025-01-15,confirmed,Pending,235244
ORD09010,PROJ02998,CUS004316,2024-03-25,confirmed,paid,487812
ORD09011,PROJ01239,CUS002694,2025-02-12,confirmed,Pending,252507
ORD09012,PROJ04877,CUS003192,2024-09-29,Shipped,Partial,30684
ORD09013,PROJ01501,CUS001064,2024-07-10,Delivered,Paid,65050
ORD09014,PROJ02045,CUS001770,2024-07-01,confirmed,Partial,398300
ORD09015,PROJ03691,CUS001594,2025-06-02,Shipped,Pending,444550
ORD09016,PROJ02635,CUS000282,2024-10-21,confirmed,paid,497622
ORD09017,PROJ03392,CUS002460,2025-08-01,Confirmed,Paid,399633
ORD09018,PROJ00894,CUS004030,2025-02-01,confirmed,paid,488275
ORD09019,PROJ00513,CUS004007,2024-04-28,Shipped,Pending,194186
ORD09020,PROJ00760,CUS003435,2024-05-06,Cancelled,Paid,180739
ORD09021,PROJ04586,CUS001979,2024-05-26,Shipped,paid,162067
ORD09022,PROJ00717,CUS000702,2024-05-18,Cancelled,Partial,468925
ORD09023,PROJ04567,CUS001899,2024-09-18,Confirmed,Pending,270376
ORD09024,PROJ03463,CUS001290,2025-08-25,Cancelled,Paid,430790
ORD09025,PROJ03169,CUS001684,2025-05-21,Cancelled,paid,215963
ORD09026,PROJ03509,CUS001363,2024-05-24,Delivered,Pending,353845
ORD09027,PROJ04170,CUS002452,2024-08-22,Shipped,Paid,44746
ORD09028,PROJ04125,CUS002455,2025-02-24,confirmed,Pending,129586
ORD09029,PROJ03899,CUS004003,2025-03-29,Delivered,Paid,155950
ORD09030,PROJ00183,CUS003443,2024-03-28,Confirmed,Pending,359134
ORD09031,PROJ04686,CUS003519,2024-11-02,Cancelled,Partial,311511
ORD09032,PROJ01408,CUS000262,2025-05-01,Confirmed,Partial,420558
ORD09033,PROJ02842,CUS000584,2024-12-24,Shipped,Pending,271293
ORD09034,PROJ03020,CUS000600,2024-11-06,Shipped,Partial,37770
ORD09035,PROJ00817,CUS002119,2025-08-07,Shipped,Pending,14541
ORD09036,PROJ00204,CUS004300,2025-07-19,Shipped,Pending,112143
ORD09037,PROJ03005,CUS003091,2024-04-14,Delivered,Partial,244380
ORD09038,PROJ04247,CUS001167,2024-06-22,confirmed,paid,172460
ORD09039,PROJ02634,CUS004286,2024-11-14,confirmed,paid,68911
ORD09040,PROJ00693,CUS000311,2025-05-20,Shipped,Pending,406860
ORD09041,PROJ04385,CUS001964,2024-10-10,Shipped,Pending,418546
ORD09042,PROJ02469,CUS004553,2024-11-20,Shipped,Pending,94765
ORD09043,PROJ01912,CUS001103,2024-11-27,Shipped,Partial,420664
ORD09044,PROJ04415,CUS003164,2025-06-11,Delivered,paid,136167
ORD09045,PROJ01984,CUS000258,2025-02-05,Shipped,Pending,341944
ORD09046,PROJ00349,CUS001387,2025-01-19,Cancelled,Partial,100098
ORD09047,PROJ02068,CUS004370,2025-04-08,Shipped,Partial,489812
ORD09048,PROJ00983,CUS003227,2024-09-01,Cancelled,Pending,312847
ORD09049,PROJ03993,CUS001262,2025-03-23,Confirmed,Paid,217032
ORD09050,PROJ03705,CUS002773,2024-08-21,Shipped,paid,438333
ORD09051,PROJ00756,CUS002702,2024-01-20,confirmed,paid,431546
ORD09052,PROJ00240,CUS000632,2024-10-27,Shipped,paid,421341
ORD09053,PROJ04079,CUS001041,2025-01-07,Shipped,Partial,381575
ORD09054,PROJ04673,CUS003194,2025-06-02,confirmed,Partial,450163
ORD09055,PROJ03870,CUS001335,2025-08-27,Cancelled,Partial,455529
ORD09056,PROJ03501,CUS000528,2024-10-29,Delivered,Pending,170037
ORD09057,PROJ04817,CUS003942,2024-09-25,Delivered,Partial,112271
ORD09058,PROJ02286,CUS000374,2025-05-05,Cancelled,paid,291341
ORD09059,PROJ03267,CUS002470,2024-10-17,Delivered,Paid,28737
ORD09060,PROJ01061,CUS000717,2024-10-10,confirmed,Paid,282450
ORD09061,PROJ04069,CUS001861,2024-05-09,Confirmed,Pending,418157
ORD09062,PROJ02044,CUS000220,2024-10-31,Cancelled,paid,318942
ORD09063,PROJ00148,CUS003536,2025-08-06,Delivered,Paid,494183
ORD09064,PROJ00554,CUS001790,2024-06-20,Cancelled,Pending,246434
ORD09065,PROJ04835,CUS001295,2024-11-29,Confirmed,Pending,476875
ORD09066,PROJ00003,CUS004863,2025-09-24,Shipped,Paid,99103
ORD09067,PROJ01849,CUS002267,2025-03-10,Cancelled,Partial,156405
ORD09068,PROJ03739,CUS002282,2025-03-05,Cancelled,Pending,38979
ORD09069,PROJ00140,CUS001781,2025-06-01,Cancelled,Partial,473934
ORD09070,PROJ02891,CUS004899,2024-12-25,Cancelled,paid,486901
ORD09071,PROJ04980,CUS002601,2024-05-07,Delivered,Paid,468055
ORD09072,PROJ00727,CUS003167,2025-02-25,Shipped,paid,368059
ORD09073,PROJ04776,CUS001573,2025-07-08,Shipped,Pending,356417
ORD09074,PROJ00079,CUS003058,2025-06-17,Confirmed,Paid,51007
ORD09075,PROJ03556,CUS002064,2024-04-04,Delivered,Pending,356821
ORD09076,PROJ04702,CUS001188,2025-11-12,Confirmed,Paid,418070
ORD09077,PROJ04348,CUS000533,2024-12-23,Delivered,paid,434368
ORD09078,PROJ02867,CUS002160,2024-11-05,confirmed,paid,112223
ORD09079,PROJ03208,CUS004783,2024-12-15,Delivered,Paid,228224
ORD09080,PROJ00268,CUS000407,2024-07-25,Shipped,Partial,337198
ORD09081,PROJ00057,CUS000574,2025-02-11,Confirmed,Paid,423023
ORD09082,PROJ00064,CUS004875,2024-09-27,confirmed,paid,405550
ORD09083,PROJ02730,CUS001754,2024-09-07,Shipped,Partial,108619
ORD09084,PROJ04362,CUS001046,2025-02-15,confirmed,Paid,419678
ORD09085,PROJ03937,CUS002325,2025-04-15,Cancelled,paid,484349
ORD09086,PROJ00512,CUS003466,2024-05-25,confirmed,Paid,375511
ORD09087,PROJ04021,CUS004305,2025-03-11,Cancelled,paid,489751
ORD09088,PROJ02028,CUS000653,2025-02-09,Shipped,Partial,454562
ORD09089,PROJ01195,CUS001975,2025-04-11,Cancelled,Paid,293748
ORD09090,PROJ03708,CUS004950,2025-05-23,Delivered,Pending,95401
ORD09091,PROJ00224,CUS004918,2025-04-29,confirmed,Partial,101613
ORD09092,PROJ02144,CUS000282,2024-03-10,Delivered,Pending,166212
ORD09093,PROJ03940,CUS004478,2024-10-29,Cancelled,Paid,323997
ORD09094,PROJ01969,CUS003571,2025-01-01,Confirmed,Partial,478625
ORD09095,PROJ02499,CUS001498,2024-09-04,Cancelled,paid,68395
ORD09096,PROJ00810,CUS001611,2025-02-04,Cancelled,Partial,358005
ORD09097,PROJ03190,CUS002517,2024-11-20,Delivered,paid,215309
ORD09098,PROJ02648,CUS000244,2025-05-18,confirmed,Paid,404399
ORD09099,PROJ01696,CUS000682,2024-02-20,Shipped,Paid,207333
ORD09100,PROJ00897,CUS000744,2025-06-09,Shipped,Pending,458372
ORD09101,PROJ01029,CUS000048,2025-01-06,Cancelled,Pending,403997
ORD09102,PROJ01082,CUS004636,2025-01-07,Delivered,paid,69771
ORD09103,PROJ03578,CUS003485,2024-05-16,Delivered,Pending,417243
ORD09104,PROJ02201,CUS000794,2024-09-24,Cancelled,Partial,447241
ORD09105,PROJ03901,CUS000647,2024-12-15,confirmed,paid,444615
ORD09106,PROJ01092,CUS001189,2025-03-31,Confirmed,Pending,197490
ORD09107,PROJ00287,CUS000493,2025-03-05,Delivered,Pending,293336
ORD09108,PROJ04496,CUS001322,2024-10-20,Delivered,Pending,244014
ORD09109,PROJ03188,CUS004465,2025-10-03,Shipped,Paid,265478
ORD09110,PROJ01426,CUS001459,2025-03-15,Cancelled,Partial,152705
ORD09111,PROJ01132,CUS000579,2025-05-22,Confirmed,paid,80324
ORD09112,PROJ04390,CUS004026,2024-10-10,Confirmed,Pending,219549
ORD09113,PROJ00491,CUS004277,2024-12-04,Confirmed,Partial,106931
ORD09114,PROJ00104,CUS002842,2024-10-30,Confirmed,Paid,134810
ORD09115,PROJ00970,CUS000369,2025-03-22,Confirmed,Pending,249329
ORD09116,PROJ00380,CUS001783,2024-12-14,Cancelled,Paid,313236
ORD09117,PROJ02865,CUS001315,2024-10-07,Delivered,Partial,174212
ORD09118,PROJ04245,CUS004709,2025-03-12,Shipped,paid,43617
ORD09119,PROJ01419,CUS003374,2025-01-25,Cancelled,Paid,88832
ORD09120,PROJ00179,CUS000176,2025-04-09,Cancelled,Pending,496110
ORD09121,PROJ03849,CUS003773,2025-02-11,Confirmed,paid,22550
ORD09122,PROJ04471,CUS001643,2024-04-25,confirmed,Pending,78065
ORD09123,PROJ02689,CUS001135,2024-07-16,Delivered,Paid,113629
ORD09124,PROJ03145,CUS002767,2025-06-05,Delivered,Partial,411574
ORD09125,PROJ03837,CUS004841,2024-08-26,confirmed,Pending,180102
ORD09126,PROJ03713,CUS000848,2024-03-31,Delivered,paid,167741
ORD09127,PROJ03350,CUS002128,2025-04-12,Confirmed,Pending,378953
ORD09128,PROJ00579,CUS003466,2024-07-27,confirmed,Paid,22664
ORD09129,PROJ03100,CUS000810,2024-10-25,Cancelled,Paid,349169
ORD09130,PROJ04197,CUS003054,2024-08-11,confirmed,paid,32051
ORD09131,PROJ01749,CUS002641,2024-08-11,Confirmed,Partial,102782
ORD09132,PROJ01999,CUS003124,2024-06-14,confirmed,Partial,147534
ORD09133,PROJ04278,CUS000018,2025-02-10,confirmed,Pending,343990
ORD09134,PROJ01821,CUS004920,2025-01-12,Delivered,Paid,397981
ORD09135,PROJ03000,CUS002862,2024-03-18,Confirmed,Partial,15451
ORD09136,PROJ04453,CUS001982,2024-12-13,Cancelled,Paid,200541
ORD09137,PROJ00262,CUS001145,2025-03-02,Cancelled,Paid,303268
ORD09138,PROJ02392,CUS003740,2024-11-25,Confirmed,paid,144730
ORD09139,PROJ04165,CUS000766,2024-09-12,Delivered,Partial,31039
ORD09140,PROJ04572,CUS004792,2024-11-30,Confirmed,Paid,129451
ORD09141,PROJ02278,CUS004548,2024-04-21,confirmed,Pending,246292
ORD09142,PROJ02968,CUS004421,2024-09-23,Cancelled,Paid,224739
ORD09143,PROJ00584,CUS003584,2024-11-01,Cancelled,Partial,69763
ORD09144,PROJ00595,CUS001119,2024-06-29,confirmed,Pending,461082
ORD09145,PROJ03936,CUS001184,2024-10-18,Confirmed,Partial,469958
ORD09146,PROJ01738,CUS002289,2024-12-01,Cancelled,Paid,344134
ORD09147,PROJ04865,CUS003290,2024-08-30,Delivered,Partial,71715
ORD09148,PROJ00536,CUS001569,2024-03-30,Confirmed,Pending,300818
ORD09149,PROJ01884,CUS000459,2024-09-21,confirmed,Paid,89834
ORD09150,PROJ00866,CUS001855,2025-02-14,Shipped,paid,490171
ORD09151,PROJ03334,CUS000539,2024-10-11,Delivered,Paid,37262
ORD09152,PROJ03925,CUS002610,2024-12-26,Shipped,Pending,147329
ORD09153,PROJ03104,CUS001533,2024-09-19,Cancelled,Partial,472149
ORD09154,PROJ00845,CUS002264,2024-04-25,Confirmed,Pending,386580
ORD09155,PROJ04452,CUS003014,2024-07-12,Cancelled,paid,366051
ORD09156,PROJ01743,CUS003561,2025-07-11,Shipped,Partial,249123
ORD09157,PROJ04001,CUS002145,2025-01-21,Confirmed,Pending,139854
ORD09158,PROJ03318,CUS000493,2024-08-27,confirmed,Partial,247121
ORD09159,PROJ02792,CUS000289,2024-08-26,Confirmed,paid,189547
ORD09160,PROJ00087,CUS003479,2025-02-05,Cancelled,paid,144728
ORD09161,PROJ04837,CUS003019,2024-09-24,Confirmed,Paid,446559
ORD09162,PROJ02807,CUS004052,2025-01-18,Delivered,Paid,459134
ORD09163,PROJ02757,CUS004399,2024-04-30,Delivered,Partial,301631
ORD09164,PROJ03561,CUS000121,2025-02-13,Delivered,Partial,473808
ORD09165,PROJ01461,CUS000889,2025-02-07,Shipped,paid,177395
ORD09166,PROJ01609,CUS003217,2025-05-10,Shipped,paid,269721
ORD09167,PROJ02552,CUS004080,2025-06-23,Cancelled,Pending,429465
ORD09168,PROJ00765,CUS000387,2024-10-23,Delivered,paid,121372
ORD09169,PROJ00603,CUS002873,2024-10-31,confirmed,Pending,213202
ORD09170,PROJ00482,CUS002661,2024-12-23,confirmed,Paid,6494
ORD09171,PROJ01704,CUS001169,2024-08-13,Shipped,Pending,255703
ORD09172,PROJ02736,CUS003870,2025-01-15,confirmed,Paid,157526
ORD09173,PROJ01464,CUS003598,2025-08-29,Shipped,paid,223505
ORD09174,PROJ04846,CUS002420,2024-06-26,Delivered,Partial,384034
ORD09175,PROJ03493,CUS001226,2024-09-06,Cancelled,Pending,301090
ORD09176,PROJ02651,CUS000592,2025-09-04,Confirmed,Paid,450427
ORD09177,PROJ02332,CUS004035,2025-06-16,Cancelled,Paid,405613
ORD09178,PROJ03654,CUS004278,2025-06-09,Shipped,Paid,455012
ORD09179,PROJ02244,CUS001885,2024-10-01,Confirmed,paid,216285
ORD09180,PROJ04435,CUS003975,2024-10-11,Shipped,paid,153607
ORD09181,PROJ02587,CUS004249,2024-09-04,Confirmed,Paid,22713
ORD09182,PROJ04466,CUS004895,2024-05-08,Delivered,Partial,156812
ORD09183,PROJ01934,CUS002551,2025-03-28,Shipped,paid,276205
ORD09184,PROJ00059,CUS002733,2025-03-04,Shipped,paid,339060
ORD09185,PROJ04515,CUS003222,2024-06-17,confirmed,Paid,120705
ORD09186,PROJ02280,CUS004351,2024-05-03,Shipped,Paid,85499
ORD09187,PROJ01447,CUS003362,2025-01-24,Cancelled,Paid,484079
ORD09188,PROJ00741,CUS001377,2025-06-22,Shipped,Partial,59853
ORD09189,PROJ02878,CUS003520,2024-11-25,Delivered,Paid,43317
ORD09190,PROJ03803,CUS004184,2024-10-14,Shipped,Paid,130382
ORD09191,PROJ04819,CUS001346,2025-01-23,Cancelled,Partial,488283
ORD09192,PROJ02039,CUS000330,2025-01-17,Confirmed,Paid,141683
ORD09193,PROJ04954,CUS001275,2024-09-12,Confirmed,Paid,68440
ORD09194,PROJ02756,CUS000134,2025-02-24,Delivered,paid,236813
ORD09195,PROJ00996,CUS004090,2024-06-15,Delivered,Partial,333863
ORD09196,PROJ02591,CUS002268,2024-12-31,confirmed,paid,299291
ORD09197,PROJ03824,CUS004703,2024-10-02,Confirmed,Partial,330415
ORD09198,PROJ00056,CUS003031,2025-02-19,Confirmed,Partial,214193
ORD09199,PROJ04992,CUS003981,2024-11-01,Confirmed,Partial,436475
ORD09200,PROJ04418,CUS002895,2025-03-22,Cancelled,Paid,137416
ORD09201,PROJ01217,CUS003974,2024-12-04,Cancelled,Partial,121949
ORD09202,PROJ03310,CUS004110,2024-11-01,Shipped,paid,11952
ORD09203,PROJ00840,CUS001092,2024-06-25,Shipped,Partial,344436
ORD09204,PROJ02870,CUS004043,2025-02-02,Shipped,Pending,68179
ORD09205,PROJ01970,CUS004414,2024-06-30,Confirmed,Pending,276360
ORD09206,PROJ04184,CUS002841,2024-04-04,Delivered,paid,451917
ORD09207,PROJ00655,CUS000881,2025-01-13,Shipped,Paid,331754
ORD09208,PROJ02770,CUS004415,2024-10-17,Confirmed,Paid,478104
ORD09209,PROJ03013,CUS003092,2024-03-07,Delivered,Pending,134199
ORD09210,PROJ02002,CUS004643,2025-01-26,Cancelled,Partial,281468
ORD09211,PROJ04556,CUS003137,2024-07-09,Delivered,paid,403314
ORD09212,PROJ02306,CUS000955,2025-02-12,Cancelled,Partial,475079
ORD09213,PROJ00329,CUS004008,2024-09-09,Delivered,Partial,260651
ORD09214,PROJ03116,CUS000051,2025-06-04,Delivered,Paid,63282
ORD09215,PROJ00810,CUS002725,2025-06-30,confirmed,Partial,134075
ORD09216,PROJ00673,CUS000394,2024-03-16,Confirmed,Pending,123325
ORD09217,PROJ04156,CUS003347,2025-05-10,Cancelled,Paid,181807
ORD09218,PROJ02339,CUS001907,2024-08-27,Cancelled,Pending,132655
ORD09219,PROJ02718,CUS003497,2024-10-21,Delivered,Partial,381367
ORD09220,PROJ03670,CUS003254,2025-03-24,confirmed,paid,232678
ORD09221,PROJ00879,CUS003396,2025-03-04,Confirmed,paid,372257
ORD09222,PROJ04493,CUS000779,2024-05-22,Confirmed,Paid,352043
ORD09223,PROJ03695,CUS000910,2024-07-10,confirmed,Pending,131972
ORD09224,PROJ02501,CUS004363,2025-05-02,confirmed,Partial,146886
ORD09225,PROJ00345,CUS001255,2025-09-13,Delivered,Paid,230130
ORD09226,PROJ00376,CUS003989,2025-03-22,Shipped,paid,285827
ORD09227,PROJ04478,CUS002060,2025-03-22,confirmed,Partial,456958
ORD09228,PROJ02631,CUS001648,2025-01-04,Cancelled,Pending,447891
ORD09229,PROJ02641,CUS001239,2025-05-27,Cancelled,Pending,217595
ORD09230,PROJ01775,CUS002333,2024-05-21,Cancelled,Partial,400232
ORD09231,PROJ04494,CUS000111,2025-01-25,confirmed,paid,153778
ORD09232,PROJ04703,CUS001593,2025-05-20,Delivered,Paid,390816
ORD09233,PROJ03535,CUS003185,2024-08-19,Delivered,paid,253267
ORD09234,PROJ00443,CUS002713,2024-04-18,confirmed,Pending,49866
ORD09235,PROJ00418,CUS001169,2025-02-24,Shipped,Pending,24512
ORD09236,PROJ01804,CUS001975,2024-10-16,Delivered,Paid,9217
ORD09237,PROJ01854,CUS004385,2025-02-18,Delivered,Partial,228211
ORD09238,PROJ01169,CUS003956,2025-01-06,Delivered,Paid,360844
ORD09239,PROJ01922,CUS003831,2024-07-14,Cancelled,Pending,99944
ORD09240,PROJ03515,CUS002026,2025-06-12,Cancelled,Paid,130537
ORD09241,PROJ00700,CUS003834,2025-03-29,confirmed,Paid,173218
ORD09242,PROJ00606,CUS000339,2025-08-11,Shipped,paid,225597
ORD09243,PROJ02882,CUS004444,2024-11-21,Cancelled,Partial,277894
ORD09244,PROJ04304,CUS002120,2024-10-05,Confirmed,Pending,440889
ORD09245,PROJ02202,CUS001404,2024-10-21,Delivered,Paid,369085
ORD09246,PROJ00532,CUS002326,2025-03-20,Confirmed,Partial,418508
ORD09247,PROJ01528,CUS000628,2024-03-25,Delivered,Pending,281730
ORD09248,PROJ02544,CUS004766,2024-03-17,Delivered,Partial,178809
ORD09249,PROJ03542,CUS003576,2024-11-15,Shipped,Paid,162622
ORD09250,PROJ02845,CUS002055,2025-03-22,Cancelled,paid,76663
ORD09251,PROJ03994,CUS002473,2025-01-17,Shipped,Pending,344182
ORD09252,PROJ03838,CUS004468,2024-09-24,Shipped,Paid,324726
ORD09253,PROJ02615,CUS003988,2025-06-11,Confirmed,paid,76931
ORD09254,PROJ01579,CUS002493,2024-11-24,Cancelled,Paid,389141
ORD09255,PROJ03244,CUS001766,2024-12-16,Confirmed,Partial,293685
ORD09256,PROJ03690,CUS002607,2025-08-09,Delivered,Partial,332565
ORD09257,PROJ04873,CUS002630,2024-12-18,Confirmed,Paid,408135
ORD09258,PROJ04445,CUS004429,2025-10-30,Shipped,paid,459861
ORD09259,PROJ00658,CUS001572,2025-04-04,Confirmed,paid,395095
ORD09260,PROJ04741,CUS002530,2025-01-26,Cancelled,Paid,242856
ORD09261,PROJ00976,CUS000847,2024-09-24,Confirmed,Partial,306114
ORD09262,PROJ00268,CUS001128,2025-02-06,Cancelled,paid,65495
ORD09263,PROJ03017,CUS004667,2025-02-19,Cancelled,Paid,407690
ORD09264,PROJ02994,CUS001352,2025-01-06,confirmed,Pending,298863
ORD09265,PROJ04226,CUS004976,2025-03-02,Cancelled,Paid,282463
ORD09266,PROJ04780,CUS004038,2025-04-04,Shipped,Partial,207940
ORD09267,PROJ03696,CUS001819,2025-03-11,confirmed,Paid,215720
ORD09268,PROJ01759,CUS002236,2024-12-30,Confirmed,paid,180725
ORD09269,PROJ02156,CUS002424,2025-09-06,Cancelled,Paid,268057
ORD09270,PROJ02235,CUS002330,2024-05-21,confirmed,Paid,298017
ORD09271,PROJ01715,CUS003487,2025-02-26,Cancelled,Partial,102403
ORD09272,PROJ03236,CUS004113,2025-02-15,Confirmed,Partial,18925
ORD09273,PROJ01420,CUS003226,2024-04-27,Shipped,paid,486710
ORD09274,PROJ01784,CUS003644,2025-04-04,Cancelled,Paid,167410
ORD09275,PROJ02991,CUS003917,2025-02-23,Shipped,Paid,440270
ORD09276,PROJ03370,CUS001234,2024-12-21,Delivered,paid,485883
ORD09277,PROJ04050,CUS003928,2024-02-27,Shipped,Pending,86899
ORD09278,PROJ02741,CUS002089,2024-07-04,Shipped,Partial,240651
ORD09279,PROJ04231,CUS002693,2025-10-11,confirmed,Partial,315036
ORD09280,PROJ03656,CUS001541,2024-06-03,confirmed,Paid,240150
ORD09281,PROJ01205,CUS004689,2024-04-04,Cancelled,Pending,231157
ORD09282,PROJ02665,CUS000600,2024-10-11,confirmed,Partial,328590
ORD09283,PROJ00997,CUS003911,2024-06-12,confirmed,Pending,276338
ORD09284,PROJ04325,CUS002334,2025-06-28,Delivered,Partial,218380
ORD09285,PROJ03070,CUS002120,2025-02-15,Confirmed,paid,131047
ORD09286,PROJ02399,CUS003405,2025-11-27,Cancelled,paid,186516
ORD09287,PROJ00879,CUS004526,2025-10-01,Confirmed,Partial,340344
ORD09288,PROJ02677,CUS000724,2025-09-11,Confirmed,Partial,450276
ORD09289,PROJ04855,CUS002885,2025-02-12,Delivered,Pending,261737
ORD09290,PROJ04129,CUS001346,2025-01-05,confirmed,Pending,440043
ORD09291,PROJ03318,CUS001918,2024-11-18,confirmed,paid,45321
ORD09292,PROJ01056,CUS000039,2024-07-10,confirmed,Partial,55330
ORD09293,PROJ03113,CUS004427,2024-05-16,Delivered,paid,388371
ORD09294,PROJ03652,CUS001859,2024-07-24,Cancelled,paid,133719
ORD09295,PROJ02263,CUS002716,2024-06-03,Shipped,Paid,234595
ORD09296,PROJ04111,CUS004245,2024-06-05,Cancelled,Partial,466945
ORD09297,PROJ02969,CUS000607,2024-06-10,Delivered,Paid,249497
ORD09298,PROJ00305,CUS004428,2024-08-30,Confirmed,paid,388252
ORD09299,PROJ00943,CUS003628,2024-11-16,confirmed,Partial,380608
ORD09300,PROJ00624,CUS003612,2024-04-26,Shipped,paid,440978
ORD09301,PROJ01294,CUS002010,2024-06-07,Shipped,Partial,394666
ORD09302,PROJ01538,CUS002955,2025-03-21,Cancelled,paid,91135
ORD09303,PROJ01875,CUS002983,2024-12-01,confirmed,Pending,484125
ORD09304,PROJ01660,CUS004219,2025-04-06,Shipped,Pending,313678
ORD09305,PROJ00692,CUS000866,2024-11-30,Cancelled,Partial,101614
ORD09306,PROJ04747,CUS002735,2025-04-25,Shipped,Partial,125596
ORD09307,PROJ03743,CUS004387,2025-02-20,Cancelled,Paid,166721
ORD09308,PROJ03793,CUS003724,2024-12-29,Shipped,Partial,475330
ORD09309,PROJ01613,CUS000316,2025-03-27,confirmed,paid,116551
ORD09310,PROJ00508,CUS001525,2025-02-23,Shipped,Paid,247520
ORD09311,PROJ01858,CUS001425,2024-10-12,Confirmed,Pending,311595
ORD09312,PROJ01022,CUS001404,2024-11-14,confirmed,paid,234091
ORD09313,PROJ03771,CUS002651,2024-04-15,Shipped,Paid,275751
ORD09314,PROJ02523,CUS002247,2025-01-28,Cancelled,paid,240822
ORD09315,PROJ00195,CUS001275,2024-10-12,Cancelled,paid,157075
ORD09316,PROJ01345,CUS000463,2024-02-16,Cancelled,Partial,159569
ORD09317,PROJ04852,CUS001555,2024-09-06,Delivered,Pending,168547
ORD09318,PROJ00475,CUS001444,2025-02-11,Shipped,paid,202143
ORD09319,PROJ01314,CUS000636,2024-11-01,Cancelled,Pending,190055
ORD09320,PROJ04571,CUS004051,2025-04-05,confirmed,Pending,131395
ORD09321,PROJ00542,CUS004313,2024-05-17,Confirmed,Partial,103038
ORD09322,PROJ00029,CUS001846,2024-08-20,Cancelled,Partial,489479
ORD09323,PROJ03583,CUS001589,2024-08-07,Cancelled,Pending,287311
ORD09324,PROJ00528,CUS000594,2024-11-26,confirmed,Paid,183037
ORD09325,PROJ04501,CUS000107,2025-01-06,Shipped,Partial,243641
ORD09326,PROJ02959,CUS002744,2024-04-19,Confirmed,Paid,312569
ORD09327,PROJ02448,CUS004220,2024-07-12,Confirmed,Pending,194882
ORD09328,PROJ03354,CUS003850,2025-06-22,Shipped,Partial,329303
ORD09329,PROJ01806,CUS001162,2024-08-16,confirmed,Pending,192872
ORD09330,PROJ01323,CUS002681,2025-03-31,Shipped,Pending,245012
ORD09331,PROJ03071,CUS001065,2025-07-29,Shipped,paid,121004
ORD09332,PROJ01777,CUS002645,2024-12-02,Delivered,paid,54867
ORD09333,PROJ01932,CUS000271,2024-05-15,Shipped,Paid,290999
ORD09334,PROJ03808,CUS001112,2025-06-03,confirmed,Pending,41095
ORD09335,PROJ02692,CUS004601,2024-08-04,Shipped,Paid,299235
ORD09336,PROJ00534,CUS001789,2025-02-15,Cancelled,paid,75090
ORD09337,PROJ03669,CUS000510,2025-02-04,Cancelled,Paid,395906
ORD09338,PROJ00188,CUS003502,2024-10-28,Delivered,paid,274285
ORD09339,PROJ02876,CUS004181,2024-11-11,Shipped,Pending,451787
ORD09340,PROJ02829,CUS000895,2024-08-26,Shipped,paid,134705
ORD09341,PROJ03457,CUS001198,2024-09-12,Delivered,Pending,115663
ORD09342,PROJ00703,CUS000451,2025-02-04,Delivered,Pending,492042
ORD09343,PROJ01016,CUS002415,2025-02-06,confirmed,Partial,8684
ORD09344,PROJ04543,CUS000814,2025-03-30,confirmed,paid,323467
ORD09345,PROJ01615,CUS004291,2024-12-09,Shipped,Partial,201296
ORD09346,PROJ04539,CUS003312,2024-08-14,Cancelled,Paid,247368
ORD09347,PROJ03998,CUS003603,2024-07-16,confirmed,Pending,101472
ORD09348,PROJ01977,CUS001145,2024-08-06,confirmed,Pending,350349
ORD09349,PROJ04613,CUS000913,2025-03-04,Cancelled,paid,248933
ORD09350,PROJ02556,CUS002557,2024-10-19,Cancelled,paid,221132
ORD09351,PROJ02528,CUS001306,2025-01-02,confirmed,Partial,35528
ORD09352,PROJ03730,CUS001234,2025-09-21,confirmed,Partial,384725
ORD09353,PROJ00591,CUS002963,2024-10-03,confirmed,Paid,339329
ORD09354,PROJ04003,CUS003190,2025-05-26,Delivered,Partial,335901
ORD09355,PROJ02941,CUS003000,2024-08-02,Confirmed,paid,321117
ORD09356,PROJ00613,CUS002680,2024-11-07,Delivered,paid,273048
ORD09357,PROJ03144,CUS000810,2024-06-23,confirmed,Paid,312216
ORD09358,PROJ02410,CUS004735,2025-12-08,Confirmed,Paid,465460
ORD09359,PROJ02202,CUS000735,2025-03-02,Confirmed,Paid,435274
ORD09360,PROJ03472,CUS002237,2024-06-23,confirmed,Paid,411857
ORD09361,PROJ02879,CUS004040,2025-10-19,Cancelled,paid,470300
ORD09362,PROJ01805,CUS000494,2024-03-05,Shipped,paid,60026
ORD09363,PROJ01471,CUS002987,2024-11-13,Cancelled,Partial,271790
ORD09364,PROJ03820,CUS001745,2024-11-12,Delivered,Pending,342442
ORD09365,PROJ04917,CUS004989,2024-07-23,Cancelled,Partial,111105
ORD09366,PROJ02931,CUS004553,2024-10-26,confirmed,Paid,65289
ORD09367,PROJ02381,CUS001581,2024-10-27,Shipped,Pending,92389
ORD09368,PROJ03553,CUS003210,2024-12-06,confirmed,paid,282045
ORD09369,PROJ03374,CUS001852,2024-03-09,confirmed,paid,31458
ORD09370,PROJ01190,CUS001346,2024-06-29,Confirmed,Pending,278202
ORD09371,PROJ04910,CUS001992,2024-12-23,Delivered,paid,16713
ORD09372,PROJ03710,CUS004710,2025-01-31,Cancelled,Pending,251653
ORD09373,PROJ00344,CUS003863,2025-05-21,Confirmed,paid,15046
ORD09374,PROJ04327,CUS001363,2024-12-28,Cancelled,Pending,248436
ORD09375,PROJ01600,CUS001585,2024-11-15,Confirmed,Paid,243042
ORD09376,PROJ00458,CUS004301,2025-05-15,Delivered,Paid,465398
ORD09377,PROJ01907,CUS003948,2024-12-16,Delivered,Paid,378941
ORD09378,PROJ03550,CUS002219,2024-04-19,Delivered,paid,166117
ORD09379,PROJ02956,CUS003821,2025-03-03,Confirmed,Paid,381489
ORD09380,PROJ03758,CUS001519,2024-03-05,confirmed,Partial,335547
ORD09381,PROJ02034,CUS000771,2024-12-12,confirmed,paid,89144
ORD09382,PROJ02403,CUS001178,2024-07-24,confirmed,Partial,252947
ORD09383,PROJ01064,CUS004139,2025-04-13,Delivered,Paid,469121
ORD09384,PROJ04830,CUS003226,2024-07-18,Confirmed,Paid,400491
ORD09385,PROJ04482,CUS001963,2025-03-24,Shipped,paid,356046
ORD09386,PROJ02643,CUS004774,2025-01-03,Confirmed,paid,32643
ORD09387,PROJ00536,CUS000355,2025-04-15,confirmed,Pending,348652
ORD09388,PROJ03414,CUS002256,2024-11-05,Confirmed,paid,18980
ORD09389,PROJ00700,CUS004490,2025-05-12,confirmed,Pending,174786
ORD09390,PROJ02579,CUS000530,2024-06-17,Cancelled,Partial,111359
ORD09391,PROJ02419,CUS002002,2024-02-24,Confirmed,Paid,377075
ORD09392,PROJ01679,CUS000699,2024-07-26,confirmed,paid,392392
ORD09393,PROJ04366,CUS004922,2024-02-28,Confirmed,paid,260666
ORD09394,PROJ01017,CUS000747,2025-05-31,Shipped,Partial,457473
ORD09395,PROJ00007,CUS000660,2025-01-11,Cancelled,paid,182927
ORD09396,PROJ04164,CUS002062,2024-07-20,Shipped,Pending,352369
ORD09397,PROJ04531,CUS002293,2025-04-04,confirmed,Pending,366604
ORD09398,PROJ00643,CUS000325,2025-07-31,Delivered,Pending,252498
ORD09399,PROJ04297,CUS001766,2024-12-26,confirmed,paid,137287
ORD09400,PROJ02286,CUS002267,2025-05-19,Delivered,Pending,99316
ORD09401,PROJ03885,CUS000208,2025-10-07,confirmed,Paid,305053
ORD09402,PROJ01873,CUS001734,2025-03-07,Shipped,Partial,492348
ORD09403,PROJ03069,CUS002531,2024-10-26,Delivered,Partial,423513
ORD09404,PROJ02043,CUS004096,2025-03-17,Delivered,Paid,491875
ORD09405,PROJ04349,CUS003064,2024-07-26,Delivered,Partial,105629
ORD09406,PROJ00877,CUS002544,2024-09-10,Cancelled,Paid,478523
ORD09407,PROJ02237,CUS000315,2025-03-23,Cancelled,Paid,420866
ORD09408,PROJ01892,CUS001754,2025-04-11,Cancelled,Paid,434174
ORD09409,PROJ02587,CUS000179,2025-03-14,Delivered,Paid,39370
ORD09410,PROJ02471,CUS003394,2024-11-07,confirmed,Paid,205491
ORD09411,PROJ02084,CUS004712,2025-05-08,confirmed,paid,197948
ORD09412,PROJ01619,CUS001441,2024-10-31,Shipped,Paid,83232
ORD09413,PROJ03378,CUS000256,2025-02-11,Delivered,Paid,421499
ORD09414,PROJ01635,CUS002295,2024-04-18,Delivered,Paid,399435
ORD09415,PROJ00170,CUS003620,2024-06-30,confirmed,Paid,136861
ORD09416,PROJ01383,CUS002053,2025-03-11,Shipped,Partial,264788
ORD09417,PROJ02419,CUS001405,2024-11-13,Confirmed,Partial,27117
ORD09418,PROJ02945,CUS002367,2024-05-25,Cancelled,Partial,109427
ORD09419,PROJ00291,CUS004371,2024-07-01,Delivered,Paid,246633
ORD09420,PROJ00966,CUS002510,2024-09-21,confirmed,Paid,480711
ORD09421,PROJ01555,CUS002675,2025-09-17,Delivered,Partial,49008
ORD09422,PROJ03613,CUS003870,2025-06-13,Confirmed,Pending,440746
ORD09423,PROJ03287,CUS000595,2025-02-02,confirmed,Pending,389002
ORD09424,PROJ01967,CUS001029,2025-02-27,Shipped,Partial,280786
ORD09425,PROJ04641,CUS000278,2024-04-13,Confirmed,Paid,496575
ORD09426,PROJ03996,CUS000449,2024-12-23,confirmed,Paid,394905
ORD09427,PROJ04018,CUS002004,2025-01-23,confirmed,Pending,148488
ORD09428,PROJ01904,CUS000525,2025-03-12,Shipped,Partial,384319
ORD09429,PROJ01023,CUS000292,2024-12-01,Delivered,Paid,458884
ORD09430,PROJ00745,CUS001695,2024-10-07,confirmed,Pending,285252
ORD09431,PROJ04846,CUS001519,2024-07-16,Confirmed,paid,377424
ORD09432,PROJ00875,CUS002850,2024-03-01,confirmed,Partial,404003
ORD09433,PROJ00270,CUS004406,2025-08-10,Cancelled,Partial,303187
ORD09434,PROJ02854,CUS000331,2025-03-04,Delivered,Paid,104689
ORD09435,PROJ02721,CUS004887,2025-04-27,Delivered,paid,277503
ORD09436,PROJ01391,CUS003916,2025-05-29,Delivered,Partial,413178
ORD09437,PROJ00176,CUS004768,2024-12-22,Delivered,Paid,212908
ORD09438,PROJ03135,CUS004697,2025-02-24,Confirmed,Paid,147655
ORD09439,PROJ02867,CUS004249,2024-12-17,confirmed,Paid,451360
ORD09440,PROJ00732,CUS001095,2024-04-06,Confirmed,Partial,449141
ORD09441,PROJ02756,CUS004968,2024-07-03,Delivered,paid,77714
ORD09442,PROJ04806,CUS004083,2024-01-31,confirmed,Partial,311314
ORD09443,PROJ01071,CUS002114,2024-12-13,Shipped,Partial,318938
ORD09444,PROJ04435,CUS001879,2025-10-03,Shipped,Pending,45460
ORD09445,PROJ02265,CUS000412,2024-08-20,Confirmed,Pending,491674
ORD09446,PROJ04572,CUS002569,2025-02-21,Shipped,Paid,111637
ORD09447,PROJ00486,CUS001356,2024-05-31,Delivered,Partial,89041
ORD09448,PROJ02057,CUS000223,2024-11-23,Shipped,Partial,364416
ORD09449,PROJ03497,CUS002542,2024-12-16,Confirmed,Pending,72976
ORD09450,PROJ00656,CUS002001,2025-01-04,confirmed,Partial,273597
ORD09451,PROJ00393,CUS003938,2025-01-14,Shipped,Partial,365513
ORD09452,PROJ03755,CUS002648,2024-10-03,Delivered,paid,211927
ORD09453,PROJ01755,CUS001413,2024-09-20,confirmed,paid,443579
ORD09454,PROJ01267,CUS003134,2024-09-19,confirmed,Pending,5829
ORD09455,PROJ00258,CUS004794,2025-06-03,Confirmed,Pending,301437
ORD09456,PROJ03788,CUS000446,2024-12-31,Cancelled,Pending,21852
ORD09457,PROJ03763,CUS003988,2025-01-19,Delivered,Partial,105798
ORD09458,PROJ03159,CUS003574,2024-12-14,Confirmed,paid,84322
ORD09459,PROJ04228,CUS004766,2025-04-04,confirmed,Partial,48320
ORD09460,PROJ04424,CUS001956,2024-12-04,confirmed,Paid,115316
ORD09461,PROJ03037,CUS003663,2025-06-29,Cancelled,paid,129015
ORD09462,PROJ01589,CUS004676,2024-11-05,Delivered,paid,495713
ORD09463,PROJ04364,CUS001558,2024-06-27,Delivered,paid,331264
ORD09464,PROJ00399,CUS003877,2025-07-09,Delivered,Paid,385514
ORD09465,PROJ01200,CUS002101,2024-07-13,Delivered,paid,444161
ORD09466,PROJ04244,CUS004345,2024-09-19,Shipped,paid,469822
ORD09467,PROJ04626,CUS000420,2025-05-27,Confirmed,paid,107296
ORD09468,PROJ01916,CUS001933,2025-03-06,Shipped,Paid,161881
ORD09469,PROJ01122,CUS004859,2025-05-12,confirmed,Partial,5863
ORD09470,PROJ02740,CUS001656,2024-10-22,Cancelled,Pending,292816
ORD09471,PROJ00841,CUS004596,2024-02-20,confirmed,Partial,384691
ORD09472,PROJ03343,CUS000933,2025-06-20,confirmed,paid,196079
ORD09473,PROJ04825,CUS000074,2024-08-08,confirmed,Paid,410732
ORD09474,PROJ03635,CUS004404,2024-11-20,Cancelled,Paid,448103
ORD09475,PROJ04360,CUS001852,2024-11-09,Delivered,Partial,407978
ORD09476,PROJ02410,CUS000047,2025-05-26,Shipped,Partial,50755
ORD09477,PROJ01819,CUS000871,2024-06-22,confirmed,paid,279039
ORD09478,PROJ02729,CUS001684,2024-01-17,Delivered,Paid,476797
ORD09479,PROJ03831,CUS001848,2024-07-11,confirmed,paid,113773
ORD09480,PROJ01333,CUS004454,2024-08-08,confirmed,Partial,442854
ORD09481,PROJ02614,CUS002353,2024-12-22,confirmed,Pending,244549
ORD09482,PROJ01291,CUS002685,2024-08-08,Confirmed,Paid,421827
ORD09483,PROJ02773,CUS000064,2025-02-11,Shipped,Pending,11541
ORD09484,PROJ02041,CUS001758,2024-09-16,Confirmed,Pending,380476
ORD09485,PROJ01620,CUS004347,2024-06-28,Delivered,paid,148312
ORD09486,PROJ04625,CUS004565,2025-04-17,Delivered,Partial,58995
ORD09487,PROJ00346,CUS001390,2024-03-21,Shipped,Partial,315884
ORD09488,PROJ03454,CUS000635,2025-03-14,Delivered,paid,77446
ORD09489,PROJ00852,CUS004023,2024-12-10,Delivered,paid,217216
ORD09490,PROJ00266,CUS004249,2025-05-11,Confirmed,Paid,310500
ORD09491,PROJ04732,CUS002672,2025-06-27,Cancelled,Paid,310634
ORD09492,PROJ00550,CUS003817,2024-12-30,Confirmed,Paid,133679
ORD09493,PROJ01631,CUS000699,2025-08-20,Confirmed,Pending,436148
ORD09494,PROJ01998,CUS003673,2024-09-13,Delivered,Paid,38405
ORD09495,PROJ03718,CUS000640,2025-05-26,Cancelled,Paid,383157
ORD09496,PROJ01665,CUS003457,2024-11-22,Cancelled,Pending,135502
ORD09497,PROJ01135,CUS000377,2025-05-13,Cancelled,Paid,81492
ORD09498,PROJ04551,CUS001619,2024-04-11,confirmed,Pending,411089
ORD09499,PROJ01469,CUS003207,2024-03-15,confirmed,paid,55164
ORD09500,PROJ00787,CUS002285,2024-02-19,Confirmed,paid,378894
ORD09501,PROJ04905,CUS004898,2024-11-01,Confirmed,Partial,167916
ORD09502,PROJ01315,CUS001148,2024-08-08,Shipped,paid,348938
ORD09503,PROJ03080,CUS001801,2024-12-13,Confirmed,Pending,438550
ORD09504,PROJ04104,CUS003941,2024-07-28,confirmed,paid,212174
ORD09505,PROJ04405,CUS002434,2024-11-07,confirmed,Paid,240021
ORD09506,PROJ01106,CUS000555,2025-05-03,Confirmed,Paid,354335
ORD09507,PROJ04745,CUS003965,2024-09-18,confirmed,Paid,424227
ORD09508,PROJ00568,CUS004977,2025-01-06,Confirmed,paid,260445
ORD09509,PROJ03861,CUS002833,2025-03-18,Confirmed,Partial,208522
ORD09510,PROJ04075,CUS001120,2024-10-27,Delivered,Pending,284659
ORD09511,PROJ02363,CUS003211,2025-03-04,confirmed,Pending,470692
ORD09512,PROJ02941,CUS004646,2024-06-16,Confirmed,paid,326825
ORD09513,PROJ00617,CUS003800,2025-05-13,Shipped,Paid,204309
ORD09514,PROJ00192,CUS002515,2024-10-20,Confirmed,Pending,474205
ORD09515,PROJ04520,CUS001466,2024-06-18,Delivered,Pending,69752
ORD09516,PROJ02915,CUS004296,2025-07-09,Shipped,paid,24066
ORD09517,PROJ03299,CUS002263,2024-10-04,Cancelled,paid,362957
ORD09518,PROJ00590,CUS001613,2024-04-13,Confirmed,Pending,49361
ORD09519,PROJ02534,CUS003205,2025-01-22,Confirmed,Paid,18572
ORD09520,PROJ01278,CUS004464,2024-04-19,Cancelled,paid,376072
ORD09521,PROJ00560,CUS004625,2025-09-12,Shipped,paid,190130
ORD09522,PROJ02769,CUS004536,2024-12-21,Cancelled,Partial,298278
ORD09523,PROJ02990,CUS003230,2025-02-23,Cancelled,Paid,382693
ORD09524,PROJ04376,CUS000134,2024-05-14,Cancelled,Pending,315679
ORD09525,PROJ03559,CUS001743,2024-09-01,Cancelled,paid,55539
ORD09526,PROJ00804,CUS004150,2024-05-19,Delivered,Paid,196404
ORD09527,PROJ01249,CUS000212,2025-02-08,Shipped,Paid,170071
ORD09528,PROJ01226,CUS004434,2024-09-23,Cancelled,paid,66908
ORD09529,PROJ00206,CUS003980,2025-02-25,confirmed,Partial,193513
ORD09530,PROJ02221,CUS002580,2024-10-03,confirmed,Partial,292236
ORD09531,PROJ04354,CUS003866,2024-11-09,Confirmed,Paid,171772
ORD09532,PROJ03903,CUS002588,2024-08-05,Delivered,Paid,436305
ORD09533,PROJ03954,CUS004831,2024-12-11,Shipped,Partial,362124
ORD09534,PROJ01443,CUS000935,2024-10-10,Cancelled,Paid,462703
ORD09535,PROJ00592,CUS000433,2025-05-19,Delivered,Pending,444083
ORD09536,PROJ03481,CUS002601,2024-12-22,confirmed,Partial,146507
ORD09537,PROJ02788,CUS001530,2024-11-21,Cancelled,paid,378089
ORD09538,PROJ03885,CUS003844,2024-09-29,Delivered,paid,469739
ORD09539,PROJ04815,CUS003970,2025-01-06,confirmed,Pending,394972
ORD09540,PROJ00118,CUS002506,2024-12-27,Cancelled,Partial,404564
ORD09541,PROJ02994,CUS004550,2024-07-23,Delivered,Partial,43562
ORD09542,PROJ03489,CUS004070,2025-01-05,Delivered,Pending,140406
ORD09543,PROJ00250,CUS003606,2025-01-31,Delivered,Pending,19415
ORD09544,PROJ00863,CUS002445,2025-06-02,Delivered,Paid,318747
ORD09545,PROJ04058,CUS001045,2025-01-08,Confirmed,Pending,121195
ORD09546,PROJ02174,CUS000587,2024-12-21,confirmed,Partial,57859
ORD09547,PROJ03233,CUS002447,2024-11-15,Delivered,Paid,186865
ORD09548,PROJ04888,CUS000531,2024-10-03,Confirmed,paid,417922
ORD09549,PROJ01195,CUS004847,2024-08-06,Shipped,Partial,442721
ORD09550,PROJ02554,CUS001604,2024-12-05,confirmed,Pending,414842
ORD09551,PROJ04500,CUS002781,2024-11-08,Delivered,paid,331820
ORD09552,PROJ04308,CUS003458,2024-11-15,Cancelled,Pending,73154
ORD09553,PROJ00498,CUS004746,2024-11-30,Cancelled,Paid,69081
ORD09554,PROJ03989,CUS004219,2024-11-13,Confirmed,paid,90135
ORD09555,PROJ01798,CUS004691,2024-06-20,confirmed,paid,226623
ORD09556,PROJ00028,CUS002292,2024-09-16,Cancelled,Paid,221802
ORD09557,PROJ00305,CUS000894,2024-10-28,confirmed,Pending,250243
ORD09558,PROJ01734,CUS001832,2024-03-18,Shipped,Paid,335583
ORD09559,PROJ00629,CUS001515,2025-02-18,Delivered,Partial,378740
ORD09560,PROJ00342,CUS001608,2025-03-15,confirmed,paid,246179
ORD09561,PROJ04410,CUS004358,2024-07-03,Cancelled,Partial,235156
ORD09562,PROJ03406,CUS000652,2024-10-31,Confirmed,Partial,464020
ORD09563,PROJ00845,CUS000124,2024-05-14,Delivered,Partial,411995
ORD09564,PROJ00955,CUS002289,2025-04-05,confirmed,Paid,243298
ORD09565,PROJ04759,CUS004063,2024-12-25,confirmed,Paid,366071
ORD09566,PROJ00003,CUS000445,2025-06-27,Confirmed,Pending,249916
ORD09567,PROJ03342,CUS004019,2025-05-03,Cancelled,Partial,311712
ORD09568,PROJ02249,CUS003883,2025-03-09,Confirmed,Pending,67678
ORD09569,PROJ03610,CUS002349,2025-03-26,Cancelled,Partial,121832
ORD09570,PROJ02511,CUS003694,2025-06-18,Shipped,Pending,197184
ORD09571,PROJ01512,CUS003651,2025-03-21,confirmed,paid,246876
ORD09572,PROJ04204,CUS003947,2024-11-25,confirmed,Paid,241591
ORD09573,PROJ00311,CUS002258,2024-12-22,Cancelled,Pending,442569
ORD09574,PROJ01955,CUS004800,2025-08-14,Confirmed,Pending,237209
ORD09575,PROJ04115,CUS001504,2024-12-22,confirmed,paid,496868
ORD09576,PROJ01033,CUS004065,2025-01-11,Delivered,paid,414280
ORD09577,PROJ02287,CUS002995,2025-04-02,Shipped,paid,447586
ORD09578,PROJ02204,CUS004082,2024-03-22,Delivered,Pending,191287
ORD09579,PROJ01897,CUS004646,2024-05-21,Cancelled,Partial,80385
ORD09580,PROJ00635,CUS004025,2025-03-10,Shipped,paid,117718
ORD09581,PROJ02495,CUS004739,2025-05-09,confirmed,paid,245459
ORD09582,PROJ04800,CUS003680,2024-01-17,Delivered,paid,406871
ORD09583,PROJ04745,CUS004356,2024-02-19,Cancelled,Partial,134061
ORD09584,PROJ02556,CUS000227,2024-10-16,Cancelled,paid,92190
ORD09585,PROJ03160,CUS000793,2024-06-15,Cancelled,Partial,379039
ORD09586,PROJ03824,CUS002299,2025-06-20,Delivered,Partial,486734
ORD09587,PROJ01603,CUS004951,2024-10-19,Cancelled,paid,279458
ORD09588,PROJ02087,CUS000248,2025-01-25,Cancelled,Partial,25209
ORD09589,PROJ01416,CUS004162,2024-07-04,Confirmed,Partial,140602
ORD09590,PROJ03370,CUS001016,2024-02-29,Shipped,paid,281015
ORD09591,PROJ02859,CUS003708,2025-02-09,Confirmed,paid,427889
ORD09592,PROJ00514,CUS002570,2024-06-24,confirmed,Pending,387651
ORD09593,PROJ01640,CUS003539,2025-10-11,confirmed,Pending,274745
ORD09594,PROJ01801,CUS001312,2024-08-11,Shipped,Partial,468857
ORD09595,PROJ01196,CUS000575,2024-05-17,Cancelled,Paid,297759
ORD09596,PROJ04983,CUS001643,2025-01-10,Confirmed,paid,58678
ORD09597,PROJ00041,CUS001669,2025-01-11,confirmed,Partial,136890
ORD09598,PROJ00264,CUS004761,2025-02-02,Shipped,Pending,323090
ORD09599,PROJ02386,CUS002193,2025-08-26,Confirmed,Partial,59904
ORD09600,PROJ01377,CUS001518,2024-10-14,Delivered,Partial,32373
ORD09601,PROJ01032,CUS004182,2025-07-07,Shipped,Paid,94842
ORD09602,PROJ00074,CUS001294,2024-07-02,Shipped,paid,303422
ORD09603,PROJ00056,CUS001769,2024-11-12,confirmed,paid,345548
ORD09604,PROJ03333,CUS004533,2025-06-07,Shipped,Pending,233551
ORD09605,PROJ00889,CUS000727,2024-09-07,Confirmed,Paid,228612
ORD09606,PROJ02356,CUS001154,2025-04-19,confirmed,paid,45186
ORD09607,PROJ01048,CUS004874,2024-09-08,Confirmed,Pending,365663
ORD09608,PROJ01820,CUS002861,2025-07-25,Confirmed,Paid,167622
ORD09609,PROJ01707,CUS000317,2024-07-19,confirmed,paid,236117
ORD09610,PROJ03005,CUS004344,2024-10-17,Cancelled,paid,171138
ORD09611,PROJ00019,CUS000622,2024-10-24,Shipped,Partial,374293
ORD09612,PROJ02034,CUS004120,2025-05-06,Delivered,paid,25855
ORD09613,PROJ03791,CUS003998,2024-12-21,Confirmed,Pending,483995
ORD09614,PROJ03090,CUS002402,2025-02-12,Shipped,paid,363276
ORD09615,PROJ01603,CUS003648,2025-01-28,Confirmed,paid,362387
ORD09616,PROJ00157,CUS000868,2024-12-25,confirmed,Paid,208033
ORD09617,PROJ04910,CUS004978,2025-05-10,Cancelled,Partial,469537
ORD09618,PROJ02799,CUS002434,2024-11-07,Delivered,Partial,144458
ORD09619,PROJ01958,CUS004408,2024-11-06,Delivered,paid,69184
ORD09620,PROJ03937,CUS003004,2025-05-01,Shipped,paid,10447
ORD09621,PROJ04824,CUS002990,2024-12-24,confirmed,Paid,320785
ORD09622,PROJ04805,CUS000626,2024-05-05,Shipped,Pending,429697
ORD09623,PROJ01763,CUS000801,2024-11-16,Shipped,Paid,31411
ORD09624,PROJ04180,CUS002742,2025-11-09,Cancelled,Partial,120212
ORD09625,PROJ00547,CUS003819,2024-08-29,Cancelled,Pending,278187
ORD09626,PROJ02313,CUS001296,2025-01-30,Cancelled,Pending,396181
ORD09627,PROJ00687,CUS002241,2025-01-23,confirmed,Pending,291324
ORD09628,PROJ04652,CUS000936,2025-01-16,Confirmed,Paid,402744
ORD09629,PROJ03965,CUS002559,2025-02-12,Shipped,Pending,136785
ORD09630,PROJ01067,CUS002462,2025-07-24,Shipped,Pending,270916
ORD09631,PROJ04744,CUS001135,2025-09-16,Delivered,Paid,457180
ORD09632,PROJ03221,CUS003575,2024-06-25,Shipped,paid,452742
ORD09633,PROJ03450,CUS003836,2024-11-02,Delivered,paid,383571
ORD09634,PROJ02111,CUS001295,2024-07-15,confirmed,Paid,174911
ORD09635,PROJ00767,CUS003008,2025-10-09,Delivered,Pending,468978
ORD09636,PROJ01253,CUS002690,2024-05-21,Confirmed,Paid,43005
ORD09637,PROJ04538,CUS002175,2025-01-01,Shipped,Pending,409693
ORD09638,PROJ01489,CUS001625,2025-07-07,Shipped,Paid,200013
ORD09639,PROJ02488,CUS002116,2025-03-22,Cancelled,Paid,423767
ORD09640,PROJ04456,CUS002799,2024-09-29,Delivered,Partial,274633
ORD09641,PROJ04931,CUS003248,2025-05-07,confirmed,Partial,8862
ORD09642,PROJ04986,CUS003875,2024-09-26,confirmed,Partial,142907
ORD09643,PROJ03700,CUS000336,2025-04-26,Delivered,paid,204352
ORD09644,PROJ04095,CUS002638,2025-01-23,confirmed,Paid,343068
ORD09645,PROJ04450,CUS001389,2024-05-22,confirmed,paid,375385
ORD09646,PROJ01668,CUS004074,2025-02-28,Confirmed,Partial,58865
ORD09647,PROJ03348,CUS000213,2024-09-17,Shipped,Pending,493477
ORD09648,PROJ00334,CUS003860,2025-03-19,Shipped,Partial,215277
ORD09649,PROJ00030,CUS000491,2024-03-05,confirmed,Partial,104374
ORD09650,PROJ03316,CUS001662,2024-08-29,Confirmed,Partial,82344
ORD09651,PROJ01914,CUS002466,2024-12-15,Shipped,Pending,388628
ORD09652,PROJ02120,CUS000400,2025-10-05,Cancelled,Pending,360179
ORD09653,PROJ02263,CUS004324,2024-05-15,Shipped,Pending,320263
ORD09654,PROJ01644,CUS001379,2024-10-18,confirmed,Paid,195481
ORD09655,PROJ01609,CUS001135,2025-09-23,Confirmed,Pending,466005
ORD09656,PROJ00510,CUS002957,2024-12-19,Confirmed,paid,16166
ORD09657,PROJ03489,CUS004064,2024-08-17,Shipped,Partial,41349
ORD09658,PROJ04731,CUS003623,2025-04-02,Delivered,paid,22314
ORD09659,PROJ00679,CUS000338,2025-03-18,Delivered,Pending,134793
ORD09660,PROJ01245,CUS000825,2025-01-16,Cancelled,Pending,84368
ORD09661,PROJ02511,CUS002894,2025-06-13,Shipped,Partial,20603
ORD09662,PROJ02899,CUS002057,2024-10-13,Confirmed,Partial,209460
ORD09663,PROJ04980,CUS001900,2024-11-13,Cancelled,Pending,79738
ORD09664,PROJ02362,CUS001251,2024-09-28,Shipped,paid,217438
ORD09665,PROJ02730,CUS004746,2024-10-14,Cancelled,Pending,418940
ORD09666,PROJ03432,CUS003589,2025-03-13,Shipped,Paid,432351
ORD09667,PROJ00954,CUS001323,2024-09-22,Shipped,Pending,386470
ORD09668,PROJ04575,CUS002899,2025-04-09,Shipped,Paid,321189
ORD09669,PROJ03574,CUS000414,2024-02-13,confirmed,paid,330904
ORD09670,PROJ01789,CUS000452,2024-09-24,Cancelled,Partial,473247
ORD09671,PROJ04370,CUS003803,2024-08-25,Delivered,Paid,287260
ORD09672,PROJ01121,CUS004383,2025-01-14,confirmed,Pending,298092
ORD09673,PROJ02358,CUS003422,2024-09-18,confirmed,Partial,211251
ORD09674,PROJ04033,CUS003514,2025-01-05,Delivered,Partial,104526
ORD09675,PROJ01789,CUS004815,2024-07-05,confirmed,Partial,484329
ORD09676,PROJ01228,CUS002150,2024-05-05,Shipped,paid,166365
ORD09677,PROJ02191,CUS004212,2025-01-08,confirmed,Partial,433416
ORD09678,PROJ02444,CUS003588,2024-08-18,Cancelled,Pending,91922
ORD09679,PROJ02674,CUS004055,2025-02-10,Cancelled,Paid,205624
ORD09680,PROJ03416,CUS004881,2024-02-26,confirmed,Partial,63710
ORD09681,PROJ03709,CUS002498,2025-06-07,Shipped,Partial,422484
ORD09682,PROJ01829,CUS003442,2024-12-21,Confirmed,paid,90778
ORD09683,PROJ03204,CUS002331,2025-02-28,Cancelled,Pending,195634
ORD09684,PROJ04674,CUS002383,2025-02-23,Confirmed,paid,11823
ORD09685,PROJ04074,CUS003880,2024-12-26,Delivered,Partial,338226
ORD09686,PROJ03441,CUS002802,2025-01-26,Shipped,Partial,320690
ORD09687,PROJ03843,CUS003576,2024-12-20,Confirmed,paid,464259
ORD09688,PROJ01336,CUS001463,2024-07-29,Cancelled,Partial,203335
ORD09689,PROJ00386,CUS000475,2025-07-31,Shipped,Paid,406693
ORD09690,PROJ01408,CUS002547,2024-05-19,Shipped,Paid,311421
ORD09691,PROJ04052,CUS001405,2024-02-04,confirmed,Pending,213843
ORD09692,PROJ01415,CUS004651,2025-08-08,Delivered,Pending,267093
ORD09693,PROJ03453,CUS003481,2025-09-04,Shipped,Pending,453439
ORD09694,PROJ00912,CUS000725,2024-08-26,Shipped,paid,76662
ORD09695,PROJ01400,CUS000136,2025-04-15,Confirmed,Paid,119011
ORD09696,PROJ02786,CUS000916,2024-12-19,Delivered,paid,89586
ORD09697,PROJ00731,CUS001446,2024-12-18,Shipped,paid,338382
ORD09698,PROJ01817,CUS000873,2025-07-14,Cancelled,paid,33974
ORD09699,PROJ04610,CUS003181,2025-02-07,confirmed,paid,84764
ORD09700,PROJ03974,CUS002042,2024-10-22,Shipped,Paid,201670
ORD09701,PROJ03139,CUS002690,2024-11-10,Delivered,paid,195944
ORD09702,PROJ01382,CUS002850,2025-03-24,Delivered,Pending,87723
ORD09703,PROJ03197,CUS004359,2024-05-09,Delivered,Paid,331937
ORD09704,PROJ03850,CUS001079,2025-06-04,Cancelled,Pending,74464
ORD09705,PROJ02878,CUS004966,2024-12-30,Delivered,Partial,244091
ORD09706,PROJ03765,CUS002447,2025-01-28,Cancelled,Paid,453121
ORD09707,PROJ01743,CUS000699,2025-08-17,Cancelled,Paid,440509
ORD09708,PROJ02339,CUS003196,2025-01-09,Cancelled,Paid,403892
ORD09709,PROJ02246,CUS004540,2025-01-21,confirmed,Pending,272507
ORD09710,PROJ03072,CUS002924,2024-06-30,confirmed,Partial,150236
ORD09711,PROJ00980,CUS001847,2025-10-15,confirmed,paid,127953
ORD09712,PROJ02793,CUS001340,2024-12-31,Shipped,Pending,27019
ORD09713,PROJ01276,CUS004906,2024-09-30,Confirmed,Partial,247861
ORD09714,PROJ04588,CUS001104,2024-06-06,Delivered,paid,428770
ORD09715,PROJ03521,CUS002778,2024-09-03,confirmed,Pending,356512
ORD09716,PROJ01825,CUS004092,2024-05-29,Delivered,Pending,265918
ORD09717,PROJ03754,CUS003882,2025-02-28,Confirmed,Partial,103596
ORD09718,PROJ03405,CUS002208,2025-03-18,Cancelled,Partial,185627
ORD09719,PROJ00627,CUS002172,2024-09-26,Confirmed,Pending,28008
ORD09720,PROJ00638,CUS004809,2024-04-07,Shipped,paid,173281
ORD09721,PROJ04200,CUS001599,2025-09-10,Delivered,Partial,276074
ORD09722,PROJ01346,CUS002881,2025-04-08,confirmed,Partial,66710
ORD09723,PROJ04148,CUS002285,2024-06-01,confirmed,Partial,455604
ORD09724,PROJ02473,CUS001483,2024-10-22,Cancelled,Partial,493723
ORD09725,PROJ03953,CUS002639,2025-06-16,Confirmed,Pending,205163
ORD09726,PROJ01443,CUS004850,2024-03-30,Cancelled,Paid,395883
ORD09727,PROJ04294,CUS001168,2024-09-20,Confirmed,Pending,307125
ORD09728,PROJ03620,CUS002771,2025-10-26,confirmed,Paid,200715
ORD09729,PROJ04979,CUS004442,2024-11-24,Cancelled,Partial,407715
ORD09730,PROJ03069,CUS003136,2025-03-10,Delivered,paid,179356
ORD09731,PROJ02524,CUS000122,2025-10-09,Delivered,Paid,305010
ORD09732,PROJ02752,CUS003798,2025-02-23,confirmed,Pending,229205
ORD09733,PROJ00707,CUS001758,2024-03-25,Cancelled,Pending,418854
ORD09734,PROJ03879,CUS002473,2024-09-12,Cancelled,Pending,184454
ORD09735,PROJ02213,CUS002389,2024-06-10,Confirmed,Partial,197189
ORD09736,PROJ04562,CUS001536,2025-04-10,Delivered,Paid,345342
ORD09737,PROJ03917,CUS004240,2024-11-15,Confirmed,Partial,362155
ORD09738,PROJ01785,CUS002306,2024-07-31,Shipped,paid,357572
ORD09739,PROJ03904,CUS003070,2025-03-10,Delivered,Partial,322865
ORD09740,PROJ01316,CUS000791,2025-01-27,Confirmed,Pending,122249
ORD09741,PROJ02563,CUS002366,2025-01-06,Confirmed,Paid,165534
ORD09742,PROJ01066,CUS002486,2024-12-15,Confirmed,Partial,80787
ORD09743,PROJ04420,CUS001932,2024-11-22,Confirmed,paid,483801
ORD09744,PROJ04938,CUS000860,2024-04-24,confirmed,paid,425440
ORD09745,PROJ02667,CUS003343,2024-08-24,Confirmed,Pending,345398
ORD09746,PROJ04124,CUS001721,2025-01-15,Shipped,Pending,350039
ORD09747,PROJ01548,CUS003085,2025-02-06,Delivered,Paid,287245
ORD09748,PROJ00378,CUS003081,2024-03-19,Delivered,Paid,244842
ORD09749,PROJ04141,CUS000515,2024-12-28,Confirmed,Pending,424721
ORD09750,PROJ04511,CUS000591,2024-10-18,confirmed,Partial,375621
ORD09751,PROJ01358,CUS003696,2024-08-17,Shipped,Paid,30810
ORD09752,PROJ03788,CUS002173,2024-12-30,Confirmed,Paid,342096
ORD09753,PROJ00187,CUS002095,2025-05-12,Delivered,Paid,359961
ORD09754,PROJ02420,CUS001587,2024-09-21,confirmed,Partial,430154
ORD09755,PROJ00073,CUS002441,2025-03-29,Shipped,Pending,184043
ORD09756,PROJ02767,CUS001014,2024-09-03,Confirmed,Partial,168659
ORD09757,PROJ02987,CUS004625,2024-06-28,Delivered,Partial,315974
ORD09758,PROJ04459,CUS000945,2025-04-09,Confirmed,Paid,95072
ORD09759,PROJ03786,CUS003488,2025-01-17,Confirmed,Paid,425765
ORD09760,PROJ04144,CUS002997,2025-03-16,Shipped,Paid,495140
ORD09761,PROJ00554,CUS000439,2025-01-01,Confirmed,Pending,470098
ORD09762,PROJ01839,CUS004973,2025-09-27,Shipped,Paid,36925
ORD09763,PROJ00092,CUS004860,2024-12-06,Confirmed,Partial,104250
ORD09764,PROJ00022,CUS001349,2024-06-03,Confirmed,Paid,5962
ORD09765,PROJ01018,CUS001078,2025-05-28,Delivered,Paid,432549
ORD09766,PROJ03323,CUS003764,2025-10-10,Shipped,Paid,102194
ORD09767,PROJ00078,CUS000822,2025-01-11,Confirmed,Pending,163010
ORD09768,PROJ02873,CUS002377,2024-02-12,Delivered,Pending,26142
ORD09769,PROJ02632,CUS001843,2025-08-29,Delivered,Partial,466787
ORD09770,PROJ00814,CUS000101,2024-12-21,Shipped,Pending,249100
ORD09771,PROJ00668,CUS003930,2024-09-29,Cancelled,Partial,418092
ORD09772,PROJ03876,CUS000598,2024-12-03,Delivered,paid,311306
ORD09773,PROJ04592,CUS003495,2024-06-25,confirmed,paid,364743
ORD09774,PROJ02211,CUS000863,2025-03-18,Delivered,Pending,317394
ORD09775,PROJ04593,CUS003998,2024-10-12,Delivered,paid,17927
ORD09776,PROJ03520,CUS004654,2024-01-23,Confirmed,Paid,32133
ORD09777,PROJ03761,CUS001390,2024-07-21,Delivered,paid,130365
ORD09778,PROJ03499,CUS002491,2024-11-23,Confirmed,paid,248004
ORD09779,PROJ02924,CUS002625,2024-10-28,Cancelled,Partial,410088
ORD09780,PROJ00349,CUS001825,2024-09-30,Shipped,paid,458770
ORD09781,PROJ01747,CUS000208,2024-02-04,Shipped,Paid,294178
ORD09782,PROJ01025,CUS003216,2024-11-09,confirmed,Partial,147359
ORD09783,PROJ02450,CUS002098,2025-07-12,Confirmed,Partial,157506
ORD09784,PROJ04771,CUS003464,2025-05-28,Cancelled,paid,359543
ORD09785,PROJ00834,CUS001493,2024-05-02,Shipped,Pending,392576
ORD09786,PROJ03989,CUS002761,2024-12-06,Shipped,paid,396744
ORD09787,PROJ04029,CUS001821,2024-11-25,confirmed,Partial,180678
ORD09788,PROJ00483,CUS000070,2024-12-04,Confirmed,paid,419292
ORD09789,PROJ02921,CUS003629,2024-09-24,Cancelled,paid,301339
ORD09790,PROJ03624,CUS001718,2024-10-03,Shipped,Partial,451522
ORD09791,PROJ04550,CUS000305,2024-12-02,Shipped,Pending,338954
ORD09792,PROJ03111,CUS002815,2024-04-26,Shipped,Partial,232913
ORD09793,PROJ00070,CUS002235,2025-06-19,Shipped,Paid,25687
ORD09794,PROJ02239,CUS000194,2024-12-05,Delivered,Pending,193731
ORD09795,PROJ03942,CUS004442,2025-03-09,Shipped,paid,331739
ORD09796,PROJ01480,CUS001523,2024-12-10,Cancelled,Partial,295017
ORD09797,PROJ04143,CUS002434,2024-11-22,confirmed,Paid,134652
ORD09798,PROJ03831,CUS000791,2024-07-10,Delivered,Paid,221570
ORD09799,PROJ03498,CUS004460,2025-01-08,Cancelled,Paid,23743
ORD09800,PROJ02745,CUS000346,2025-02-18,Cancelled,Partial,356327
ORD09801,PROJ03073,CUS000838,2024-10-08,confirmed,Paid,202182
ORD09802,PROJ03461,CUS000112,2025-10-10,Delivered,Pending,137130
ORD09803,PROJ00889,CUS002892,2024-12-27,confirmed,Partial,229393
ORD09804,PROJ02323,CUS002314,2025-07-17,Confirmed,Partial,99344
ORD09805,PROJ03131,CUS002074,2024-08-03,confirmed,paid,422861
ORD09806,PROJ00152,CUS004408,2024-06-03,Confirmed,paid,211119
ORD09807,PROJ01513,CUS001717,2025-06-19,Cancelled,Pending,230131
ORD09808,PROJ01827,CUS001450,2025-09-01,Delivered,Partial,72148
ORD09809,PROJ04893,CUS004152,2025-06-01,confirmed,Partial,149041
ORD09810,PROJ04856,CUS000981,2024-05-17,Shipped,Partial,231860
ORD09811,PROJ00202,CUS003945,2025-02-25,Cancelled,Partial,360244
ORD09812,PROJ01240,CUS000823,2025-01-30,Confirmed,Partial,69116
ORD09813,PROJ01010,CUS004888,2024-10-12,Confirmed,Partial,465383
ORD09814,PROJ01048,CUS002021,2025-03-14,confirmed,Pending,64281
ORD09815,PROJ04975,CUS002085,2024-08-03,Cancelled,paid,189004
ORD09816,PROJ01019,CUS001640,2025-02-10,Confirmed,Partial,109739
ORD09817,PROJ02968,CUS004551,2025-05-28,Confirmed,Partial,449383
ORD09818,PROJ01966,CUS002507,2024-12-19,Cancelled,Partial,470387
ORD09819,PROJ04551,CUS004260,2024-04-29,confirmed,Partial,362983
ORD09820,PROJ02124,CUS003787,2024-11-08,Cancelled,Partial,13404
ORD09821,PROJ00539,CUS000690,2024-12-29,confirmed,Paid,172029
ORD09822,PROJ02428,CUS001787,2024-06-15,confirmed,Paid,22215
ORD09823,PROJ04061,CUS000119,2024-12-29,Confirmed,Pending,474830
ORD09824,PROJ03916,CUS002699,2025-01-28,Cancelled,Pending,210031
ORD09825,PROJ01949,CUS000351,2025-03-12,Delivered,paid,21457
ORD09826,PROJ04621,CUS003434,2025-08-24,confirmed,paid,492764
ORD09827,PROJ00075,CUS002857,2025-05-16,Cancelled,Pending,116460
ORD09828,PROJ01182,CUS001357,2024-10-23,Confirmed,Pending,383440
ORD09829,PROJ04851,CUS003809,2025-01-13,confirmed,Pending,115750
ORD09830,PROJ00935,CUS001599,2024-11-08,Shipped,paid,383842
ORD09831,PROJ03863,CUS001324,2024-02-22,Delivered,Partial,393283
ORD09832,PROJ00756,CUS004483,2024-03-04,Shipped,Paid,378273
ORD09833,PROJ02054,CUS003053,2025-08-26,Shipped,Paid,39467
ORD09834,PROJ04296,CUS001624,2025-05-17,Cancelled,Paid,182548
ORD09835,PROJ02772,CUS003105,2025-06-08,Delivered,Paid,266065
ORD09836,PROJ00427,CUS003006,2025-02-19,Delivered,paid,488371
ORD09837,PROJ04909,CUS000699,2025-05-13,Confirmed,paid,107981
ORD09838,PROJ01670,CUS004960,2024-08-13,confirmed,Paid,251702
ORD09839,PROJ00141,CUS002614,2025-02-07,Delivered,Pending,86255
ORD09840,PROJ00444,CUS002489,2024-10-19,Confirmed,paid,391177
ORD09841,PROJ03880,CUS004411,2024-12-20,Cancelled,Partial,169939
ORD09842,PROJ04996,CUS003558,2025-05-04,Shipped,Partial,21747
ORD09843,PROJ02285,CUS002039,2024-12-12,confirmed,Paid,423615
ORD09844,PROJ04054,CUS001052,2024-11-03,confirmed,paid,265628
ORD09845,PROJ04313,CUS002465,2024-05-24,Delivered,Partial,36419
ORD09846,PROJ02645,CUS002400,2024-03-20,Shipped,paid,398289
ORD09847,PROJ04439,CUS000172,2024-05-19,confirmed,Pending,18547
ORD09848,PROJ02692,CUS001144,2024-10-13,Cancelled,Partial,488273
ORD09849,PROJ02469,CUS003901,2025-03-27,Cancelled,Paid,485146
ORD09850,PROJ01006,CUS001101,2024-06-08,Shipped,paid,67415
ORD09851,PROJ02925,CUS002952,2024-09-30,Delivered,Pending,67466
ORD09852,PROJ03907,CUS000340,2024-12-10,Delivered,Pending,34441
ORD09853,PROJ02238,CUS004972,2024-07-14,Confirmed,Pending,179678
ORD09854,PROJ03611,CUS000729,2024-12-14,Cancelled,Pending,132879
ORD09855,PROJ02485,CUS004533,2025-03-01,Shipped,Partial,319266
ORD09856,PROJ00189,CUS003233,2025-05-04,Cancelled,Partial,492245
ORD09857,PROJ04591,CUS002768,2024-08-25,Delivered,Paid,191158
ORD09858,PROJ04754,CUS003496,2024-12-06,Cancelled,Paid,320701
ORD09859,PROJ03652,CUS001119,2024-08-30,Shipped,Paid,410415
ORD09860,PROJ01394,CUS001273,2024-11-25,Delivered,Pending,42845
ORD09861,PROJ02873,CUS002790,2024-04-30,Cancelled,Partial,429804
ORD09862,PROJ01809,CUS003540,2025-06-05,Cancelled,paid,246955
ORD09863,PROJ03034,CUS002516,2025-05-03,Cancelled,Paid,117567
ORD09864,PROJ02489,CUS004269,2025-01-02,Delivered,Partial,359614
ORD09865,PROJ01572,CUS001733,2024-04-16,Shipped,paid,20802
ORD09866,PROJ01505,CUS004877,2024-06-03,Delivered,Pending,368363
ORD09867,PROJ02483,CUS003897,2024-05-27,confirmed,paid,474889
ORD09868,PROJ00653,CUS001668,2025-01-07,confirmed,Partial,212503
ORD09869,PROJ01863,CUS001641,2025-02-24,confirmed,Pending,394649
ORD09870,PROJ01166,CUS000065,2024-03-01,Shipped,Paid,482370
ORD09871,PROJ03889,CUS001413,2024-08-16,Cancelled,Partial,449614
ORD09872,PROJ00878,CUS003098,2024-07-17,Cancelled,Pending,482976
ORD09873,PROJ01364,CUS004695,2025-07-05,Confirmed,paid,337674
ORD09874,PROJ02537,CUS002171,2024-06-09,confirmed,Pending,420192
ORD09875,PROJ01948,CUS003170,2025-04-01,Cancelled,Pending,79586
ORD09876,PROJ04640,CUS004488,2024-07-21,Delivered,Pending,103197
ORD09877,PROJ04618,CUS003872,2024-02-13,Cancelled,Paid,274331
ORD09878,PROJ04054,CUS004941,2025-03-16,confirmed,Pending,384750
ORD09879,PROJ02103,CUS000369,2025-06-12,Delivered,Partial,10081
ORD09880,PROJ00823,CUS002928,2025-01-14,Delivered,Pending,144607
ORD09881,PROJ01896,CUS002739,2024-12-27,Delivered,Pending,407130
ORD09882,PROJ00742,CUS000593,2024-10-22,Delivered,paid,177605
ORD09883,PROJ03827,CUS003639,2024-03-10,Cancelled,paid,313417
ORD09884,PROJ00540,CUS002445,2024-11-30,Shipped,Partial,353043
ORD09885,PROJ01989,CUS004611,2024-09-04,Confirmed,Pending,50350
ORD09886,PROJ00730,CUS001518,2024-04-11,Delivered,Paid,387805
ORD09887,PROJ04295,CUS000855,2025-03-15,Shipped,paid,301998
ORD09888,PROJ04216,CUS001499,2025-05-27,confirmed,Pending,499751
ORD09889,PROJ00121,CUS003619,2025-04-10,Confirmed,Pending,264666
ORD09890,PROJ03029,CUS004208,2024-04-16,Delivered,Paid,119786
ORD09891,PROJ00430,CUS004242,2024-11-30,Confirmed,Partial,305135
ORD09892,PROJ00566,CUS004306,2024-04-03,Cancelled,Pending,53523
ORD09893,PROJ02468,CUS001829,2025-03-28,Confirmed,Pending,331488
ORD09894,PROJ04048,CUS002865,2024-08-02,Cancelled,Paid,97693
ORD09895,PROJ00660,CUS004419,2024-05-06,Cancelled,paid,210259
ORD09896,PROJ02868,CUS001038,2024-11-04,Shipped,Partial,421132
ORD09897,PROJ02728,CUS002712,2024-11-19,Confirmed,paid,398721
ORD09898,PROJ04347,CUS004752,2024-05-26,Confirmed,Paid,264015
ORD09899,PROJ00171,CUS003255,2024-12-13,Shipped,Paid,439863
ORD09900,PROJ02475,CUS002191,2024-11-07,Shipped,Pending,281630
ORD09901,PROJ04756,CUS002154,2025-01-15,Shipped,Paid,432480
ORD09902,PROJ03536,CUS001877,2025-09-26,Shipped,Paid,375451
ORD09903,PROJ04121,CUS002757,2024-11-30,Shipped,Pending,315592
ORD09904,PROJ00548,CUS002975,2024-11-18,Shipped,Partial,441317
ORD09905,PROJ00617,CUS000707,2025-01-05,Shipped,Paid,100120
ORD09906,PROJ00727,CUS000504,2024-12-13,Shipped,Pending,471496
ORD09907,PROJ04009,CUS000843,2024-11-03,Cancelled,Pending,39661
ORD09908,PROJ04954,CUS002872,2024-06-22,Delivered,paid,186648
ORD09909,PROJ01421,CUS003887,2025-01-27,confirmed,paid,324616
ORD09910,PROJ03824,CUS003328,2025-07-06,Shipped,paid,436510
ORD09911,PROJ02867,CUS002132,2024-08-17,Shipped,Partial,105181
ORD09912,PROJ00129,CUS002916,2024-03-31,Delivered,Paid,203640
ORD09913,PROJ01451,CUS004548,2024-10-09,Shipped,Paid,205899
ORD09914,PROJ00082,CUS003378,2025-01-12,confirmed,Paid,149771
ORD09915,PROJ03921,CUS004103,2024-07-12,Delivered,Partial,453423
ORD09916,PROJ02148,CUS004163,2025-04-09,Cancelled,Partial,209651
ORD09917,PROJ01196,CUS001943,2024-04-21,Delivered,Paid,79938
ORD09918,PROJ04866,CUS002774,2025-07-01,Delivered,Partial,67665
ORD09919,PROJ00352,CUS002606,2024-09-16,Cancelled,Partial,80139
ORD09920,PROJ01750,CUS004495,2024-11-23,confirmed,Partial,170409
ORD09921,PROJ01875,CUS000683,2024-07-18,Confirmed,Pending,379829
ORD09922,PROJ03902,CUS000688,2024-11-13,Confirmed,Pending,365972
ORD09923,PROJ02181,CUS003130,2024-04-22,Shipped,Partial,347245
ORD09924,PROJ02540,CUS002074,2024-06-08,confirmed,Partial,17368
ORD09925,PROJ02191,CUS004871,2024-07-13,Shipped,Paid,386176
ORD09926,PROJ04016,CUS002004,2025-05-07,confirmed,Paid,447913
ORD09927,PROJ01310,CUS000364,2024-07-05,Shipped,Paid,188384
ORD09928,PROJ02540,CUS004023,2024-07-22,confirmed,Partial,458636
ORD09929,PROJ01974,CUS004693,2025-01-02,confirmed,Paid,88298
ORD09930,PROJ00632,CUS003941,2024-11-28,Cancelled,Pending,496782
ORD09931,PROJ03251,CUS000185,2025-03-07,Delivered,Partial,92381
ORD09932,PROJ02444,CUS004781,2025-02-21,Delivered,Paid,168998
ORD09933,PROJ02561,CUS000438,2025-01-15,confirmed,Paid,394963
ORD09934,PROJ02433,CUS000429,2025-04-16,Shipped,Paid,168376
ORD09935,PROJ02714,CUS001809,2025-01-02,Shipped,Paid,26443
ORD09936,PROJ02137,CUS004007,2024-12-24,Confirmed,paid,496899
ORD09937,PROJ01109,CUS000111,2024-10-13,Delivered,Paid,38321
ORD09938,PROJ00877,CUS000935,2025-04-20,Shipped,Pending,86266
ORD09939,PROJ01217,CUS003605,2025-06-18,Cancelled,Pending,340096
ORD09940,PROJ00861,CUS001832,2024-08-25,Cancelled,Pending,277085
ORD09941,PROJ02837,CUS000390,2025-08-25,Shipped,Partial,277649
ORD09942,PROJ01957,CUS004405,2024-12-22,Delivered,Pending,485779
ORD09943,PROJ01076,CUS001131,2024-04-30,Cancelled,Pending,167425
ORD09944,PROJ04125,CUS004537,2024-09-16,Cancelled,Paid,230984
ORD09945,PROJ03674,CUS000198,2024-06-22,Shipped,Pending,277952
ORD09946,PROJ02290,CUS003495,2024-09-26,Delivered,Paid,165737
ORD09947,PROJ02568,CUS003363,2024-10-07,Confirmed,Paid,288344
ORD09948,PROJ01159,CUS002795,2025-02-18,Shipped,paid,218826
ORD09949,PROJ01307,CUS003406,2024-08-24,Confirmed,Pending,155126
ORD09950,PROJ01707,CUS003397,2025-01-24,Delivered,Paid,278522
ORD09951,PROJ01187,CUS001462,2025-10-08,Cancelled,paid,6700
ORD09952,PROJ03358,CUS003485,2025-03-03,Cancelled,paid,196250
ORD09953,PROJ02922,CUS001695,2024-10-27,Cancelled,Pending,385025
ORD09954,PROJ04309,CUS003591,2025-08-01,Cancelled,Pending,258054
ORD09955,PROJ00380,CUS004267,2024-08-25,Delivered,Partial,163151
ORD09956,PROJ01233,CUS001271,2024-11-25,Confirmed,Partial,323466
ORD09957,PROJ01190,CUS003698,2024-10-29,Confirmed,paid,40787
ORD09958,PROJ04030,CUS004286,2024-07-11,confirmed,paid,261503
ORD09959,PROJ04006,CUS002721,2024-09-18,Cancelled,paid,346896
ORD09960,PROJ01784,CUS000171,2024-12-28,Confirmed,paid,272201
ORD09961,PROJ00999,CUS001532,2024-12-17,confirmed,paid,494595
ORD09962,PROJ00119,CUS000549,2025-01-12,Cancelled,Pending,428605
ORD09963,PROJ03573,CUS004533,2025-03-17,Delivered,Partial,439761
ORD09964,PROJ04248,CUS004599,2025-02-22,Delivered,Paid,481032
ORD09965,PROJ01956,CUS001138,2025-03-23,confirmed,paid,163213
ORD09966,PROJ00339,CUS001582,2025-04-06,Cancelled,Pending,309931
ORD09967,PROJ03368,CUS003285,2025-05-22,Cancelled,Paid,250059
ORD09968,PROJ02231,CUS001861,2024-12-23,Confirmed,paid,246785
ORD09969,PROJ01912,CUS004748,2024-04-18,confirmed,paid,122269
ORD09970,PROJ02928,CUS004125,2024-06-03,Shipped,paid,289538
ORD09971,PROJ04642,CUS001923,2025-01-03,Delivered,Pending,467820
ORD09972,PROJ04610,CUS000395,2025-07-18,Cancelled,Partial,216375
ORD09973,PROJ01977,CUS003023,2024-07-27,Cancelled,Partial,333184
ORD09974,PROJ03979,CUS001939,2024-12-11,Shipped,Pending,25231
ORD09975,PROJ00386,CUS003112,2025-01-23,Confirmed,paid,488801
ORD09976,PROJ04096,CUS003962,2024-11-03,Cancelled,paid,415876
ORD09977,PROJ00866,CUS000001,2024-02-22,Cancelled,Partial,396945
ORD09978,PROJ02224,CUS004015,2025-02-22,Confirmed,Pending,293882
ORD09979,PROJ00410,CUS002735,2024-12-30,confirmed,Partial,213864
ORD09980,PROJ04717,CUS001587,2024-11-30,Delivered,paid,112161
ORD09981,PROJ00749,CUS001918,2024-04-28,Cancelled,paid,498172
ORD09982,PROJ04886,CUS002517,2025-01-28,Delivered,Partial,284403
ORD09983,PROJ00969,CUS000842,2024-10-17,confirmed,Pending,495140
ORD09984,PROJ04556,CUS002232,2024-12-06,confirmed,Paid,93041
ORD09985,PROJ03643,CUS004278,2025-02-24,Confirmed,Partial,373693
ORD09986,PROJ03669,CUS000139,2025-02-04,confirmed,paid,47009
ORD09987,PROJ03918,CUS004920,2024-11-21,Confirmed,Partial,172846
ORD09988,PROJ01648,CUS003333,2025-06-04,Shipped,Paid,168678
ORD09989,PROJ04406,CUS002482,2024-12-23,Shipped,Pending,433859
ORD09990,PROJ00578,CUS000529,2024-09-11,Confirmed,Pending,146556
ORD09991,PROJ00505,CUS002488,2024-03-31,Shipped,Paid,186902
ORD09992,PROJ04595,CUS002183,2025-04-19,confirmed,paid,230813
ORD09993,PROJ03569,CUS003829,2025-01-28,Confirmed,paid,331251
ORD09994,PROJ02540,CUS004314,2024-06-16,Cancelled,Partial,493293
ORD09995,PROJ04646,CUS001472,2025-04-19,Cancelled,Pending,326354
ORD09996,PROJ01506,CUS002425,2024-04-02,Cancelled,Partial,395686
ORD09997,PROJ04504,CUS004217,2024-08-18,Shipped,paid,322385
ORD09998,PROJ03878,CUS004805,2024-07-20,Confirmed,Paid,381737
ORD09999,PROJ03742,CUS000153,2025-03-30,Delivered,paid,27605
ORD10000,PROJ04559,CUS000862,2025-02-03,Shipped,Partial,195858
