payment_id,order_id,payment_date,payment_method,amount_paid,payment_status
PAY00001,ORD07511,20-09-2025,Debit Card,109760,Paid
PAY00002,ORD01501,18-11-2025,UPI,309926,Partial
PAY00003,ORD08077,26-03-2025,UPI,439149,Partial
PAY00004,ORD05367,09-10-2025,Debit Card,217609,Pending
PAY00005,ORD07892,04-10-2025,UPI,288317,Paid
PAY00006,ORD07647,02-12-2025,Cash,230050,Pending
PAY00007,ORD04101,20-10-2025,Credit Card,229354,Pending
PAY00008,ORD09184,26-11-2025,Bank Transfer,36076,Pending
PAY00009,ORD01017,10-10-2025,Cash,459266,Paid
PAY00010,ORD04968,07-05-2025,Credit Card,406842,Partial
PAY00011,ORD08393,07-02-2025,UPI,131766,paid
PAY00012,ORD00978,11-09-2025,Bank Transfer,470505,paid
PAY00013,ORD01958,20-02-2025,Debit Card,399986,Pending
PAY00014,ORD05690,20-10-2025,Debit Card,471893,Pending
PAY00015,ORD00550,18-03-2025,Debit Card,382900,Paid
PAY00016,ORD04559,24-11-2025,Bank Transfer,470677,Pending
PAY00017,ORD09738,26-02-2025,Cash,351417,Partial
PAY00018,ORD01613,12-07-2025,Credit Card,205921,Paid
PAY00019,ORD05820,12-11-2025,Debit Card,244547,Partial
PAY00020,ORD04991,07-10-2025,Credit Card,115835,Partial
PAY00021,ORD01047,14-01-2025,Cash,66734,Paid
PAY00022,ORD05651,04-03-2025,Debit Card,67341,paid
PAY00023,ORD04724,02-10-2025,Debit Card,220947,Partial
PAY00024,ORD02386,15-12-2025,Credit Card,41534,Partial
PAY00025,ORD09232,15-09-2025,Credit Card,418932,paid
PAY00026,ORD07465,24-02-2025,Credit Card,309952,paid
PAY00027,ORD05590,11-12-2025,Cash,337705,Pending
PAY00028,ORD06221,06-05-2025,Debit Card,24383,Paid
PAY00029,ORD05660,26-03-2025,Cash,186494,Partial
PAY00030,ORD06341,10-02-2025,Debit Card,384219,Pending
PAY00031,ORD09699,13-12-2025,Credit Card,6760,paid
PAY00032,ORD03820,11-05-2025,Bank Transfer,221608,paid
PAY00033,ORD02156,21-06-2025,Credit Card,403598,Pending
PAY00034,ORD04718,09-12-2025,Credit Card,21455,Pending
PAY00035,ORD09364,24-06-2025,Credit Card,400078,Pending
PAY00036,ORD00132,25-09-2025,Cash,315794,Paid
PAY00037,ORD09364,17-02-2025,Cash,222931,Pending
PAY00038,ORD06891,04-08-2025,Debit Card,35063,paid
PAY00039,ORD09034,17-03-2025,Debit Card,140030,Paid
PAY00040,ORD03373,10-12-2025,UPI,218779,paid
PAY00041,ORD09095,04-06-2025,Bank Transfer,367181,Pending
PAY00042,ORD08743,17-12-2025,Bank Transfer,424937,Partial
PAY00043,ORD07342,14-03-2025,UPI,499940,Paid
PAY00044,ORD05588,11-02-2025,UPI,350448,paid
PAY00045,ORD08329,24-10-2025,Cash,248284,Partial
PAY00046,ORD04268,11-11-2025,Credit Card,473466,Paid
PAY00047,ORD05321,06-11-2025,Debit Card,202623,Paid
PAY00048,ORD02610,25-04-2025,Bank Transfer,29073,Partial
PAY00049,ORD01687,23-07-2025,Bank Transfer,449253,Partial
PAY00050,ORD03511,25-12-2025,Cash,320752,Pending
PAY00051,ORD03244,24-03-2025,Bank Transfer,363520,Pending
PAY00052,ORD03562,04-04-2025,Credit Card,222260,Paid
PAY00053,ORD05000,28-05-2025,Debit Card,36128,paid
PAY00054,ORD04305,15-08-2025,UPI,471622,Partial
PAY00055,ORD06977,21-05-2025,Credit Card,350914,Paid
PAY00056,ORD08767,01-12-2025,Bank Transfer,6054,Partial
PAY00057,ORD03943,04-07-2025,UPI,115972,Paid
PAY00058,ORD03268,11-06-2025,Bank Transfer,371968,Pending
PAY00059,ORD01132,06-06-2025,Credit Card,12044,paid
PAY00060,ORD02462,14-07-2025,Credit Card,37529,Paid
PAY00061,ORD01637,17-09-2025,Bank Transfer,466086,Partial
PAY00062,ORD04512,28-07-2025,Bank Transfer,481819,paid
PAY00063,ORD03796,26-08-2025,Cash,411256,paid
PAY00064,ORD06297,15-01-2025,Cash,213096,Paid
PAY00065,ORD02109,02-06-2025,Credit Card,109929,Pending
PAY00066,ORD02346,18-03-2025,Credit Card,50296,Paid
PAY00067,ORD02842,11-04-2025,Credit Card,64913,Partial
PAY00068,ORD03767,26-12-2025,Cash,186644,Paid
PAY00069,ORD06582,20-05-2025,Credit Card,335582,Paid
PAY00070,ORD03212,20-11-2025,Cash,350806,paid
PAY00071,ORD03980,05-04-2025,Cash,362615,paid
PAY00072,ORD00748,06-05-2025,UPI,219147,Partial
PAY00073,ORD04196,01-10-2025,UPI,153127,Paid
PAY00074,ORD06702,02-10-2025,Debit Card,442849,paid
PAY00075,ORD08791,25-11-2025,Cash,333588,Pending
PAY00076,ORD09061,15-11-2025,Bank Transfer,217532,Pending
PAY00077,ORD00763,06-01-2025,Debit Card,59432,paid
PAY00078,ORD00006,24-04-2025,Debit Card,339487,Paid
PAY00079,ORD09513,03-01-2025,Debit Card,249113,Paid
PAY00080,ORD03893,25-04-2025,UPI,426910,Paid
PAY00081,ORD05967,21-08-2025,Bank Transfer,7376,Pending
PAY00082,ORD04131,15-11-2025,Credit Card,130379,paid
PAY00083,ORD08632,25-04-2025,Credit Card,52094,Pending
PAY00084,ORD04733,11-07-2025,Debit Card,365644,paid
PAY00085,ORD01612,24-11-2025,Debit Card,450632,paid
PAY00086,ORD04890,12-12-2025,UPI,15537,Partial
PAY00087,ORD06955,18-05-2025,UPI,319100,Partial
PAY00088,ORD00165,09-11-2025,Debit Card,218472,paid
PAY00089,ORD07657,23-02-2025,UPI,258623,Pending
PAY00090,ORD01528,24-04-2025,Credit Card,104954,paid
PAY00091,ORD03599,19-06-2025,Debit Card,356090,Pending
PAY00092,ORD02294,21-01-2025,Cash,117030,Pending
PAY00093,ORD05620,03-08-2025,Bank Transfer,125297,Pending
PAY00094,ORD08368,23-12-2025,Cash,287645,Paid
PAY00095,ORD04896,06-11-2025,Cash,425390,Pending
PAY00096,ORD02993,24-08-2025,Debit Card,483125,Paid
PAY00097,ORD05776,07-02-2025,Debit Card,354447,Pending
PAY00098,ORD05370,25-02-2025,Cash,335541,paid
PAY00099,ORD07703,05-10-2025,Credit Card,30964,Pending
PAY00100,ORD05334,12-11-2025,Credit Card,310046,Paid
PAY00101,ORD00828,07-07-2025,Debit Card,8425,Paid
PAY00102,ORD07888,12-04-2025,Cash,404853,Partial
PAY00103,ORD02194,12-06-2025,UPI,165639,Pending
PAY00104,ORD09895,13-08-2025,UPI,87219,Pending
PAY00105,ORD03989,03-02-2025,Cash,214880,Pending
PAY00106,ORD04263,01-02-2025,Credit Card,451859,Partial
PAY00107,ORD08842,23-03-2025,Credit Card,333383,Paid
PAY00108,ORD04126,22-11-2025,Bank Transfer,401786,Partial
PAY00109,ORD01128,23-01-2025,Credit Card,98328,paid
PAY00110,ORD01020,12-06-2025,Debit Card,341733,Paid
PAY00111,ORD07619,06-02-2025,Credit Card,142124,Paid
PAY00112,ORD03948,01-03-2025,Bank Transfer,47515,paid
PAY00113,ORD02772,06-10-2025,Bank Transfer,276383,paid
PAY00114,ORD01615,09-10-2025,Bank Transfer,48705,Partial
PAY00115,ORD09102,11-01-2025,Debit Card,454092,Pending
PAY00116,ORD06049,11-01-2025,Cash,337829,Partial
PAY00117,ORD01903,19-09-2025,Cash,408456,Pending
PAY00118,ORD05027,15-10-2025,Debit Card,287409,paid
PAY00119,ORD06563,12-04-2025,UPI,479187,Paid
PAY00120,ORD08100,18-04-2025,Cash,17163,Partial
PAY00121,ORD06371,19-11-2025,Bank Transfer,50395,paid
PAY00122,ORD09862,14-04-2025,Debit Card,78811,Partial
PAY00123,ORD09931,13-07-2025,Debit Card,17362,Partial
PAY00124,ORD07527,11-05-2025,UPI,64018,Partial
PAY00125,ORD00576,11-11-2025,Cash,396739,Paid
PAY00126,ORD01020,27-07-2025,Cash,356914,Partial
PAY00127,ORD00036,28-04-2025,Bank Transfer,480324,Partial
PAY00128,ORD08094,28-09-2025,Debit Card,292024,Paid
PAY00129,ORD00806,19-10-2025,Cash,196474,Pending
PAY00130,ORD08750,11-09-2025,UPI,327417,Partial
PAY00131,ORD02658,13-06-2025,Credit Card,466001,Paid
PAY00132,ORD04148,13-09-2025,Bank Transfer,320054,Paid
PAY00133,ORD03955,17-05-2025,Credit Card,95844,paid
PAY00134,ORD05606,26-01-2025,UPI,492662,Partial
PAY00135,ORD03270,01-09-2025,Bank Transfer,185147,Partial
PAY00136,ORD03714,01-01-2025,Debit Card,31224,Pending
PAY00137,ORD04934,11-05-2025,Debit Card,5749,Pending
PAY00138,ORD02473,27-09-2025,Debit Card,298150,Pending
PAY00139,ORD04745,22-02-2025,Credit Card,342720,Paid
PAY00140,ORD09835,03-08-2025,Debit Card,391355,Paid
PAY00141,ORD09301,22-07-2025,Cash,300362,Paid
PAY00142,ORD04936,20-09-2025,Bank Transfer,113115,Paid
PAY00143,ORD09904,23-12-2025,Bank Transfer,445888,paid
PAY00144,ORD01960,14-10-2025,UPI,194306,Pending
PAY00145,ORD09899,05-02-2025,Credit Card,366919,paid
PAY00146,ORD05418,15-11-2025,Credit Card,417777,paid
PAY00147,ORD08004,12-09-2025,Cash,303665,Paid
PAY00148,ORD09932,21-10-2025,Cash,258872,Paid
PAY00149,ORD02031,03-11-2025,Debit Card,203001,Partial
PAY00150,ORD04628,14-10-2025,Debit Card,33800,paid
PAY00151,ORD04415,11-08-2025,Cash,323964,Partial
PAY00152,ORD07902,01-03-2025,Bank Transfer,289799,Paid
PAY00153,ORD04165,16-07-2025,Credit Card,289365,Partial
PAY00154,ORD01145,03-10-2025,Debit Card,344390,Pending
PAY00155,ORD01021,05-08-2025,Credit Card,320394,paid
PAY00156,ORD07863,08-12-2025,Debit Card,394547,Partial
PAY00157,ORD04843,10-04-2025,Credit Card,349894,Pending
PAY00158,ORD06939,15-01-2025,Debit Card,343411,Paid
PAY00159,ORD06571,25-03-2025,Credit Card,377230,paid
PAY00160,ORD05127,20-01-2025,Debit Card,225512,Paid
PAY00161,ORD09755,22-10-2025,Bank Transfer,47918,paid
PAY00162,ORD00540,28-10-2025,Debit Card,482869,Partial
PAY00163,ORD00895,12-07-2025,Credit Card,300186,Partial
PAY00164,ORD09676,22-06-2025,UPI,298448,Paid
PAY00165,ORD01753,25-11-2025,Cash,245668,paid
PAY00166,ORD08749,20-09-2025,Cash,43139,paid
PAY00167,ORD08178,16-09-2025,Credit Card,347698,Paid
PAY00168,ORD04712,12-09-2025,Cash,224488,Partial
PAY00169,ORD01268,15-08-2025,Debit Card,454581,Partial
PAY00170,ORD08409,13-08-2025,Credit Card,118962,paid
PAY00171,ORD04877,01-09-2025,Credit Card,446118,paid
PAY00172,ORD07871,20-12-2025,Credit Card,283192,Partial
PAY00173,ORD07096,10-01-2025,UPI,306558,Pending
PAY00174,ORD00135,09-05-2025,Debit Card,189541,Paid
PAY00175,ORD09321,05-05-2025,Bank Transfer,7588,Paid
PAY00176,ORD06710,21-09-2025,Debit Card,354957,Paid
PAY00177,ORD08703,15-07-2025,UPI,339328,Paid
PAY00178,ORD03094,13-08-2025,Debit Card,252422,Partial
PAY00179,ORD06478,07-01-2025,Cash,247365,Paid
PAY00180,ORD07446,27-08-2025,Credit Card,107864,Paid
PAY00181,ORD05541,10-06-2025,Bank Transfer,298300,Paid
PAY00182,ORD09247,12-05-2025,Credit Card,83035,Partial
PAY00183,ORD08475,07-06-2025,UPI,100838,Paid
PAY00184,ORD08742,14-12-2025,Credit Card,198968,Pending
PAY00185,ORD00402,02-09-2025,Debit Card,41270,Partial
PAY00186,ORD06949,06-04-2025,Cash,42152,Partial
PAY00187,ORD03940,18-11-2025,Credit Card,453847,Partial
PAY00188,ORD09463,02-10-2025,Bank Transfer,142162,Partial
PAY00189,ORD07560,22-09-2025,Bank Transfer,21985,Paid
PAY00190,ORD09888,07-10-2025,Cash,368421,Pending
PAY00191,ORD03946,08-02-2025,Credit Card,52885,paid
PAY00192,ORD00255,26-03-2025,UPI,160979,Paid
PAY00193,ORD01983,10-10-2025,Debit Card,356782,Pending
PAY00194,ORD08229,25-04-2025,Debit Card,169882,Partial
PAY00195,ORD00441,21-11-2025,Bank Transfer,451564,paid
PAY00196,ORD09410,06-11-2025,Cash,11238,paid
PAY00197,ORD03760,11-03-2025,UPI,143530,paid
PAY00198,ORD03068,09-05-2025,UPI,18885,Partial
PAY00199,ORD04443,15-02-2025,Cash,116769,Paid
PAY00200,ORD08126,07-10-2025,Bank Transfer,370127,Pending
PAY00201,ORD09227,28-06-2025,Credit Card,131909,Pending
PAY00202,ORD01444,22-09-2025,UPI,263450,Pending
PAY00203,ORD08762,01-07-2025,Bank Transfer,344530,paid
PAY00204,ORD05144,01-08-2025,Credit Card,478511,Partial
PAY00205,ORD03857,11-04-2025,Bank Transfer,75420,paid
PAY00206,ORD07185,21-04-2025,UPI,279111,Partial
PAY00207,ORD04541,17-09-2025,Debit Card,499950,Paid
PAY00208,ORD03121,03-11-2025,Bank Transfer,260546,Pending
PAY00209,ORD09491,23-06-2025,Cash,401647,Paid
PAY00210,ORD06532,10-03-2025,Bank Transfer,383189,Pending
PAY00211,ORD04755,27-07-2025,Bank Transfer,266410,Partial
PAY00212,ORD07510,23-03-2025,UPI,475242,paid
PAY00213,ORD00957,12-12-2025,Debit Card,127178,Paid
PAY00214,ORD06748,12-04-2025,UPI,349761,Pending
PAY00215,ORD04900,16-06-2025,UPI,228746,Paid
PAY00216,ORD01974,19-09-2025,Cash,263618,Paid
PAY00217,ORD02092,14-11-2025,Cash,168411,Pending
PAY00218,ORD06901,09-11-2025,UPI,307890,Paid
PAY00219,ORD03111,27-04-2025,Bank Transfer,401244,Pending
PAY00220,ORD06585,15-01-2025,UPI,412990,Pending
PAY00221,ORD06431,11-01-2025,Credit Card,30628,Paid
PAY00222,ORD08850,26-09-2025,UPI,66196,Paid
PAY00223,ORD05706,21-04-2025,Cash,352679,paid
PAY00224,ORD08883,05-04-2025,Bank Transfer,380361,Partial
PAY00225,ORD08069,26-01-2025,Credit Card,241992,Paid
PAY00226,ORD07076,20-10-2025,Credit Card,51006,paid
PAY00227,ORD08138,27-09-2025,UPI,300965,Pending
PAY00228,ORD03824,23-05-2025,Bank Transfer,375845,Pending
PAY00229,ORD09508,17-06-2025,Debit Card,104000,Pending
PAY00230,ORD08078,19-02-2025,Bank Transfer,260878,Partial
PAY00231,ORD00546,25-01-2025,Cash,179184,Partial
PAY00232,ORD09634,21-08-2025,Credit Card,107552,Partial
PAY00233,ORD06000,01-08-2025,UPI,416912,paid
PAY00234,ORD07070,11-05-2025,Credit Card,368086,paid
PAY00235,ORD03724,17-09-2025,Cash,497101,paid
PAY00236,ORD02780,11-05-2025,Cash,131438,Partial
PAY00237,ORD09903,20-08-2025,Cash,95363,Partial
PAY00238,ORD08755,06-04-2025,Debit Card,154462,Pending
PAY00239,ORD07763,23-04-2025,UPI,304957,Pending
PAY00240,ORD06332,24-10-2025,Debit Card,437006,Paid
PAY00241,ORD02638,02-01-2025,Bank Transfer,85035,Paid
PAY00242,ORD09627,28-09-2025,Bank Transfer,11771,Partial
PAY00243,ORD08148,19-08-2025,Debit Card,200952,Pending
PAY00244,ORD06271,22-12-2025,Debit Card,196584,paid
PAY00245,ORD05585,22-07-2025,Credit Card,276463,Partial
PAY00246,ORD09735,04-12-2025,Credit Card,51110,Pending
PAY00247,ORD04686,20-06-2025,Debit Card,202740,paid
PAY00248,ORD07181,16-02-2025,Cash,352792,paid
PAY00249,ORD07352,12-01-2025,Cash,6151,paid
PAY00250,ORD08809,20-05-2025,Credit Card,101347,Paid
PAY00251,ORD06121,28-04-2025,Bank Transfer,346989,Paid
PAY00252,ORD03214,13-07-2025,UPI,267129,Pending
PAY00253,ORD02277,23-04-2025,Debit Card,366986,Paid
PAY00254,ORD03017,24-02-2025,Bank Transfer,50332,Partial
PAY00255,ORD01220,09-02-2025,Debit Card,127118,Pending
PAY00256,ORD04482,19-05-2025,Bank Transfer,199217,Partial
PAY00257,ORD03548,17-03-2025,Bank Transfer,92050,Pending
PAY00258,ORD09302,19-05-2025,UPI,10531,Pending
PAY00259,ORD06275,25-03-2025,UPI,244619,Partial
PAY00260,ORD06996,15-07-2025,Cash,455631,paid
PAY00261,ORD05202,09-05-2025,Debit Card,94125,Partial
PAY00262,ORD03827,20-10-2025,Bank Transfer,311239,paid
PAY00263,ORD07839,16-02-2025,UPI,10263,Pending
PAY00264,ORD01078,24-07-2025,Credit Card,97682,Partial
PAY00265,ORD06958,14-05-2025,Bank Transfer,77834,Pending
PAY00266,ORD04306,27-01-2025,Debit Card,172089,paid
PAY00267,ORD03392,12-12-2025,Credit Card,247802,paid
PAY00268,ORD01567,17-05-2025,Debit Card,400945,Paid
PAY00269,ORD07912,10-05-2025,UPI,114507,Paid
PAY00270,ORD09282,02-09-2025,Cash,112019,Paid
PAY00271,ORD01780,09-10-2025,Bank Transfer,380217,Paid
PAY00272,ORD05758,25-11-2025,Bank Transfer,401513,Paid
PAY00273,ORD04869,02-06-2025,Debit Card,10699,Paid
PAY00274,ORD07973,14-02-2025,UPI,99304,paid
PAY00275,ORD06813,21-09-2025,UPI,394338,paid
PAY00276,ORD01509,21-04-2025,Debit Card,151231,Partial
PAY00277,ORD00902,28-08-2025,Bank Transfer,110976,Pending
PAY00278,ORD06212,10-12-2025,Cash,17257,Paid
PAY00279,ORD07204,09-05-2025,Cash,164601,paid
PAY00280,ORD05524,22-01-2025,UPI,480633,Partial
PAY00281,ORD05861,14-12-2025,Debit Card,64039,Paid
PAY00282,ORD05530,03-01-2025,Bank Transfer,50733,Paid
PAY00283,ORD05043,12-06-2025,Bank Transfer,97268,Paid
PAY00284,ORD08327,11-02-2025,Debit Card,152559,Paid
PAY00285,ORD03560,26-09-2025,Debit Card,309807,Partial
PAY00286,ORD08293,28-01-2025,UPI,206028,Partial
PAY00287,ORD00328,04-09-2025,Bank Transfer,402232,Pending
PAY00288,ORD07420,14-04-2025,Debit Card,152599,Pending
PAY00289,ORD04140,02-05-2025,Debit Card,228361,paid
PAY00290,ORD06974,10-06-2025,Credit Card,295702,Partial
PAY00291,ORD07491,12-05-2025,Bank Transfer,438410,Pending
PAY00292,ORD07144,19-09-2025,UPI,409390,Pending
PAY00293,ORD08207,05-12-2025,Cash,495070,paid
PAY00294,ORD00230,07-02-2025,Bank Transfer,350946,Partial
PAY00295,ORD00785,28-06-2025,Bank Transfer,414151,Pending
PAY00296,ORD05841,07-01-2025,Credit Card,177604,Partial
PAY00297,ORD00201,24-04-2025,UPI,161031,Paid
PAY00298,ORD02284,14-01-2025,Bank Transfer,26800,paid
PAY00299,ORD00539,03-12-2025,Bank Transfer,211983,Pending
PAY00300,ORD06527,06-08-2025,Cash,58980,Paid
PAY00301,ORD07789,16-01-2025,Cash,475885,Partial
PAY00302,ORD01835,11-10-2025,Bank Transfer,394309,Paid
PAY00303,ORD06089,18-12-2025,Cash,124165,Partial
PAY00304,ORD00508,26-08-2025,Debit Card,128645,paid
PAY00305,ORD07518,23-01-2025,Debit Card,433793,Paid
PAY00306,ORD02101,01-10-2025,Cash,16892,Pending
PAY00307,ORD03169,24-01-2025,UPI,307673,Paid
PAY00308,ORD08946,25-03-2025,Cash,81757,Paid
PAY00309,ORD04914,14-11-2025,UPI,88693,Partial
PAY00310,ORD03178,19-11-2025,Debit Card,443603,Partial
PAY00311,ORD03239,19-04-2025,Bank Transfer,299238,paid
PAY00312,ORD06890,08-09-2025,Credit Card,400792,Pending
PAY00313,ORD09407,09-06-2025,Bank Transfer,327485,Paid
PAY00314,ORD02269,06-07-2025,Bank Transfer,304465,Partial
PAY00315,ORD02594,22-02-2025,Cash,140564,Pending
PAY00316,ORD03730,04-10-2025,Credit Card,248096,paid
PAY00317,ORD05716,21-09-2025,UPI,409365,Paid
PAY00318,ORD05609,07-03-2025,Debit Card,104792,Pending
PAY00319,ORD01105,03-04-2025,Cash,355031,Partial
PAY00320,ORD07872,20-09-2025,UPI,328724,Pending
PAY00321,ORD06068,28-01-2025,Debit Card,405792,paid
PAY00322,ORD00443,14-04-2025,Credit Card,410116,paid
PAY00323,ORD08330,07-08-2025,UPI,147504,Paid
PAY00324,ORD02852,27-04-2025,Cash,92936,Paid
PAY00325,ORD08029,11-01-2025,Debit Card,380747,paid
PAY00326,ORD04246,12-04-2025,Cash,123795,paid
PAY00327,ORD05048,19-12-2025,Credit Card,425650,Paid
PAY00328,ORD08096,03-12-2025,Credit Card,270582,Pending
PAY00329,ORD06401,22-05-2025,Credit Card,16450,Pending
PAY00330,ORD08672,25-11-2025,Bank Transfer,177141,Paid
PAY00331,ORD03785,26-03-2025,UPI,359888,Partial
PAY00332,ORD02559,01-03-2025,Bank Transfer,54008,Paid
PAY00333,ORD08063,23-10-2025,Cash,494951,Partial
PAY00334,ORD02941,06-10-2025,Cash,260064,Pending
PAY00335,ORD04775,22-03-2025,Debit Card,368972,paid
PAY00336,ORD06970,03-07-2025,UPI,422823,Pending
PAY00337,ORD02393,28-07-2025,Debit Card,395357,Pending
PAY00338,ORD05509,15-10-2025,Credit Card,430584,Paid
PAY00339,ORD00164,13-04-2025,Bank Transfer,202467,paid
PAY00340,ORD08784,17-07-2025,Cash,125643,Paid
PAY00341,ORD01866,19-01-2025,Bank Transfer,112748,Partial
PAY00342,ORD02299,15-05-2025,Debit Card,453480,Paid
PAY00343,ORD00272,02-06-2025,Bank Transfer,335231,Pending
PAY00344,ORD09109,03-11-2025,Cash,296998,Partial
PAY00345,ORD03368,21-05-2025,Bank Transfer,92567,Paid
PAY00346,ORD04045,25-09-2025,Bank Transfer,85518,Paid
PAY00347,ORD00836,26-05-2025,Bank Transfer,228222,Pending
PAY00348,ORD07882,08-06-2025,Bank Transfer,317560,Pending
PAY00349,ORD01127,02-05-2025,Cash,388987,Paid
PAY00350,ORD01509,13-03-2025,Cash,463455,Paid
PAY00351,ORD05124,23-08-2025,Debit Card,134370,paid
PAY00352,ORD07053,16-11-2025,UPI,285194,Pending
PAY00353,ORD07039,18-02-2025,Bank Transfer,427728,Partial
PAY00354,ORD00426,10-01-2025,Bank Transfer,106153,Partial
PAY00355,ORD04081,17-10-2025,Cash,240699,Partial
PAY00356,ORD05132,24-08-2025,Cash,498768,Paid
PAY00357,ORD09836,05-11-2025,Bank Transfer,22175,Paid
PAY00358,ORD00980,24-12-2025,Credit Card,310767,Partial
PAY00359,ORD03627,17-09-2025,UPI,464505,paid
PAY00360,ORD04303,03-07-2025,Credit Card,297286,Pending
PAY00361,ORD08338,15-10-2025,Credit Card,143101,Partial
PAY00362,ORD05956,26-06-2025,Debit Card,206267,Partial
PAY00363,ORD02817,04-07-2025,Credit Card,454446,Partial
PAY00364,ORD05408,04-12-2025,Cash,197908,Pending
PAY00365,ORD06096,09-12-2025,Credit Card,414460,Partial
PAY00366,ORD08969,25-03-2025,UPI,458133,Paid
PAY00367,ORD04034,25-06-2025,Cash,297930,Paid
PAY00368,ORD08615,10-07-2025,Cash,426876,paid
PAY00369,ORD09968,17-09-2025,Cash,58385,Paid
PAY00370,ORD04619,15-02-2025,UPI,442385,Partial
PAY00371,ORD06017,24-05-2025,Bank Transfer,386607,Partial
PAY00372,ORD02922,06-02-2025,Credit Card,389861,paid
PAY00373,ORD02281,15-05-2025,UPI,139686,Partial
PAY00374,ORD01605,19-07-2025,Debit Card,92676,Partial
PAY00375,ORD05792,13-12-2025,Cash,367425,Partial
PAY00376,ORD07641,19-12-2025,UPI,396636,Partial
PAY00377,ORD06513,12-09-2025,Cash,86837,Partial
PAY00378,ORD00478,02-02-2025,Credit Card,450165,Pending
PAY00379,ORD05000,14-02-2025,Bank Transfer,313761,Pending
PAY00380,ORD05120,24-10-2025,UPI,230501,Pending
PAY00381,ORD07553,26-07-2025,Debit Card,475199,Pending
PAY00382,ORD04664,13-12-2025,Credit Card,28777,Paid
PAY00383,ORD03917,05-11-2025,Cash,455913,Paid
PAY00384,ORD09445,05-04-2025,Cash,103802,Pending
PAY00385,ORD02668,28-09-2025,Debit Card,14948,Paid
PAY00386,ORD00231,26-06-2025,Credit Card,450619,Pending
PAY00387,ORD00166,04-10-2025,Cash,327110,Paid
PAY00388,ORD04921,01-05-2025,Credit Card,234121,Pending
PAY00389,ORD04744,19-02-2025,Credit Card,456949,paid
PAY00390,ORD07613,24-07-2025,Cash,226268,Partial
PAY00391,ORD09763,10-04-2025,Cash,193303,Paid
PAY00392,ORD03629,15-04-2025,Debit Card,70848,Pending
PAY00393,ORD00556,10-02-2025,Debit Card,335734,Partial
PAY00394,ORD04343,19-10-2025,Credit Card,346747,Pending
PAY00395,ORD06503,05-04-2025,Bank Transfer,181941,Partial
PAY00396,ORD05019,28-07-2025,UPI,100438,Paid
PAY00397,ORD06378,13-05-2025,Bank Transfer,36937,Paid
PAY00398,ORD06645,12-01-2025,UPI,454376,Partial
PAY00399,ORD04170,05-12-2025,Cash,202087,Partial
PAY00400,ORD02974,27-11-2025,Credit Card,134461,Paid
PAY00401,ORD03828,15-03-2025,Bank Transfer,70176,paid
PAY00402,ORD07039,12-12-2025,Debit Card,44225,Pending
PAY00403,ORD07929,06-10-2025,Credit Card,489331,paid
PAY00404,ORD07734,13-01-2025,Bank Transfer,486233,Paid
PAY00405,ORD08219,20-01-2025,Debit Card,44712,paid
PAY00406,ORD05627,09-04-2025,Bank Transfer,362869,Pending
PAY00407,ORD01006,23-06-2025,UPI,212466,Pending
PAY00408,ORD08019,23-09-2025,Cash,146836,Partial
PAY00409,ORD08686,01-05-2025,Cash,242633,Paid
PAY00410,ORD07678,05-10-2025,Cash,222795,paid
PAY00411,ORD00167,04-06-2025,Credit Card,255323,paid
PAY00412,ORD05815,01-05-2025,Cash,202864,paid
PAY00413,ORD00608,05-09-2025,Cash,331851,paid
PAY00414,ORD07495,24-08-2025,Bank Transfer,368163,Partial
PAY00415,ORD04159,03-10-2025,UPI,292030,paid
PAY00416,ORD01316,05-09-2025,UPI,162362,Partial
PAY00417,ORD08705,22-12-2025,Debit Card,93573,Pending
PAY00418,ORD04663,05-08-2025,Debit Card,181439,Paid
PAY00419,ORD02585,23-05-2025,Bank Transfer,317134,paid
PAY00420,ORD03874,16-05-2025,Bank Transfer,385968,paid
PAY00421,ORD02440,23-09-2025,Credit Card,38071,Partial
PAY00422,ORD00849,05-07-2025,Credit Card,235525,Partial
PAY00423,ORD07758,23-03-2025,UPI,68627,Partial
PAY00424,ORD06794,25-06-2025,Debit Card,266033,Partial
PAY00425,ORD02799,11-09-2025,Bank Transfer,494246,Pending
PAY00426,ORD04445,11-03-2025,Debit Card,285964,Partial
PAY00427,ORD00517,02-03-2025,Cash,403862,paid
PAY00428,ORD02782,22-12-2025,Credit Card,440802,paid
PAY00429,ORD04517,26-07-2025,Debit Card,303728,Paid
PAY00430,ORD01125,17-03-2025,Debit Card,396201,Partial
PAY00431,ORD03017,15-07-2025,UPI,347071,Partial
PAY00432,ORD03664,22-02-2025,UPI,335620,Pending
PAY00433,ORD09037,17-06-2025,Cash,64697,Partial
PAY00434,ORD00316,02-09-2025,Credit Card,287867,paid
PAY00435,ORD03959,11-07-2025,UPI,62872,Pending
PAY00436,ORD00805,22-03-2025,UPI,332011,Pending
PAY00437,ORD01553,03-12-2025,Cash,181205,Partial
PAY00438,ORD01416,01-10-2025,Bank Transfer,277266,Pending
PAY00439,ORD05538,23-06-2025,UPI,431100,Partial
PAY00440,ORD00880,04-05-2025,Bank Transfer,283454,Pending
PAY00441,ORD01935,28-02-2025,Cash,430082,Partial
PAY00442,ORD00845,04-06-2025,Bank Transfer,469685,Pending
PAY00443,ORD09585,10-02-2025,Cash,105065,Pending
PAY00444,ORD01648,12-06-2025,UPI,395624,paid
PAY00445,ORD02540,24-09-2025,UPI,227854,Partial
PAY00446,ORD00308,26-05-2025,Bank Transfer,130916,Pending
PAY00447,ORD04119,16-02-2025,Debit Card,418237,paid
PAY00448,ORD07461,23-12-2025,Credit Card,136584,paid
PAY00449,ORD02435,01-08-2025,Credit Card,11654,Partial
PAY00450,ORD06727,08-04-2025,Credit Card,148874,Pending
PAY00451,ORD08406,10-01-2025,Bank Transfer,218338,Pending
PAY00452,ORD04342,18-11-2025,UPI,333715,Pending
PAY00453,ORD05888,25-01-2025,Debit Card,332221,paid
PAY00454,ORD09162,22-03-2025,Cash,226816,Paid
PAY00455,ORD09379,11-09-2025,Cash,164793,Paid
PAY00456,ORD08930,06-05-2025,Cash,161233,Paid
PAY00457,ORD07491,01-03-2025,Bank Transfer,430517,Partial
PAY00458,ORD03550,20-01-2025,Credit Card,231777,Partial
PAY00459,ORD09280,21-12-2025,Debit Card,411399,paid
PAY00460,ORD05062,07-12-2025,Cash,79018,Partial
PAY00461,ORD01896,08-04-2025,Credit Card,280215,Partial
PAY00462,ORD03526,24-09-2025,Bank Transfer,168562,Partial
PAY00463,ORD03783,22-05-2025,Cash,492976,Pending
PAY00464,ORD05745,25-09-2025,Cash,277077,Pending
PAY00465,ORD07837,18-02-2025,UPI,114996,Pending
PAY00466,ORD02789,27-11-2025,UPI,89684,paid
PAY00467,ORD08904,20-03-2025,Debit Card,87499,Pending
PAY00468,ORD03731,28-08-2025,Debit Card,108689,Paid
PAY00469,ORD00588,27-06-2025,Bank Transfer,102780,Pending
PAY00470,ORD09376,14-03-2025,UPI,479195,Pending
PAY00471,ORD06878,27-01-2025,Debit Card,44161,Partial
PAY00472,ORD09456,20-01-2025,Cash,253326,Paid
PAY00473,ORD09854,07-05-2025,Credit Card,494852,Pending
PAY00474,ORD04107,12-07-2025,Cash,52794,Partial
PAY00475,ORD05775,03-01-2025,UPI,209742,paid
PAY00476,ORD05602,23-02-2025,Cash,376395,paid
PAY00477,ORD03562,10-03-2025,Bank Transfer,444431,Pending
PAY00478,ORD02881,26-01-2025,Debit Card,400403,Partial
PAY00479,ORD09432,19-06-2025,Credit Card,499251,Partial
PAY00480,ORD03635,02-10-2025,Debit Card,344914,Pending
PAY00481,ORD00283,17-03-2025,Debit Card,127093,Paid
PAY00482,ORD02276,12-02-2025,Debit Card,187234,Partial
PAY00483,ORD08425,22-03-2025,Debit Card,48595,paid
PAY00484,ORD07173,17-02-2025,Cash,33590,Paid
PAY00485,ORD02619,07-01-2025,Cash,212171,paid
PAY00486,ORD03778,14-10-2025,Debit Card,342465,Paid
PAY00487,ORD06394,27-03-2025,Cash,459148,paid
PAY00488,ORD09549,12-06-2025,Credit Card,341177,Paid
PAY00489,ORD01273,04-01-2025,UPI,249468,Paid
PAY00490,ORD09532,15-12-2025,UPI,223519,Paid
PAY00491,ORD09403,20-08-2025,Credit Card,289182,paid
PAY00492,ORD09697,17-06-2025,Credit Card,429014,Paid
PAY00493,ORD03555,22-04-2025,Debit Card,20700,Paid
PAY00494,ORD04833,05-07-2025,UPI,62305,paid
PAY00495,ORD09758,15-03-2025,UPI,235248,Pending
PAY00496,ORD01226,20-11-2025,Cash,394172,Pending
PAY00497,ORD00795,13-05-2025,UPI,224768,Pending
PAY00498,ORD00371,01-05-2025,Bank Transfer,76881,paid
PAY00499,ORD05748,27-01-2025,UPI,49230,Partial
PAY00500,ORD09891,14-08-2025,Cash,326210,Paid
PAY00501,ORD09813,07-05-2025,Cash,317852,paid
PAY00502,ORD04823,10-10-2025,Credit Card,365479,Paid
PAY00503,ORD06311,03-02-2025,Debit Card,171639,Paid
PAY00504,ORD06601,12-02-2025,Cash,470216,Paid
PAY00505,ORD04517,06-02-2025,UPI,45578,Paid
PAY00506,ORD07886,12-02-2025,Credit Card,329721,Partial
PAY00507,ORD06168,14-12-2025,UPI,125337,Partial
PAY00508,ORD09766,19-05-2025,Credit Card,339436,Pending
PAY00509,ORD05907,09-09-2025,UPI,161166,Paid
PAY00510,ORD02147,28-11-2025,Credit Card,16878,Paid
PAY00511,ORD03230,27-05-2025,Debit Card,443292,Paid
PAY00512,ORD09835,23-01-2025,Cash,36764,Partial
PAY00513,ORD09782,15-07-2025,Credit Card,195298,Partial
PAY00514,ORD03149,23-02-2025,Cash,76756,Paid
PAY00515,ORD06261,28-08-2025,Bank Transfer,465853,paid
PAY00516,ORD07078,11-11-2025,Bank Transfer,136904,Pending
PAY00517,ORD09749,26-12-2025,UPI,256718,Pending
PAY00518,ORD05967,14-11-2025,UPI,204584,paid
PAY00519,ORD00527,03-10-2025,Cash,77631,Partial
PAY00520,ORD01075,07-06-2025,Cash,62055,Pending
PAY00521,ORD01270,16-02-2025,Bank Transfer,75714,Pending
PAY00522,ORD03870,26-03-2025,Credit Card,238968,Pending
PAY00523,ORD08264,19-12-2025,Bank Transfer,290962,Paid
PAY00524,ORD01581,15-10-2025,UPI,442424,Paid
PAY00525,ORD03973,11-12-2025,Debit Card,92157,paid
PAY00526,ORD03454,24-05-2025,Credit Card,261344,Pending
PAY00527,ORD01639,12-10-2025,Cash,194288,Partial
PAY00528,ORD09533,16-06-2025,Bank Transfer,80006,paid
PAY00529,ORD01115,12-11-2025,Credit Card,405530,Pending
PAY00530,ORD07364,21-02-2025,Cash,289936,Partial
PAY00531,ORD05691,24-06-2025,UPI,176186,Paid
PAY00532,ORD00248,05-10-2025,Bank Transfer,355691,Paid
PAY00533,ORD08212,07-05-2025,UPI,107105,Partial
PAY00534,ORD09716,18-12-2025,Bank Transfer,269036,paid
PAY00535,ORD01434,26-11-2025,Debit Card,496627,Pending
PAY00536,ORD01082,25-11-2025,Bank Transfer,445523,paid
PAY00537,ORD06218,06-11-2025,Credit Card,104109,Partial
PAY00538,ORD06495,24-02-2025,Bank Transfer,339366,Pending
PAY00539,ORD07465,27-07-2025,Bank Transfer,82193,Partial
PAY00540,ORD00375,19-06-2025,Debit Card,241207,Partial
PAY00541,ORD09907,03-07-2025,Cash,430154,Partial
PAY00542,ORD00070,17-11-2025,Credit Card,493201,Partial
PAY00543,ORD00561,08-10-2025,Bank Transfer,445524,Paid
PAY00544,ORD05678,16-07-2025,Bank Transfer,91260,Pending
PAY00545,ORD03289,20-06-2025,Credit Card,271460,paid
PAY00546,ORD08741,24-08-2025,Credit Card,14616,Pending
PAY00547,ORD07796,25-06-2025,Credit Card,405256,paid
PAY00548,ORD08710,08-08-2025,Debit Card,385348,Paid
PAY00549,ORD05969,22-12-2025,UPI,295011,paid
PAY00550,ORD04961,24-12-2025,Credit Card,233611,Paid
PAY00551,ORD02334,19-12-2025,Bank Transfer,22893,Pending
PAY00552,ORD00304,20-12-2025,UPI,387593,paid
PAY00553,ORD06409,10-07-2025,Credit Card,175196,Partial
PAY00554,ORD05946,21-04-2025,Debit Card,49102,Pending
PAY00555,ORD02264,22-02-2025,UPI,428881,Pending
PAY00556,ORD07495,10-08-2025,Credit Card,354360,Paid
PAY00557,ORD03058,05-06-2025,Credit Card,427766,Partial
PAY00558,ORD06058,06-02-2025,Bank Transfer,442564,Paid
PAY00559,ORD04347,09-12-2025,Bank Transfer,323079,paid
PAY00560,ORD09171,18-03-2025,Bank Transfer,227060,paid
PAY00561,ORD07332,13-03-2025,Credit Card,51015,Paid
PAY00562,ORD08491,14-10-2025,UPI,372945,Paid
PAY00563,ORD05617,27-07-2025,Credit Card,91492,Partial
PAY00564,ORD02735,17-02-2025,UPI,366230,paid
PAY00565,ORD06776,19-12-2025,Bank Transfer,372122,paid
PAY00566,ORD04865,01-05-2025,Bank Transfer,400259,Pending
PAY00567,ORD00132,26-12-2025,Bank Transfer,168229,Paid
PAY00568,ORD04974,21-01-2025,Bank Transfer,231355,paid
PAY00569,ORD09533,27-05-2025,Credit Card,103061,paid
PAY00570,ORD08878,19-10-2025,Bank Transfer,444021,Pending
PAY00571,ORD08016,18-10-2025,Bank Transfer,379117,paid
PAY00572,ORD09628,10-06-2025,Credit Card,112822,Paid
PAY00573,ORD05296,12-06-2025,Debit Card,159333,Paid
PAY00574,ORD06224,14-09-2025,Credit Card,76801,paid
PAY00575,ORD07543,09-05-2025,UPI,465246,Pending
PAY00576,ORD08966,07-04-2025,UPI,174818,Pending
PAY00577,ORD09423,17-08-2025,UPI,88499,Partial
PAY00578,ORD09154,26-06-2025,Cash,458483,Paid
PAY00579,ORD07839,08-05-2025,UPI,280806,Pending
PAY00580,ORD05396,02-02-2025,Credit Card,98750,Partial
PAY00581,ORD02781,27-05-2025,Credit Card,276192,Paid
PAY00582,ORD03829,07-06-2025,Cash,161170,Paid
PAY00583,ORD04612,19-11-2025,Debit Card,471196,paid
PAY00584,ORD06520,21-05-2025,Credit Card,138823,paid
PAY00585,ORD08870,04-11-2025,Cash,375668,paid
PAY00586,ORD09909,15-01-2025,Cash,453100,paid
PAY00587,ORD08646,02-05-2025,Credit Card,301817,Partial
PAY00588,ORD00848,25-06-2025,UPI,238590,paid
PAY00589,ORD05729,15-04-2025,Debit Card,158413,paid
PAY00590,ORD02022,03-03-2025,Credit Card,75898,Partial
PAY00591,ORD02559,25-03-2025,Debit Card,405949,paid
PAY00592,ORD07600,25-08-2025,Debit Card,366879,paid
PAY00593,ORD00721,17-01-2025,UPI,467071,Pending
PAY00594,ORD04555,02-11-2025,Credit Card,297109,Partial
PAY00595,ORD09308,16-02-2025,Credit Card,139498,Pending
PAY00596,ORD08173,12-06-2025,Credit Card,446445,paid
PAY00597,ORD00422,15-09-2025,UPI,153072,paid
PAY00598,ORD05232,27-03-2025,Cash,304467,Partial
PAY00599,ORD09989,20-03-2025,Bank Transfer,411147,Paid
PAY00600,ORD06669,23-04-2025,Bank Transfer,270917,Pending
PAY00601,ORD04916,28-08-2025,Debit Card,443616,Paid
PAY00602,ORD00101,16-07-2025,Cash,173197,Pending
PAY00603,ORD04156,08-12-2025,Credit Card,442178,Partial
PAY00604,ORD00915,16-12-2025,Credit Card,129754,Pending
PAY00605,ORD04844,15-06-2025,Bank Transfer,145199,Partial
PAY00606,ORD02552,21-04-2025,Credit Card,20294,Partial
PAY00607,ORD02990,17-12-2025,Debit Card,376469,Partial
PAY00608,ORD03433,14-09-2025,Debit Card,411602,Paid
PAY00609,ORD06273,21-02-2025,Bank Transfer,151492,Partial
PAY00610,ORD08468,17-09-2025,Debit Card,369391,Pending
PAY00611,ORD08627,24-05-2025,Credit Card,411550,paid
PAY00612,ORD09173,13-10-2025,Credit Card,244653,paid
PAY00613,ORD08411,08-05-2025,Debit Card,160715,paid
PAY00614,ORD05099,07-05-2025,Bank Transfer,77268,paid
PAY00615,ORD00166,11-05-2025,Credit Card,205691,Paid
PAY00616,ORD05971,06-12-2025,Debit Card,387360,Paid
PAY00617,ORD02778,02-04-2025,Bank Transfer,156780,paid
PAY00618,ORD07299,18-11-2025,Credit Card,83241,Paid
PAY00619,ORD00567,06-06-2025,UPI,390922,paid
PAY00620,ORD09387,12-04-2025,UPI,47916,Paid
PAY00621,ORD05039,07-02-2025,Cash,204983,paid
PAY00622,ORD00250,18-09-2025,Bank Transfer,492013,Partial
PAY00623,ORD07813,07-01-2025,Cash,237383,paid
PAY00624,ORD09677,22-11-2025,Credit Card,138409,Pending
PAY00625,ORD01393,03-03-2025,Cash,415294,Partial
PAY00626,ORD04376,02-02-2025,Debit Card,462938,Paid
PAY00627,ORD05620,14-03-2025,Credit Card,78306,Pending
PAY00628,ORD07676,20-08-2025,Debit Card,154276,Paid
PAY00629,ORD08354,02-04-2025,Debit Card,199693,paid
PAY00630,ORD01171,24-02-2025,Bank Transfer,154490,Paid
PAY00631,ORD02401,21-11-2025,Bank Transfer,319486,Pending
PAY00632,ORD09957,23-02-2025,Credit Card,185478,paid
PAY00633,ORD08041,13-07-2025,Bank Transfer,198119,paid
PAY00634,ORD06516,21-05-2025,Cash,254711,Partial
PAY00635,ORD02325,27-08-2025,UPI,263184,paid
PAY00636,ORD02615,20-11-2025,Bank Transfer,212158,Pending
PAY00637,ORD09319,14-09-2025,Cash,377904,Pending
PAY00638,ORD00875,11-09-2025,UPI,348745,Pending
PAY00639,ORD05043,21-01-2025,Debit Card,34930,Pending
PAY00640,ORD00316,27-08-2025,Credit Card,353471,Pending
PAY00641,ORD09495,27-08-2025,UPI,387441,Partial
PAY00642,ORD01816,17-02-2025,Credit Card,210596,Partial
PAY00643,ORD03960,07-11-2025,Bank Transfer,179370,Partial
PAY00644,ORD02985,22-02-2025,Debit Card,150572,Paid
PAY00645,ORD05325,06-09-2025,Bank Transfer,229868,paid
PAY00646,ORD02578,19-03-2025,Credit Card,59416,Pending
PAY00647,ORD01486,28-02-2025,Cash,160153,Paid
PAY00648,ORD05454,07-03-2025,UPI,134809,Pending
PAY00649,ORD04077,18-10-2025,UPI,247231,Pending
PAY00650,ORD00513,13-07-2025,Bank Transfer,117214,Pending
PAY00651,ORD08154,14-12-2025,Cash,374994,Pending
PAY00652,ORD03400,14-11-2025,Debit Card,487461,Partial
PAY00653,ORD08653,19-04-2025,Credit Card,296055,paid
PAY00654,ORD02553,03-01-2025,Debit Card,35153,paid
PAY00655,ORD03711,23-06-2025,Cash,448462,paid
PAY00656,ORD00038,10-06-2025,Bank Transfer,277822,paid
PAY00657,ORD02329,17-10-2025,Debit Card,46240,Pending
PAY00658,ORD08734,01-03-2025,UPI,411778,Partial
PAY00659,ORD07653,14-12-2025,Debit Card,287866,Partial
PAY00660,ORD09255,21-01-2025,Bank Transfer,298859,Pending
PAY00661,ORD05579,14-11-2025,Bank Transfer,73337,Paid
PAY00662,ORD07095,07-03-2025,UPI,150944,Pending
PAY00663,ORD06775,09-10-2025,Bank Transfer,48540,Pending
PAY00664,ORD01691,05-01-2025,Debit Card,373222,paid
PAY00665,ORD03768,08-07-2025,Cash,292509,paid
PAY00666,ORD05504,26-11-2025,UPI,285034,Partial
PAY00667,ORD02683,01-10-2025,Debit Card,367206,Paid
PAY00668,ORD02658,14-10-2025,UPI,486333,Pending
PAY00669,ORD04550,09-02-2025,Cash,192711,paid
PAY00670,ORD07494,26-04-2025,Bank Transfer,280758,Paid
PAY00671,ORD01508,21-02-2025,Debit Card,141019,Partial
PAY00672,ORD02922,12-08-2025,Credit Card,440956,Pending
PAY00673,ORD05418,25-06-2025,UPI,213771,Paid
PAY00674,ORD00330,11-04-2025,Bank Transfer,217216,Pending
PAY00675,ORD04256,18-02-2025,UPI,461009,Paid
PAY00676,ORD03108,01-12-2025,Cash,442162,paid
PAY00677,ORD01062,22-03-2025,Bank Transfer,384713,Partial
PAY00678,ORD04145,01-04-2025,UPI,266965,Pending
PAY00679,ORD06877,16-11-2025,UPI,87023,Pending
PAY00680,ORD05206,07-03-2025,Cash,79428,paid
PAY00681,ORD05387,02-02-2025,UPI,111558,Paid
PAY00682,ORD04732,04-07-2025,Credit Card,134545,Pending
PAY00683,ORD08101,17-02-2025,Debit Card,487781,Paid
PAY00684,ORD04203,16-05-2025,Cash,351532,paid
PAY00685,ORD02352,05-10-2025,Credit Card,336708,paid
PAY00686,ORD07811,12-04-2025,Debit Card,29868,Paid
PAY00687,ORD07227,06-08-2025,Bank Transfer,305233,Partial
PAY00688,ORD03617,03-11-2025,Credit Card,288402,paid
PAY00689,ORD05662,13-11-2025,Cash,232761,Partial
PAY00690,ORD00435,01-08-2025,UPI,309899,paid
PAY00691,ORD06808,05-01-2025,Bank Transfer,195596,Paid
PAY00692,ORD05303,10-07-2025,Bank Transfer,321383,paid
PAY00693,ORD04296,21-09-2025,Credit Card,384758,Partial
PAY00694,ORD03525,16-01-2025,Debit Card,225041,Paid
PAY00695,ORD02563,13-11-2025,Bank Transfer,315273,Partial
PAY00696,ORD04110,06-11-2025,Cash,406677,paid
PAY00697,ORD03008,15-10-2025,Credit Card,161798,paid
PAY00698,ORD07136,04-12-2025,Cash,137955,Pending
PAY00699,ORD08186,08-11-2025,Debit Card,209772,Paid
PAY00700,ORD07077,25-05-2025,Bank Transfer,401532,Partial
PAY00701,ORD07499,26-11-2025,Debit Card,93462,paid
PAY00702,ORD04194,18-07-2025,Cash,18393,Pending
PAY00703,ORD06105,23-02-2025,Bank Transfer,351664,Paid
PAY00704,ORD07097,03-11-2025,Debit Card,344855,Pending
PAY00705,ORD03610,13-02-2025,Credit Card,328477,Partial
PAY00706,ORD08280,05-10-2025,Bank Transfer,198812,paid
PAY00707,ORD01525,23-04-2025,Cash,268444,paid
PAY00708,ORD05689,01-06-2025,Credit Card,195383,Partial
PAY00709,ORD03617,11-01-2025,Debit Card,341588,paid
PAY00710,ORD04088,14-10-2025,Credit Card,24799,Paid
PAY00711,ORD05217,15-02-2025,Cash,37693,Pending
PAY00712,ORD09406,05-08-2025,Cash,74850,Pending
PAY00713,ORD07412,10-08-2025,Debit Card,355552,paid
PAY00714,ORD07739,13-09-2025,Cash,82498,paid
PAY00715,ORD02911,23-09-2025,Bank Transfer,73377,Pending
PAY00716,ORD05794,15-03-2025,Debit Card,370434,paid
PAY00717,ORD03531,17-05-2025,UPI,15248,paid
PAY00718,ORD07834,16-06-2025,Credit Card,474161,Pending
PAY00719,ORD06964,09-11-2025,Bank Transfer,189189,paid
PAY00720,ORD03214,04-11-2025,Debit Card,461520,Pending
PAY00721,ORD05110,04-02-2025,Cash,368962,paid
PAY00722,ORD01931,14-05-2025,UPI,386279,Paid
PAY00723,ORD03782,22-01-2025,Cash,310308,Pending
PAY00724,ORD02533,27-07-2025,UPI,121531,paid
PAY00725,ORD02304,24-02-2025,Debit Card,176386,paid
PAY00726,ORD07232,03-12-2025,Debit Card,7726,Partial
PAY00727,ORD10000,07-09-2025,Debit Card,357459,Pending
PAY00728,ORD08223,18-01-2025,Debit Card,423624,Partial
PAY00729,ORD02709,21-05-2025,Bank Transfer,495385,paid
PAY00730,ORD05911,17-10-2025,UPI,65160,Paid
PAY00731,ORD01875,23-07-2025,Credit Card,101305,Paid
PAY00732,ORD00291,17-10-2025,UPI,467772,paid
PAY00733,ORD09356,24-02-2025,Bank Transfer,208305,Paid
PAY00734,ORD08314,13-09-2025,Bank Transfer,441013,paid
PAY00735,ORD06415,03-03-2025,UPI,258610,Partial
PAY00736,ORD05063,06-08-2025,Cash,51263,Partial
PAY00737,ORD01558,24-03-2025,Credit Card,235782,Paid
PAY00738,ORD02214,02-03-2025,Cash,283890,paid
PAY00739,ORD07100,18-06-2025,Cash,246823,Pending
PAY00740,ORD03906,15-06-2025,Bank Transfer,261299,paid
PAY00741,ORD02143,01-11-2025,Bank Transfer,427405,Partial
PAY00742,ORD00990,15-09-2025,Bank Transfer,140922,paid
PAY00743,ORD05246,17-05-2025,Cash,302847,Pending
PAY00744,ORD01242,21-12-2025,Debit Card,451380,Paid
PAY00745,ORD00941,21-05-2025,Debit Card,400493,paid
PAY00746,ORD02645,28-05-2025,UPI,412936,paid
PAY00747,ORD07201,21-03-2025,Credit Card,73331,Paid
PAY00748,ORD06184,21-09-2025,Bank Transfer,199632,paid
PAY00749,ORD02084,02-10-2025,Cash,448697,Pending
PAY00750,ORD07665,04-03-2025,Debit Card,20616,Paid
PAY00751,ORD04775,18-09-2025,Cash,347097,Paid
PAY00752,ORD04155,09-01-2025,UPI,285070,paid
PAY00753,ORD02471,13-03-2025,Bank Transfer,166068,paid
PAY00754,ORD02903,21-03-2025,Cash,474402,Pending
PAY00755,ORD02056,10-06-2025,Cash,155110,Paid
PAY00756,ORD09408,04-09-2025,UPI,400748,paid
PAY00757,ORD08552,19-05-2025,Debit Card,185886,paid
PAY00758,ORD08234,09-11-2025,UPI,143039,Paid
PAY00759,ORD05169,23-11-2025,Credit Card,89679,Paid
PAY00760,ORD09090,26-01-2025,Credit Card,380175,Paid
PAY00761,ORD08404,17-12-2025,UPI,140564,Paid
PAY00762,ORD07671,22-09-2025,Cash,183407,Partial
PAY00763,ORD07579,21-09-2025,Credit Card,21616,Pending
PAY00764,ORD09928,15-01-2025,Cash,140470,Partial
PAY00765,ORD01594,21-09-2025,Cash,35296,Paid
PAY00766,ORD02818,08-03-2025,Credit Card,406770,paid
PAY00767,ORD08621,15-08-2025,Credit Card,174734,Pending
PAY00768,ORD09617,23-06-2025,Bank Transfer,405861,Paid
PAY00769,ORD06246,01-12-2025,Bank Transfer,492496,Pending
PAY00770,ORD02775,27-06-2025,Bank Transfer,323775,paid
PAY00771,ORD07364,22-04-2025,Bank Transfer,388703,Paid
PAY00772,ORD06417,13-11-2025,Cash,125418,Paid
PAY00773,ORD06998,07-06-2025,Bank Transfer,275470,Partial
PAY00774,ORD02247,01-01-2025,Debit Card,454807,Partial
PAY00775,ORD05649,10-01-2025,Bank Transfer,270823,Partial
PAY00776,ORD04780,10-02-2025,Debit Card,238139,Partial
PAY00777,ORD08672,21-09-2025,Credit Card,464700,paid
PAY00778,ORD05376,13-02-2025,Credit Card,276905,paid
PAY00779,ORD08064,16-01-2025,Bank Transfer,20836,Paid
PAY00780,ORD03543,18-04-2025,Credit Card,133051,Partial
PAY00781,ORD09749,18-10-2025,Bank Transfer,121908,Paid
PAY00782,ORD03534,18-10-2025,Bank Transfer,217504,Pending
PAY00783,ORD06065,26-04-2025,Credit Card,408721,Partial
PAY00784,ORD01912,23-03-2025,UPI,112214,paid
PAY00785,ORD08078,09-04-2025,Debit Card,123855,Paid
PAY00786,ORD06469,28-07-2025,Bank Transfer,135226,Partial
PAY00787,ORD01974,13-07-2025,Bank Transfer,399560,Paid
PAY00788,ORD09977,26-08-2025,Bank Transfer,373134,Pending
PAY00789,ORD01953,02-12-2025,Cash,357718,Partial
PAY00790,ORD00202,06-05-2025,Bank Transfer,66929,Pending
PAY00791,ORD04511,21-04-2025,Bank Transfer,26383,Paid
PAY00792,ORD01830,07-10-2025,Credit Card,150981,Pending
PAY00793,ORD04120,14-08-2025,Debit Card,280524,Partial
PAY00794,ORD01280,18-06-2025,UPI,115761,paid
PAY00795,ORD06992,15-11-2025,Debit Card,95069,Partial
PAY00796,ORD02609,22-04-2025,Cash,123574,paid
PAY00797,ORD03125,20-10-2025,Debit Card,360152,Paid
PAY00798,ORD00479,06-03-2025,Cash,232468,Partial
PAY00799,ORD08680,07-11-2025,UPI,67504,Paid
PAY00800,ORD05244,09-04-2025,Cash,476120,paid
PAY00801,ORD03869,21-01-2025,Bank Transfer,398897,Paid
PAY00802,ORD00695,11-05-2025,Cash,480429,paid
PAY00803,ORD03662,10-04-2025,Cash,71093,paid
PAY00804,ORD03020,10-03-2025,Credit Card,237142,Partial
PAY00805,ORD09636,04-12-2025,Cash,154231,Partial
PAY00806,ORD09029,19-04-2025,Credit Card,193668,Partial
PAY00807,ORD02077,27-05-2025,UPI,465030,Paid
PAY00808,ORD08797,18-04-2025,UPI,144918,Partial
PAY00809,ORD09602,08-05-2025,Cash,318714,paid
PAY00810,ORD09319,17-12-2025,Bank Transfer,298619,Paid
PAY00811,ORD07545,01-08-2025,Debit Card,424628,Paid
PAY00812,ORD07884,11-05-2025,Debit Card,385014,Paid
PAY00813,ORD07408,14-04-2025,Cash,315804,Pending
PAY00814,ORD06763,01-11-2025,UPI,24181,Partial
PAY00815,ORD04775,04-06-2025,Cash,130355,Partial
PAY00816,ORD06038,21-05-2025,Bank Transfer,241635,Pending
PAY00817,ORD02775,02-12-2025,Credit Card,461345,Pending
PAY00818,ORD01836,05-10-2025,Cash,214746,Pending
PAY00819,ORD07787,28-03-2025,Bank Transfer,166177,Partial
PAY00820,ORD00981,18-04-2025,UPI,459527,Paid
PAY00821,ORD03102,28-01-2025,Debit Card,63065,Partial
PAY00822,ORD04887,22-02-2025,Credit Card,447161,Pending
PAY00823,ORD08615,16-12-2025,Credit Card,397074,Partial
PAY00824,ORD08607,14-11-2025,Credit Card,452826,Pending
PAY00825,ORD05630,19-03-2025,Debit Card,7911,Partial
PAY00826,ORD02042,16-05-2025,Debit Card,398447,paid
PAY00827,ORD01787,11-03-2025,Cash,261346,Pending
PAY00828,ORD05503,12-10-2025,Credit Card,157148,Paid
PAY00829,ORD03941,18-10-2025,Debit Card,214881,paid
PAY00830,ORD09675,23-07-2025,Credit Card,283406,Paid
PAY00831,ORD05611,12-02-2025,Bank Transfer,181365,Pending
PAY00832,ORD04594,05-03-2025,Debit Card,305940,Paid
PAY00833,ORD07535,26-09-2025,Bank Transfer,8780,paid
PAY00834,ORD04350,03-10-2025,Bank Transfer,127251,Paid
PAY00835,ORD06264,10-07-2025,Debit Card,438318,paid
PAY00836,ORD00265,13-02-2025,Bank Transfer,345551,paid
PAY00837,ORD00374,13-01-2025,Cash,65758,paid
PAY00838,ORD09799,08-12-2025,UPI,371420,Pending
PAY00839,ORD04354,25-12-2025,Cash,118173,Partial
PAY00840,ORD01757,09-09-2025,UPI,82766,Paid
PAY00841,ORD07498,08-02-2025,Bank Transfer,289735,Partial
PAY00842,ORD03947,16-07-2025,Cash,361662,Paid
PAY00843,ORD02187,02-10-2025,Debit Card,237457,Partial
PAY00844,ORD01107,22-07-2025,UPI,446752,Paid
PAY00845,ORD09803,23-04-2025,Debit Card,65725,Partial
PAY00846,ORD04749,09-09-2025,Cash,497093,Paid
PAY00847,ORD04412,07-06-2025,Debit Card,432561,Pending
PAY00848,ORD09502,01-07-2025,Cash,95098,Pending
PAY00849,ORD08938,20-05-2025,Cash,5003,Paid
PAY00850,ORD08697,16-08-2025,UPI,364139,Partial
PAY00851,ORD00216,28-12-2025,Bank Transfer,258602,Paid
PAY00852,ORD08743,13-09-2025,Cash,371117,paid
PAY00853,ORD08461,04-09-2025,Debit Card,25652,Partial
PAY00854,ORD09899,07-06-2025,Bank Transfer,130203,Paid
PAY00855,ORD05736,14-12-2025,Debit Card,489614,Partial
PAY00856,ORD08649,18-12-2025,Debit Card,41999,Pending
PAY00857,ORD04341,25-06-2025,Credit Card,398339,Partial
PAY00858,ORD01289,02-05-2025,Debit Card,5567,paid
PAY00859,ORD02101,21-01-2025,Cash,109219,Partial
PAY00860,ORD03434,10-07-2025,Cash,129111,paid
PAY00861,ORD07981,12-09-2025,Cash,483053,Pending
PAY00862,ORD07008,06-08-2025,Credit Card,494487,paid
PAY00863,ORD07023,06-11-2025,Cash,497368,paid
PAY00864,ORD01832,19-01-2025,Credit Card,256579,Partial
PAY00865,ORD06716,03-02-2025,Cash,222324,Pending
PAY00866,ORD00390,21-04-2025,Bank Transfer,327270,Pending
PAY00867,ORD04743,16-03-2025,Debit Card,54663,Partial
PAY00868,ORD07755,26-09-2025,Bank Transfer,417668,Pending
PAY00869,ORD04822,07-09-2025,UPI,105096,Pending
PAY00870,ORD04852,22-08-2025,Credit Card,246189,Pending
PAY00871,ORD03308,08-06-2025,Bank Transfer,228718,paid
PAY00872,ORD06983,02-11-2025,Credit Card,256328,paid
PAY00873,ORD02145,27-10-2025,Debit Card,55814,Pending
PAY00874,ORD05609,11-02-2025,UPI,442606,Pending
PAY00875,ORD08436,16-02-2025,Cash,237777,paid
PAY00876,ORD00034,26-07-2025,Cash,164893,Partial
PAY00877,ORD03549,18-11-2025,UPI,133767,Pending
PAY00878,ORD03296,28-12-2025,Cash,120856,Partial
PAY00879,ORD07490,19-11-2025,UPI,366194,Partial
PAY00880,ORD00170,15-10-2025,Debit Card,240697,Pending
PAY00881,ORD01064,05-12-2025,Debit Card,281606,Partial
PAY00882,ORD09540,02-10-2025,Debit Card,353001,paid
PAY00883,ORD06572,01-04-2025,Cash,472139,Paid
PAY00884,ORD04102,27-09-2025,Credit Card,86188,Paid
PAY00885,ORD03092,09-06-2025,Bank Transfer,102162,Pending
PAY00886,ORD09997,01-09-2025,Credit Card,68979,Pending
PAY00887,ORD03420,05-02-2025,Debit Card,122720,Partial
PAY00888,ORD03727,09-12-2025,Cash,256442,paid
PAY00889,ORD01691,24-09-2025,Cash,33667,Pending
PAY00890,ORD06046,07-12-2025,Bank Transfer,393840,Paid
PAY00891,ORD09927,21-02-2025,Credit Card,496950,Paid
PAY00892,ORD02424,03-11-2025,Credit Card,428797,Partial
PAY00893,ORD08616,19-11-2025,Bank Transfer,145274,Partial
PAY00894,ORD08282,28-11-2025,Debit Card,259677,paid
PAY00895,ORD02192,23-07-2025,Cash,329250,paid
PAY00896,ORD00137,24-11-2025,Debit Card,328697,Paid
PAY00897,ORD04539,15-11-2025,UPI,364375,Pending
PAY00898,ORD02782,09-06-2025,Credit Card,51562,Pending
PAY00899,ORD03396,11-12-2025,Credit Card,248905,Pending
PAY00900,ORD04038,04-02-2025,UPI,275861,paid
PAY00901,ORD09464,19-05-2025,Debit Card,353387,Pending
PAY00902,ORD02295,12-07-2025,UPI,194069,Partial
PAY00903,ORD06300,01-12-2025,Cash,497565,Paid
PAY00904,ORD02751,01-08-2025,UPI,233306,Paid
PAY00905,ORD04121,05-03-2025,Credit Card,369596,Pending
PAY00906,ORD05796,16-02-2025,Bank Transfer,62563,Partial
PAY00907,ORD05611,10-06-2025,Cash,44771,Partial
PAY00908,ORD02648,22-04-2025,Cash,410260,Pending
PAY00909,ORD04390,25-01-2025,Bank Transfer,26293,Partial
PAY00910,ORD03584,13-10-2025,Debit Card,219504,Pending
PAY00911,ORD09415,16-04-2025,Cash,40130,Paid
PAY00912,ORD06457,09-10-2025,Debit Card,380861,Pending
PAY00913,ORD07704,28-01-2025,Cash,183185,paid
PAY00914,ORD09452,18-04-2025,Credit Card,312292,Partial
PAY00915,ORD02209,17-11-2025,Credit Card,425365,paid
PAY00916,ORD03804,14-01-2025,Credit Card,195710,Pending
PAY00917,ORD03559,10-03-2025,Cash,90078,paid
PAY00918,ORD07415,04-02-2025,UPI,441186,Paid
PAY00919,ORD03464,18-12-2025,Cash,204381,paid
PAY00920,ORD05459,07-12-2025,Debit Card,328342,paid
PAY00921,ORD07039,01-02-2025,Cash,63420,Partial
PAY00922,ORD08381,02-06-2025,Bank Transfer,212843,Pending
PAY00923,ORD09757,09-07-2025,UPI,307936,Paid
PAY00924,ORD00100,17-07-2025,UPI,389139,Partial
PAY00925,ORD08583,15-09-2025,Debit Card,385848,Partial
PAY00926,ORD02123,06-12-2025,Cash,33522,Partial
PAY00927,ORD04036,03-11-2025,Debit Card,425134,paid
PAY00928,ORD06535,27-05-2025,Cash,39924,Pending
PAY00929,ORD06696,13-11-2025,UPI,5427,paid
PAY00930,ORD01960,15-07-2025,Cash,235594,paid
PAY00931,ORD00822,07-01-2025,Cash,386012,paid
PAY00932,ORD02486,15-03-2025,Cash,106828,Partial
PAY00933,ORD03091,28-01-2025,Credit Card,155919,paid
PAY00934,ORD03314,05-08-2025,Debit Card,103902,Paid
PAY00935,ORD03099,22-07-2025,UPI,108616,Partial
PAY00936,ORD03659,14-11-2025,Bank Transfer,227604,paid
PAY00937,ORD09855,15-11-2025,UPI,214542,Partial
PAY00938,ORD00032,02-07-2025,Cash,211118,Pending
PAY00939,ORD04414,20-09-2025,Bank Transfer,369192,Pending
PAY00940,ORD08488,14-10-2025,Debit Card,161103,paid
PAY00941,ORD04996,04-01-2025,Cash,142367,paid
PAY00942,ORD02695,16-02-2025,Cash,195770,paid
PAY00943,ORD01665,08-08-2025,UPI,54155,Paid
PAY00944,ORD00053,13-08-2025,Credit Card,403971,paid
PAY00945,ORD06094,03-07-2025,UPI,277219,Paid
PAY00946,ORD03207,13-03-2025,Bank Transfer,121702,Partial
PAY00947,ORD08223,16-05-2025,Cash,239519,Paid
PAY00948,ORD04720,15-06-2025,Cash,79515,Pending
PAY00949,ORD02685,09-04-2025,Cash,295602,paid
PAY00950,ORD07030,04-12-2025,Bank Transfer,466540,Partial
PAY00951,ORD01440,25-04-2025,Credit Card,292265,Paid
PAY00952,ORD03491,17-11-2025,Bank Transfer,284630,paid
PAY00953,ORD04403,05-03-2025,UPI,495296,Partial
PAY00954,ORD01163,19-07-2025,Bank Transfer,98951,Paid
PAY00955,ORD05188,05-05-2025,Debit Card,219507,paid
PAY00956,ORD06629,23-07-2025,Credit Card,292741,Paid
PAY00957,ORD06540,02-01-2025,Bank Transfer,237476,Paid
PAY00958,ORD07649,10-02-2025,Credit Card,146816,Pending
PAY00959,ORD04791,27-04-2025,Credit Card,458525,paid
PAY00960,ORD09377,24-08-2025,Debit Card,98149,paid
PAY00961,ORD09800,19-07-2025,Bank Transfer,288856,Paid
PAY00962,ORD02829,12-03-2025,Cash,8070,paid
PAY00963,ORD05577,02-01-2025,Debit Card,410716,Partial
PAY00964,ORD04761,17-12-2025,Bank Transfer,95470,Pending
PAY00965,ORD01627,20-10-2025,Cash,495708,Paid
PAY00966,ORD09103,11-05-2025,Credit Card,470418,Partial
PAY00967,ORD09646,18-07-2025,Cash,161606,Partial
PAY00968,ORD03480,07-03-2025,Cash,127275,Paid
PAY00969,ORD01196,03-05-2025,Bank Transfer,228324,paid
PAY00970,ORD04539,13-12-2025,UPI,324883,Paid
PAY00971,ORD01860,21-01-2025,Cash,209260,Paid
PAY00972,ORD02184,08-05-2025,Debit Card,441575,Pending
PAY00973,ORD00642,02-12-2025,UPI,206309,Paid
PAY00974,ORD07464,06-09-2025,Bank Transfer,453865,Pending
PAY00975,ORD02343,10-02-2025,Bank Transfer,235776,paid
PAY00976,ORD03583,13-05-2025,UPI,221809,Pending
PAY00977,ORD05002,18-01-2025,Cash,319093,Pending
PAY00978,ORD05366,27-05-2025,Credit Card,187899,paid
PAY00979,ORD09090,25-10-2025,Cash,181308,Partial
PAY00980,ORD07922,04-12-2025,UPI,145399,Pending
PAY00981,ORD02330,12-09-2025,UPI,364323,Pending
PAY00982,ORD08408,12-06-2025,Debit Card,122778,Partial
PAY00983,ORD03574,19-03-2025,Bank Transfer,95567,Pending
PAY00984,ORD09847,06-04-2025,Credit Card,279121,Pending
PAY00985,ORD09423,21-03-2025,Credit Card,197381,Partial
PAY00986,ORD00477,05-01-2025,Bank Transfer,109718,Paid
PAY00987,ORD06885,12-07-2025,Debit Card,12205,Paid
PAY00988,ORD00870,21-05-2025,Debit Card,51544,Paid
PAY00989,ORD07223,07-08-2025,Credit Card,350685,Partial
PAY00990,ORD04445,15-06-2025,Debit Card,320278,paid
PAY00991,ORD02138,17-11-2025,Bank Transfer,357076,paid
PAY00992,ORD09164,19-06-2025,Debit Card,20898,Paid
PAY00993,ORD06993,05-10-2025,UPI,63681,Paid
PAY00994,ORD05927,24-02-2025,UPI,333968,paid
PAY00995,ORD03686,24-06-2025,Cash,445894,Paid
PAY00996,ORD04762,28-07-2025,Debit Card,5849,Partial
PAY00997,ORD05824,16-11-2025,Debit Card,258731,Partial
PAY00998,ORD01688,13-05-2025,UPI,91401,Paid
PAY00999,ORD04813,01-01-2025,Debit Card,333805,Pending
PAY01000,ORD02486,20-12-2025,Credit Card,438951,Partial
PAY01001,ORD09470,23-05-2025,Bank Transfer,359444,Paid
PAY01002,ORD01153,13-09-2025,UPI,74977,Partial
PAY01003,ORD04594,20-10-2025,Credit Card,353306,paid
PAY01004,ORD04068,21-02-2025,Credit Card,276630,Paid
PAY01005,ORD07959,08-11-2025,Bank Transfer,45275,Partial
PAY01006,ORD08904,02-07-2025,Bank Transfer,308736,paid
PAY01007,ORD00185,09-01-2025,Bank Transfer,409636,Paid
PAY01008,ORD03547,12-01-2025,UPI,158324,paid
PAY01009,ORD01567,28-08-2025,Credit Card,254500,paid
PAY01010,ORD01640,03-11-2025,Debit Card,228526,Partial
PAY01011,ORD09186,25-05-2025,Bank Transfer,35246,Pending
PAY01012,ORD08912,09-12-2025,Credit Card,362511,Pending
PAY01013,ORD08429,24-03-2025,Credit Card,197463,Pending
PAY01014,ORD01837,16-03-2025,Debit Card,266774,paid
PAY01015,ORD02942,13-03-2025,UPI,135451,Partial
PAY01016,ORD09042,15-08-2025,Bank Transfer,307299,paid
PAY01017,ORD02677,21-04-2025,Bank Transfer,134609,Paid
PAY01018,ORD09372,18-05-2025,Debit Card,295389,paid
PAY01019,ORD09835,28-04-2025,UPI,473333,Partial
PAY01020,ORD08328,03-05-2025,UPI,420322,paid
PAY01021,ORD09493,09-01-2025,Debit Card,237933,Partial
PAY01022,ORD05420,15-08-2025,Bank Transfer,97775,Paid
PAY01023,ORD01908,27-02-2025,Cash,112896,paid
PAY01024,ORD08694,20-04-2025,Credit Card,20627,paid
PAY01025,ORD09996,08-01-2025,Debit Card,337285,Pending
PAY01026,ORD05433,01-08-2025,Cash,36263,Paid
PAY01027,ORD02834,05-06-2025,Credit Card,163999,paid
PAY01028,ORD04320,22-10-2025,Bank Transfer,100386,paid
PAY01029,ORD01836,12-11-2025,Credit Card,274983,Partial
PAY01030,ORD01692,10-08-2025,Debit Card,424061,Pending
PAY01031,ORD00143,11-09-2025,Cash,23086,Partial
PAY01032,ORD05437,05-03-2025,UPI,47234,Partial
PAY01033,ORD01552,20-01-2025,Bank Transfer,30122,paid
PAY01034,ORD05609,13-12-2025,Credit Card,75552,Paid
PAY01035,ORD05792,27-02-2025,UPI,428481,Pending
PAY01036,ORD08748,02-07-2025,Credit Card,178703,Partial
PAY01037,ORD06090,16-01-2025,Debit Card,176131,Partial
PAY01038,ORD07349,21-04-2025,Credit Card,7626,paid
PAY01039,ORD02918,20-04-2025,Bank Transfer,240107,Partial
PAY01040,ORD00540,24-03-2025,Debit Card,141886,Pending
PAY01041,ORD08738,04-01-2025,Bank Transfer,418271,Partial
PAY01042,ORD02849,22-03-2025,Credit Card,380969,Pending
PAY01043,ORD06219,22-12-2025,Bank Transfer,193775,paid
PAY01044,ORD07879,11-06-2025,UPI,308327,paid
PAY01045,ORD01327,28-04-2025,Credit Card,203403,paid
PAY01046,ORD07782,06-08-2025,Debit Card,153086,Partial
PAY01047,ORD05624,19-09-2025,UPI,129917,Paid
PAY01048,ORD00878,03-11-2025,Bank Transfer,127778,Pending
PAY01049,ORD03612,18-07-2025,Debit Card,169438,Partial
PAY01050,ORD03420,11-03-2025,Credit Card,442025,paid
PAY01051,ORD09378,07-04-2025,Cash,457770,Paid
PAY01052,ORD09941,10-06-2025,UPI,118587,Partial
PAY01053,ORD03131,28-08-2025,Debit Card,314248,Paid
PAY01054,ORD05333,12-10-2025,Debit Card,91849,Pending
PAY01055,ORD03681,06-06-2025,Cash,172058,Paid
PAY01056,ORD07970,09-04-2025,Cash,368984,paid
PAY01057,ORD01643,02-09-2025,UPI,41780,paid
PAY01058,ORD04855,20-11-2025,UPI,368668,Partial
PAY01059,ORD06427,08-03-2025,Cash,41891,paid
PAY01060,ORD02998,09-05-2025,UPI,144418,Partial
PAY01061,ORD06502,04-06-2025,Debit Card,161614,Paid
PAY01062,ORD00041,27-12-2025,Cash,13033,Paid
PAY01063,ORD05691,26-09-2025,Debit Card,258520,Partial
PAY01064,ORD08015,13-09-2025,Credit Card,230424,Partial
PAY01065,ORD07818,01-09-2025,Credit Card,364514,Paid
PAY01066,ORD03086,01-04-2025,Debit Card,193784,Partial
PAY01067,ORD09064,25-03-2025,Debit Card,464722,Paid
PAY01068,ORD04517,18-03-2025,Bank Transfer,135703,Paid
PAY01069,ORD02941,24-10-2025,Debit Card,400295,paid
PAY01070,ORD07079,09-01-2025,Debit Card,188757,Pending
PAY01071,ORD03182,10-08-2025,Debit Card,85187,paid
PAY01072,ORD08630,24-03-2025,Bank Transfer,430076,paid
PAY01073,ORD04440,28-08-2025,Cash,487357,paid
PAY01074,ORD05782,03-06-2025,Credit Card,129374,Pending
PAY01075,ORD04461,15-12-2025,UPI,423509,Pending
PAY01076,ORD00760,03-06-2025,Credit Card,392517,Paid
PAY01077,ORD08019,09-07-2025,Credit Card,23646,Partial
PAY01078,ORD06641,07-04-2025,Cash,75947,Paid
PAY01079,ORD03200,07-04-2025,Credit Card,168182,Pending
PAY01080,ORD05821,16-10-2025,Credit Card,60249,paid
PAY01081,ORD04147,19-06-2025,Credit Card,79479,Pending
PAY01082,ORD04724,03-09-2025,Bank Transfer,222464,Partial
PAY01083,ORD07502,23-02-2025,Bank Transfer,164758,paid
PAY01084,ORD08450,07-01-2025,UPI,16121,Pending
PAY01085,ORD06089,11-11-2025,Debit Card,139892,Pending
PAY01086,ORD09186,06-04-2025,Credit Card,142198,Pending
PAY01087,ORD02516,11-02-2025,Credit Card,221722,paid
PAY01088,ORD00507,14-08-2025,UPI,145065,paid
PAY01089,ORD00815,12-07-2025,Credit Card,298022,Paid
PAY01090,ORD07530,21-01-2025,Debit Card,218672,Pending
PAY01091,ORD03227,26-11-2025,Debit Card,248614,Pending
PAY01092,ORD04916,10-09-2025,UPI,6476,Paid
PAY01093,ORD00578,24-05-2025,Cash,254782,Paid
PAY01094,ORD07256,23-01-2025,UPI,56319,Pending
PAY01095,ORD02022,05-01-2025,Bank Transfer,299931,paid
PAY01096,ORD02123,26-11-2025,Debit Card,229244,Partial
PAY01097,ORD01267,11-08-2025,UPI,134732,Partial
PAY01098,ORD06825,10-06-2025,UPI,36199,Pending
PAY01099,ORD04849,13-06-2025,Credit Card,367646,Pending
PAY01100,ORD09094,17-10-2025,Debit Card,403847,Partial
PAY01101,ORD02384,12-06-2025,Credit Card,444470,paid
PAY01102,ORD01678,26-11-2025,Bank Transfer,6852,Pending
PAY01103,ORD07105,04-09-2025,Cash,347725,Pending
PAY01104,ORD03695,03-10-2025,Cash,138082,Partial
PAY01105,ORD05035,21-12-2025,Bank Transfer,403901,Paid
PAY01106,ORD04342,20-10-2025,Cash,359729,Paid
PAY01107,ORD08673,10-02-2025,Cash,58785,Paid
PAY01108,ORD01047,10-06-2025,UPI,162765,paid
PAY01109,ORD09528,02-11-2025,UPI,32481,paid
PAY01110,ORD09214,05-04-2025,Cash,418363,Pending
PAY01111,ORD09347,18-03-2025,Debit Card,486580,Pending
PAY01112,ORD04863,20-01-2025,UPI,437955,Paid
PAY01113,ORD09653,13-08-2025,Bank Transfer,162995,paid
PAY01114,ORD05397,05-02-2025,UPI,440319,Paid
PAY01115,ORD04428,19-12-2025,UPI,77131,paid
PAY01116,ORD07977,13-11-2025,Cash,176663,paid
PAY01117,ORD02423,16-01-2025,Debit Card,420116,Partial
PAY01118,ORD05588,15-11-2025,Cash,394751,Pending
PAY01119,ORD08613,04-12-2025,Bank Transfer,134165,paid
PAY01120,ORD04849,11-05-2025,Bank Transfer,441661,paid
PAY01121,ORD02639,03-11-2025,UPI,286284,paid
PAY01122,ORD05361,10-05-2025,Bank Transfer,227194,paid
PAY01123,ORD02175,16-11-2025,Cash,318314,Paid
PAY01124,ORD00056,22-09-2025,Debit Card,460537,Pending
PAY01125,ORD08774,16-09-2025,UPI,361964,Partial
PAY01126,ORD09268,09-10-2025,Cash,170002,Partial
PAY01127,ORD04376,26-09-2025,Cash,213250,Partial
PAY01128,ORD06997,10-06-2025,Bank Transfer,60359,Pending
PAY01129,ORD09442,10-04-2025,UPI,319351,Pending
PAY01130,ORD05694,16-03-2025,UPI,223103,Paid
PAY01131,ORD02067,28-02-2025,Bank Transfer,444787,paid
PAY01132,ORD06760,08-12-2025,UPI,246756,Pending
PAY01133,ORD08891,12-08-2025,Credit Card,355108,paid
PAY01134,ORD04547,24-02-2025,Bank Transfer,74705,Pending
PAY01135,ORD02825,06-04-2025,UPI,196008,Paid
PAY01136,ORD09916,12-06-2025,Debit Card,198123,Partial
PAY01137,ORD06340,08-08-2025,UPI,435802,paid
PAY01138,ORD03083,16-07-2025,Debit Card,220619,Pending
PAY01139,ORD04958,10-10-2025,Bank Transfer,188995,paid
PAY01140,ORD01455,23-08-2025,Bank Transfer,145877,Partial
PAY01141,ORD01674,17-02-2025,Debit Card,286758,Partial
PAY01142,ORD06963,10-03-2025,Credit Card,368517,Partial
PAY01143,ORD08623,09-09-2025,Cash,283699,paid
PAY01144,ORD05067,25-06-2025,Bank Transfer,196367,Partial
PAY01145,ORD03673,08-06-2025,UPI,357711,Pending
PAY01146,ORD08728,21-10-2025,UPI,285253,Pending
PAY01147,ORD00243,21-08-2025,Bank Transfer,37368,Paid
PAY01148,ORD00952,18-04-2025,UPI,132715,Paid
PAY01149,ORD01956,24-07-2025,Bank Transfer,305082,paid
PAY01150,ORD06880,06-02-2025,UPI,42787,Partial
PAY01151,ORD05169,26-02-2025,Bank Transfer,102535,Paid
PAY01152,ORD05010,01-01-2025,Credit Card,355445,Partial
PAY01153,ORD01500,18-07-2025,Bank Transfer,452750,Pending
PAY01154,ORD07983,09-10-2025,Credit Card,412073,Pending
PAY01155,ORD05469,09-02-2025,Bank Transfer,387713,Partial
PAY01156,ORD04385,17-02-2025,UPI,159277,paid
PAY01157,ORD06403,25-06-2025,UPI,452833,paid
PAY01158,ORD08723,26-12-2025,Credit Card,177544,paid
PAY01159,ORD01901,13-08-2025,Cash,43456,Partial
PAY01160,ORD03644,11-05-2025,Cash,223458,Pending
PAY01161,ORD01110,06-05-2025,UPI,470576,Paid
PAY01162,ORD03706,27-12-2025,Credit Card,262507,Paid
PAY01163,ORD07122,16-12-2025,Credit Card,225297,paid
PAY01164,ORD09711,22-01-2025,Credit Card,203008,Partial
PAY01165,ORD08071,24-11-2025,Credit Card,266616,Pending
PAY01166,ORD06445,11-08-2025,UPI,348572,Partial
PAY01167,ORD04102,06-07-2025,Credit Card,255462,Pending
PAY01168,ORD04242,10-03-2025,Debit Card,143851,paid
PAY01169,ORD07248,19-12-2025,UPI,424471,Pending
PAY01170,ORD03580,16-10-2025,Bank Transfer,410550,Pending
PAY01171,ORD07678,10-07-2025,Credit Card,499683,Partial
PAY01172,ORD09288,03-08-2025,Cash,40260,Partial
PAY01173,ORD00248,12-04-2025,UPI,375960,paid
PAY01174,ORD06427,12-05-2025,Cash,209351,Paid
PAY01175,ORD01035,15-10-2025,Bank Transfer,103930,Pending
PAY01176,ORD08855,22-01-2025,Debit Card,170393,Partial
PAY01177,ORD09156,09-05-2025,Cash,306656,Paid
PAY01178,ORD00292,14-11-2025,Credit Card,425297,Partial
PAY01179,ORD08380,09-04-2025,Credit Card,246780,paid
PAY01180,ORD03581,05-04-2025,UPI,70957,Pending
PAY01181,ORD01199,25-04-2025,Bank Transfer,382449,paid
PAY01182,ORD00333,20-05-2025,Debit Card,352371,paid
PAY01183,ORD03052,21-12-2025,Debit Card,373373,Partial
PAY01184,ORD05606,26-06-2025,Cash,108819,Pending
PAY01185,ORD08279,28-07-2025,Cash,375205,paid
PAY01186,ORD06461,03-07-2025,Bank Transfer,470088,Paid
PAY01187,ORD00023,05-11-2025,Debit Card,244674,paid
PAY01188,ORD02728,21-09-2025,Credit Card,290644,Partial
PAY01189,ORD09137,12-06-2025,UPI,462393,paid
PAY01190,ORD03948,12-01-2025,UPI,211563,Paid
PAY01191,ORD00188,23-01-2025,Bank Transfer,178406,Pending
PAY01192,ORD04590,25-04-2025,Bank Transfer,409239,Paid
PAY01193,ORD09654,21-02-2025,Cash,154004,Paid
PAY01194,ORD07660,24-08-2025,Debit Card,273718,Paid
PAY01195,ORD08104,01-09-2025,Credit Card,187133,Pending
PAY01196,ORD09158,28-02-2025,Credit Card,241414,Paid
PAY01197,ORD06660,27-06-2025,Credit Card,486682,Partial
PAY01198,ORD01728,24-09-2025,Debit Card,110234,Paid
PAY01199,ORD04525,03-09-2025,Credit Card,216650,Partial
PAY01200,ORD04384,01-02-2025,Credit Card,285357,Partial
PAY01201,ORD06943,14-01-2025,Cash,481794,Paid
PAY01202,ORD08041,07-03-2025,Credit Card,81038,Paid
PAY01203,ORD08833,14-03-2025,UPI,240013,Partial
PAY01204,ORD08576,05-06-2025,Credit Card,311943,Paid
PAY01205,ORD05784,04-11-2025,Debit Card,278629,paid
PAY01206,ORD01849,18-10-2025,Debit Card,57916,Partial
PAY01207,ORD04250,18-12-2025,UPI,312614,Partial
PAY01208,ORD06606,15-10-2025,Credit Card,345694,Paid
PAY01209,ORD03574,12-02-2025,Debit Card,146872,Paid
PAY01210,ORD03330,28-03-2025,Credit Card,393482,Pending
PAY01211,ORD09852,10-08-2025,Credit Card,464739,paid
PAY01212,ORD07125,02-10-2025,Debit Card,180845,paid
PAY01213,ORD02839,15-04-2025,Credit Card,341217,Pending
PAY01214,ORD01028,25-11-2025,Cash,89233,paid
PAY01215,ORD06575,24-10-2025,Credit Card,433645,Paid
PAY01216,ORD06897,18-02-2025,Bank Transfer,109776,Pending
PAY01217,ORD08351,08-08-2025,Cash,59293,Pending
PAY01218,ORD08962,18-11-2025,Debit Card,89871,Partial
PAY01219,ORD08988,04-10-2025,Debit Card,216585,Partial
PAY01220,ORD03952,08-10-2025,Bank Transfer,321782,paid
PAY01221,ORD09368,05-05-2025,Debit Card,126289,Partial
PAY01222,ORD04879,07-11-2025,UPI,29463,Paid
PAY01223,ORD07250,28-07-2025,Cash,366760,Pending
PAY01224,ORD05848,01-02-2025,Bank Transfer,171609,Partial
PAY01225,ORD00418,26-04-2025,Bank Transfer,488992,Pending
PAY01226,ORD01857,27-09-2025,UPI,205670,Paid
PAY01227,ORD04208,28-03-2025,UPI,32720,Partial
PAY01228,ORD03427,09-03-2025,Credit Card,231808,Paid
PAY01229,ORD02857,26-01-2025,Cash,347192,Partial
PAY01230,ORD09211,02-06-2025,Debit Card,286990,paid
PAY01231,ORD06668,11-05-2025,Cash,339203,Pending
PAY01232,ORD02240,17-09-2025,Cash,435138,Pending
PAY01233,ORD02616,21-08-2025,UPI,479001,Partial
PAY01234,ORD03715,16-02-2025,Bank Transfer,284292,Pending
PAY01235,ORD03269,07-12-2025,Bank Transfer,299802,Paid
PAY01236,ORD06422,09-05-2025,Cash,465559,Paid
PAY01237,ORD09946,05-05-2025,Bank Transfer,457926,Pending
PAY01238,ORD03189,03-03-2025,Credit Card,10032,Partial
PAY01239,ORD01656,03-08-2025,Cash,100967,Paid
PAY01240,ORD00094,21-02-2025,Debit Card,393288,Partial
PAY01241,ORD00198,19-01-2025,Debit Card,379997,Pending
PAY01242,ORD03173,11-02-2025,UPI,158592,Pending
PAY01243,ORD02769,05-06-2025,UPI,44664,paid
PAY01244,ORD05156,17-01-2025,Bank Transfer,456724,Pending
PAY01245,ORD07870,01-03-2025,Cash,115895,Pending
PAY01246,ORD06881,23-03-2025,Cash,316424,Paid
PAY01247,ORD01298,07-03-2025,Debit Card,103017,Paid
PAY01248,ORD02160,17-12-2025,Cash,57817,Pending
PAY01249,ORD03137,22-02-2025,Credit Card,73376,Partial
PAY01250,ORD06531,27-05-2025,Bank Transfer,454285,Pending
PAY01251,ORD05896,04-05-2025,Bank Transfer,347080,Paid
PAY01252,ORD06394,20-07-2025,UPI,205898,Partial
PAY01253,ORD03355,02-08-2025,Debit Card,50098,Paid
PAY01254,ORD02191,27-06-2025,Debit Card,107136,Partial
PAY01255,ORD03824,16-06-2025,Debit Card,405588,Paid
PAY01256,ORD06361,03-12-2025,Debit Card,141974,Partial
PAY01257,ORD03488,17-04-2025,Cash,177172,Partial
PAY01258,ORD09967,07-11-2025,Cash,227051,Paid
PAY01259,ORD00454,16-05-2025,Bank Transfer,104605,Pending
PAY01260,ORD08111,16-05-2025,Cash,173891,Paid
PAY01261,ORD03056,25-01-2025,Debit Card,461665,Partial
PAY01262,ORD02849,05-12-2025,Cash,411651,paid
PAY01263,ORD07449,07-01-2025,Credit Card,101873,Partial
PAY01264,ORD03419,27-01-2025,Bank Transfer,456225,Paid
PAY01265,ORD08972,12-04-2025,Debit Card,134878,Paid
PAY01266,ORD07133,04-03-2025,UPI,257622,Pending
PAY01267,ORD05742,05-02-2025,UPI,157404,paid
PAY01268,ORD05032,17-03-2025,Debit Card,138668,Pending
PAY01269,ORD07193,22-10-2025,UPI,474389,paid
PAY01270,ORD01870,07-09-2025,Bank Transfer,488271,Paid
PAY01271,ORD03433,01-04-2025,Credit Card,370589,Partial
PAY01272,ORD06931,22-09-2025,Credit Card,231386,Paid
PAY01273,ORD01288,13-01-2025,Debit Card,105178,paid
PAY01274,ORD06858,10-01-2025,Debit Card,149190,Partial
PAY01275,ORD04150,03-11-2025,Bank Transfer,299135,Paid
PAY01276,ORD07167,05-07-2025,Cash,423427,Pending
PAY01277,ORD06597,01-11-2025,Credit Card,178624,paid
PAY01278,ORD08893,16-05-2025,UPI,57534,Pending
PAY01279,ORD06398,02-10-2025,Cash,416882,paid
PAY01280,ORD01182,16-01-2025,UPI,118570,Pending
PAY01281,ORD01994,07-01-2025,Credit Card,498962,paid
PAY01282,ORD08325,21-08-2025,Credit Card,478557,Paid
PAY01283,ORD01843,19-07-2025,Credit Card,427468,Paid
PAY01284,ORD00833,27-08-2025,Bank Transfer,318022,Pending
PAY01285,ORD00639,11-11-2025,Cash,83656,Paid
PAY01286,ORD03091,10-05-2025,UPI,245240,Pending
PAY01287,ORD02897,07-10-2025,Credit Card,294526,Partial
PAY01288,ORD05472,03-10-2025,Debit Card,345971,Paid
PAY01289,ORD00213,09-07-2025,UPI,442097,Partial
PAY01290,ORD00241,10-05-2025,Bank Transfer,206268,paid
PAY01291,ORD04312,10-08-2025,Cash,203794,Partial
PAY01292,ORD07612,18-10-2025,Bank Transfer,189317,paid
PAY01293,ORD06468,27-05-2025,Credit Card,93002,Partial
PAY01294,ORD04117,04-04-2025,Bank Transfer,168350,paid
PAY01295,ORD00768,09-11-2025,Bank Transfer,468914,paid
PAY01296,ORD04991,17-02-2025,Cash,13467,paid
PAY01297,ORD00114,27-06-2025,Credit Card,400738,Partial
PAY01298,ORD00901,04-06-2025,Bank Transfer,349615,Pending
PAY01299,ORD00521,15-05-2025,Credit Card,202015,Partial
PAY01300,ORD09271,04-08-2025,Cash,202240,Partial
PAY01301,ORD08126,07-12-2025,Credit Card,308169,paid
PAY01302,ORD07603,22-02-2025,Cash,124933,Partial
PAY01303,ORD05400,01-04-2025,Debit Card,109052,paid
PAY01304,ORD00214,12-06-2025,UPI,141876,Paid
PAY01305,ORD01164,15-01-2025,UPI,66547,paid
PAY01306,ORD07895,05-04-2025,Bank Transfer,225157,Pending
PAY01307,ORD05402,11-02-2025,UPI,16337,Pending
PAY01308,ORD08630,06-06-2025,UPI,19349,paid
PAY01309,ORD03289,07-09-2025,Cash,250416,Paid
PAY01310,ORD08994,28-07-2025,Debit Card,306682,Partial
PAY01311,ORD06855,16-08-2025,Credit Card,91283,Pending
PAY01312,ORD03459,07-03-2025,UPI,17952,paid
PAY01313,ORD02543,05-06-2025,Cash,123387,Paid
PAY01314,ORD04683,18-06-2025,Bank Transfer,224619,Partial
PAY01315,ORD06978,06-02-2025,Debit Card,130582,Partial
PAY01316,ORD09208,22-08-2025,Cash,406201,paid
PAY01317,ORD03501,07-11-2025,Debit Card,333560,Partial
PAY01318,ORD04801,26-09-2025,UPI,29689,Partial
PAY01319,ORD03577,10-01-2025,Cash,230766,Partial
PAY01320,ORD07454,23-02-2025,Bank Transfer,354519,Partial
PAY01321,ORD06862,25-06-2025,Cash,38513,paid
PAY01322,ORD08130,18-05-2025,Bank Transfer,420490,Pending
PAY01323,ORD04999,09-12-2025,Bank Transfer,443661,Partial
PAY01324,ORD02995,16-04-2025,UPI,110724,Paid
PAY01325,ORD03644,11-12-2025,Credit Card,411388,Paid
PAY01326,ORD05910,03-10-2025,Cash,239111,Paid
PAY01327,ORD05573,07-09-2025,UPI,71470,Pending
PAY01328,ORD02197,16-02-2025,UPI,245987,Partial
PAY01329,ORD09718,06-05-2025,Bank Transfer,240831,Pending
PAY01330,ORD05085,05-05-2025,Debit Card,67008,Paid
PAY01331,ORD04007,10-09-2025,Bank Transfer,347512,Partial
PAY01332,ORD08196,05-09-2025,Cash,373595,Pending
PAY01333,ORD06836,21-07-2025,Debit Card,485482,Partial
PAY01334,ORD07169,10-08-2025,UPI,424183,Partial
PAY01335,ORD00751,18-03-2025,Cash,495124,Pending
PAY01336,ORD01929,04-08-2025,Bank Transfer,174168,Paid
PAY01337,ORD05191,03-02-2025,Cash,45964,paid
PAY01338,ORD05051,19-08-2025,Debit Card,369423,Paid
PAY01339,ORD05257,03-04-2025,Bank Transfer,330887,Partial
PAY01340,ORD01568,13-04-2025,Bank Transfer,95805,paid
PAY01341,ORD01682,01-03-2025,Cash,145259,Pending
PAY01342,ORD01862,16-09-2025,UPI,449379,Partial
PAY01343,ORD06982,19-10-2025,Credit Card,267266,Paid
PAY01344,ORD08219,01-04-2025,Debit Card,227789,Paid
PAY01345,ORD08679,20-03-2025,UPI,382620,Pending
PAY01346,ORD01099,15-10-2025,Debit Card,204400,paid
PAY01347,ORD04896,01-07-2025,UPI,397139,Paid
PAY01348,ORD00638,12-12-2025,Cash,464766,paid
PAY01349,ORD03767,09-01-2025,Debit Card,295593,Partial
PAY01350,ORD02067,10-11-2025,Credit Card,291072,paid
PAY01351,ORD03717,28-05-2025,Debit Card,436989,Partial
PAY01352,ORD09026,27-07-2025,UPI,299131,paid
PAY01353,ORD08034,16-12-2025,Debit Card,259971,paid
PAY01354,ORD04613,18-07-2025,Debit Card,171925,Pending
PAY01355,ORD08757,13-08-2025,Credit Card,403469,Partial
PAY01356,ORD07348,13-07-2025,Debit Card,235579,paid
PAY01357,ORD09829,05-12-2025,Debit Card,399516,paid
PAY01358,ORD00131,21-03-2025,UPI,198536,Paid
PAY01359,ORD05360,10-04-2025,UPI,417307,Partial
PAY01360,ORD05031,16-01-2025,Bank Transfer,248697,paid
PAY01361,ORD06207,21-12-2025,UPI,438098,Paid
PAY01362,ORD07100,20-03-2025,UPI,369345,Partial
PAY01363,ORD06036,16-04-2025,Cash,275763,paid
PAY01364,ORD02840,10-09-2025,Cash,231018,Partial
PAY01365,ORD02422,02-07-2025,UPI,102952,paid
PAY01366,ORD03784,04-11-2025,Cash,433086,Paid
PAY01367,ORD06002,13-08-2025,Cash,229875,Paid
PAY01368,ORD04128,19-09-2025,Debit Card,20577,Pending
PAY01369,ORD03361,14-07-2025,Debit Card,453830,paid
PAY01370,ORD08459,02-02-2025,Debit Card,315932,Pending
PAY01371,ORD00616,02-10-2025,Cash,176323,paid
PAY01372,ORD00515,18-05-2025,Credit Card,105334,Paid
PAY01373,ORD05430,22-08-2025,Credit Card,277921,Paid
PAY01374,ORD06854,16-02-2025,Cash,129408,paid
PAY01375,ORD05057,24-10-2025,Bank Transfer,193891,Pending
PAY01376,ORD09791,07-04-2025,UPI,73976,paid
PAY01377,ORD06043,19-01-2025,Debit Card,238298,Partial
PAY01378,ORD00658,24-11-2025,Credit Card,451365,Pending
PAY01379,ORD01097,11-07-2025,Debit Card,157452,paid
PAY01380,ORD06817,09-03-2025,Bank Transfer,402014,paid
PAY01381,ORD00780,24-09-2025,UPI,262009,Partial
PAY01382,ORD01016,15-11-2025,UPI,490500,Paid
PAY01383,ORD08284,05-07-2025,Bank Transfer,491623,Partial
PAY01384,ORD00164,02-05-2025,Cash,461283,paid
PAY01385,ORD02867,12-03-2025,Debit Card,333277,Paid
PAY01386,ORD02177,08-05-2025,Credit Card,483281,Pending
PAY01387,ORD03151,17-08-2025,Credit Card,276922,Pending
PAY01388,ORD09765,11-10-2025,Credit Card,189278,Pending
PAY01389,ORD03351,06-11-2025,Debit Card,423376,paid
PAY01390,ORD06766,24-02-2025,Bank Transfer,91137,Partial
PAY01391,ORD00937,21-06-2025,Cash,33825,Paid
PAY01392,ORD07559,18-07-2025,Cash,324124,paid
PAY01393,ORD08666,15-12-2025,Credit Card,356931,Pending
PAY01394,ORD08549,10-04-2025,UPI,74556,Paid
PAY01395,ORD08524,14-09-2025,Bank Transfer,352218,paid
PAY01396,ORD09855,03-11-2025,Bank Transfer,449184,Partial
PAY01397,ORD00119,14-06-2025,Cash,370830,Partial
PAY01398,ORD04251,09-10-2025,UPI,96966,paid
PAY01399,ORD01775,19-02-2025,UPI,113690,Partial
PAY01400,ORD04203,05-07-2025,Debit Card,495364,Paid
PAY01401,ORD01725,17-09-2025,Cash,320903,Paid
PAY01402,ORD06346,27-06-2025,Bank Transfer,125272,Paid
PAY01403,ORD05395,09-07-2025,Bank Transfer,443979,Paid
PAY01404,ORD01711,11-07-2025,Cash,364452,Paid
PAY01405,ORD08134,01-03-2025,UPI,438264,Paid
PAY01406,ORD02227,08-06-2025,Credit Card,74084,Partial
PAY01407,ORD09570,23-08-2025,Bank Transfer,247050,paid
PAY01408,ORD07731,16-07-2025,Credit Card,196202,paid
PAY01409,ORD07167,04-05-2025,UPI,146190,Partial
PAY01410,ORD05711,22-12-2025,UPI,116340,Pending
PAY01411,ORD06706,18-05-2025,Cash,244800,Paid
PAY01412,ORD00334,09-08-2025,Credit Card,94210,Pending
PAY01413,ORD05774,18-11-2025,UPI,161011,Paid
PAY01414,ORD03632,03-12-2025,UPI,101451,Partial
PAY01415,ORD05263,27-06-2025,Credit Card,275290,Pending
PAY01416,ORD00411,07-02-2025,Cash,66916,paid
PAY01417,ORD09113,16-05-2025,Cash,428597,paid
PAY01418,ORD00614,05-01-2025,Bank Transfer,419489,Partial
PAY01419,ORD00398,23-03-2025,Debit Card,342527,Partial
PAY01420,ORD05123,09-01-2025,Debit Card,470493,Paid
PAY01421,ORD05181,14-05-2025,UPI,196461,Paid
PAY01422,ORD07178,18-02-2025,UPI,440228,Pending
PAY01423,ORD05753,07-10-2025,UPI,255106,paid
PAY01424,ORD05758,10-02-2025,Credit Card,203839,Paid
PAY01425,ORD04787,28-03-2025,Debit Card,279627,Paid
PAY01426,ORD06090,11-01-2025,Credit Card,473727,Partial
PAY01427,ORD05030,01-08-2025,UPI,80316,Paid
PAY01428,ORD08734,09-05-2025,Debit Card,80683,Partial
PAY01429,ORD06866,05-05-2025,Cash,469726,Pending
PAY01430,ORD02420,14-12-2025,Cash,94393,Paid
PAY01431,ORD09063,04-04-2025,Cash,464504,Paid
PAY01432,ORD09516,20-07-2025,Cash,439877,Partial
PAY01433,ORD07371,14-08-2025,UPI,56164,Paid
PAY01434,ORD02263,21-02-2025,Cash,274059,paid
PAY01435,ORD09419,28-08-2025,Cash,428652,Paid
PAY01436,ORD03428,03-05-2025,Debit Card,49286,Pending
PAY01437,ORD06043,08-10-2025,UPI,84984,paid
PAY01438,ORD09987,21-07-2025,UPI,405617,Pending
PAY01439,ORD08020,01-10-2025,Cash,104972,paid
PAY01440,ORD05744,19-12-2025,Cash,7942,Paid
PAY01441,ORD03395,13-05-2025,Bank Transfer,498064,Partial
PAY01442,ORD09460,08-08-2025,Cash,154611,Pending
PAY01443,ORD08577,25-12-2025,Debit Card,120151,Pending
PAY01444,ORD06017,07-11-2025,Debit Card,79278,Pending
PAY01445,ORD01423,19-04-2025,Bank Transfer,463599,Paid
PAY01446,ORD09711,08-02-2025,UPI,17696,paid
PAY01447,ORD06102,06-07-2025,UPI,183957,Pending
PAY01448,ORD06569,02-06-2025,UPI,194022,Paid
PAY01449,ORD09234,27-06-2025,Bank Transfer,398354,Pending
PAY01450,ORD08993,03-05-2025,Credit Card,159288,Partial
PAY01451,ORD01105,02-03-2025,Bank Transfer,443208,paid
PAY01452,ORD08550,13-11-2025,UPI,252286,Paid
PAY01453,ORD07866,27-12-2025,Bank Transfer,229594,paid
PAY01454,ORD00329,20-06-2025,Bank Transfer,107536,paid
PAY01455,ORD02434,12-06-2025,Cash,233437,paid
PAY01456,ORD01378,16-04-2025,UPI,67943,Pending
PAY01457,ORD00820,23-04-2025,Bank Transfer,89637,paid
PAY01458,ORD07525,27-12-2025,Cash,104423,Partial
PAY01459,ORD02748,20-03-2025,Bank Transfer,17946,Pending
PAY01460,ORD08246,02-05-2025,Cash,204168,Pending
PAY01461,ORD02883,21-09-2025,Cash,458990,Partial
PAY01462,ORD01091,12-06-2025,Bank Transfer,229257,Paid
PAY01463,ORD02900,19-03-2025,Bank Transfer,396814,Pending
PAY01464,ORD04720,07-08-2025,Credit Card,454844,Pending
PAY01465,ORD07953,25-02-2025,UPI,274265,Paid
PAY01466,ORD04718,24-09-2025,UPI,468029,Paid
PAY01467,ORD08011,03-03-2025,Credit Card,476378,Partial
PAY01468,ORD01904,02-03-2025,Debit Card,432625,paid
PAY01469,ORD04742,10-03-2025,Bank Transfer,456491,Pending
PAY01470,ORD02841,04-03-2025,Debit Card,350310,Paid
PAY01471,ORD04500,04-03-2025,Bank Transfer,228625,Pending
PAY01472,ORD06906,04-09-2025,Bank Transfer,329623,Pending
PAY01473,ORD00169,18-06-2025,Bank Transfer,401480,paid
PAY01474,ORD07258,02-11-2025,Cash,322698,paid
PAY01475,ORD03037,26-07-2025,Cash,184656,Paid
PAY01476,ORD03313,20-03-2025,Credit Card,20381,Paid
PAY01477,ORD00282,19-07-2025,Bank Transfer,165224,Paid
PAY01478,ORD00440,09-07-2025,Bank Transfer,260564,Pending
PAY01479,ORD04320,26-09-2025,Bank Transfer,93040,Paid
PAY01480,ORD01499,15-08-2025,Debit Card,453988,paid
PAY01481,ORD07262,04-10-2025,Cash,477990,paid
PAY01482,ORD03846,20-11-2025,Debit Card,215444,Paid
PAY01483,ORD07255,10-04-2025,Credit Card,412063,Pending
PAY01484,ORD06430,12-12-2025,Cash,280732,Paid
PAY01485,ORD02782,07-04-2025,Debit Card,397345,Pending
PAY01486,ORD04293,11-10-2025,Cash,109497,Paid
PAY01487,ORD05323,18-11-2025,UPI,221443,Pending
PAY01488,ORD07833,13-02-2025,Debit Card,170089,Partial
PAY01489,ORD05127,28-12-2025,Bank Transfer,259831,Partial
PAY01490,ORD02496,22-04-2025,Bank Transfer,346436,paid
PAY01491,ORD00773,04-11-2025,Credit Card,439562,paid
PAY01492,ORD05041,02-11-2025,Bank Transfer,270078,paid
PAY01493,ORD06381,17-07-2025,UPI,13197,Paid
PAY01494,ORD00947,07-10-2025,Cash,458035,Partial
PAY01495,ORD04346,28-08-2025,Cash,374066,Partial
PAY01496,ORD09448,09-01-2025,Bank Transfer,399410,Pending
PAY01497,ORD07063,12-11-2025,Cash,13484,Partial
PAY01498,ORD03682,15-07-2025,Credit Card,304766,paid
PAY01499,ORD07779,11-06-2025,Debit Card,102380,Partial
PAY01500,ORD02786,25-02-2025,UPI,408389,Pending
PAY01501,ORD09930,23-04-2025,Cash,285567,paid
PAY01502,ORD04603,10-08-2025,Credit Card,122746,Pending
PAY01503,ORD01380,02-03-2025,Credit Card,78959,paid
PAY01504,ORD05466,21-01-2025,Credit Card,284341,Partial
PAY01505,ORD05160,17-05-2025,UPI,269067,Pending
PAY01506,ORD00301,01-02-2025,Credit Card,135943,Partial
PAY01507,ORD04939,02-06-2025,Credit Card,479060,paid
PAY01508,ORD06021,12-09-2025,Credit Card,112624,Paid
PAY01509,ORD00243,26-12-2025,Debit Card,430268,Partial
PAY01510,ORD01125,07-07-2025,Debit Card,196267,Paid
PAY01511,ORD05367,07-06-2025,UPI,270959,Pending
PAY01512,ORD07067,03-10-2025,Debit Card,381678,paid
PAY01513,ORD03007,27-04-2025,Debit Card,72475,paid
PAY01514,ORD08192,05-12-2025,Bank Transfer,408503,paid
PAY01515,ORD06174,04-09-2025,Credit Card,413060,Partial
PAY01516,ORD07874,06-05-2025,Cash,223676,Pending
PAY01517,ORD04075,10-09-2025,Credit Card,137012,paid
PAY01518,ORD05719,05-07-2025,Debit Card,410887,Partial
PAY01519,ORD04253,19-07-2025,Debit Card,464939,Partial
PAY01520,ORD02570,10-06-2025,Credit Card,495897,Pending
PAY01521,ORD02334,03-11-2025,UPI,219495,Partial
PAY01522,ORD07749,24-11-2025,Bank Transfer,449243,Partial
PAY01523,ORD00232,28-08-2025,Credit Card,158305,Paid
PAY01524,ORD01908,02-08-2025,Bank Transfer,101646,Pending
PAY01525,ORD09925,07-01-2025,Bank Transfer,41522,paid
PAY01526,ORD01992,01-04-2025,Debit Card,69764,Partial
PAY01527,ORD02166,17-02-2025,Debit Card,267966,Pending
PAY01528,ORD09347,06-06-2025,Debit Card,201319,Partial
PAY01529,ORD03237,05-07-2025,Cash,193959,Pending
PAY01530,ORD07103,19-07-2025,Credit Card,293626,Pending
PAY01531,ORD06460,09-09-2025,Debit Card,482401,Paid
PAY01532,ORD00246,23-02-2025,Cash,456138,paid
PAY01533,ORD07720,28-09-2025,Bank Transfer,29543,paid
PAY01534,ORD08655,10-05-2025,Debit Card,463452,Partial
PAY01535,ORD02750,04-12-2025,Credit Card,406614,Paid
PAY01536,ORD08708,25-02-2025,Credit Card,454572,Paid
PAY01537,ORD09084,01-09-2025,Debit Card,337288,paid
PAY01538,ORD05712,24-01-2025,Credit Card,485411,Pending
PAY01539,ORD01907,10-11-2025,UPI,301343,Paid
PAY01540,ORD06049,04-09-2025,Credit Card,180027,Paid
PAY01541,ORD04826,17-12-2025,UPI,312947,Paid
PAY01542,ORD04543,24-07-2025,UPI,434702,Paid
PAY01543,ORD09858,14-04-2025,Debit Card,458766,Pending
PAY01544,ORD01132,27-06-2025,Cash,330936,Partial
PAY01545,ORD04447,24-10-2025,Debit Card,195897,paid
PAY01546,ORD00459,22-07-2025,Bank Transfer,481830,Paid
PAY01547,ORD02882,06-07-2025,Cash,361032,Paid
PAY01548,ORD03869,20-01-2025,UPI,353457,Partial
PAY01549,ORD06614,03-11-2025,Cash,26705,Pending
PAY01550,ORD04831,16-09-2025,Cash,91408,Partial
PAY01551,ORD03288,11-06-2025,Bank Transfer,317135,Pending
PAY01552,ORD09702,13-07-2025,Bank Transfer,222460,Paid
PAY01553,ORD03025,20-03-2025,Debit Card,466734,Partial
PAY01554,ORD04153,12-03-2025,Debit Card,294412,Pending
PAY01555,ORD05227,08-05-2025,Cash,338175,Pending
PAY01556,ORD00108,14-04-2025,Bank Transfer,321717,Paid
PAY01557,ORD06065,22-03-2025,Debit Card,418775,Paid
PAY01558,ORD04246,20-03-2025,Credit Card,83548,Paid
PAY01559,ORD07040,01-10-2025,Cash,219597,Pending
PAY01560,ORD09426,08-08-2025,Debit Card,243084,paid
PAY01561,ORD08553,24-07-2025,Debit Card,247604,Partial
PAY01562,ORD08374,03-11-2025,Credit Card,127384,Pending
PAY01563,ORD03050,06-10-2025,Bank Transfer,128660,Partial
PAY01564,ORD03694,03-07-2025,UPI,50450,Paid
PAY01565,ORD01403,15-02-2025,Bank Transfer,381502,Paid
PAY01566,ORD06740,16-12-2025,Debit Card,213959,Partial
PAY01567,ORD04355,09-01-2025,Credit Card,229942,Paid
PAY01568,ORD01927,06-08-2025,Cash,489964,Pending
PAY01569,ORD03252,13-10-2025,Debit Card,122479,Pending
PAY01570,ORD07883,05-12-2025,Debit Card,401793,Partial
PAY01571,ORD07669,25-04-2025,Cash,311596,Paid
PAY01572,ORD07282,17-05-2025,Credit Card,229160,Partial
PAY01573,ORD07285,26-01-2025,Bank Transfer,278046,Partial
PAY01574,ORD01495,11-12-2025,UPI,354355,paid
PAY01575,ORD05111,21-11-2025,Debit Card,150677,Partial
PAY01576,ORD00828,27-11-2025,Credit Card,123471,Pending
PAY01577,ORD02423,10-06-2025,Credit Card,83977,Paid
PAY01578,ORD05715,23-11-2025,Cash,70608,Pending
PAY01579,ORD00058,06-08-2025,Cash,133979,paid
PAY01580,ORD01391,17-04-2025,Cash,494794,Paid
PAY01581,ORD06341,25-06-2025,Cash,229981,paid
PAY01582,ORD00271,27-07-2025,Debit Card,160721,Partial
PAY01583,ORD00813,23-07-2025,Credit Card,251784,Partial
PAY01584,ORD00376,05-08-2025,UPI,132187,Paid
PAY01585,ORD02292,13-04-2025,Bank Transfer,15630,Pending
PAY01586,ORD00452,16-04-2025,UPI,30097,Pending
PAY01587,ORD09524,26-03-2025,UPI,95523,Pending
PAY01588,ORD06538,16-09-2025,UPI,114425,Paid
PAY01589,ORD04709,10-07-2025,UPI,450915,Pending
PAY01590,ORD09275,11-01-2025,UPI,85901,Paid
PAY01591,ORD09183,28-06-2025,UPI,366988,paid
PAY01592,ORD06827,26-02-2025,Bank Transfer,204401,Pending
PAY01593,ORD03953,19-08-2025,Debit Card,439353,Pending
PAY01594,ORD06042,11-07-2025,Credit Card,46052,paid
PAY01595,ORD08598,25-09-2025,Bank Transfer,32134,Pending
PAY01596,ORD06150,08-03-2025,Bank Transfer,50565,paid
PAY01597,ORD07200,27-03-2025,Cash,236622,Partial
PAY01598,ORD08370,18-09-2025,Credit Card,470702,Pending
PAY01599,ORD04270,22-03-2025,Credit Card,266278,Paid
PAY01600,ORD00338,06-08-2025,Cash,138926,Paid
PAY01601,ORD08218,14-08-2025,Credit Card,385935,Paid
PAY01602,ORD03154,22-04-2025,Cash,16632,Partial
PAY01603,ORD05904,23-02-2025,Cash,419196,Pending
PAY01604,ORD03996,24-08-2025,Bank Transfer,362682,Paid
PAY01605,ORD02108,13-05-2025,UPI,267415,Partial
PAY01606,ORD06955,03-11-2025,Credit Card,134836,Paid
PAY01607,ORD07394,15-02-2025,Cash,234023,Partial
PAY01608,ORD08041,26-12-2025,Bank Transfer,40023,Pending
PAY01609,ORD01166,21-10-2025,UPI,232057,Pending
PAY01610,ORD01730,24-03-2025,Bank Transfer,378568,Paid
PAY01611,ORD01330,28-10-2025,Cash,377561,paid
PAY01612,ORD04562,27-06-2025,Credit Card,249908,paid
PAY01613,ORD06511,20-01-2025,UPI,300170,paid
PAY01614,ORD04322,01-09-2025,Credit Card,192517,paid
PAY01615,ORD07980,08-09-2025,Debit Card,415197,paid
PAY01616,ORD09388,12-11-2025,UPI,12737,Partial
PAY01617,ORD09363,04-05-2025,UPI,429927,Pending
PAY01618,ORD05850,11-01-2025,Debit Card,367993,Partial
PAY01619,ORD02372,20-07-2025,Bank Transfer,395774,paid
PAY01620,ORD08323,03-07-2025,UPI,446698,paid
PAY01621,ORD04146,16-01-2025,Cash,269820,Partial
PAY01622,ORD08810,15-03-2025,Debit Card,23267,Pending
PAY01623,ORD05292,24-05-2025,UPI,403934,Pending
PAY01624,ORD01586,08-09-2025,Bank Transfer,295597,Pending
PAY01625,ORD06879,20-03-2025,Debit Card,249704,Paid
PAY01626,ORD07417,13-11-2025,UPI,240170,Paid
PAY01627,ORD07305,28-10-2025,Bank Transfer,446355,paid
PAY01628,ORD09894,16-04-2025,Cash,114345,Paid
PAY01629,ORD04820,28-04-2025,Debit Card,345744,Partial
PAY01630,ORD07494,27-10-2025,UPI,64400,paid
PAY01631,ORD01487,06-05-2025,UPI,190903,Paid
PAY01632,ORD07881,11-06-2025,Credit Card,363527,paid
PAY01633,ORD03587,18-01-2025,UPI,453201,Pending
PAY01634,ORD09714,11-03-2025,UPI,198477,Pending
PAY01635,ORD09017,11-09-2025,Debit Card,393453,paid
PAY01636,ORD03193,03-05-2025,Cash,306519,paid
PAY01637,ORD09700,07-01-2025,UPI,314450,paid
PAY01638,ORD07693,14-07-2025,Debit Card,348394,Pending
PAY01639,ORD03948,19-08-2025,Credit Card,7962,Paid
PAY01640,ORD07343,09-01-2025,UPI,226824,Pending
PAY01641,ORD08297,12-04-2025,Bank Transfer,127267,Paid
PAY01642,ORD00629,09-08-2025,Cash,362282,paid
PAY01643,ORD04678,22-04-2025,Credit Card,495603,Pending
PAY01644,ORD01206,15-02-2025,UPI,117269,Partial
PAY01645,ORD02400,10-11-2025,Bank Transfer,116434,Pending
PAY01646,ORD02751,12-02-2025,Cash,88493,Partial
PAY01647,ORD05859,01-01-2025,UPI,295798,Partial
PAY01648,ORD01851,22-03-2025,UPI,12404,paid
PAY01649,ORD03370,22-09-2025,Debit Card,114213,Partial
PAY01650,ORD00682,23-02-2025,UPI,400822,paid
PAY01651,ORD01559,22-06-2025,UPI,485531,paid
PAY01652,ORD06656,01-06-2025,Cash,382870,Paid
PAY01653,ORD00930,22-05-2025,Debit Card,259892,Pending
PAY01654,ORD07491,05-02-2025,Credit Card,56442,Partial
PAY01655,ORD07824,16-07-2025,Debit Card,467215,paid
PAY01656,ORD02863,07-07-2025,UPI,347415,Paid
PAY01657,ORD09429,07-09-2025,UPI,326128,Partial
PAY01658,ORD09236,17-04-2025,Debit Card,487542,Paid
PAY01659,ORD01017,08-03-2025,Credit Card,290874,Paid
PAY01660,ORD01305,10-10-2025,Cash,128047,Pending
PAY01661,ORD06016,11-11-2025,Debit Card,432390,Partial
PAY01662,ORD03962,17-12-2025,Cash,413510,Paid
PAY01663,ORD06558,04-01-2025,UPI,116616,paid
PAY01664,ORD06171,13-12-2025,UPI,307210,Partial
PAY01665,ORD08931,02-10-2025,UPI,460543,Paid
PAY01666,ORD03118,25-10-2025,UPI,44967,Pending
PAY01667,ORD03721,08-04-2025,Cash,116109,Pending
PAY01668,ORD03554,20-07-2025,UPI,29901,Pending
PAY01669,ORD05499,21-11-2025,Cash,248021,Pending
PAY01670,ORD04975,14-09-2025,Cash,394760,Paid
PAY01671,ORD07766,24-07-2025,UPI,275115,Partial
PAY01672,ORD08471,18-01-2025,UPI,8753,Paid
PAY01673,ORD09323,08-10-2025,Bank Transfer,258953,Pending
PAY01674,ORD06588,06-09-2025,Credit Card,321454,paid
PAY01675,ORD05700,14-08-2025,Credit Card,314616,Pending
PAY01676,ORD08622,23-03-2025,Credit Card,259965,Partial
PAY01677,ORD01186,26-11-2025,Debit Card,19553,Pending
PAY01678,ORD01364,25-02-2025,Bank Transfer,447284,Pending
PAY01679,ORD09870,08-03-2025,UPI,259228,Paid
PAY01680,ORD08516,28-05-2025,Cash,265696,Pending
PAY01681,ORD08372,02-10-2025,UPI,72581,Pending
PAY01682,ORD02987,18-07-2025,Credit Card,26120,Paid
PAY01683,ORD08262,14-02-2025,Bank Transfer,384348,paid
PAY01684,ORD03044,05-02-2025,UPI,274347,Pending
PAY01685,ORD03137,02-06-2025,Credit Card,162397,Paid
PAY01686,ORD02291,21-03-2025,UPI,428575,Paid
PAY01687,ORD06298,09-04-2025,Debit Card,25039,Paid
PAY01688,ORD08701,14-06-2025,Cash,400873,Partial
PAY01689,ORD08886,27-09-2025,Bank Transfer,465425,paid
PAY01690,ORD05655,24-11-2025,Cash,261752,Partial
PAY01691,ORD00428,06-07-2025,Credit Card,14093,Partial
PAY01692,ORD00351,24-10-2025,UPI,369320,Partial
PAY01693,ORD01543,19-03-2025,Cash,183789,paid
PAY01694,ORD00829,09-03-2025,Bank Transfer,23058,Paid
PAY01695,ORD07418,21-11-2025,Bank Transfer,468296,Pending
PAY01696,ORD04450,26-04-2025,UPI,200406,Paid
PAY01697,ORD03701,05-11-2025,Credit Card,480172,Partial
PAY01698,ORD02985,19-09-2025,UPI,486393,Paid
PAY01699,ORD00274,13-05-2025,Cash,275869,paid
PAY01700,ORD07385,25-01-2025,Credit Card,387641,Paid
PAY01701,ORD02157,22-01-2025,Debit Card,445980,Partial
PAY01702,ORD06463,22-08-2025,Cash,459628,paid
PAY01703,ORD03320,22-08-2025,Cash,82845,Partial
PAY01704,ORD00970,07-12-2025,Credit Card,270276,paid
PAY01705,ORD02078,14-05-2025,Credit Card,98855,Pending
PAY01706,ORD00456,05-04-2025,Cash,407982,Pending
PAY01707,ORD04663,20-11-2025,UPI,475803,Paid
PAY01708,ORD04778,18-08-2025,Cash,109882,Pending
PAY01709,ORD08941,22-12-2025,Bank Transfer,160960,Paid
PAY01710,ORD09546,04-02-2025,UPI,242549,paid
PAY01711,ORD08226,04-02-2025,Credit Card,482157,paid
PAY01712,ORD04031,28-12-2025,Bank Transfer,140792,Partial
PAY01713,ORD00275,02-02-2025,Credit Card,99943,Partial
PAY01714,ORD01913,20-03-2025,Bank Transfer,77068,paid
PAY01715,ORD03535,18-01-2025,UPI,50887,Partial
PAY01716,ORD00735,12-06-2025,UPI,306329,paid
PAY01717,ORD06012,03-02-2025,Credit Card,239104,Paid
PAY01718,ORD05136,20-10-2025,Debit Card,468503,Pending
PAY01719,ORD02433,04-12-2025,Debit Card,232263,Partial
PAY01720,ORD00875,24-09-2025,Debit Card,117272,Pending
PAY01721,ORD05103,17-07-2025,Debit Card,64414,Paid
PAY01722,ORD00725,06-11-2025,Bank Transfer,133222,paid
PAY01723,ORD08601,13-04-2025,Bank Transfer,208707,Pending
PAY01724,ORD01621,08-04-2025,Cash,193948,paid
PAY01725,ORD02251,17-04-2025,Debit Card,442223,Paid
PAY01726,ORD05728,03-05-2025,UPI,180249,Partial
PAY01727,ORD07133,11-02-2025,Bank Transfer,342276,Partial
PAY01728,ORD09691,22-04-2025,Debit Card,112290,Pending
PAY01729,ORD04606,24-07-2025,Credit Card,328238,Pending
PAY01730,ORD06911,18-08-2025,Credit Card,380443,Paid
PAY01731,ORD04883,28-04-2025,UPI,302878,paid
PAY01732,ORD03607,19-11-2025,Bank Transfer,64847,Paid
PAY01733,ORD00675,26-10-2025,UPI,166701,Paid
PAY01734,ORD03895,03-02-2025,Bank Transfer,409236,Pending
PAY01735,ORD05649,23-08-2025,Debit Card,368475,Pending
PAY01736,ORD08825,16-03-2025,Credit Card,91244,Pending
PAY01737,ORD09657,24-05-2025,UPI,263345,Paid
PAY01738,ORD04628,03-04-2025,Bank Transfer,203515,Pending
PAY01739,ORD04116,14-10-2025,Cash,96767,Partial
PAY01740,ORD06888,18-04-2025,Bank Transfer,427775,paid
PAY01741,ORD02916,09-10-2025,UPI,477179,Paid
PAY01742,ORD04533,03-01-2025,Cash,380806,Pending
PAY01743,ORD09669,16-12-2025,Debit Card,478320,Partial
PAY01744,ORD02015,21-11-2025,Bank Transfer,8846,Paid
PAY01745,ORD01093,15-09-2025,Debit Card,119699,Pending
PAY01746,ORD06968,19-11-2025,UPI,167579,Pending
PAY01747,ORD06153,11-07-2025,UPI,32981,Paid
PAY01748,ORD02394,25-04-2025,Debit Card,7114,paid
PAY01749,ORD02154,10-02-2025,Credit Card,57629,Paid
PAY01750,ORD04698,12-09-2025,Cash,102812,Paid
PAY01751,ORD00826,21-11-2025,Bank Transfer,148314,Pending
PAY01752,ORD07288,17-02-2025,Credit Card,345599,Pending
PAY01753,ORD02076,26-07-2025,Bank Transfer,206784,Pending
PAY01754,ORD07607,15-09-2025,Debit Card,333909,paid
PAY01755,ORD09132,18-05-2025,Credit Card,272042,paid
PAY01756,ORD09738,12-01-2025,Credit Card,199943,paid
PAY01757,ORD07266,14-07-2025,Credit Card,329659,paid
PAY01758,ORD09873,28-08-2025,Debit Card,185794,Partial
PAY01759,ORD05976,09-12-2025,Bank Transfer,162318,Partial
PAY01760,ORD00198,03-06-2025,UPI,111003,paid
PAY01761,ORD06451,07-09-2025,Debit Card,243167,Partial
PAY01762,ORD09069,17-08-2025,UPI,475509,paid
PAY01763,ORD06859,08-07-2025,UPI,409943,Pending
PAY01764,ORD03062,07-08-2025,Debit Card,465996,Paid
PAY01765,ORD00792,04-02-2025,Debit Card,199530,Partial
PAY01766,ORD08473,09-10-2025,Bank Transfer,218732,Pending
PAY01767,ORD03931,07-06-2025,Bank Transfer,316396,Pending
PAY01768,ORD02602,24-09-2025,Bank Transfer,219930,Pending
PAY01769,ORD06919,12-12-2025,Debit Card,295487,Pending
PAY01770,ORD00189,15-05-2025,Debit Card,171450,paid
PAY01771,ORD05558,18-11-2025,Credit Card,349899,Paid
PAY01772,ORD02209,02-06-2025,Debit Card,223638,paid
PAY01773,ORD09172,27-03-2025,Debit Card,319608,Paid
PAY01774,ORD04151,07-11-2025,Debit Card,342801,paid
PAY01775,ORD09800,11-07-2025,Credit Card,433827,paid
PAY01776,ORD02879,02-06-2025,Credit Card,249146,Partial
PAY01777,ORD02675,06-10-2025,Credit Card,245507,paid
PAY01778,ORD01194,21-02-2025,Debit Card,492698,Paid
PAY01779,ORD03244,15-12-2025,Bank Transfer,193966,Paid
PAY01780,ORD09920,14-07-2025,UPI,315061,Paid
PAY01781,ORD07467,14-07-2025,Cash,351127,Paid
PAY01782,ORD05090,09-09-2025,Debit Card,168206,paid
PAY01783,ORD05508,11-09-2025,Bank Transfer,462908,Paid
PAY01784,ORD02769,02-09-2025,UPI,92917,Partial
PAY01785,ORD07051,16-05-2025,UPI,318434,paid
PAY01786,ORD05610,07-04-2025,Cash,149047,paid
PAY01787,ORD03543,18-07-2025,Credit Card,131489,Paid
PAY01788,ORD01538,13-01-2025,Cash,64579,Pending
PAY01789,ORD00591,03-05-2025,Credit Card,299529,Pending
PAY01790,ORD08929,14-01-2025,Debit Card,129961,Pending
PAY01791,ORD00463,25-02-2025,Cash,375379,Partial
PAY01792,ORD08836,21-04-2025,Debit Card,447843,Paid
PAY01793,ORD02109,04-02-2025,UPI,264413,Partial
PAY01794,ORD06396,20-08-2025,Debit Card,86650,paid
PAY01795,ORD04036,23-08-2025,Cash,132233,Pending
PAY01796,ORD08459,18-11-2025,Bank Transfer,458555,paid
PAY01797,ORD00917,14-11-2025,Debit Card,485506,Pending
PAY01798,ORD00156,18-09-2025,Credit Card,386558,paid
PAY01799,ORD07266,03-11-2025,Bank Transfer,158950,Paid
PAY01800,ORD05487,27-06-2025,Credit Card,373164,Pending
PAY01801,ORD09391,05-06-2025,Credit Card,478524,Partial
PAY01802,ORD07196,22-09-2025,Debit Card,272502,Pending
PAY01803,ORD07026,04-05-2025,Cash,219047,paid
PAY01804,ORD09922,14-05-2025,Credit Card,133918,Pending
PAY01805,ORD05353,13-10-2025,UPI,171224,Paid
PAY01806,ORD03677,12-08-2025,Credit Card,453393,Partial
PAY01807,ORD09629,04-08-2025,Credit Card,426094,Pending
PAY01808,ORD00789,10-06-2025,Debit Card,86068,Paid
PAY01809,ORD00816,15-08-2025,Debit Card,465919,Partial
PAY01810,ORD02229,02-02-2025,Cash,347894,Partial
PAY01811,ORD09481,11-09-2025,Cash,421247,Partial
PAY01812,ORD04467,01-07-2025,Bank Transfer,275026,Paid
PAY01813,ORD00179,25-11-2025,Debit Card,186832,Pending
PAY01814,ORD04040,03-11-2025,Bank Transfer,457072,Paid
PAY01815,ORD02276,01-08-2025,Debit Card,462058,Partial
PAY01816,ORD00575,16-04-2025,Cash,259459,paid
PAY01817,ORD01689,25-01-2025,Cash,112204,Paid
PAY01818,ORD02860,05-05-2025,Debit Card,319998,paid
PAY01819,ORD02358,11-06-2025,Bank Transfer,331671,Pending
PAY01820,ORD07404,15-11-2025,Credit Card,393697,Pending
PAY01821,ORD00123,23-07-2025,Debit Card,383712,paid
PAY01822,ORD03097,11-09-2025,Cash,169676,Pending
PAY01823,ORD07594,17-10-2025,Bank Transfer,294938,Paid
PAY01824,ORD06278,11-08-2025,Cash,118911,Paid
PAY01825,ORD08706,11-08-2025,Debit Card,99212,Paid
PAY01826,ORD08649,25-03-2025,Bank Transfer,389289,paid
PAY01827,ORD07766,24-04-2025,Cash,319069,paid
PAY01828,ORD06044,23-09-2025,Bank Transfer,28985,Partial
PAY01829,ORD02018,07-06-2025,Debit Card,468225,Pending
PAY01830,ORD03578,24-03-2025,Credit Card,412936,paid
PAY01831,ORD07649,02-03-2025,UPI,141465,Paid
PAY01832,ORD06058,26-03-2025,Cash,429810,Paid
PAY01833,ORD09231,02-02-2025,Debit Card,129937,Pending
PAY01834,ORD00303,20-04-2025,Cash,442916,Paid
PAY01835,ORD01903,03-07-2025,Debit Card,276905,Pending
PAY01836,ORD05611,22-07-2025,Debit Card,394937,paid
PAY01837,ORD05239,27-11-2025,Bank Transfer,111205,Paid
PAY01838,ORD06838,06-02-2025,Cash,459965,Partial
PAY01839,ORD09698,15-06-2025,Cash,142655,paid
PAY01840,ORD07193,11-03-2025,Debit Card,389076,Partial
PAY01841,ORD06607,19-05-2025,Cash,481030,Paid
PAY01842,ORD05038,20-05-2025,Bank Transfer,175763,paid
PAY01843,ORD04444,17-06-2025,Debit Card,104414,Paid
PAY01844,ORD03660,28-11-2025,Bank Transfer,331355,paid
PAY01845,ORD04426,24-05-2025,Bank Transfer,53298,paid
PAY01846,ORD08174,09-11-2025,Bank Transfer,23605,paid
PAY01847,ORD06703,10-05-2025,Debit Card,363997,Partial
PAY01848,ORD01733,26-01-2025,Cash,40018,Partial
PAY01849,ORD07239,10-11-2025,Bank Transfer,47786,Partial
PAY01850,ORD04981,23-10-2025,UPI,159268,Paid
PAY01851,ORD06973,02-04-2025,Debit Card,28806,paid
PAY01852,ORD01034,08-12-2025,Debit Card,359935,Pending
PAY01853,ORD04767,22-12-2025,Cash,67553,paid
PAY01854,ORD00370,26-11-2025,Credit Card,69989,paid
PAY01855,ORD03286,25-06-2025,Bank Transfer,63330,Paid
PAY01856,ORD03543,28-07-2025,Cash,250655,Partial
PAY01857,ORD02001,23-11-2025,Bank Transfer,27185,Paid
PAY01858,ORD01791,02-01-2025,Debit Card,139445,Pending
PAY01859,ORD06450,10-10-2025,Credit Card,21759,Paid
PAY01860,ORD01187,05-07-2025,Cash,448194,paid
PAY01861,ORD02516,14-02-2025,Bank Transfer,177474,Paid
PAY01862,ORD04180,22-06-2025,Debit Card,165631,paid
PAY01863,ORD07934,02-11-2025,Bank Transfer,239148,Paid
PAY01864,ORD05266,01-10-2025,Credit Card,238984,Pending
PAY01865,ORD06850,04-06-2025,Debit Card,498061,Partial
PAY01866,ORD01374,11-07-2025,Cash,194276,Pending
PAY01867,ORD07791,16-09-2025,Bank Transfer,347089,Paid
PAY01868,ORD08832,27-07-2025,Debit Card,457289,Paid
PAY01869,ORD04932,15-12-2025,Credit Card,83671,paid
PAY01870,ORD00535,20-05-2025,Bank Transfer,16512,Partial
PAY01871,ORD06305,28-03-2025,Debit Card,294010,Partial
PAY01872,ORD02538,23-10-2025,Cash,236079,Paid
PAY01873,ORD03507,04-02-2025,Debit Card,241355,Partial
PAY01874,ORD03482,28-02-2025,Cash,132940,Pending
PAY01875,ORD03159,15-11-2025,Bank Transfer,399593,Paid
PAY01876,ORD02032,09-04-2025,Debit Card,40252,Paid
PAY01877,ORD01766,23-10-2025,Credit Card,437911,Pending
PAY01878,ORD01677,08-04-2025,Credit Card,490661,Partial
PAY01879,ORD08212,16-12-2025,UPI,400630,Paid
PAY01880,ORD09593,17-08-2025,Credit Card,46397,Partial
PAY01881,ORD03943,22-02-2025,Debit Card,230206,paid
PAY01882,ORD07448,10-06-2025,Cash,171572,Pending
PAY01883,ORD06988,17-06-2025,UPI,14249,paid
PAY01884,ORD07806,28-09-2025,Cash,96116,Pending
PAY01885,ORD03968,18-02-2025,UPI,246431,Pending
PAY01886,ORD01652,19-06-2025,Credit Card,63316,paid
PAY01887,ORD04953,08-01-2025,Debit Card,476825,Paid
PAY01888,ORD02723,07-03-2025,UPI,337027,Partial
PAY01889,ORD02831,09-03-2025,Credit Card,213048,Paid
PAY01890,ORD01943,26-10-2025,Debit Card,444996,Paid
PAY01891,ORD07502,17-06-2025,Debit Card,217366,Pending
PAY01892,ORD04624,04-04-2025,UPI,252510,Pending
PAY01893,ORD05172,13-03-2025,Cash,261646,Partial
PAY01894,ORD05080,26-06-2025,Credit Card,384404,paid
PAY01895,ORD01907,11-02-2025,Cash,260369,Paid
PAY01896,ORD01465,02-01-2025,Cash,445096,Partial
PAY01897,ORD02965,09-12-2025,UPI,328480,paid
PAY01898,ORD09096,23-06-2025,Cash,419425,paid
PAY01899,ORD01843,20-05-2025,Cash,44805,Paid
PAY01900,ORD05424,05-07-2025,UPI,36716,paid
PAY01901,ORD01051,05-06-2025,Debit Card,259022,Paid
PAY01902,ORD03874,05-11-2025,Credit Card,356841,Pending
PAY01903,ORD07870,23-08-2025,UPI,82279,paid
PAY01904,ORD08851,28-07-2025,Bank Transfer,207740,Partial
PAY01905,ORD03797,28-03-2025,Debit Card,185486,Partial
PAY01906,ORD09093,05-08-2025,Credit Card,78398,Pending
PAY01907,ORD03995,10-02-2025,Credit Card,349715,Pending
PAY01908,ORD08296,27-08-2025,UPI,154066,Partial
PAY01909,ORD09868,20-01-2025,Debit Card,209316,paid
PAY01910,ORD03754,01-11-2025,Debit Card,371914,Pending
PAY01911,ORD09372,13-12-2025,Debit Card,314289,Partial
PAY01912,ORD06049,07-06-2025,Debit Card,162460,Pending
PAY01913,ORD02953,13-03-2025,UPI,77404,Pending
PAY01914,ORD08627,21-10-2025,Bank Transfer,323715,Pending
PAY01915,ORD07726,06-08-2025,Bank Transfer,340184,paid
PAY01916,ORD02434,20-11-2025,Credit Card,278051,Partial
PAY01917,ORD00025,27-06-2025,Credit Card,216023,Partial
PAY01918,ORD08000,17-07-2025,Bank Transfer,103487,Paid
PAY01919,ORD08220,24-08-2025,Debit Card,72450,Pending
PAY01920,ORD01562,23-09-2025,Cash,232642,Partial
PAY01921,ORD02055,08-01-2025,Credit Card,421912,Partial
PAY01922,ORD02269,06-09-2025,Credit Card,14312,Partial
PAY01923,ORD04080,27-03-2025,Bank Transfer,36883,Paid
PAY01924,ORD03427,01-12-2025,Debit Card,217097,paid
PAY01925,ORD06817,17-01-2025,Bank Transfer,252707,Pending
PAY01926,ORD03004,27-04-2025,Cash,180763,paid
PAY01927,ORD03424,07-12-2025,Cash,454799,paid
PAY01928,ORD04634,28-10-2025,Cash,160759,Paid
PAY01929,ORD05859,19-11-2025,Debit Card,20478,Paid
PAY01930,ORD08959,18-09-2025,Debit Card,243785,Pending
PAY01931,ORD08129,09-03-2025,Debit Card,152989,Paid
PAY01932,ORD07282,14-05-2025,Bank Transfer,162804,Paid
PAY01933,ORD02618,13-01-2025,Cash,49196,paid
PAY01934,ORD03023,19-08-2025,UPI,48231,paid
PAY01935,ORD03335,01-09-2025,Cash,115575,paid
PAY01936,ORD00076,14-10-2025,Debit Card,56833,Paid
PAY01937,ORD02079,03-09-2025,UPI,216894,Paid
PAY01938,ORD02062,26-11-2025,UPI,381231,Pending
PAY01939,ORD07864,15-09-2025,Bank Transfer,125385,Pending
PAY01940,ORD09473,28-09-2025,UPI,279771,Partial
PAY01941,ORD09500,06-06-2025,Bank Transfer,70368,paid
PAY01942,ORD09155,15-12-2025,Credit Card,218365,Partial
PAY01943,ORD08118,07-01-2025,Cash,450727,Partial
PAY01944,ORD04642,13-01-2025,Bank Transfer,104129,Pending
PAY01945,ORD05363,09-02-2025,Credit Card,112620,Partial
PAY01946,ORD09508,08-03-2025,Debit Card,460738,Partial
PAY01947,ORD09601,24-08-2025,Credit Card,103886,paid
PAY01948,ORD08846,01-03-2025,Cash,436814,Pending
PAY01949,ORD00884,01-08-2025,Bank Transfer,11456,Pending
PAY01950,ORD00827,24-12-2025,Bank Transfer,136782,Paid
PAY01951,ORD03675,15-02-2025,Credit Card,39511,Partial
PAY01952,ORD06905,18-01-2025,Bank Transfer,330705,Pending
PAY01953,ORD06300,05-12-2025,Debit Card,91230,paid
PAY01954,ORD04721,10-05-2025,Cash,5851,Pending
PAY01955,ORD09875,20-06-2025,Credit Card,457751,Partial
PAY01956,ORD08540,11-02-2025,UPI,374437,paid
PAY01957,ORD07561,16-02-2025,Bank Transfer,45890,Partial
PAY01958,ORD02325,23-03-2025,UPI,449702,Pending
PAY01959,ORD04934,13-12-2025,Credit Card,5113,Partial
PAY01960,ORD00571,04-12-2025,Bank Transfer,340182,Paid
PAY01961,ORD03974,28-08-2025,Credit Card,254991,paid
PAY01962,ORD01763,08-09-2025,UPI,318150,Pending
PAY01963,ORD02704,24-07-2025,UPI,384416,Pending
PAY01964,ORD00326,05-02-2025,Credit Card,146591,paid
PAY01965,ORD02667,23-02-2025,Cash,212668,Paid
PAY01966,ORD03498,22-03-2025,Bank Transfer,102580,paid
PAY01967,ORD02233,01-07-2025,Credit Card,484517,Paid
PAY01968,ORD09475,16-04-2025,Bank Transfer,14570,Pending
PAY01969,ORD08271,15-06-2025,Credit Card,141306,Pending
PAY01970,ORD02419,18-03-2025,Cash,120188,Partial
PAY01971,ORD05957,11-06-2025,Debit Card,381525,Paid
PAY01972,ORD05536,24-01-2025,Bank Transfer,308319,Paid
PAY01973,ORD02102,01-11-2025,Bank Transfer,266810,paid
PAY01974,ORD08559,09-09-2025,UPI,18088,Paid
PAY01975,ORD02920,18-03-2025,Bank Transfer,117636,Pending
PAY01976,ORD00130,22-11-2025,UPI,289326,Partial
PAY01977,ORD06492,05-05-2025,UPI,54976,Paid
PAY01978,ORD09690,23-01-2025,UPI,172089,Partial
PAY01979,ORD08431,25-07-2025,Bank Transfer,230380,Pending
PAY01980,ORD07497,21-06-2025,Cash,38182,Partial
PAY01981,ORD04927,06-05-2025,Bank Transfer,169861,Pending
PAY01982,ORD01519,18-12-2025,Cash,21644,Paid
PAY01983,ORD06626,06-07-2025,Bank Transfer,165297,Partial
PAY01984,ORD03840,24-02-2025,Bank Transfer,323774,Pending
PAY01985,ORD01282,24-04-2025,Bank Transfer,164047,Paid
PAY01986,ORD00807,08-05-2025,Debit Card,350134,Paid
PAY01987,ORD05817,24-10-2025,UPI,329623,paid
PAY01988,ORD04748,13-05-2025,UPI,294556,Pending
PAY01989,ORD03709,21-02-2025,Credit Card,331110,Pending
PAY01990,ORD09567,12-12-2025,UPI,231791,paid
PAY01991,ORD00422,24-09-2025,Credit Card,85152,Pending
PAY01992,ORD05678,16-04-2025,Debit Card,292891,paid
PAY01993,ORD07862,21-05-2025,Bank Transfer,233766,paid
PAY01994,ORD09926,02-04-2025,Bank Transfer,121237,Partial
PAY01995,ORD07348,02-09-2025,UPI,80788,Paid
PAY01996,ORD01383,08-11-2025,Bank Transfer,202339,Pending
PAY01997,ORD09215,04-02-2025,UPI,113332,Partial
PAY01998,ORD06500,25-03-2025,Cash,144686,Pending
PAY01999,ORD00350,06-04-2025,UPI,300302,Pending
PAY02000,ORD05308,06-10-2025,Debit Card,377878,Partial
PAY02001,ORD05388,22-09-2025,Bank Transfer,381981,Partial
PAY02002,ORD09339,08-09-2025,Debit Card,384878,Partial
PAY02003,ORD01542,06-07-2025,Bank Transfer,437142,Paid
PAY02004,ORD09334,15-11-2025,Bank Transfer,427348,Pending
PAY02005,ORD07596,16-01-2025,Credit Card,240118,Partial
PAY02006,ORD01478,21-12-2025,Bank Transfer,397233,Pending
PAY02007,ORD06094,26-12-2025,Debit Card,9492,paid
PAY02008,ORD05765,01-07-2025,Cash,253030,Pending
PAY02009,ORD03228,12-09-2025,Bank Transfer,14225,paid
PAY02010,ORD09122,13-03-2025,Bank Transfer,291420,Partial
PAY02011,ORD02695,14-03-2025,Debit Card,430068,Pending
PAY02012,ORD00589,25-01-2025,Credit Card,361428,paid
PAY02013,ORD04668,18-07-2025,Credit Card,53464,Paid
PAY02014,ORD05231,19-12-2025,Credit Card,343504,Paid
PAY02015,ORD03107,13-12-2025,Cash,72203,Paid
PAY02016,ORD02039,17-02-2025,UPI,85757,Partial
PAY02017,ORD05662,23-02-2025,UPI,255394,Paid
PAY02018,ORD01276,04-07-2025,Credit Card,335788,Paid
PAY02019,ORD08390,01-08-2025,Cash,479667,Partial
PAY02020,ORD00452,18-03-2025,Cash,320645,Pending
PAY02021,ORD06731,21-12-2025,Bank Transfer,202633,paid
PAY02022,ORD09374,01-02-2025,Bank Transfer,396427,Paid
PAY02023,ORD09511,22-02-2025,UPI,106497,Partial
PAY02024,ORD06603,21-09-2025,UPI,396707,Paid
PAY02025,ORD02903,03-02-2025,UPI,439363,Paid
PAY02026,ORD06954,26-05-2025,Debit Card,497892,Pending
PAY02027,ORD00260,07-06-2025,Bank Transfer,444425,Pending
PAY02028,ORD08643,20-05-2025,Credit Card,260961,paid
PAY02029,ORD01415,20-04-2025,Credit Card,229547,Partial
PAY02030,ORD05316,21-05-2025,UPI,490992,Pending
PAY02031,ORD02736,08-11-2025,Bank Transfer,495826,Pending
PAY02032,ORD05283,01-01-2025,UPI,25397,paid
PAY02033,ORD00480,10-11-2025,Credit Card,106609,Partial
PAY02034,ORD05260,09-04-2025,Debit Card,199551,paid
PAY02035,ORD07264,17-10-2025,Debit Card,74188,paid
PAY02036,ORD09434,27-07-2025,Bank Transfer,225256,Paid
PAY02037,ORD05192,27-06-2025,Credit Card,203417,Paid
PAY02038,ORD03125,12-08-2025,Debit Card,17577,Partial
PAY02039,ORD05318,02-02-2025,Bank Transfer,468261,Pending
PAY02040,ORD05637,23-11-2025,UPI,282207,Paid
PAY02041,ORD01715,17-08-2025,Credit Card,462761,Partial
PAY02042,ORD04535,17-07-2025,Cash,396864,Pending
PAY02043,ORD09639,15-06-2025,Cash,310092,Partial
PAY02044,ORD01649,18-07-2025,UPI,94182,paid
PAY02045,ORD07103,15-10-2025,Bank Transfer,428801,Pending
PAY02046,ORD09200,14-06-2025,Credit Card,293865,paid
PAY02047,ORD04620,19-07-2025,Bank Transfer,266679,Paid
PAY02048,ORD07240,07-02-2025,Debit Card,333809,Partial
PAY02049,ORD05184,02-05-2025,Cash,265699,Pending
PAY02050,ORD03045,02-06-2025,Credit Card,21654,Pending
PAY02051,ORD01385,28-06-2025,Debit Card,432193,Pending
PAY02052,ORD09082,08-06-2025,UPI,182401,Pending
PAY02053,ORD05335,19-08-2025,Credit Card,76785,Partial
PAY02054,ORD03041,20-11-2025,UPI,426140,paid
PAY02055,ORD05947,07-04-2025,Bank Transfer,245988,Partial
PAY02056,ORD01914,06-01-2025,Debit Card,162538,Paid
PAY02057,ORD04266,09-11-2025,Bank Transfer,38559,Paid
PAY02058,ORD04989,13-10-2025,Cash,371274,Pending
PAY02059,ORD07072,23-12-2025,Debit Card,161778,paid
PAY02060,ORD04975,02-10-2025,UPI,347795,Partial
PAY02061,ORD02773,10-03-2025,Bank Transfer,79819,Paid
PAY02062,ORD04003,01-02-2025,Cash,150087,Pending
PAY02063,ORD07620,04-02-2025,Cash,263300,Paid
PAY02064,ORD07481,11-07-2025,Debit Card,372642,Pending
PAY02065,ORD01174,15-01-2025,Debit Card,163525,Paid
PAY02066,ORD03598,04-09-2025,Cash,320805,paid
PAY02067,ORD09243,07-06-2025,Cash,493636,Partial
PAY02068,ORD05206,13-09-2025,Credit Card,325512,Pending
PAY02069,ORD00079,06-11-2025,UPI,132012,paid
PAY02070,ORD06061,15-08-2025,Debit Card,271210,Partial
PAY02071,ORD04402,04-10-2025,Cash,146799,Pending
PAY02072,ORD00430,04-04-2025,Credit Card,360688,paid
PAY02073,ORD01361,03-04-2025,Debit Card,307649,Pending
PAY02074,ORD00815,27-12-2025,Credit Card,116731,paid
PAY02075,ORD05284,21-10-2025,Bank Transfer,360576,Partial
PAY02076,ORD01717,15-12-2025,Cash,377625,Paid
PAY02077,ORD07275,22-12-2025,Cash,363095,Paid
PAY02078,ORD00463,12-01-2025,Cash,177725,Paid
PAY02079,ORD02385,14-12-2025,Bank Transfer,495955,paid
PAY02080,ORD04780,20-05-2025,Credit Card,11272,Partial
PAY02081,ORD02917,08-06-2025,Credit Card,364882,paid
PAY02082,ORD08589,20-02-2025,Bank Transfer,148924,Paid
PAY02083,ORD05996,16-04-2025,UPI,271154,paid
PAY02084,ORD07429,14-03-2025,UPI,394004,paid
PAY02085,ORD00750,17-12-2025,Cash,138558,Partial
PAY02086,ORD02504,22-11-2025,Cash,446716,Partial
PAY02087,ORD07527,18-04-2025,Credit Card,474511,Partial
PAY02088,ORD01287,12-09-2025,Debit Card,51775,paid
PAY02089,ORD08887,23-01-2025,UPI,36484,Paid
PAY02090,ORD02757,26-01-2025,UPI,199043,Pending
PAY02091,ORD04579,28-04-2025,Cash,45197,Partial
PAY02092,ORD06514,22-12-2025,Debit Card,84805,paid
PAY02093,ORD03274,06-10-2025,UPI,319121,Paid
PAY02094,ORD08566,08-08-2025,Credit Card,373992,Paid
PAY02095,ORD00691,20-08-2025,UPI,136451,Pending
PAY02096,ORD09008,24-12-2025,Bank Transfer,285166,paid
PAY02097,ORD05403,14-03-2025,Credit Card,186550,Partial
PAY02098,ORD03665,21-05-2025,Credit Card,401933,Paid
PAY02099,ORD07846,28-12-2025,Bank Transfer,18193,Paid
PAY02100,ORD05348,16-04-2025,Cash,41267,Partial
PAY02101,ORD07301,17-02-2025,Cash,229900,Partial
PAY02102,ORD01074,18-07-2025,Bank Transfer,481245,Paid
PAY02103,ORD03718,07-08-2025,UPI,483238,Partial
PAY02104,ORD08873,23-03-2025,Bank Transfer,443605,Pending
PAY02105,ORD00863,06-11-2025,Cash,71116,paid
PAY02106,ORD02261,23-09-2025,Cash,99524,Partial
PAY02107,ORD02649,05-01-2025,Cash,120240,Paid
PAY02108,ORD05126,04-02-2025,Cash,421059,Paid
PAY02109,ORD06997,26-06-2025,UPI,365903,Partial
PAY02110,ORD07233,17-05-2025,UPI,386122,paid
PAY02111,ORD07738,27-02-2025,Cash,139497,Partial
PAY02112,ORD02614,24-08-2025,Cash,176172,Pending
PAY02113,ORD01548,24-11-2025,Credit Card,288981,Partial
PAY02114,ORD06320,22-03-2025,Debit Card,59899,Partial
PAY02115,ORD00317,11-09-2025,UPI,95105,Pending
PAY02116,ORD05296,26-02-2025,Debit Card,323547,Paid
PAY02117,ORD03870,02-01-2025,Debit Card,198068,Pending
PAY02118,ORD05599,08-03-2025,Bank Transfer,415713,Paid
PAY02119,ORD08156,06-06-2025,Debit Card,60903,Partial
PAY02120,ORD05559,03-03-2025,Bank Transfer,120810,paid
PAY02121,ORD09046,05-11-2025,UPI,104205,Partial
PAY02122,ORD02814,05-04-2025,UPI,196597,paid
PAY02123,ORD07540,02-04-2025,Credit Card,465829,Paid
PAY02124,ORD03411,02-03-2025,Debit Card,48042,Pending
PAY02125,ORD07451,17-04-2025,Bank Transfer,356821,Pending
PAY02126,ORD04046,12-05-2025,UPI,10530,Partial
PAY02127,ORD06296,09-02-2025,Debit Card,388876,paid
PAY02128,ORD06030,15-05-2025,UPI,388870,Partial
PAY02129,ORD03981,06-01-2025,Credit Card,249939,Paid
PAY02130,ORD00280,27-06-2025,Bank Transfer,91905,Paid
PAY02131,ORD09051,28-01-2025,UPI,202189,Partial
PAY02132,ORD03678,02-05-2025,Bank Transfer,201718,paid
PAY02133,ORD00018,09-11-2025,Cash,409045,Pending
PAY02134,ORD04271,02-10-2025,Credit Card,53081,Pending
PAY02135,ORD05499,16-06-2025,Credit Card,420269,Partial
PAY02136,ORD06566,18-07-2025,Cash,485620,Partial
PAY02137,ORD04901,03-01-2025,Bank Transfer,452125,paid
PAY02138,ORD09206,12-07-2025,Cash,424032,Partial
PAY02139,ORD06019,09-05-2025,Cash,421299,Partial
PAY02140,ORD09547,24-10-2025,UPI,143121,paid
PAY02141,ORD09139,25-03-2025,Bank Transfer,358586,Paid
PAY02142,ORD00705,15-06-2025,Bank Transfer,233752,paid
PAY02143,ORD08719,06-02-2025,Credit Card,53814,Pending
PAY02144,ORD08061,11-09-2025,Credit Card,197897,Partial
PAY02145,ORD06500,04-05-2025,Bank Transfer,263166,Partial
PAY02146,ORD07209,19-08-2025,Debit Card,385501,paid
PAY02147,ORD08114,28-09-2025,Cash,79218,Partial
PAY02148,ORD06965,11-04-2025,Credit Card,289972,Partial
PAY02149,ORD05715,26-06-2025,Bank Transfer,374296,paid
PAY02150,ORD04069,25-04-2025,Debit Card,160974,paid
PAY02151,ORD03245,08-08-2025,Debit Card,364430,Pending
PAY02152,ORD07331,10-06-2025,UPI,213307,paid
PAY02153,ORD07740,26-11-2025,UPI,482485,Pending
PAY02154,ORD02360,21-11-2025,Credit Card,335090,Pending
PAY02155,ORD04906,06-02-2025,Bank Transfer,210489,paid
PAY02156,ORD07298,16-03-2025,Cash,201254,Paid
PAY02157,ORD03296,08-07-2025,Credit Card,196286,Pending
PAY02158,ORD07736,14-06-2025,UPI,411037,Partial
PAY02159,ORD03598,12-06-2025,UPI,52305,paid
PAY02160,ORD01307,05-05-2025,UPI,467688,paid
PAY02161,ORD00621,19-01-2025,Debit Card,249426,paid
PAY02162,ORD00322,26-10-2025,Debit Card,457903,Pending
PAY02163,ORD03481,15-11-2025,Cash,53053,Pending
PAY02164,ORD05906,26-11-2025,UPI,176006,Paid
PAY02165,ORD09600,16-10-2025,UPI,135197,Paid
PAY02166,ORD01148,06-06-2025,Bank Transfer,166379,Partial
PAY02167,ORD09184,14-02-2025,UPI,188955,Partial
PAY02168,ORD09699,20-08-2025,Cash,307012,paid
PAY02169,ORD09253,12-08-2025,Cash,121273,Paid
PAY02170,ORD01137,25-05-2025,UPI,479999,Pending
PAY02171,ORD04530,06-11-2025,Debit Card,153320,Pending
PAY02172,ORD05342,07-10-2025,Cash,437213,paid
PAY02173,ORD09267,12-11-2025,Cash,377993,Pending
PAY02174,ORD00598,14-10-2025,Cash,265267,Paid
PAY02175,ORD04482,07-04-2025,Credit Card,270440,Paid
PAY02176,ORD06272,18-06-2025,Bank Transfer,422893,paid
PAY02177,ORD09242,04-02-2025,Debit Card,96522,Paid
PAY02178,ORD02437,20-02-2025,Credit Card,306515,Partial
PAY02179,ORD03897,09-03-2025,Credit Card,270343,Paid
PAY02180,ORD03706,22-11-2025,UPI,147168,Paid
PAY02181,ORD09703,17-01-2025,Debit Card,371007,paid
PAY02182,ORD01336,17-01-2025,Debit Card,27780,Paid
PAY02183,ORD03369,23-06-2025,Credit Card,190189,Partial
PAY02184,ORD09759,28-03-2025,Cash,381593,Paid
PAY02185,ORD07444,06-08-2025,Bank Transfer,132035,Pending
PAY02186,ORD08822,03-09-2025,Cash,244114,paid
PAY02187,ORD07765,14-12-2025,UPI,22935,Paid
PAY02188,ORD05699,17-05-2025,Credit Card,409617,Partial
PAY02189,ORD03847,05-12-2025,Cash,337656,Partial
PAY02190,ORD01038,08-11-2025,Cash,59227,Partial
PAY02191,ORD05353,14-10-2025,UPI,471170,Pending
PAY02192,ORD04441,04-06-2025,Cash,325338,Partial
PAY02193,ORD09771,05-06-2025,Cash,256486,Partial
PAY02194,ORD07536,01-12-2025,Bank Transfer,285327,Paid
PAY02195,ORD08467,05-10-2025,Bank Transfer,14508,paid
PAY02196,ORD07619,25-07-2025,Debit Card,415238,Partial
PAY02197,ORD05594,21-11-2025,Credit Card,434465,Partial
PAY02198,ORD04932,19-12-2025,Credit Card,136265,paid
PAY02199,ORD08731,06-01-2025,UPI,284907,Pending
PAY02200,ORD00506,27-06-2025,Bank Transfer,162654,Partial
PAY02201,ORD00059,02-01-2025,UPI,84124,Partial
PAY02202,ORD04302,09-09-2025,Bank Transfer,356454,Partial
PAY02203,ORD09985,17-12-2025,Cash,75694,Pending
PAY02204,ORD00315,26-03-2025,UPI,211520,Pending
PAY02205,ORD01155,16-05-2025,Credit Card,79216,Partial
PAY02206,ORD06048,27-03-2025,Cash,23845,Partial
PAY02207,ORD07215,10-08-2025,Bank Transfer,114457,Paid
PAY02208,ORD06777,28-02-2025,Debit Card,105014,paid
PAY02209,ORD02869,26-09-2025,UPI,203613,Pending
PAY02210,ORD04592,20-05-2025,Bank Transfer,79086,Partial
PAY02211,ORD08202,18-06-2025,UPI,235088,Partial
PAY02212,ORD08717,08-11-2025,UPI,297399,Paid
PAY02213,ORD09033,08-10-2025,Credit Card,10854,Partial
PAY02214,ORD09193,05-12-2025,UPI,410442,Paid
PAY02215,ORD00183,07-01-2025,Bank Transfer,256744,paid
PAY02216,ORD00273,27-07-2025,Cash,226534,paid
PAY02217,ORD05318,09-09-2025,UPI,134574,Pending
PAY02218,ORD04761,13-10-2025,Credit Card,35115,Pending
PAY02219,ORD04756,12-08-2025,UPI,257201,Paid
PAY02220,ORD00247,05-10-2025,Credit Card,205325,Partial
PAY02221,ORD05237,28-02-2025,UPI,427000,Paid
PAY02222,ORD06412,08-01-2025,Debit Card,83221,Paid
PAY02223,ORD09924,28-03-2025,Debit Card,270238,Partial
PAY02224,ORD04523,13-10-2025,UPI,20678,paid
PAY02225,ORD03100,14-04-2025,UPI,77309,paid
PAY02226,ORD01369,26-05-2025,UPI,130018,paid
PAY02227,ORD05196,21-02-2025,UPI,291779,paid
PAY02228,ORD07391,04-06-2025,Cash,450154,Paid
PAY02229,ORD05314,23-03-2025,Credit Card,88073,Partial
PAY02230,ORD00414,14-11-2025,Debit Card,342620,Partial
PAY02231,ORD01417,03-03-2025,Cash,132101,Paid
PAY02232,ORD02050,25-10-2025,Cash,67353,paid
PAY02233,ORD08677,15-01-2025,UPI,352729,Paid
PAY02234,ORD08025,25-08-2025,Cash,207876,paid
PAY02235,ORD04583,02-12-2025,Debit Card,29683,paid
PAY02236,ORD00317,28-07-2025,UPI,43477,Paid
PAY02237,ORD08757,08-12-2025,UPI,49187,Paid
PAY02238,ORD01911,08-09-2025,Debit Card,279120,Partial
PAY02239,ORD06635,03-01-2025,Debit Card,471440,Pending
PAY02240,ORD09971,02-08-2025,Cash,6753,Partial
PAY02241,ORD00726,12-06-2025,Debit Card,333819,paid
PAY02242,ORD09264,14-04-2025,Debit Card,122180,Partial
PAY02243,ORD05588,13-07-2025,Cash,27821,Paid
PAY02244,ORD01499,23-12-2025,Credit Card,468731,Paid
PAY02245,ORD02269,01-09-2025,Debit Card,288643,paid
PAY02246,ORD03783,15-07-2025,Credit Card,82738,Paid
PAY02247,ORD04234,04-02-2025,Credit Card,402007,Paid
PAY02248,ORD05113,01-10-2025,Cash,321619,Pending
PAY02249,ORD00283,19-03-2025,Credit Card,58014,Paid
PAY02250,ORD03912,24-04-2025,Debit Card,338857,Pending
PAY02251,ORD09980,14-04-2025,Credit Card,43316,Partial
PAY02252,ORD01896,14-10-2025,Debit Card,53967,Pending
PAY02253,ORD09438,25-06-2025,Bank Transfer,39869,Partial
PAY02254,ORD09321,06-08-2025,Credit Card,40393,paid
PAY02255,ORD03022,05-05-2025,Credit Card,226666,Pending
PAY02256,ORD00941,23-08-2025,Bank Transfer,139369,Pending
PAY02257,ORD03127,10-06-2025,UPI,15164,Pending
PAY02258,ORD05576,09-12-2025,Credit Card,420724,Partial
PAY02259,ORD00865,22-03-2025,Cash,464696,Paid
PAY02260,ORD02518,28-07-2025,Credit Card,42047,Pending
PAY02261,ORD03326,04-08-2025,Debit Card,275998,Pending
PAY02262,ORD03330,22-08-2025,Cash,89696,paid
PAY02263,ORD00837,09-02-2025,Cash,327508,Pending
PAY02264,ORD06696,25-06-2025,Debit Card,412650,paid
PAY02265,ORD03309,25-11-2025,Debit Card,15663,Pending
PAY02266,ORD04921,12-12-2025,Credit Card,19629,paid
PAY02267,ORD01702,06-04-2025,Bank Transfer,181912,Pending
PAY02268,ORD07042,10-05-2025,Credit Card,143037,Partial
PAY02269,ORD04370,19-08-2025,UPI,303606,Paid
PAY02270,ORD07199,08-06-2025,UPI,49001,Partial
PAY02271,ORD09181,12-11-2025,Debit Card,233598,paid
PAY02272,ORD03869,11-01-2025,Cash,359323,Partial
PAY02273,ORD01777,25-08-2025,UPI,153581,Paid
PAY02274,ORD03754,18-01-2025,Bank Transfer,346575,Partial
PAY02275,ORD04453,13-02-2025,UPI,190434,Pending
PAY02276,ORD04522,10-02-2025,Bank Transfer,283822,Paid
PAY02277,ORD01313,09-03-2025,UPI,218958,paid
PAY02278,ORD05778,17-01-2025,Bank Transfer,147130,Paid
PAY02279,ORD06097,16-04-2025,UPI,375741,Pending
PAY02280,ORD08916,20-06-2025,Cash,144737,Pending
PAY02281,ORD00801,17-07-2025,Credit Card,276688,Pending
PAY02282,ORD07846,24-07-2025,Bank Transfer,193369,Partial
PAY02283,ORD05395,16-02-2025,Credit Card,77827,paid
PAY02284,ORD08998,13-09-2025,Credit Card,200776,Pending
PAY02285,ORD07507,20-11-2025,Cash,172410,Paid
PAY02286,ORD06772,17-08-2025,Bank Transfer,248103,Partial
PAY02287,ORD01117,18-04-2025,UPI,71402,Pending
PAY02288,ORD02214,16-02-2025,Credit Card,415470,paid
PAY02289,ORD08993,17-06-2025,Cash,371417,Partial
PAY02290,ORD07231,18-12-2025,UPI,489709,Partial
PAY02291,ORD05291,10-11-2025,Bank Transfer,92348,Pending
PAY02292,ORD06367,08-11-2025,Cash,119100,paid
PAY02293,ORD04411,07-03-2025,Credit Card,332949,Pending
PAY02294,ORD05429,24-12-2025,UPI,64691,Paid
PAY02295,ORD09982,20-12-2025,Debit Card,169069,paid
PAY02296,ORD00884,15-01-2025,Cash,337394,Paid
PAY02297,ORD02967,28-02-2025,Credit Card,73716,Pending
PAY02298,ORD02159,06-05-2025,Credit Card,280678,paid
PAY02299,ORD00635,09-07-2025,Debit Card,177859,Paid
PAY02300,ORD00965,26-02-2025,Cash,170138,Pending
PAY02301,ORD02199,16-02-2025,Cash,49420,Partial
PAY02302,ORD05075,09-07-2025,Cash,83597,Paid
PAY02303,ORD00463,21-02-2025,Bank Transfer,31059,paid
PAY02304,ORD08035,20-01-2025,Cash,289643,paid
PAY02305,ORD08518,04-02-2025,Debit Card,237835,Paid
PAY02306,ORD05873,28-08-2025,Cash,483692,paid
PAY02307,ORD04134,25-07-2025,Cash,147327,Partial
PAY02308,ORD07546,25-07-2025,Bank Transfer,483143,Paid
PAY02309,ORD04623,26-03-2025,Credit Card,268985,Paid
PAY02310,ORD03683,27-12-2025,UPI,49530,Pending
PAY02311,ORD00985,04-04-2025,Credit Card,252646,Paid
PAY02312,ORD05911,10-12-2025,UPI,126403,Pending
PAY02313,ORD07956,11-01-2025,UPI,131012,Pending
PAY02314,ORD03473,12-10-2025,Credit Card,438564,paid
PAY02315,ORD09991,18-01-2025,UPI,317001,Pending
PAY02316,ORD05005,03-11-2025,Credit Card,247195,Partial
PAY02317,ORD04916,28-06-2025,Credit Card,324725,Partial
PAY02318,ORD06523,08-05-2025,Bank Transfer,448603,Pending
PAY02319,ORD01807,04-10-2025,Cash,470403,paid
PAY02320,ORD03569,08-06-2025,Bank Transfer,472818,Paid
PAY02321,ORD07834,07-10-2025,Debit Card,253935,Paid
PAY02322,ORD03285,27-03-2025,UPI,301457,Paid
PAY02323,ORD07920,08-10-2025,Credit Card,97533,paid
PAY02324,ORD05103,28-04-2025,Debit Card,477150,Partial
PAY02325,ORD01669,01-07-2025,Bank Transfer,458907,Pending
PAY02326,ORD05319,18-09-2025,Bank Transfer,468115,paid
PAY02327,ORD07713,15-01-2025,Credit Card,140645,paid
PAY02328,ORD04791,21-09-2025,Cash,470854,Pending
PAY02329,ORD00159,27-08-2025,UPI,458192,Partial
PAY02330,ORD06908,05-02-2025,Debit Card,20799,Partial
PAY02331,ORD03855,10-12-2025,Credit Card,405328,Partial
PAY02332,ORD03173,27-09-2025,Bank Transfer,274318,paid
PAY02333,ORD07762,20-08-2025,Credit Card,174604,Partial
PAY02334,ORD06565,07-09-2025,Credit Card,91810,Partial
PAY02335,ORD08682,18-03-2025,Bank Transfer,435434,Partial
PAY02336,ORD07744,12-10-2025,Bank Transfer,37349,Paid
PAY02337,ORD05435,01-09-2025,Cash,435243,Partial
PAY02338,ORD00662,01-08-2025,UPI,302817,Pending
PAY02339,ORD05940,02-04-2025,Bank Transfer,486960,Paid
PAY02340,ORD06141,07-07-2025,Debit Card,306037,paid
PAY02341,ORD00002,24-12-2025,Debit Card,188108,Partial
PAY02342,ORD00206,17-09-2025,Bank Transfer,76492,Partial
PAY02343,ORD08183,03-11-2025,Cash,330652,Paid
PAY02344,ORD00541,26-01-2025,Credit Card,156615,Paid
PAY02345,ORD02162,10-06-2025,Debit Card,158007,Partial
PAY02346,ORD02640,12-02-2025,Cash,83722,paid
PAY02347,ORD00403,25-06-2025,Debit Card,25320,Partial
PAY02348,ORD07769,25-11-2025,Cash,309640,Pending
PAY02349,ORD00230,07-06-2025,Bank Transfer,170851,paid
PAY02350,ORD03391,14-06-2025,Credit Card,213474,Paid
PAY02351,ORD03371,25-05-2025,Credit Card,426335,Paid
PAY02352,ORD02928,15-02-2025,Credit Card,166807,Pending
PAY02353,ORD07758,21-11-2025,Bank Transfer,450689,Pending
PAY02354,ORD07350,09-04-2025,Cash,146210,Pending
PAY02355,ORD01957,02-01-2025,Credit Card,60858,Paid
PAY02356,ORD03181,07-04-2025,Cash,351413,Pending
PAY02357,ORD07904,14-07-2025,Cash,461357,paid
PAY02358,ORD04654,07-06-2025,Credit Card,426717,Pending
PAY02359,ORD07561,28-09-2025,UPI,408826,paid
PAY02360,ORD01960,01-05-2025,Debit Card,394722,Partial
PAY02361,ORD02072,20-07-2025,Bank Transfer,187704,Paid
PAY02362,ORD06830,11-11-2025,Cash,43451,paid
PAY02363,ORD05727,22-07-2025,UPI,127049,Partial
PAY02364,ORD02015,08-08-2025,UPI,280004,Paid
PAY02365,ORD02823,13-06-2025,UPI,295691,paid
PAY02366,ORD07996,28-03-2025,Cash,6099,Partial
PAY02367,ORD06591,18-03-2025,UPI,285939,Pending
PAY02368,ORD08307,23-10-2025,Cash,487234,Paid
PAY02369,ORD04605,07-08-2025,UPI,479465,Partial
PAY02370,ORD05598,06-06-2025,Cash,348018,Pending
PAY02371,ORD04709,19-10-2025,Debit Card,343053,Paid
PAY02372,ORD08743,20-10-2025,Credit Card,113123,Partial
PAY02373,ORD01405,16-07-2025,Bank Transfer,158091,Paid
PAY02374,ORD01123,06-09-2025,Debit Card,323700,Partial
PAY02375,ORD06130,26-02-2025,Credit Card,430213,paid
PAY02376,ORD05129,18-06-2025,Credit Card,113240,paid
PAY02377,ORD01760,09-03-2025,Cash,481978,Partial
PAY02378,ORD08520,25-01-2025,Debit Card,295710,Pending
PAY02379,ORD09829,20-07-2025,UPI,181235,paid
PAY02380,ORD07771,28-07-2025,Bank Transfer,493876,Paid
PAY02381,ORD04890,14-07-2025,Bank Transfer,13461,Paid
PAY02382,ORD00680,06-10-2025,UPI,38076,Pending
PAY02383,ORD08123,18-04-2025,UPI,208913,Paid
PAY02384,ORD06014,06-10-2025,Cash,265748,Paid
PAY02385,ORD06743,21-10-2025,Debit Card,197228,Paid
PAY02386,ORD04783,04-01-2025,Credit Card,395344,paid
PAY02387,ORD08146,07-08-2025,Debit Card,72313,paid
PAY02388,ORD02430,02-08-2025,UPI,324142,Partial
PAY02389,ORD01156,05-06-2025,UPI,350586,Paid
PAY02390,ORD04222,27-07-2025,Debit Card,117586,paid
PAY02391,ORD06388,11-09-2025,Debit Card,454734,Pending
PAY02392,ORD02750,11-04-2025,Debit Card,68250,Paid
PAY02393,ORD02481,17-08-2025,Bank Transfer,395827,Partial
PAY02394,ORD08297,23-11-2025,UPI,232144,Pending
PAY02395,ORD05421,28-06-2025,Bank Transfer,367016,Pending
PAY02396,ORD01742,06-12-2025,Bank Transfer,266810,Pending
PAY02397,ORD04349,27-12-2025,UPI,497354,Pending
PAY02398,ORD05155,22-01-2025,Debit Card,275045,Partial
PAY02399,ORD03239,23-01-2025,Bank Transfer,439307,Partial
PAY02400,ORD00120,15-09-2025,Cash,436436,Pending
PAY02401,ORD01439,24-10-2025,Credit Card,407386,Paid
PAY02402,ORD05220,27-08-2025,Debit Card,26624,Paid
PAY02403,ORD09089,17-06-2025,UPI,444429,Pending
PAY02404,ORD02953,13-01-2025,UPI,233315,Partial
PAY02405,ORD06623,10-01-2025,Debit Card,287868,paid
PAY02406,ORD09804,24-03-2025,Cash,433187,Pending
PAY02407,ORD03855,14-11-2025,Credit Card,127453,Paid
PAY02408,ORD00655,13-05-2025,UPI,426049,paid
PAY02409,ORD00595,06-10-2025,Credit Card,231093,Pending
PAY02410,ORD07593,16-05-2025,Debit Card,61750,Partial
PAY02411,ORD03513,26-11-2025,UPI,417712,Partial
PAY02412,ORD09550,04-10-2025,Bank Transfer,12446,Pending
PAY02413,ORD05032,10-09-2025,UPI,319846,Paid
PAY02414,ORD06063,26-04-2025,Debit Card,189881,Pending
PAY02415,ORD00081,13-07-2025,UPI,415208,Paid
PAY02416,ORD01597,11-01-2025,Debit Card,394963,Paid
PAY02417,ORD09903,18-11-2025,Credit Card,247941,Paid
PAY02418,ORD02032,01-08-2025,UPI,450540,Partial
PAY02419,ORD01006,12-09-2025,Credit Card,401387,paid
PAY02420,ORD05451,22-05-2025,Debit Card,155077,paid
PAY02421,ORD02225,14-06-2025,Bank Transfer,182775,paid
PAY02422,ORD06703,05-10-2025,Bank Transfer,470696,Pending
PAY02423,ORD08307,21-12-2025,Debit Card,95967,Partial
PAY02424,ORD09536,26-02-2025,Debit Card,347654,Paid
PAY02425,ORD09407,26-10-2025,UPI,167267,Pending
PAY02426,ORD02087,17-07-2025,UPI,420285,Pending
PAY02427,ORD09482,13-05-2025,Cash,271332,Partial
PAY02428,ORD05894,15-07-2025,Debit Card,181332,paid
PAY02429,ORD04291,19-08-2025,Debit Card,109245,Partial
PAY02430,ORD06865,15-10-2025,UPI,130469,Partial
PAY02431,ORD02220,06-01-2025,Debit Card,345751,Pending
PAY02432,ORD04100,17-12-2025,Credit Card,81517,paid
PAY02433,ORD04639,10-03-2025,Debit Card,13778,Pending
PAY02434,ORD05366,09-03-2025,Cash,214567,Paid
PAY02435,ORD06913,11-09-2025,Bank Transfer,243886,paid
PAY02436,ORD08134,10-12-2025,UPI,286894,Pending
PAY02437,ORD02781,20-07-2025,Credit Card,496555,Partial
PAY02438,ORD09557,10-01-2025,Credit Card,250552,Pending
PAY02439,ORD08934,03-05-2025,Cash,229537,Partial
PAY02440,ORD06623,16-12-2025,UPI,387503,Partial
PAY02441,ORD07693,02-03-2025,Bank Transfer,342361,Pending
PAY02442,ORD01815,26-11-2025,Cash,213822,paid
PAY02443,ORD01495,04-07-2025,UPI,326676,Paid
PAY02444,ORD03815,19-08-2025,Debit Card,38064,Partial
PAY02445,ORD06136,24-09-2025,Debit Card,38884,Pending
PAY02446,ORD01090,07-03-2025,UPI,19474,Pending
PAY02447,ORD00245,23-08-2025,Cash,305551,Pending
PAY02448,ORD09070,13-05-2025,Cash,66875,Paid
PAY02449,ORD06690,13-06-2025,Credit Card,17347,Partial
PAY02450,ORD04875,21-08-2025,UPI,93350,Pending
PAY02451,ORD04180,13-03-2025,Credit Card,225229,Paid
PAY02452,ORD07696,28-12-2025,Debit Card,67048,Paid
PAY02453,ORD09607,05-01-2025,Bank Transfer,387734,paid
PAY02454,ORD01612,16-05-2025,Bank Transfer,44020,Partial
PAY02455,ORD03238,06-07-2025,Credit Card,340981,Partial
PAY02456,ORD06116,01-09-2025,Bank Transfer,394946,Paid
PAY02457,ORD02222,19-09-2025,UPI,126231,Pending
PAY02458,ORD09016,16-06-2025,Cash,91400,paid
PAY02459,ORD08985,12-07-2025,UPI,341384,Paid
PAY02460,ORD03692,11-05-2025,UPI,250431,Paid
PAY02461,ORD01118,15-08-2025,Debit Card,29224,Pending
PAY02462,ORD07000,14-09-2025,Debit Card,27142,Paid
PAY02463,ORD01441,17-08-2025,Credit Card,474427,paid
PAY02464,ORD07896,11-08-2025,Debit Card,169914,Paid
PAY02465,ORD09386,17-01-2025,Credit Card,455758,paid
PAY02466,ORD02384,25-10-2025,Bank Transfer,251191,paid
PAY02467,ORD07260,21-09-2025,Credit Card,449151,Pending
PAY02468,ORD03022,11-12-2025,Debit Card,358403,Partial
PAY02469,ORD04011,17-08-2025,Cash,294549,Pending
PAY02470,ORD05878,23-01-2025,UPI,378099,Pending
PAY02471,ORD01718,15-03-2025,UPI,333296,Partial
PAY02472,ORD05509,19-11-2025,UPI,75103,Paid
PAY02473,ORD07743,08-06-2025,Cash,230189,paid
PAY02474,ORD05723,17-04-2025,Bank Transfer,126183,Paid
PAY02475,ORD09992,06-02-2025,Credit Card,227556,Partial
PAY02476,ORD06422,24-12-2025,Bank Transfer,304280,paid
PAY02477,ORD07555,11-04-2025,Debit Card,423471,Pending
PAY02478,ORD00646,10-01-2025,Credit Card,286168,Partial
PAY02479,ORD01316,12-07-2025,UPI,272396,Partial
PAY02480,ORD04864,26-02-2025,Cash,404281,Partial
PAY02481,ORD02738,28-04-2025,Credit Card,413800,Paid
PAY02482,ORD00414,27-08-2025,UPI,170589,Paid
PAY02483,ORD02238,13-07-2025,Debit Card,272096,Partial
PAY02484,ORD09604,15-12-2025,Credit Card,142940,Paid
PAY02485,ORD04476,12-06-2025,UPI,61081,Paid
PAY02486,ORD07148,28-04-2025,Cash,496392,Pending
PAY02487,ORD00752,12-08-2025,Cash,19781,paid
PAY02488,ORD01711,04-02-2025,Debit Card,445949,Pending
PAY02489,ORD08319,13-05-2025,Bank Transfer,187263,paid
PAY02490,ORD00029,25-09-2025,Bank Transfer,242745,Paid
PAY02491,ORD04708,03-05-2025,Bank Transfer,72098,paid
PAY02492,ORD03013,01-05-2025,Bank Transfer,278571,paid
PAY02493,ORD07484,25-06-2025,Cash,151432,Paid
PAY02494,ORD07978,10-01-2025,UPI,148570,Pending
PAY02495,ORD02164,28-01-2025,UPI,132244,Pending
PAY02496,ORD00725,13-06-2025,Cash,16567,paid
PAY02497,ORD04027,23-01-2025,Bank Transfer,25514,Partial
PAY02498,ORD07449,15-06-2025,Bank Transfer,200139,Partial
PAY02499,ORD08958,16-02-2025,Cash,459680,Partial
PAY02500,ORD07822,12-05-2025,UPI,29118,Pending
PAY02501,ORD03069,28-11-2025,Credit Card,217208,Pending
PAY02502,ORD00312,27-11-2025,Debit Card,434271,Partial
PAY02503,ORD09530,13-04-2025,UPI,114539,Paid
PAY02504,ORD00899,06-04-2025,Debit Card,85971,paid
PAY02505,ORD02589,11-11-2025,UPI,357136,paid
PAY02506,ORD00711,15-04-2025,Debit Card,303997,Paid
PAY02507,ORD09304,04-04-2025,Credit Card,397198,Partial
PAY02508,ORD01749,26-01-2025,UPI,288254,Paid
PAY02509,ORD01896,15-02-2025,Debit Card,162687,Partial
PAY02510,ORD07187,20-10-2025,Credit Card,48545,Partial
PAY02511,ORD03040,01-05-2025,Cash,61884,Pending
PAY02512,ORD06718,11-06-2025,UPI,212793,paid
PAY02513,ORD04137,14-10-2025,Debit Card,232176,Paid
PAY02514,ORD01406,09-04-2025,Cash,406382,Partial
PAY02515,ORD08107,20-12-2025,Bank Transfer,258288,paid
PAY02516,ORD00512,17-04-2025,Cash,410451,paid
PAY02517,ORD00613,27-11-2025,Cash,64994,paid
PAY02518,ORD03172,28-11-2025,Credit Card,17989,paid
PAY02519,ORD00220,10-06-2025,UPI,11499,Partial
PAY02520,ORD07441,28-04-2025,Debit Card,425092,Partial
PAY02521,ORD05318,28-04-2025,Debit Card,163872,Partial
PAY02522,ORD05186,15-05-2025,Credit Card,89654,paid
PAY02523,ORD04267,06-10-2025,Debit Card,419096,Pending
PAY02524,ORD09045,01-08-2025,UPI,164685,Partial
PAY02525,ORD00804,22-06-2025,Bank Transfer,226236,Partial
PAY02526,ORD07039,03-11-2025,Debit Card,47309,Partial
PAY02527,ORD08634,17-08-2025,Cash,363575,Partial
PAY02528,ORD01867,18-11-2025,Bank Transfer,235190,Pending
PAY02529,ORD02654,16-06-2025,Debit Card,110910,Paid
PAY02530,ORD07931,03-10-2025,Bank Transfer,107851,Partial
PAY02531,ORD00259,26-07-2025,Cash,126163,Paid
PAY02532,ORD03395,01-01-2025,Debit Card,30520,Partial
PAY02533,ORD05153,05-09-2025,Cash,7312,Pending
PAY02534,ORD03572,10-06-2025,Cash,50090,Paid
PAY02535,ORD06881,28-05-2025,Cash,443470,Paid
PAY02536,ORD00741,10-07-2025,Cash,228224,Paid
PAY02537,ORD08565,07-01-2025,Credit Card,51892,Partial
PAY02538,ORD06139,22-10-2025,Bank Transfer,255715,paid
PAY02539,ORD06952,01-06-2025,Credit Card,232948,Partial
PAY02540,ORD03940,08-06-2025,Cash,366549,Partial
PAY02541,ORD06141,21-11-2025,Debit Card,175330,Paid
PAY02542,ORD08462,18-05-2025,Debit Card,149593,Pending
PAY02543,ORD08093,26-02-2025,Bank Transfer,433294,Partial
PAY02544,ORD02692,06-06-2025,Credit Card,52597,Partial
PAY02545,ORD01841,12-07-2025,Credit Card,132073,Partial
PAY02546,ORD08253,15-08-2025,Credit Card,256008,Paid
PAY02547,ORD04272,14-09-2025,UPI,342935,Partial
PAY02548,ORD08512,16-03-2025,Bank Transfer,450433,Paid
PAY02549,ORD07361,14-02-2025,Debit Card,24132,paid
PAY02550,ORD09654,12-02-2025,Bank Transfer,135499,Pending
PAY02551,ORD00460,13-10-2025,Bank Transfer,156134,Pending
PAY02552,ORD05571,08-03-2025,Credit Card,325100,paid
PAY02553,ORD05754,01-07-2025,Bank Transfer,373736,Partial
PAY02554,ORD09366,19-09-2025,UPI,381706,Pending
PAY02555,ORD01414,14-01-2025,Debit Card,453254,Partial
PAY02556,ORD04879,18-11-2025,Credit Card,157213,Partial
PAY02557,ORD02800,28-09-2025,Credit Card,55712,Paid
PAY02558,ORD00157,26-01-2025,Debit Card,332113,Partial
PAY02559,ORD03472,05-07-2025,Cash,255434,paid
PAY02560,ORD06688,17-03-2025,Bank Transfer,227676,Pending
PAY02561,ORD07138,13-10-2025,Debit Card,303822,Pending
PAY02562,ORD00104,04-10-2025,UPI,326820,Paid
PAY02563,ORD00523,10-02-2025,Credit Card,310349,Pending
PAY02564,ORD00826,05-08-2025,Bank Transfer,325262,Partial
PAY02565,ORD00504,06-08-2025,UPI,399579,paid
PAY02566,ORD02738,25-06-2025,Credit Card,20050,paid
PAY02567,ORD09446,09-01-2025,UPI,75821,Partial
PAY02568,ORD02109,10-04-2025,Credit Card,279034,Partial
PAY02569,ORD01083,25-12-2025,Debit Card,301651,Partial
PAY02570,ORD03920,21-10-2025,Cash,269716,Partial
PAY02571,ORD00631,08-07-2025,Bank Transfer,73054,paid
PAY02572,ORD01707,21-03-2025,Cash,404691,Partial
PAY02573,ORD08738,04-03-2025,Credit Card,22092,Pending
PAY02574,ORD02841,13-08-2025,Credit Card,250804,Paid
PAY02575,ORD02319,28-08-2025,Bank Transfer,194602,Partial
PAY02576,ORD00202,07-11-2025,UPI,315221,Paid
PAY02577,ORD01653,11-04-2025,UPI,397980,paid
PAY02578,ORD08572,08-02-2025,Bank Transfer,94276,Partial
PAY02579,ORD06586,15-04-2025,Cash,408593,Partial
PAY02580,ORD07974,28-05-2025,Credit Card,466751,Pending
PAY02581,ORD05577,23-06-2025,Credit Card,206514,Pending
PAY02582,ORD00912,06-12-2025,Credit Card,19036,Pending
PAY02583,ORD00895,12-03-2025,Debit Card,148458,paid
PAY02584,ORD08671,23-02-2025,UPI,286199,Pending
PAY02585,ORD03715,20-01-2025,UPI,319439,Paid
PAY02586,ORD00541,17-08-2025,Bank Transfer,404495,Pending
PAY02587,ORD00013,19-07-2025,Credit Card,349285,Partial
PAY02588,ORD02944,27-09-2025,Bank Transfer,491575,Pending
PAY02589,ORD07795,10-12-2025,Cash,441440,Paid
PAY02590,ORD01416,21-06-2025,Cash,270726,Pending
PAY02591,ORD05417,22-11-2025,Debit Card,291032,Paid
PAY02592,ORD03741,23-09-2025,Bank Transfer,177366,Pending
PAY02593,ORD09555,16-02-2025,Bank Transfer,398234,Partial
PAY02594,ORD07237,28-03-2025,Cash,238327,Partial
PAY02595,ORD05386,08-07-2025,UPI,285033,Pending
PAY02596,ORD07530,13-02-2025,Bank Transfer,111986,Pending
PAY02597,ORD05896,06-07-2025,UPI,88960,Paid
PAY02598,ORD01907,17-09-2025,Bank Transfer,494134,Partial
PAY02599,ORD04238,17-09-2025,UPI,264142,Paid
PAY02600,ORD09987,21-07-2025,Bank Transfer,131230,paid
PAY02601,ORD05183,21-04-2025,Debit Card,219472,paid
PAY02602,ORD01187,07-03-2025,Bank Transfer,45981,paid
PAY02603,ORD05720,20-11-2025,UPI,11396,Partial
PAY02604,ORD02956,09-03-2025,Credit Card,109411,paid
PAY02605,ORD02084,19-06-2025,UPI,437051,Partial
PAY02606,ORD01552,13-05-2025,Credit Card,126996,Pending
PAY02607,ORD05322,25-05-2025,Debit Card,311439,Partial
PAY02608,ORD03585,05-01-2025,Credit Card,10004,Paid
PAY02609,ORD03195,20-12-2025,Credit Card,140761,Paid
PAY02610,ORD02478,06-09-2025,UPI,450119,Partial
PAY02611,ORD04946,15-04-2025,UPI,153262,paid
PAY02612,ORD03277,22-09-2025,Credit Card,363346,Paid
PAY02613,ORD04432,17-04-2025,Bank Transfer,416977,Partial
PAY02614,ORD09893,26-08-2025,Debit Card,233776,Pending
PAY02615,ORD03131,03-12-2025,Bank Transfer,432414,Partial
PAY02616,ORD06427,28-09-2025,Debit Card,27901,Paid
PAY02617,ORD02615,10-01-2025,Bank Transfer,433081,paid
PAY02618,ORD02962,06-11-2025,UPI,304937,Partial
PAY02619,ORD08151,06-08-2025,Cash,237399,paid
PAY02620,ORD01816,23-08-2025,Bank Transfer,23364,Partial
PAY02621,ORD06610,19-07-2025,UPI,143906,Paid
PAY02622,ORD04329,27-06-2025,UPI,82950,paid
PAY02623,ORD04116,07-05-2025,Bank Transfer,115635,Pending
PAY02624,ORD04627,21-07-2025,Cash,346066,paid
PAY02625,ORD03728,18-09-2025,Credit Card,137984,Partial
PAY02626,ORD06551,26-05-2025,Bank Transfer,375870,Pending
PAY02627,ORD01395,26-12-2025,Debit Card,272351,Pending
PAY02628,ORD02674,26-08-2025,Debit Card,57117,Partial
PAY02629,ORD07762,19-10-2025,UPI,178139,Paid
PAY02630,ORD06118,03-03-2025,Credit Card,267883,Paid
PAY02631,ORD08130,24-05-2025,Bank Transfer,432906,Pending
PAY02632,ORD00210,20-07-2025,Bank Transfer,95135,Pending
PAY02633,ORD08886,21-09-2025,Credit Card,151099,Partial
PAY02634,ORD05651,14-05-2025,Cash,351229,Pending
PAY02635,ORD07379,11-02-2025,Debit Card,151271,Paid
PAY02636,ORD08967,15-05-2025,UPI,434537,Paid
PAY02637,ORD00043,05-08-2025,Cash,74098,Partial
PAY02638,ORD01365,22-04-2025,Bank Transfer,80745,paid
PAY02639,ORD05832,13-11-2025,UPI,129653,Pending
PAY02640,ORD03048,23-01-2025,Debit Card,223410,paid
PAY02641,ORD09093,08-01-2025,UPI,497495,Pending
PAY02642,ORD04537,10-04-2025,Credit Card,244041,Partial
PAY02643,ORD05584,13-08-2025,Credit Card,496002,paid
PAY02644,ORD05228,05-12-2025,Cash,274867,Pending
PAY02645,ORD03906,15-02-2025,Debit Card,54978,Partial
PAY02646,ORD01617,18-04-2025,Debit Card,346973,Pending
PAY02647,ORD07982,16-01-2025,Credit Card,141448,Pending
PAY02648,ORD03739,01-01-2025,Cash,497897,Paid
PAY02649,ORD01847,01-09-2025,Bank Transfer,17338,paid
PAY02650,ORD02234,27-02-2025,UPI,118765,Paid
PAY02651,ORD04788,28-04-2025,Bank Transfer,5953,Paid
PAY02652,ORD09462,11-06-2025,Bank Transfer,119513,Partial
PAY02653,ORD08321,22-06-2025,Cash,474161,Partial
PAY02654,ORD09568,09-12-2025,Bank Transfer,48877,Partial
PAY02655,ORD06483,13-10-2025,Bank Transfer,431292,paid
PAY02656,ORD05806,01-04-2025,Bank Transfer,464170,Pending
PAY02657,ORD03407,26-01-2025,UPI,461965,Paid
PAY02658,ORD07476,24-09-2025,Credit Card,172531,Partial
PAY02659,ORD03446,07-11-2025,Bank Transfer,348680,paid
PAY02660,ORD06317,03-07-2025,Cash,43162,Paid
PAY02661,ORD01767,16-05-2025,UPI,315265,paid
PAY02662,ORD07652,22-09-2025,Bank Transfer,364843,Pending
PAY02663,ORD07594,08-04-2025,Cash,402183,Paid
PAY02664,ORD08216,25-11-2025,Credit Card,149736,Partial
PAY02665,ORD04436,17-12-2025,Bank Transfer,397489,paid
PAY02666,ORD09579,24-03-2025,Bank Transfer,407871,Paid
PAY02667,ORD04753,27-04-2025,Cash,413999,Partial
PAY02668,ORD03699,21-09-2025,UPI,296334,Pending
PAY02669,ORD04296,20-06-2025,Bank Transfer,132190,paid
PAY02670,ORD00791,17-09-2025,Debit Card,68468,Paid
PAY02671,ORD05708,20-07-2025,UPI,455822,paid
PAY02672,ORD01562,12-02-2025,Credit Card,401120,paid
PAY02673,ORD06672,04-07-2025,Credit Card,429745,Pending
PAY02674,ORD01990,28-06-2025,Cash,148831,paid
PAY02675,ORD06049,25-05-2025,Credit Card,29990,Paid
PAY02676,ORD05080,01-06-2025,Debit Card,470650,Pending
PAY02677,ORD01359,13-12-2025,Bank Transfer,207424,Paid
PAY02678,ORD05767,20-11-2025,Cash,302421,Pending
PAY02679,ORD02716,28-09-2025,Cash,471372,Partial
PAY02680,ORD06185,15-02-2025,UPI,17492,Paid
PAY02681,ORD04612,14-05-2025,Bank Transfer,291311,Pending
PAY02682,ORD05821,15-06-2025,Bank Transfer,460547,Partial
PAY02683,ORD04564,15-08-2025,Cash,387171,paid
PAY02684,ORD09971,11-10-2025,Bank Transfer,160320,Paid
PAY02685,ORD07329,05-08-2025,UPI,74070,Pending
PAY02686,ORD08179,14-01-2025,Credit Card,235751,paid
PAY02687,ORD07137,06-01-2025,Debit Card,483911,Pending
PAY02688,ORD08319,20-04-2025,UPI,422796,Paid
PAY02689,ORD01937,12-03-2025,Cash,31030,paid
PAY02690,ORD00041,13-02-2025,Credit Card,52684,Partial
PAY02691,ORD01339,10-03-2025,Credit Card,233276,paid
PAY02692,ORD04919,17-05-2025,UPI,297980,Paid
PAY02693,ORD01626,05-08-2025,Debit Card,118909,Partial
PAY02694,ORD07906,18-04-2025,UPI,363575,Paid
PAY02695,ORD05109,05-05-2025,Credit Card,389377,Pending
PAY02696,ORD00207,22-09-2025,Cash,303209,Partial
PAY02697,ORD09506,21-06-2025,Cash,384681,Pending
PAY02698,ORD01233,13-09-2025,Credit Card,494747,paid
PAY02699,ORD00489,18-01-2025,Cash,48341,paid
PAY02700,ORD00448,11-01-2025,Credit Card,24404,paid
PAY02701,ORD00944,05-01-2025,Cash,74378,paid
PAY02702,ORD02028,02-09-2025,UPI,318915,Pending
PAY02703,ORD01076,23-08-2025,Bank Transfer,425777,Partial
PAY02704,ORD03893,22-04-2025,UPI,219058,Pending
PAY02705,ORD02792,06-05-2025,Cash,255908,Paid
PAY02706,ORD05944,21-04-2025,Bank Transfer,368051,paid
PAY02707,ORD02394,16-06-2025,UPI,424026,Partial
PAY02708,ORD09530,16-11-2025,Cash,377031,paid
PAY02709,ORD04070,06-02-2025,Cash,492201,Pending
PAY02710,ORD01123,21-03-2025,Credit Card,194596,Partial
PAY02711,ORD00070,07-05-2025,Cash,262234,Pending
PAY02712,ORD01008,24-06-2025,UPI,447460,Pending
PAY02713,ORD06202,25-05-2025,Debit Card,54078,Partial
PAY02714,ORD07402,23-06-2025,Debit Card,458437,Partial
PAY02715,ORD03216,15-05-2025,Bank Transfer,334084,Partial
PAY02716,ORD07043,18-03-2025,Cash,370798,Paid
PAY02717,ORD06931,17-07-2025,Debit Card,276210,Partial
PAY02718,ORD08036,15-03-2025,UPI,384456,paid
PAY02719,ORD04620,26-12-2025,Bank Transfer,251030,Paid
PAY02720,ORD08735,22-01-2025,Cash,258655,Partial
PAY02721,ORD04013,08-09-2025,UPI,310127,Pending
PAY02722,ORD02802,13-11-2025,Bank Transfer,416153,Partial
PAY02723,ORD05035,10-06-2025,Bank Transfer,130907,Pending
PAY02724,ORD02008,22-08-2025,Credit Card,247188,Pending
PAY02725,ORD07162,21-02-2025,Debit Card,289591,paid
PAY02726,ORD04001,07-04-2025,Credit Card,259247,Partial
PAY02727,ORD08026,18-12-2025,UPI,374560,Paid
PAY02728,ORD04004,18-03-2025,Bank Transfer,18865,Partial
PAY02729,ORD02073,18-06-2025,Cash,220059,Pending
PAY02730,ORD02081,26-07-2025,Cash,186200,paid
PAY02731,ORD09527,15-09-2025,Bank Transfer,14588,Paid
PAY02732,ORD02239,10-09-2025,Bank Transfer,392225,Pending
PAY02733,ORD01418,17-03-2025,Debit Card,473767,Partial
PAY02734,ORD02793,02-06-2025,Cash,104508,Paid
PAY02735,ORD01170,06-04-2025,Credit Card,16828,Pending
PAY02736,ORD08967,17-08-2025,Credit Card,34624,Pending
PAY02737,ORD08014,21-09-2025,Credit Card,493915,Partial
PAY02738,ORD06933,09-01-2025,UPI,331761,Pending
PAY02739,ORD06240,21-10-2025,Cash,490087,Partial
PAY02740,ORD08239,22-07-2025,Cash,397702,Pending
PAY02741,ORD07296,11-06-2025,Cash,97054,Paid
PAY02742,ORD01348,28-05-2025,Cash,294314,paid
PAY02743,ORD00450,01-06-2025,UPI,313529,Pending
PAY02744,ORD05637,26-11-2025,Credit Card,157332,Pending
PAY02745,ORD03897,17-02-2025,UPI,152883,Partial
PAY02746,ORD04859,04-03-2025,UPI,418971,Partial
PAY02747,ORD09282,16-05-2025,Bank Transfer,69654,paid
PAY02748,ORD02422,27-08-2025,Bank Transfer,19025,paid
PAY02749,ORD07965,26-05-2025,Credit Card,84631,paid
PAY02750,ORD08458,09-12-2025,UPI,386638,paid
PAY02751,ORD01835,22-06-2025,Credit Card,344393,Paid
PAY02752,ORD05293,07-02-2025,Debit Card,338060,Pending
PAY02753,ORD03788,17-10-2025,Debit Card,486294,Pending
PAY02754,ORD09587,16-11-2025,Cash,33368,Paid
PAY02755,ORD03803,04-09-2025,Cash,280504,Partial
PAY02756,ORD05066,17-06-2025,Cash,246202,paid
PAY02757,ORD06610,28-05-2025,Credit Card,436933,paid
PAY02758,ORD05125,14-07-2025,Cash,364447,Pending
PAY02759,ORD09216,10-09-2025,Debit Card,277002,Partial
PAY02760,ORD01381,08-08-2025,UPI,112643,Partial
PAY02761,ORD02561,19-02-2025,UPI,46935,Partial
PAY02762,ORD01598,04-10-2025,UPI,74673,paid
PAY02763,ORD02154,05-07-2025,Bank Transfer,405049,paid
PAY02764,ORD04018,03-12-2025,UPI,35769,Partial
PAY02765,ORD05661,09-05-2025,Credit Card,166811,Paid
PAY02766,ORD09980,03-07-2025,Debit Card,111964,Pending
PAY02767,ORD00095,13-09-2025,Bank Transfer,288152,Partial
PAY02768,ORD02895,04-08-2025,Bank Transfer,114527,Paid
PAY02769,ORD02578,11-01-2025,Bank Transfer,92718,Pending
PAY02770,ORD02812,16-06-2025,Credit Card,408729,paid
PAY02771,ORD02042,14-06-2025,Cash,441543,Partial
PAY02772,ORD08335,10-02-2025,Credit Card,85079,Partial
PAY02773,ORD00169,23-04-2025,UPI,335292,paid
PAY02774,ORD02014,02-10-2025,Debit Card,348501,paid
PAY02775,ORD05668,28-11-2025,Cash,200726,Paid
PAY02776,ORD00093,25-01-2025,Debit Card,172580,Pending
PAY02777,ORD04385,18-03-2025,Bank Transfer,487610,Paid
PAY02778,ORD04489,13-01-2025,Debit Card,249908,Paid
PAY02779,ORD09206,04-01-2025,Bank Transfer,471008,Pending
PAY02780,ORD09514,18-02-2025,Cash,220163,Pending
PAY02781,ORD04415,19-02-2025,Cash,97511,Partial
PAY02782,ORD00918,13-03-2025,UPI,214396,paid
PAY02783,ORD08624,08-05-2025,Bank Transfer,191500,paid
PAY02784,ORD04029,18-07-2025,Credit Card,208365,Pending
PAY02785,ORD00396,08-07-2025,Bank Transfer,210009,Paid
PAY02786,ORD06659,21-01-2025,Cash,80940,Paid
PAY02787,ORD04153,02-05-2025,Debit Card,198245,Partial
PAY02788,ORD00699,07-04-2025,Credit Card,415711,Paid
PAY02789,ORD06129,02-11-2025,Bank Transfer,141381,Pending
PAY02790,ORD05788,19-02-2025,Credit Card,97356,paid
PAY02791,ORD08940,23-01-2025,Cash,243342,paid
PAY02792,ORD02603,17-05-2025,UPI,426128,Paid
PAY02793,ORD06409,07-06-2025,Cash,212005,Paid
PAY02794,ORD02169,21-03-2025,Debit Card,31065,Pending
PAY02795,ORD00980,22-09-2025,Credit Card,441696,Pending
PAY02796,ORD07657,16-02-2025,Cash,268726,paid
PAY02797,ORD02025,06-05-2025,UPI,114606,paid
PAY02798,ORD01188,22-06-2025,Debit Card,426956,Partial
PAY02799,ORD06276,17-09-2025,Cash,50829,Partial
PAY02800,ORD03472,19-07-2025,Credit Card,492294,Pending
PAY02801,ORD00245,05-01-2025,Cash,230451,paid
PAY02802,ORD09325,17-08-2025,Debit Card,197584,Pending
PAY02803,ORD07935,27-02-2025,Cash,271283,Partial
PAY02804,ORD04725,02-12-2025,Credit Card,131069,Pending
PAY02805,ORD09541,15-10-2025,Cash,37427,Pending
PAY02806,ORD06989,23-12-2025,Cash,77229,Pending
PAY02807,ORD01622,12-05-2025,Bank Transfer,170931,Pending
PAY02808,ORD05876,08-04-2025,Debit Card,396484,Paid
PAY02809,ORD01455,08-12-2025,UPI,247272,Paid
PAY02810,ORD00182,18-12-2025,Debit Card,311030,Partial
PAY02811,ORD09974,09-12-2025,Bank Transfer,272652,paid
PAY02812,ORD08936,10-09-2025,Bank Transfer,394073,Partial
PAY02813,ORD06521,26-06-2025,Bank Transfer,476813,Paid
PAY02814,ORD08826,26-12-2025,Bank Transfer,31798,Partial
PAY02815,ORD02692,05-08-2025,UPI,300142,paid
PAY02816,ORD02036,23-01-2025,Cash,153518,Paid
PAY02817,ORD03759,19-06-2025,Bank Transfer,154265,Pending
PAY02818,ORD08940,26-06-2025,Credit Card,77376,Pending
PAY02819,ORD04839,10-12-2025,Cash,11608,Pending
PAY02820,ORD01311,19-05-2025,Bank Transfer,346850,Paid
PAY02821,ORD06377,19-02-2025,Debit Card,453890,Pending
PAY02822,ORD02006,05-11-2025,Bank Transfer,295306,Partial
PAY02823,ORD05860,27-05-2025,UPI,388288,Partial
PAY02824,ORD05692,24-01-2025,Cash,280514,Partial
PAY02825,ORD04796,23-04-2025,Cash,16727,Paid
PAY02826,ORD09555,16-02-2025,Bank Transfer,112340,Pending
PAY02827,ORD06636,08-03-2025,UPI,361477,Partial
PAY02828,ORD07547,16-02-2025,UPI,393164,Pending
PAY02829,ORD04391,02-09-2025,UPI,268395,paid
PAY02830,ORD04781,21-12-2025,Credit Card,426381,Pending
PAY02831,ORD05344,05-12-2025,Debit Card,151441,Paid
PAY02832,ORD01966,11-01-2025,Debit Card,90321,paid
PAY02833,ORD01952,02-02-2025,Cash,402637,Paid
PAY02834,ORD01314,13-12-2025,Credit Card,336725,Paid
PAY02835,ORD01199,25-05-2025,UPI,292488,Pending
PAY02836,ORD00269,18-12-2025,Debit Card,100827,paid
PAY02837,ORD01718,04-09-2025,Cash,282501,Paid
PAY02838,ORD06952,25-08-2025,Debit Card,100414,Paid
PAY02839,ORD00707,22-12-2025,Credit Card,353090,paid
PAY02840,ORD00505,10-01-2025,UPI,478765,Paid
PAY02841,ORD06235,22-02-2025,UPI,159753,Pending
PAY02842,ORD04666,05-10-2025,Bank Transfer,315810,Partial
PAY02843,ORD07156,14-08-2025,Bank Transfer,158890,Paid
PAY02844,ORD07759,25-12-2025,Cash,424077,Pending
PAY02845,ORD00780,01-12-2025,UPI,102345,Pending
PAY02846,ORD06839,08-06-2025,Bank Transfer,410155,Partial
PAY02847,ORD07745,12-03-2025,Credit Card,406526,Partial
PAY02848,ORD03145,24-02-2025,Debit Card,377659,Pending
PAY02849,ORD08415,22-03-2025,UPI,462191,paid
PAY02850,ORD04242,20-04-2025,Debit Card,314861,Pending
PAY02851,ORD06007,06-05-2025,Cash,229862,Pending
PAY02852,ORD05454,11-02-2025,Cash,342546,Paid
PAY02853,ORD02022,05-01-2025,Credit Card,314040,paid
PAY02854,ORD04786,13-01-2025,UPI,76039,Partial
PAY02855,ORD01110,12-01-2025,Bank Transfer,481766,Paid
PAY02856,ORD03364,13-08-2025,Bank Transfer,360436,Paid
PAY02857,ORD03616,10-11-2025,Credit Card,270436,Partial
PAY02858,ORD08779,13-08-2025,Cash,476477,Pending
PAY02859,ORD07303,17-09-2025,Credit Card,472055,Partial
PAY02860,ORD05696,28-02-2025,UPI,346397,Pending
PAY02861,ORD01099,19-02-2025,Cash,386320,Partial
PAY02862,ORD06057,19-02-2025,Cash,391684,Partial
PAY02863,ORD05417,12-06-2025,Bank Transfer,488414,Paid
PAY02864,ORD08401,20-12-2025,Bank Transfer,34995,Partial
PAY02865,ORD00108,22-11-2025,Bank Transfer,236876,paid
PAY02866,ORD07836,12-10-2025,Bank Transfer,382511,Paid
PAY02867,ORD01586,28-01-2025,Credit Card,496878,paid
PAY02868,ORD08676,08-07-2025,Credit Card,285730,Pending
PAY02869,ORD00518,20-10-2025,Cash,100714,paid
PAY02870,ORD07898,09-10-2025,Debit Card,487173,paid
PAY02871,ORD04182,06-04-2025,UPI,42456,Partial
PAY02872,ORD07885,02-08-2025,Cash,397873,paid
PAY02873,ORD09666,01-03-2025,UPI,203582,Pending
PAY02874,ORD02197,07-05-2025,Cash,359514,Paid
PAY02875,ORD01013,10-12-2025,Debit Card,488111,Partial
PAY02876,ORD02474,24-01-2025,Debit Card,150706,paid
PAY02877,ORD01222,03-04-2025,Debit Card,200535,Pending
PAY02878,ORD07340,06-12-2025,Debit Card,58551,Paid
PAY02879,ORD09126,15-03-2025,Credit Card,44851,Pending
PAY02880,ORD07370,07-03-2025,Debit Card,130419,Partial
PAY02881,ORD00933,13-06-2025,UPI,471359,Partial
PAY02882,ORD03403,20-08-2025,Debit Card,292609,Partial
PAY02883,ORD04726,08-10-2025,Credit Card,324555,Partial
PAY02884,ORD07611,03-03-2025,Credit Card,347331,Partial
PAY02885,ORD07552,03-06-2025,Bank Transfer,484305,Pending
PAY02886,ORD03719,02-10-2025,Credit Card,389495,paid
PAY02887,ORD08229,05-09-2025,Cash,203944,Paid
PAY02888,ORD03872,15-01-2025,UPI,466276,Partial
PAY02889,ORD09731,13-02-2025,Cash,175946,paid
PAY02890,ORD02584,24-04-2025,Credit Card,351992,paid
PAY02891,ORD09574,20-04-2025,UPI,61200,paid
PAY02892,ORD07504,13-10-2025,Credit Card,5988,paid
PAY02893,ORD06476,16-11-2025,Debit Card,488411,paid
PAY02894,ORD08875,25-03-2025,Bank Transfer,404907,Partial
PAY02895,ORD06177,02-07-2025,UPI,25451,paid
PAY02896,ORD03076,12-05-2025,Cash,201502,Paid
PAY02897,ORD00403,05-07-2025,Cash,52511,Partial
PAY02898,ORD02856,08-01-2025,Debit Card,131831,paid
PAY02899,ORD07642,26-02-2025,UPI,403481,Partial
PAY02900,ORD02094,11-12-2025,Credit Card,274152,Paid
PAY02901,ORD04496,23-07-2025,Debit Card,288409,Pending
PAY02902,ORD08567,09-10-2025,Credit Card,371043,paid
PAY02903,ORD04904,24-04-2025,Credit Card,119820,Paid
PAY02904,ORD03768,03-03-2025,UPI,387029,paid
PAY02905,ORD09772,19-04-2025,Cash,142564,Paid
PAY02906,ORD00701,10-03-2025,Cash,397556,Pending
PAY02907,ORD07903,15-11-2025,UPI,433615,Paid
PAY02908,ORD00190,15-07-2025,UPI,329456,Partial
PAY02909,ORD07706,22-09-2025,Credit Card,171444,Paid
PAY02910,ORD08078,12-10-2025,Debit Card,293587,Pending
PAY02911,ORD07992,17-12-2025,Credit Card,210940,Partial
PAY02912,ORD08205,17-02-2025,Debit Card,8657,Paid
PAY02913,ORD03577,24-11-2025,Debit Card,499263,Partial
PAY02914,ORD05509,24-12-2025,Bank Transfer,261767,Paid
PAY02915,ORD09433,27-03-2025,Bank Transfer,224249,paid
PAY02916,ORD02332,03-07-2025,Cash,59936,Partial
PAY02917,ORD03243,13-03-2025,UPI,74247,Partial
PAY02918,ORD01007,24-06-2025,UPI,430021,paid
PAY02919,ORD00910,21-04-2025,UPI,16481,Paid
PAY02920,ORD04305,20-02-2025,Bank Transfer,473342,Pending
PAY02921,ORD08643,27-03-2025,Credit Card,124776,paid
PAY02922,ORD09330,21-06-2025,Debit Card,286881,Partial
PAY02923,ORD02234,03-08-2025,Bank Transfer,374139,Partial
PAY02924,ORD08932,17-04-2025,Debit Card,109671,Paid
PAY02925,ORD07727,16-08-2025,Cash,95673,Pending
PAY02926,ORD04557,23-03-2025,Debit Card,130982,Partial
PAY02927,ORD02252,14-04-2025,Bank Transfer,346061,paid
PAY02928,ORD06823,02-05-2025,Bank Transfer,373066,paid
PAY02929,ORD06015,19-06-2025,Debit Card,58645,Paid
PAY02930,ORD07818,06-02-2025,Cash,248350,Pending
PAY02931,ORD09319,06-10-2025,Bank Transfer,70543,Partial
PAY02932,ORD00397,22-12-2025,Debit Card,273184,paid
PAY02933,ORD08696,21-05-2025,Bank Transfer,201713,paid
PAY02934,ORD02929,16-05-2025,Cash,131389,Pending
PAY02935,ORD00027,06-06-2025,Bank Transfer,69301,Partial
PAY02936,ORD05059,25-08-2025,Bank Transfer,270302,Pending
PAY02937,ORD06415,09-10-2025,Debit Card,238391,Paid
PAY02938,ORD01594,06-09-2025,UPI,117764,paid
PAY02939,ORD02328,22-01-2025,Credit Card,469130,Pending
PAY02940,ORD03365,23-10-2025,Bank Transfer,141907,Pending
PAY02941,ORD04823,06-10-2025,Cash,142151,Paid
PAY02942,ORD06539,15-04-2025,Credit Card,460568,Pending
PAY02943,ORD03883,01-07-2025,Credit Card,481514,Pending
PAY02944,ORD05600,21-11-2025,Bank Transfer,101715,paid
PAY02945,ORD02670,13-04-2025,UPI,255477,paid
PAY02946,ORD07519,10-10-2025,Bank Transfer,484424,Partial
PAY02947,ORD05833,23-07-2025,Debit Card,40680,Pending
PAY02948,ORD06056,26-08-2025,UPI,307947,Pending
PAY02949,ORD05016,11-03-2025,UPI,151430,Partial
PAY02950,ORD03821,19-09-2025,Debit Card,288916,Partial
PAY02951,ORD09168,17-08-2025,Cash,163698,Paid
PAY02952,ORD01886,05-11-2025,Bank Transfer,485605,Paid
PAY02953,ORD06630,22-06-2025,Credit Card,319362,Partial
PAY02954,ORD00815,01-02-2025,Debit Card,285064,Pending
PAY02955,ORD05984,19-07-2025,Bank Transfer,14542,Pending
PAY02956,ORD06801,19-11-2025,Debit Card,478737,paid
PAY02957,ORD04763,02-07-2025,Cash,96311,Pending
PAY02958,ORD00984,23-09-2025,Bank Transfer,93046,Pending
PAY02959,ORD09069,18-04-2025,Bank Transfer,9276,Partial
PAY02960,ORD09627,22-11-2025,Cash,375733,paid
PAY02961,ORD05286,15-02-2025,UPI,459906,paid
PAY02962,ORD05272,20-05-2025,Bank Transfer,185647,Pending
PAY02963,ORD00737,04-04-2025,Cash,445731,Paid
PAY02964,ORD04923,04-09-2025,Cash,76477,Partial
PAY02965,ORD06542,06-12-2025,Debit Card,484363,Pending
PAY02966,ORD03408,22-11-2025,Credit Card,270224,Paid
PAY02967,ORD05986,07-11-2025,UPI,32702,Paid
PAY02968,ORD07921,06-10-2025,Bank Transfer,153419,Paid
PAY02969,ORD08044,05-06-2025,Bank Transfer,208326,Partial
PAY02970,ORD08848,27-02-2025,Credit Card,481883,Pending
PAY02971,ORD06474,03-01-2025,Credit Card,58529,Partial
PAY02972,ORD04937,09-12-2025,Cash,43251,Paid
PAY02973,ORD09845,06-08-2025,Credit Card,189541,Pending
PAY02974,ORD06885,11-03-2025,UPI,294909,paid
PAY02975,ORD09607,28-12-2025,Credit Card,166024,Pending
PAY02976,ORD06084,21-06-2025,Bank Transfer,483199,Pending
PAY02977,ORD01209,19-07-2025,Debit Card,196234,Pending
PAY02978,ORD09954,10-11-2025,Cash,35875,paid
PAY02979,ORD07075,17-02-2025,Credit Card,318872,Paid
PAY02980,ORD03256,24-04-2025,Cash,291239,paid
PAY02981,ORD09603,15-02-2025,Credit Card,119666,Pending
PAY02982,ORD07229,17-09-2025,Credit Card,354398,Paid
PAY02983,ORD00195,22-12-2025,Credit Card,80202,Pending
PAY02984,ORD08367,21-07-2025,Debit Card,200073,Paid
PAY02985,ORD07835,08-01-2025,Cash,231752,paid
PAY02986,ORD09247,26-01-2025,Credit Card,182748,Paid
PAY02987,ORD06646,08-04-2025,Debit Card,323109,Partial
PAY02988,ORD02880,15-10-2025,Cash,326389,Pending
PAY02989,ORD00944,04-01-2025,Credit Card,403758,paid
PAY02990,ORD09508,13-08-2025,UPI,8796,Pending
PAY02991,ORD01416,19-09-2025,UPI,55755,Paid
PAY02992,ORD07460,12-12-2025,Cash,438627,Partial
PAY02993,ORD09306,05-12-2025,Debit Card,16815,Partial
PAY02994,ORD06912,24-08-2025,UPI,123221,Pending
PAY02995,ORD08595,13-11-2025,Credit Card,449058,Paid
PAY02996,ORD04422,03-03-2025,Debit Card,172321,Paid
PAY02997,ORD01251,16-06-2025,Credit Card,348423,Pending
PAY02998,ORD08314,23-09-2025,Debit Card,411243,Paid
PAY02999,ORD07396,04-06-2025,Bank Transfer,487548,Partial
PAY03000,ORD00501,22-07-2025,Debit Card,308302,paid
PAY03001,ORD03286,25-04-2025,Debit Card,493193,Pending
PAY03002,ORD06262,01-09-2025,UPI,101648,Pending
PAY03003,ORD06193,27-12-2025,Bank Transfer,326400,paid
PAY03004,ORD09061,13-09-2025,Debit Card,265105,Partial
PAY03005,ORD01747,15-06-2025,Cash,497792,paid
PAY03006,ORD05999,06-03-2025,Debit Card,332517,Partial
PAY03007,ORD04604,19-02-2025,Cash,255409,paid
PAY03008,ORD03349,20-08-2025,Debit Card,305429,paid
PAY03009,ORD03246,11-12-2025,Debit Card,29067,Partial
PAY03010,ORD00949,12-06-2025,Bank Transfer,465952,Pending
PAY03011,ORD05653,04-05-2025,Credit Card,334110,Paid
PAY03012,ORD06053,10-06-2025,Credit Card,332145,Partial
PAY03013,ORD08500,08-06-2025,Bank Transfer,46197,paid
PAY03014,ORD01055,24-03-2025,UPI,52915,Paid
PAY03015,ORD06165,24-08-2025,Debit Card,160047,Pending
PAY03016,ORD09339,03-12-2025,Bank Transfer,196242,Pending
PAY03017,ORD07913,12-07-2025,Bank Transfer,453225,Pending
PAY03018,ORD04976,07-11-2025,Debit Card,430459,Pending
PAY03019,ORD08476,08-02-2025,Cash,78327,Pending
PAY03020,ORD09876,14-07-2025,Credit Card,33320,Paid
PAY03021,ORD02536,12-09-2025,UPI,317328,Partial
PAY03022,ORD09271,10-06-2025,Bank Transfer,413934,Partial
PAY03023,ORD01327,23-11-2025,UPI,108290,paid
PAY03024,ORD03646,05-09-2025,UPI,202342,Paid
PAY03025,ORD03662,24-07-2025,Cash,342088,paid
PAY03026,ORD08307,10-05-2025,Credit Card,115352,Partial
PAY03027,ORD05561,24-11-2025,Bank Transfer,275179,Paid
PAY03028,ORD05988,06-02-2025,Credit Card,427136,Paid
PAY03029,ORD03729,25-01-2025,Bank Transfer,382455,paid
PAY03030,ORD03579,24-04-2025,Bank Transfer,309860,paid
PAY03031,ORD05189,09-09-2025,Bank Transfer,218454,Partial
PAY03032,ORD06103,06-02-2025,UPI,181091,Pending
PAY03033,ORD09436,12-01-2025,Credit Card,7229,paid
PAY03034,ORD02139,19-11-2025,Credit Card,390410,Partial
PAY03035,ORD09197,16-04-2025,Debit Card,370687,paid
PAY03036,ORD02857,03-04-2025,UPI,128728,Partial
PAY03037,ORD01910,12-01-2025,Debit Card,22007,Paid
PAY03038,ORD04167,17-08-2025,Cash,204222,paid
PAY03039,ORD05312,28-10-2025,Bank Transfer,7854,paid
PAY03040,ORD02371,23-12-2025,Cash,62191,Partial
PAY03041,ORD03602,23-06-2025,Debit Card,207628,Paid
PAY03042,ORD04383,24-07-2025,Credit Card,200979,Partial
PAY03043,ORD05020,22-11-2025,Bank Transfer,183232,paid
PAY03044,ORD02235,28-05-2025,Credit Card,264282,Pending
PAY03045,ORD05378,13-09-2025,Debit Card,34634,paid
PAY03046,ORD04575,05-07-2025,Cash,317897,Partial
PAY03047,ORD09293,28-01-2025,UPI,180928,Partial
PAY03048,ORD02062,18-03-2025,Debit Card,408300,Partial
PAY03049,ORD06041,26-06-2025,Credit Card,464084,Partial
PAY03050,ORD00939,17-05-2025,UPI,269040,Pending
PAY03051,ORD00679,20-01-2025,Credit Card,277864,Pending
PAY03052,ORD07295,04-01-2025,UPI,261446,Paid
PAY03053,ORD07653,19-05-2025,Cash,243281,Paid
PAY03054,ORD04067,02-04-2025,Credit Card,354498,paid
PAY03055,ORD04295,05-03-2025,Cash,286753,Partial
PAY03056,ORD09696,22-03-2025,Debit Card,145617,Partial
PAY03057,ORD05165,12-02-2025,UPI,63934,Paid
PAY03058,ORD03790,27-07-2025,UPI,156197,Pending
PAY03059,ORD05532,22-03-2025,Credit Card,264983,Paid
PAY03060,ORD02914,25-01-2025,UPI,380983,Partial
PAY03061,ORD06525,22-09-2025,UPI,348184,paid
PAY03062,ORD08003,26-06-2025,Debit Card,404759,Paid
PAY03063,ORD04492,18-06-2025,Bank Transfer,217745,Partial
PAY03064,ORD03355,05-05-2025,UPI,400887,Partial
PAY03065,ORD01888,26-01-2025,Debit Card,280316,Partial
PAY03066,ORD06035,15-02-2025,Bank Transfer,191633,Partial
PAY03067,ORD06831,25-10-2025,Cash,264803,Pending
PAY03068,ORD03225,28-10-2025,Bank Transfer,354826,Partial
PAY03069,ORD04267,27-11-2025,Bank Transfer,423965,Partial
PAY03070,ORD05526,06-10-2025,Cash,341811,paid
PAY03071,ORD04832,12-09-2025,UPI,364690,Partial
PAY03072,ORD04048,14-07-2025,Cash,171671,Pending
PAY03073,ORD07896,15-05-2025,UPI,156699,Partial
PAY03074,ORD02852,24-03-2025,Credit Card,417873,Partial
PAY03075,ORD05228,27-12-2025,Credit Card,52691,Paid
PAY03076,ORD08675,01-09-2025,Cash,389437,Paid
PAY03077,ORD05934,10-08-2025,Debit Card,403540,paid
PAY03078,ORD06195,24-09-2025,Debit Card,478982,paid
PAY03079,ORD09073,13-11-2025,Credit Card,200677,Pending
PAY03080,ORD04714,07-10-2025,UPI,30235,paid
PAY03081,ORD04278,07-05-2025,UPI,307341,paid
PAY03082,ORD02294,02-02-2025,Credit Card,211888,Partial
PAY03083,ORD06048,03-07-2025,Bank Transfer,6854,paid
PAY03084,ORD08605,28-07-2025,Bank Transfer,150447,Pending
PAY03085,ORD06251,13-04-2025,Bank Transfer,326986,paid
PAY03086,ORD02776,08-01-2025,Cash,303663,Partial
PAY03087,ORD05259,20-07-2025,Debit Card,25012,Pending
PAY03088,ORD02519,17-01-2025,Cash,103875,Paid
PAY03089,ORD03673,03-01-2025,Debit Card,343626,Paid
PAY03090,ORD06286,06-07-2025,UPI,18658,Pending
PAY03091,ORD07114,12-09-2025,Cash,237507,Pending
PAY03092,ORD05336,07-08-2025,Bank Transfer,311008,paid
PAY03093,ORD08996,18-09-2025,Credit Card,117223,paid
PAY03094,ORD05169,12-12-2025,Cash,348395,Partial
PAY03095,ORD08140,27-01-2025,Debit Card,156145,paid
PAY03096,ORD07529,25-05-2025,Bank Transfer,213619,paid
PAY03097,ORD06340,06-11-2025,Cash,166244,paid
PAY03098,ORD04299,26-03-2025,Cash,5687,paid
PAY03099,ORD04912,24-12-2025,Debit Card,316872,Partial
PAY03100,ORD07423,05-01-2025,Credit Card,283649,Paid
PAY03101,ORD01689,22-08-2025,Debit Card,127187,Paid
PAY03102,ORD05657,06-04-2025,Credit Card,344074,Paid
PAY03103,ORD07661,04-09-2025,Credit Card,226433,Paid
PAY03104,ORD06136,07-08-2025,UPI,451191,Partial
PAY03105,ORD03483,27-10-2025,Cash,310542,paid
PAY03106,ORD02187,28-12-2025,Cash,310572,Partial
PAY03107,ORD02970,18-12-2025,Credit Card,457598,paid
PAY03108,ORD02347,12-11-2025,Debit Card,296843,Partial
PAY03109,ORD04583,06-01-2025,Credit Card,376223,paid
PAY03110,ORD06831,06-11-2025,Debit Card,459193,paid
PAY03111,ORD05079,23-11-2025,UPI,495128,Paid
PAY03112,ORD05619,12-01-2025,UPI,407075,Paid
PAY03113,ORD00826,12-02-2025,Cash,322680,Pending
PAY03114,ORD02438,24-07-2025,Bank Transfer,482290,Pending
PAY03115,ORD06644,14-02-2025,Debit Card,79027,Paid
PAY03116,ORD05873,11-12-2025,Bank Transfer,242946,Paid
PAY03117,ORD09210,19-12-2025,UPI,223128,Partial
PAY03118,ORD07397,17-11-2025,UPI,222430,Partial
PAY03119,ORD06203,26-03-2025,Debit Card,342301,Partial
PAY03120,ORD00579,16-07-2025,UPI,244105,Partial
PAY03121,ORD00601,21-08-2025,Debit Card,293622,Paid
PAY03122,ORD02775,24-10-2025,Bank Transfer,468347,Pending
PAY03123,ORD09556,11-05-2025,Credit Card,186851,Paid
PAY03124,ORD01463,19-05-2025,Debit Card,311136,Pending
PAY03125,ORD08914,11-10-2025,Credit Card,224788,Pending
PAY03126,ORD04143,14-07-2025,Cash,344779,Partial
PAY03127,ORD01623,20-03-2025,UPI,410624,Paid
PAY03128,ORD01499,12-03-2025,Credit Card,479410,Pending
PAY03129,ORD07077,05-09-2025,Bank Transfer,461867,Paid
PAY03130,ORD04892,26-11-2025,Debit Card,372009,paid
PAY03131,ORD05149,07-03-2025,Cash,397544,paid
PAY03132,ORD03612,16-07-2025,Cash,467802,paid
PAY03133,ORD03079,25-06-2025,Credit Card,77359,Pending
PAY03134,ORD07820,22-10-2025,UPI,438859,paid
PAY03135,ORD08589,11-06-2025,Debit Card,157443,Paid
PAY03136,ORD04727,06-05-2025,Debit Card,378191,Paid
PAY03137,ORD09149,02-06-2025,Cash,103256,Pending
PAY03138,ORD08207,08-09-2025,Bank Transfer,22159,Pending
PAY03139,ORD01715,03-01-2025,Bank Transfer,239179,Paid
PAY03140,ORD00602,11-01-2025,UPI,80801,paid
PAY03141,ORD03445,08-06-2025,UPI,490916,Paid
PAY03142,ORD03037,13-10-2025,Debit Card,487130,Partial
PAY03143,ORD07671,20-05-2025,Credit Card,285722,paid
PAY03144,ORD01073,27-10-2025,Debit Card,474166,paid
PAY03145,ORD09276,28-10-2025,Bank Transfer,33168,paid
PAY03146,ORD01754,14-08-2025,Debit Card,298433,Paid
PAY03147,ORD06637,10-06-2025,UPI,171654,Partial
PAY03148,ORD06004,12-03-2025,UPI,198715,Pending
PAY03149,ORD05746,22-05-2025,Cash,263573,Partial
PAY03150,ORD08433,22-09-2025,Credit Card,98035,Pending
PAY03151,ORD02911,07-10-2025,Debit Card,432431,Paid
PAY03152,ORD03059,01-02-2025,Cash,31412,Pending
PAY03153,ORD00430,01-11-2025,Bank Transfer,417659,Paid
PAY03154,ORD01622,16-03-2025,Cash,384544,Pending
PAY03155,ORD01296,09-07-2025,Credit Card,229145,Paid
PAY03156,ORD06624,22-08-2025,Bank Transfer,55746,paid
PAY03157,ORD07201,01-11-2025,Bank Transfer,49430,Partial
PAY03158,ORD05128,19-11-2025,Debit Card,78850,Paid
PAY03159,ORD04183,06-03-2025,Cash,274389,paid
PAY03160,ORD01387,22-02-2025,Debit Card,141759,Paid
PAY03161,ORD07468,01-06-2025,UPI,496511,paid
PAY03162,ORD08332,08-06-2025,UPI,216435,Pending
PAY03163,ORD01110,09-12-2025,Cash,464715,Paid
PAY03164,ORD08846,10-07-2025,Debit Card,379772,Paid
PAY03165,ORD01529,13-07-2025,Bank Transfer,106613,Partial
PAY03166,ORD06762,17-07-2025,Credit Card,427696,paid
PAY03167,ORD07288,05-04-2025,Debit Card,391828,paid
PAY03168,ORD08005,13-02-2025,Debit Card,69729,Partial
PAY03169,ORD06212,03-07-2025,Debit Card,373381,Partial
PAY03170,ORD06081,05-02-2025,UPI,213830,Partial
PAY03171,ORD08717,16-11-2025,Credit Card,180597,paid
PAY03172,ORD04203,14-02-2025,Bank Transfer,368833,Paid
PAY03173,ORD08656,20-04-2025,Debit Card,397629,Partial
PAY03174,ORD01409,21-12-2025,UPI,42606,paid
PAY03175,ORD02856,22-05-2025,Bank Transfer,482118,Paid
PAY03176,ORD05321,25-11-2025,Cash,273534,Partial
PAY03177,ORD09277,12-03-2025,Credit Card,468427,Pending
PAY03178,ORD06328,18-03-2025,Credit Card,452783,Pending
PAY03179,ORD08066,20-09-2025,Debit Card,61870,Partial
PAY03180,ORD05592,12-11-2025,Debit Card,156501,paid
PAY03181,ORD06896,14-09-2025,UPI,69060,Partial
PAY03182,ORD03312,03-09-2025,UPI,99587,paid
PAY03183,ORD00254,06-04-2025,Credit Card,264684,Paid
PAY03184,ORD07009,27-09-2025,UPI,33546,Paid
PAY03185,ORD00404,10-01-2025,Bank Transfer,219929,paid
PAY03186,ORD01731,03-03-2025,Credit Card,478002,Pending
PAY03187,ORD02888,01-09-2025,Credit Card,59466,Pending
PAY03188,ORD09256,14-06-2025,Cash,397178,Paid
PAY03189,ORD03667,26-07-2025,Bank Transfer,433954,Paid
PAY03190,ORD00523,23-06-2025,Credit Card,423758,Paid
PAY03191,ORD02054,19-06-2025,Bank Transfer,204784,Partial
PAY03192,ORD00803,11-07-2025,Bank Transfer,402957,paid
PAY03193,ORD09719,25-12-2025,Debit Card,158324,Paid
PAY03194,ORD04932,19-11-2025,Bank Transfer,45246,Partial
PAY03195,ORD04991,26-05-2025,Credit Card,380959,paid
PAY03196,ORD04330,09-02-2025,Bank Transfer,226469,Partial
PAY03197,ORD00379,24-08-2025,Bank Transfer,381338,paid
PAY03198,ORD00108,28-10-2025,Credit Card,417508,Pending
PAY03199,ORD09906,13-10-2025,UPI,435660,Paid
PAY03200,ORD01474,18-11-2025,Bank Transfer,195965,Paid
PAY03201,ORD06734,26-08-2025,UPI,94474,Partial
PAY03202,ORD03063,14-06-2025,Bank Transfer,440974,Partial
PAY03203,ORD06773,12-05-2025,Debit Card,147253,Paid
PAY03204,ORD04683,02-01-2025,UPI,263306,Pending
PAY03205,ORD04198,02-08-2025,Cash,473990,paid
PAY03206,ORD06883,20-08-2025,Cash,421765,Partial
PAY03207,ORD07631,20-09-2025,Debit Card,198453,Pending
PAY03208,ORD04589,22-01-2025,Credit Card,343705,Partial
PAY03209,ORD04548,19-09-2025,Credit Card,479523,Pending
PAY03210,ORD04997,06-10-2025,UPI,282601,Paid
PAY03211,ORD05936,11-10-2025,Bank Transfer,192044,Partial
PAY03212,ORD06554,02-12-2025,Bank Transfer,39117,Paid
PAY03213,ORD03458,02-11-2025,Debit Card,108163,Partial
PAY03214,ORD08841,22-11-2025,Cash,229121,paid
PAY03215,ORD00487,23-05-2025,Bank Transfer,335311,Paid
PAY03216,ORD03902,28-06-2025,Bank Transfer,224724,paid
PAY03217,ORD02362,10-10-2025,Debit Card,300671,Paid
PAY03218,ORD01698,25-07-2025,Debit Card,71345,paid
PAY03219,ORD07154,11-12-2025,UPI,7325,Pending
PAY03220,ORD09828,04-06-2025,UPI,498799,paid
PAY03221,ORD04307,21-10-2025,Cash,446898,paid
PAY03222,ORD00263,09-02-2025,Credit Card,285348,paid
PAY03223,ORD01122,26-06-2025,Credit Card,414081,Partial
PAY03224,ORD09771,02-01-2025,Credit Card,246876,Pending
PAY03225,ORD00443,03-03-2025,Credit Card,358763,paid
PAY03226,ORD07978,07-11-2025,Bank Transfer,148079,Paid
PAY03227,ORD04646,08-12-2025,Credit Card,130468,Partial
PAY03228,ORD04422,13-06-2025,Cash,241135,Pending
PAY03229,ORD08753,16-01-2025,UPI,82079,paid
PAY03230,ORD09837,03-12-2025,Cash,349634,Partial
PAY03231,ORD03269,21-09-2025,UPI,215484,Paid
PAY03232,ORD04322,27-05-2025,Credit Card,381591,Pending
PAY03233,ORD01225,11-02-2025,Bank Transfer,184196,Pending
PAY03234,ORD05875,14-08-2025,Bank Transfer,136800,paid
PAY03235,ORD03194,08-10-2025,Credit Card,310249,Pending
PAY03236,ORD09572,18-08-2025,Bank Transfer,40340,Partial
PAY03237,ORD00741,09-04-2025,Cash,313019,paid
PAY03238,ORD09394,13-01-2025,Credit Card,184878,Partial
PAY03239,ORD02051,03-02-2025,Credit Card,87880,Partial
PAY03240,ORD05766,22-05-2025,Credit Card,122871,paid
PAY03241,ORD07438,25-03-2025,UPI,128808,paid
PAY03242,ORD02545,04-11-2025,Bank Transfer,117693,Pending
PAY03243,ORD05849,15-05-2025,Credit Card,413778,paid
PAY03244,ORD08899,26-09-2025,Credit Card,171527,paid
PAY03245,ORD05431,18-08-2025,Debit Card,393929,paid
PAY03246,ORD01626,22-02-2025,Cash,214672,Pending
PAY03247,ORD02856,28-04-2025,Debit Card,114449,Pending
PAY03248,ORD08011,08-04-2025,Debit Card,190078,Paid
PAY03249,ORD08783,27-02-2025,UPI,212895,Pending
PAY03250,ORD08944,25-11-2025,Bank Transfer,159884,Partial
PAY03251,ORD07387,11-09-2025,Credit Card,227876,Paid
PAY03252,ORD00327,15-10-2025,Credit Card,418449,Partial
PAY03253,ORD01733,14-09-2025,Credit Card,351191,Paid
PAY03254,ORD03308,12-02-2025,UPI,127564,Partial
PAY03255,ORD06975,28-06-2025,Cash,48473,Pending
PAY03256,ORD01717,12-07-2025,UPI,422668,Paid
PAY03257,ORD04613,28-07-2025,Credit Card,92367,Partial
PAY03258,ORD05274,12-09-2025,Debit Card,109285,paid
PAY03259,ORD08969,24-10-2025,Credit Card,279875,Pending
PAY03260,ORD08689,11-12-2025,UPI,89659,Partial
PAY03261,ORD02774,24-06-2025,Debit Card,258796,Pending
PAY03262,ORD08381,12-05-2025,Credit Card,52150,paid
PAY03263,ORD05300,21-01-2025,UPI,438230,paid
PAY03264,ORD02824,26-01-2025,Debit Card,359214,paid
PAY03265,ORD02083,04-01-2025,Debit Card,98286,paid
PAY03266,ORD04717,04-07-2025,Bank Transfer,375140,Partial
PAY03267,ORD00189,25-06-2025,Debit Card,79041,Pending
PAY03268,ORD06415,27-09-2025,Credit Card,93493,Paid
PAY03269,ORD05116,11-03-2025,Debit Card,116980,Partial
PAY03270,ORD02017,14-10-2025,UPI,297082,paid
PAY03271,ORD02870,01-02-2025,UPI,212017,Partial
PAY03272,ORD07833,14-02-2025,Bank Transfer,259400,Partial
PAY03273,ORD02276,03-09-2025,Cash,427834,Paid
PAY03274,ORD06055,26-06-2025,Credit Card,124855,Pending
PAY03275,ORD05265,22-04-2025,Debit Card,177032,Paid
PAY03276,ORD09369,12-05-2025,Debit Card,280226,Pending
PAY03277,ORD02020,26-01-2025,Credit Card,19227,Paid
PAY03278,ORD07451,03-09-2025,UPI,395423,paid
PAY03279,ORD08783,25-02-2025,Credit Card,147363,Pending
PAY03280,ORD04808,10-12-2025,UPI,336806,Pending
PAY03281,ORD09595,06-05-2025,Debit Card,489030,Paid
PAY03282,ORD04278,18-08-2025,UPI,388993,Partial
PAY03283,ORD02288,23-02-2025,Cash,430505,Paid
PAY03284,ORD01960,05-04-2025,Cash,322466,Partial
PAY03285,ORD04678,08-10-2025,Cash,147900,Pending
PAY03286,ORD09036,23-09-2025,UPI,183677,paid
PAY03287,ORD07859,17-04-2025,Cash,201729,Partial
PAY03288,ORD09820,02-11-2025,Cash,262324,Pending
PAY03289,ORD05580,09-10-2025,Debit Card,339966,Pending
PAY03290,ORD04755,11-01-2025,Bank Transfer,448333,Pending
PAY03291,ORD00908,22-01-2025,Credit Card,390965,paid
PAY03292,ORD02407,03-05-2025,Debit Card,21789,paid
PAY03293,ORD00214,28-12-2025,Debit Card,276931,Pending
PAY03294,ORD05426,06-09-2025,Bank Transfer,361028,Partial
PAY03295,ORD05127,08-08-2025,UPI,77839,Paid
PAY03296,ORD08056,28-11-2025,UPI,57608,Pending
PAY03297,ORD07047,14-02-2025,Bank Transfer,313110,Pending
PAY03298,ORD09266,05-10-2025,UPI,87530,paid
PAY03299,ORD08513,09-01-2025,UPI,494427,Paid
PAY03300,ORD01894,25-09-2025,Cash,416162,Paid
PAY03301,ORD02814,23-12-2025,Credit Card,97486,Pending
PAY03302,ORD07110,15-06-2025,Cash,275489,Partial
PAY03303,ORD03691,08-11-2025,Bank Transfer,344643,Pending
PAY03304,ORD03028,22-04-2025,Cash,430162,paid
PAY03305,ORD04330,01-01-2025,Cash,91303,Paid
PAY03306,ORD09574,01-02-2025,Credit Card,15662,Pending
PAY03307,ORD01756,09-09-2025,Debit Card,455875,Paid
PAY03308,ORD03937,20-02-2025,Debit Card,368702,Pending
PAY03309,ORD00112,19-05-2025,Credit Card,346590,Partial
PAY03310,ORD02210,13-06-2025,UPI,161273,paid
PAY03311,ORD06778,22-05-2025,Bank Transfer,18087,paid
PAY03312,ORD09103,11-09-2025,Debit Card,171484,Pending
PAY03313,ORD02312,19-01-2025,Cash,74397,Paid
PAY03314,ORD08786,06-06-2025,UPI,233556,Pending
PAY03315,ORD03940,06-02-2025,UPI,216375,Paid
PAY03316,ORD01971,25-09-2025,Bank Transfer,122690,paid
PAY03317,ORD04769,22-08-2025,Credit Card,26583,paid
PAY03318,ORD00963,19-10-2025,Cash,231714,paid
PAY03319,ORD05931,08-12-2025,Credit Card,401406,Pending
PAY03320,ORD09743,05-03-2025,UPI,198576,Partial
PAY03321,ORD01951,23-01-2025,UPI,381005,Partial
PAY03322,ORD00609,18-02-2025,Credit Card,238622,paid
PAY03323,ORD05438,07-06-2025,Debit Card,306559,Paid
PAY03324,ORD00496,07-09-2025,Credit Card,51355,Pending
PAY03325,ORD03745,19-03-2025,UPI,80667,paid
PAY03326,ORD07724,26-05-2025,Debit Card,147933,Pending
PAY03327,ORD00548,19-05-2025,UPI,66020,Paid
PAY03328,ORD05699,21-09-2025,Cash,261041,Pending
PAY03329,ORD03467,21-09-2025,Cash,406536,Paid
PAY03330,ORD05494,06-06-2025,Cash,342936,Paid
PAY03331,ORD05768,09-08-2025,UPI,111675,paid
PAY03332,ORD07255,11-12-2025,Cash,331011,paid
PAY03333,ORD05044,14-11-2025,UPI,485412,Paid
PAY03334,ORD03956,16-09-2025,Debit Card,58635,Pending
PAY03335,ORD02856,10-08-2025,Bank Transfer,449416,paid
PAY03336,ORD07383,08-02-2025,Debit Card,453321,paid
PAY03337,ORD05985,25-03-2025,Bank Transfer,223994,Partial
PAY03338,ORD08828,05-01-2025,Credit Card,97062,Partial
PAY03339,ORD07739,20-07-2025,Debit Card,170385,paid
PAY03340,ORD08660,07-09-2025,Cash,455956,Pending
PAY03341,ORD00276,17-08-2025,Credit Card,342864,Partial
PAY03342,ORD05689,19-08-2025,UPI,352051,Paid
PAY03343,ORD09153,27-03-2025,Debit Card,492417,Paid
PAY03344,ORD07566,01-10-2025,Bank Transfer,390064,Pending
PAY03345,ORD02343,01-07-2025,Cash,95881,Pending
PAY03346,ORD06439,09-12-2025,Bank Transfer,36034,Paid
PAY03347,ORD00023,27-09-2025,Bank Transfer,90508,Pending
PAY03348,ORD02268,11-06-2025,Debit Card,301977,Paid
PAY03349,ORD08249,04-09-2025,Bank Transfer,241721,Pending
PAY03350,ORD05682,12-12-2025,Cash,433674,Partial
PAY03351,ORD09932,24-01-2025,Cash,295859,paid
PAY03352,ORD07232,20-06-2025,Cash,117623,Paid
PAY03353,ORD08002,21-09-2025,UPI,460931,Partial
PAY03354,ORD06614,11-04-2025,Bank Transfer,25370,Partial
PAY03355,ORD03058,11-03-2025,Bank Transfer,166832,Pending
PAY03356,ORD02160,05-12-2025,Debit Card,283733,Partial
PAY03357,ORD00603,06-08-2025,Credit Card,415743,Paid
PAY03358,ORD08685,07-04-2025,Credit Card,64777,Pending
PAY03359,ORD09776,02-07-2025,UPI,208364,Paid
PAY03360,ORD02278,11-04-2025,Debit Card,179849,Paid
PAY03361,ORD04336,19-05-2025,Credit Card,307868,Partial
PAY03362,ORD07887,23-11-2025,Credit Card,461106,paid
PAY03363,ORD02750,25-02-2025,Cash,402588,Paid
PAY03364,ORD09957,01-10-2025,Debit Card,287207,paid
PAY03365,ORD05032,01-05-2025,Cash,337518,Pending
PAY03366,ORD08633,14-04-2025,Credit Card,172072,Pending
PAY03367,ORD03659,07-05-2025,Credit Card,449932,paid
PAY03368,ORD07804,24-04-2025,Credit Card,322113,Paid
PAY03369,ORD00295,24-05-2025,Credit Card,475658,Paid
PAY03370,ORD04003,18-10-2025,Debit Card,292869,paid
PAY03371,ORD00006,17-12-2025,Cash,431331,Paid
PAY03372,ORD08397,20-02-2025,Bank Transfer,252286,Partial
PAY03373,ORD03484,13-08-2025,UPI,177375,paid
PAY03374,ORD01875,23-01-2025,Cash,275812,paid
PAY03375,ORD05837,13-06-2025,Credit Card,43114,Partial
PAY03376,ORD01173,21-11-2025,Credit Card,69144,paid
PAY03377,ORD09952,12-12-2025,Cash,463801,paid
PAY03378,ORD05499,02-08-2025,Credit Card,309100,Partial
PAY03379,ORD07178,09-12-2025,Debit Card,47467,paid
PAY03380,ORD03856,20-10-2025,Credit Card,87248,paid
PAY03381,ORD02353,21-08-2025,Cash,488546,paid
PAY03382,ORD02447,04-06-2025,Debit Card,194814,Partial
PAY03383,ORD03720,27-05-2025,UPI,183723,paid
PAY03384,ORD04311,27-03-2025,Bank Transfer,441002,Partial
PAY03385,ORD07860,15-02-2025,Credit Card,90996,paid
PAY03386,ORD00838,16-03-2025,Credit Card,417258,Partial
PAY03387,ORD04564,27-03-2025,Bank Transfer,372470,Partial
PAY03388,ORD01608,21-04-2025,Credit Card,240978,paid
PAY03389,ORD04829,28-04-2025,Credit Card,329866,Pending
PAY03390,ORD00273,14-10-2025,Bank Transfer,151513,Partial
PAY03391,ORD08360,15-08-2025,Bank Transfer,31096,paid
PAY03392,ORD09567,20-12-2025,Bank Transfer,265589,Paid
PAY03393,ORD08829,08-08-2025,Bank Transfer,7506,paid
PAY03394,ORD02721,16-07-2025,UPI,131321,Partial
PAY03395,ORD07769,23-06-2025,Bank Transfer,321210,paid
PAY03396,ORD07089,21-05-2025,Debit Card,13173,paid
PAY03397,ORD07672,27-12-2025,Credit Card,448262,Paid
PAY03398,ORD06450,24-04-2025,Debit Card,441522,Partial
PAY03399,ORD02056,25-03-2025,Bank Transfer,143601,Paid
PAY03400,ORD05623,20-01-2025,Debit Card,69671,Pending
PAY03401,ORD01971,02-05-2025,Cash,228657,paid
PAY03402,ORD00217,28-11-2025,Credit Card,217206,paid
PAY03403,ORD09263,13-08-2025,Debit Card,368165,Pending
PAY03404,ORD01712,04-01-2025,Cash,307740,paid
PAY03405,ORD02692,12-10-2025,Credit Card,356034,Partial
PAY03406,ORD09471,22-11-2025,Bank Transfer,299274,Paid
PAY03407,ORD05173,21-01-2025,UPI,307446,Paid
PAY03408,ORD01129,08-03-2025,Cash,58252,Partial
PAY03409,ORD05873,17-03-2025,Credit Card,476928,paid
PAY03410,ORD07140,10-11-2025,UPI,143805,Pending
PAY03411,ORD06891,01-07-2025,UPI,251758,Paid
PAY03412,ORD04641,07-06-2025,UPI,242610,paid
PAY03413,ORD08463,22-06-2025,Credit Card,263230,paid
PAY03414,ORD07190,06-05-2025,Cash,283732,Pending
PAY03415,ORD03491,12-11-2025,Bank Transfer,341858,Partial
PAY03416,ORD09586,03-12-2025,Debit Card,142091,Pending
PAY03417,ORD08805,22-02-2025,Cash,207180,Partial
PAY03418,ORD04884,13-01-2025,Debit Card,417316,Partial
PAY03419,ORD03581,01-12-2025,Credit Card,204691,paid
PAY03420,ORD06786,08-03-2025,Credit Card,267503,Paid
PAY03421,ORD07697,22-04-2025,Cash,67584,paid
PAY03422,ORD08196,01-03-2025,UPI,484755,Paid
PAY03423,ORD03048,26-01-2025,Cash,433864,Partial
PAY03424,ORD09540,14-09-2025,Bank Transfer,211442,Pending
PAY03425,ORD07688,11-06-2025,Debit Card,493382,Partial
PAY03426,ORD06770,23-04-2025,Cash,103965,Pending
PAY03427,ORD00191,28-11-2025,Credit Card,332651,paid
PAY03428,ORD09561,07-03-2025,UPI,491913,Pending
PAY03429,ORD05721,25-05-2025,UPI,295191,Partial
PAY03430,ORD06642,03-06-2025,Debit Card,248690,Paid
PAY03431,ORD01866,27-06-2025,Credit Card,163281,Partial
PAY03432,ORD04478,15-09-2025,Debit Card,282722,Paid
PAY03433,ORD08423,26-09-2025,Credit Card,446558,paid
PAY03434,ORD00460,06-05-2025,UPI,123099,Partial
PAY03435,ORD03639,15-07-2025,UPI,84352,paid
PAY03436,ORD06460,15-09-2025,Cash,493118,Partial
PAY03437,ORD05723,13-12-2025,UPI,210389,Partial
PAY03438,ORD06678,11-10-2025,Cash,61475,paid
PAY03439,ORD02625,26-11-2025,Debit Card,405753,Pending
PAY03440,ORD07841,23-06-2025,Bank Transfer,47199,Paid
PAY03441,ORD06370,10-03-2025,Debit Card,296722,Pending
PAY03442,ORD02185,23-09-2025,UPI,116676,Paid
PAY03443,ORD02993,07-05-2025,Credit Card,355737,Partial
PAY03444,ORD04204,12-03-2025,Debit Card,59946,Partial
PAY03445,ORD01505,02-09-2025,Cash,64565,paid
PAY03446,ORD01469,20-06-2025,UPI,444300,Pending
PAY03447,ORD01606,25-12-2025,UPI,208466,Paid
PAY03448,ORD06194,01-12-2025,Credit Card,35671,Paid
PAY03449,ORD06812,13-03-2025,Debit Card,379210,paid
PAY03450,ORD02721,16-05-2025,Credit Card,477222,Partial
PAY03451,ORD08603,19-08-2025,Cash,338436,Pending
PAY03452,ORD08179,24-08-2025,Bank Transfer,25104,Pending
PAY03453,ORD09820,18-06-2025,Bank Transfer,113449,paid
PAY03454,ORD06794,17-07-2025,UPI,399838,Pending
PAY03455,ORD09567,13-06-2025,Debit Card,292045,Partial
PAY03456,ORD01154,15-11-2025,Cash,146937,Paid
PAY03457,ORD04211,14-03-2025,Credit Card,393626,Pending
PAY03458,ORD04125,07-01-2025,Credit Card,186203,Paid
PAY03459,ORD00718,04-02-2025,Debit Card,149183,paid
PAY03460,ORD05010,01-01-2025,Credit Card,104111,Partial
PAY03461,ORD07682,14-12-2025,Bank Transfer,117276,Paid
PAY03462,ORD08790,13-04-2025,UPI,187127,Partial
PAY03463,ORD02214,28-02-2025,UPI,10232,paid
PAY03464,ORD00469,15-09-2025,Cash,402328,Paid
PAY03465,ORD02115,04-12-2025,Debit Card,359318,Paid
PAY03466,ORD02904,28-12-2025,Debit Card,282226,paid
PAY03467,ORD09598,19-01-2025,UPI,128643,Paid
PAY03468,ORD00937,25-02-2025,Cash,429705,paid
PAY03469,ORD01772,16-12-2025,Bank Transfer,409248,Paid
PAY03470,ORD09542,05-05-2025,UPI,295688,paid
PAY03471,ORD09739,17-01-2025,Debit Card,405454,Pending
PAY03472,ORD04565,12-11-2025,Bank Transfer,396820,Partial
PAY03473,ORD00678,25-07-2025,Debit Card,12205,Paid
PAY03474,ORD09161,03-11-2025,Debit Card,368080,Partial
PAY03475,ORD05463,08-03-2025,Credit Card,478504,Paid
PAY03476,ORD05889,25-01-2025,Debit Card,168177,Partial
PAY03477,ORD08699,28-09-2025,Credit Card,96896,Pending
PAY03478,ORD05611,11-05-2025,Debit Card,257570,Paid
PAY03479,ORD04963,03-02-2025,Cash,460559,Paid
PAY03480,ORD09942,27-08-2025,Debit Card,434575,Partial
PAY03481,ORD06273,03-02-2025,Bank Transfer,177181,Pending
PAY03482,ORD06774,05-01-2025,Credit Card,301993,Partial
PAY03483,ORD09545,16-03-2025,UPI,218220,paid
PAY03484,ORD07045,19-07-2025,UPI,208952,paid
PAY03485,ORD03793,12-11-2025,Bank Transfer,265818,paid
PAY03486,ORD03187,24-03-2025,Credit Card,316361,Pending
PAY03487,ORD01584,21-09-2025,UPI,275793,Paid
PAY03488,ORD04780,23-04-2025,Debit Card,398962,Paid
PAY03489,ORD05708,09-05-2025,Bank Transfer,276765,Partial
PAY03490,ORD03880,25-12-2025,Debit Card,197343,paid
PAY03491,ORD07783,26-02-2025,UPI,145653,Partial
PAY03492,ORD01210,24-01-2025,Credit Card,234487,paid
PAY03493,ORD02802,17-08-2025,Debit Card,125741,paid
PAY03494,ORD01992,18-05-2025,UPI,270521,Partial
PAY03495,ORD01331,14-07-2025,Bank Transfer,8496,Pending
PAY03496,ORD01292,11-10-2025,Credit Card,213795,Paid
PAY03497,ORD03765,14-06-2025,UPI,242483,paid
PAY03498,ORD06750,18-12-2025,Credit Card,28035,paid
PAY03499,ORD09015,15-07-2025,Cash,282461,Paid
PAY03500,ORD06074,15-03-2025,Bank Transfer,325103,paid
PAY03501,ORD09350,27-09-2025,Credit Card,442894,Pending
PAY03502,ORD07490,19-02-2025,Credit Card,316216,Pending
PAY03503,ORD04719,12-11-2025,Bank Transfer,489819,Paid
PAY03504,ORD05470,20-05-2025,Cash,436321,Partial
PAY03505,ORD03793,21-08-2025,UPI,255807,Paid
PAY03506,ORD09483,11-03-2025,Debit Card,142383,Paid
PAY03507,ORD07433,05-09-2025,Debit Card,287157,Partial
PAY03508,ORD04706,06-06-2025,UPI,420878,Partial
PAY03509,ORD05728,04-12-2025,Cash,305473,Partial
PAY03510,ORD04955,19-04-2025,Bank Transfer,391227,paid
PAY03511,ORD07901,20-04-2025,Cash,110544,paid
PAY03512,ORD04046,10-11-2025,Debit Card,238669,Paid
PAY03513,ORD00730,14-12-2025,Debit Card,321724,paid
PAY03514,ORD08605,19-08-2025,Bank Transfer,146634,Paid
PAY03515,ORD09506,07-05-2025,UPI,336388,paid
PAY03516,ORD03500,19-06-2025,Credit Card,93686,Partial
PAY03517,ORD03418,09-11-2025,UPI,255237,Paid
PAY03518,ORD01031,09-07-2025,Cash,218088,paid
PAY03519,ORD00584,22-10-2025,Cash,40093,paid
PAY03520,ORD05178,20-05-2025,Cash,457193,Paid
PAY03521,ORD00522,01-09-2025,Credit Card,457698,Partial
PAY03522,ORD05830,26-11-2025,UPI,394989,Partial
PAY03523,ORD08095,16-04-2025,Bank Transfer,389872,Paid
PAY03524,ORD04808,18-11-2025,Bank Transfer,146772,Partial
PAY03525,ORD08098,08-04-2025,Debit Card,352764,paid
PAY03526,ORD06645,14-12-2025,Cash,375156,Paid
PAY03527,ORD02425,28-02-2025,UPI,495024,Paid
PAY03528,ORD09446,24-10-2025,UPI,297938,Pending
PAY03529,ORD02164,24-07-2025,UPI,474279,Partial
PAY03530,ORD02867,10-10-2025,Bank Transfer,381828,Paid
PAY03531,ORD01482,10-02-2025,Debit Card,424207,paid
PAY03532,ORD05350,16-07-2025,Debit Card,52202,Partial
PAY03533,ORD08957,26-11-2025,Credit Card,369226,Pending
PAY03534,ORD09135,15-03-2025,Bank Transfer,247502,paid
PAY03535,ORD07670,23-09-2025,UPI,93645,Partial
PAY03536,ORD05682,10-09-2025,Cash,229246,Pending
PAY03537,ORD06768,06-09-2025,Credit Card,315008,Pending
PAY03538,ORD02432,08-01-2025,Bank Transfer,28304,Paid
PAY03539,ORD07457,11-03-2025,Cash,350936,Paid
PAY03540,ORD05418,25-02-2025,Bank Transfer,360427,Paid
PAY03541,ORD00941,18-07-2025,Credit Card,158309,Paid
PAY03542,ORD06951,12-11-2025,Credit Card,180425,Partial
PAY03543,ORD01649,19-03-2025,Cash,182995,Pending
PAY03544,ORD08494,03-12-2025,Cash,107813,Partial
PAY03545,ORD05429,07-09-2025,UPI,330777,Partial
PAY03546,ORD04360,16-04-2025,UPI,466790,Pending
PAY03547,ORD06848,28-03-2025,Cash,407055,Partial
PAY03548,ORD07646,12-01-2025,Bank Transfer,135538,Partial
PAY03549,ORD04901,02-12-2025,Bank Transfer,7407,paid
PAY03550,ORD09310,14-05-2025,Debit Card,390942,paid
PAY03551,ORD05938,01-06-2025,Credit Card,130707,Pending
PAY03552,ORD08908,19-10-2025,Bank Transfer,104616,Partial
PAY03553,ORD04016,12-12-2025,Cash,208251,Partial
PAY03554,ORD03880,25-07-2025,Credit Card,157372,Partial
PAY03555,ORD03536,01-07-2025,UPI,496237,Partial
PAY03556,ORD05673,22-09-2025,UPI,325198,Pending
PAY03557,ORD06688,18-02-2025,Bank Transfer,425830,Pending
PAY03558,ORD07190,19-12-2025,Cash,488527,Paid
PAY03559,ORD03359,02-05-2025,Debit Card,146274,Paid
PAY03560,ORD03784,11-05-2025,Debit Card,56125,Pending
PAY03561,ORD04635,20-07-2025,Bank Transfer,228591,Partial
PAY03562,ORD02917,22-02-2025,Credit Card,230076,Pending
PAY03563,ORD04099,06-12-2025,Cash,340020,Paid
PAY03564,ORD08272,10-10-2025,Credit Card,396237,paid
PAY03565,ORD03399,26-04-2025,UPI,113239,paid
PAY03566,ORD03235,16-08-2025,UPI,143678,paid
PAY03567,ORD04840,27-12-2025,Cash,154330,Pending
PAY03568,ORD00290,18-03-2025,Bank Transfer,235913,Partial
PAY03569,ORD08070,09-04-2025,Credit Card,320214,paid
PAY03570,ORD00118,04-09-2025,Credit Card,295769,Partial
PAY03571,ORD02940,06-10-2025,Credit Card,254144,Partial
PAY03572,ORD06691,10-09-2025,Credit Card,123608,Paid
PAY03573,ORD04891,10-02-2025,Debit Card,96348,Pending
PAY03574,ORD00062,07-04-2025,Bank Transfer,309715,Pending
PAY03575,ORD06038,18-12-2025,Credit Card,341638,Paid
PAY03576,ORD09673,21-12-2025,Debit Card,202589,Partial
PAY03577,ORD06731,22-11-2025,Cash,68424,paid
PAY03578,ORD01315,03-02-2025,Bank Transfer,78933,Paid
PAY03579,ORD01146,03-04-2025,UPI,182891,Paid
PAY03580,ORD04134,08-02-2025,UPI,494235,paid
PAY03581,ORD06516,25-07-2025,Bank Transfer,330240,Paid
PAY03582,ORD02759,13-10-2025,UPI,423257,Pending
PAY03583,ORD09424,01-01-2025,UPI,53712,Paid
PAY03584,ORD07465,01-04-2025,Credit Card,21464,Partial
PAY03585,ORD08706,27-10-2025,Credit Card,10968,Partial
PAY03586,ORD08800,23-06-2025,Credit Card,53440,Pending
PAY03587,ORD01216,26-05-2025,Cash,456256,paid
PAY03588,ORD05903,20-03-2025,UPI,454075,Partial
PAY03589,ORD01888,28-09-2025,Bank Transfer,294370,Partial
PAY03590,ORD05742,05-08-2025,Credit Card,490691,paid
PAY03591,ORD06111,10-11-2025,Cash,323528,Paid
PAY03592,ORD03319,28-08-2025,Cash,335584,paid
PAY03593,ORD05226,25-04-2025,UPI,444552,Partial
PAY03594,ORD01145,09-10-2025,Debit Card,333427,paid
PAY03595,ORD09735,01-05-2025,Cash,6821,Pending
PAY03596,ORD04308,27-06-2025,Cash,429552,Partial
PAY03597,ORD05903,07-02-2025,Cash,463345,paid
PAY03598,ORD01720,20-10-2025,Debit Card,142130,Paid
PAY03599,ORD00400,14-10-2025,UPI,79792,Paid
PAY03600,ORD07927,17-07-2025,UPI,101279,Partial
PAY03601,ORD06445,15-05-2025,Bank Transfer,122047,Partial
PAY03602,ORD02463,10-03-2025,Credit Card,278200,Paid
PAY03603,ORD09492,03-07-2025,UPI,320835,paid
PAY03604,ORD00133,20-07-2025,Bank Transfer,492350,Paid
PAY03605,ORD07316,05-05-2025,Cash,129236,paid
PAY03606,ORD00913,15-06-2025,Bank Transfer,196954,paid
PAY03607,ORD01158,05-01-2025,Bank Transfer,24380,Paid
PAY03608,ORD06993,12-05-2025,Cash,101662,paid
PAY03609,ORD07105,19-09-2025,Bank Transfer,16740,Pending
PAY03610,ORD00158,02-09-2025,Credit Card,104645,Partial
PAY03611,ORD01578,07-12-2025,Debit Card,168237,paid
PAY03612,ORD09784,16-08-2025,Credit Card,58942,Partial
PAY03613,ORD02632,11-07-2025,UPI,234319,Partial
PAY03614,ORD02150,18-10-2025,UPI,373538,Partial
PAY03615,ORD03440,22-02-2025,Credit Card,496927,Partial
PAY03616,ORD08801,24-07-2025,Bank Transfer,448060,Partial
PAY03617,ORD03608,04-03-2025,UPI,213062,Pending
PAY03618,ORD02810,15-09-2025,Bank Transfer,41366,Pending
PAY03619,ORD08529,10-01-2025,Credit Card,30740,Paid
PAY03620,ORD08994,16-04-2025,UPI,50111,paid
PAY03621,ORD04873,04-12-2025,Credit Card,31230,paid
PAY03622,ORD09031,15-04-2025,UPI,272475,paid
PAY03623,ORD02685,11-02-2025,Debit Card,267149,Pending
PAY03624,ORD08739,16-05-2025,Credit Card,137716,paid
PAY03625,ORD07616,10-10-2025,UPI,442828,paid
PAY03626,ORD05342,03-06-2025,Bank Transfer,144710,paid
PAY03627,ORD01462,06-10-2025,Debit Card,125329,Paid
PAY03628,ORD00604,07-01-2025,Bank Transfer,88015,Paid
PAY03629,ORD03569,01-12-2025,UPI,467242,Partial
PAY03630,ORD09640,21-03-2025,UPI,304615,Pending
PAY03631,ORD06994,21-12-2025,UPI,34887,paid
PAY03632,ORD02553,13-07-2025,Bank Transfer,252010,Pending
PAY03633,ORD06284,18-12-2025,Cash,210918,Partial
PAY03634,ORD04119,21-01-2025,UPI,327191,Partial
PAY03635,ORD00392,10-09-2025,UPI,331484,Pending
PAY03636,ORD03511,06-07-2025,Bank Transfer,153271,paid
PAY03637,ORD00926,12-04-2025,Credit Card,63402,Partial
PAY03638,ORD05207,11-11-2025,Debit Card,150390,Paid
PAY03639,ORD08131,09-05-2025,Debit Card,353615,Partial
PAY03640,ORD00868,03-02-2025,Cash,491774,paid
PAY03641,ORD07569,26-04-2025,Cash,134179,Paid
PAY03642,ORD04310,19-10-2025,UPI,190305,Paid
PAY03643,ORD06542,02-06-2025,Credit Card,21106,paid
PAY03644,ORD04003,22-05-2025,Credit Card,161396,Partial
PAY03645,ORD09003,19-08-2025,Debit Card,310669,Paid
PAY03646,ORD04812,14-06-2025,Debit Card,96691,Pending
PAY03647,ORD09912,26-11-2025,Bank Transfer,183164,Partial
PAY03648,ORD05899,19-10-2025,Cash,285184,Pending
PAY03649,ORD09142,21-01-2025,Credit Card,257948,Pending
PAY03650,ORD08286,25-07-2025,Bank Transfer,380674,Pending
PAY03651,ORD05721,07-02-2025,Cash,368537,Paid
PAY03652,ORD00047,25-09-2025,Bank Transfer,226645,Pending
PAY03653,ORD03067,09-03-2025,Cash,384906,Paid
PAY03654,ORD09538,03-05-2025,Debit Card,147196,Pending
PAY03655,ORD00221,07-08-2025,Credit Card,262222,Pending
PAY03656,ORD06914,02-01-2025,Cash,246328,Pending
PAY03657,ORD03035,03-12-2025,Cash,307719,paid
PAY03658,ORD04252,04-07-2025,Debit Card,297231,Pending
PAY03659,ORD06841,18-11-2025,Credit Card,9851,Paid
PAY03660,ORD01215,11-06-2025,Credit Card,95732,paid
PAY03661,ORD06756,05-07-2025,Debit Card,231472,Pending
PAY03662,ORD00653,14-01-2025,Cash,126446,Paid
PAY03663,ORD07633,16-07-2025,UPI,30107,paid
PAY03664,ORD04746,19-10-2025,UPI,436161,Paid
PAY03665,ORD08936,22-04-2025,Debit Card,242192,paid
PAY03666,ORD07901,05-12-2025,UPI,263015,Pending
PAY03667,ORD01498,05-06-2025,Credit Card,20975,Partial
PAY03668,ORD09820,10-02-2025,Credit Card,447770,Pending
PAY03669,ORD09742,20-05-2025,Credit Card,60726,paid
PAY03670,ORD03929,07-11-2025,Cash,442284,paid
PAY03671,ORD01135,02-04-2025,Bank Transfer,318042,Paid
PAY03672,ORD06428,28-06-2025,Bank Transfer,366472,paid
PAY03673,ORD08099,26-12-2025,Debit Card,260778,Partial
PAY03674,ORD05117,04-06-2025,UPI,40035,Partial
PAY03675,ORD08799,08-05-2025,Credit Card,284327,Paid
PAY03676,ORD07691,09-08-2025,Debit Card,474688,Paid
PAY03677,ORD04670,09-06-2025,Cash,117914,Paid
PAY03678,ORD02827,14-02-2025,UPI,477846,Partial
PAY03679,ORD09942,22-09-2025,UPI,6333,paid
PAY03680,ORD04931,07-11-2025,Debit Card,33279,Partial
PAY03681,ORD01986,09-01-2025,Credit Card,261989,paid
PAY03682,ORD09646,27-11-2025,UPI,104178,paid
PAY03683,ORD02609,12-12-2025,Debit Card,333967,paid
PAY03684,ORD05999,15-04-2025,Debit Card,267161,Paid
PAY03685,ORD08941,21-03-2025,Cash,175585,Paid
PAY03686,ORD04717,14-11-2025,UPI,25934,paid
PAY03687,ORD03356,04-10-2025,Credit Card,184922,paid
PAY03688,ORD05320,04-02-2025,Bank Transfer,439645,Paid
PAY03689,ORD00201,27-11-2025,Debit Card,174215,Partial
PAY03690,ORD09283,03-03-2025,UPI,464495,Partial
PAY03691,ORD01008,18-04-2025,Debit Card,360365,Pending
PAY03692,ORD03613,01-01-2025,UPI,24627,Paid
PAY03693,ORD05984,23-09-2025,Debit Card,119450,Paid
PAY03694,ORD07455,08-02-2025,Debit Card,8489,Partial
PAY03695,ORD05790,17-06-2025,Debit Card,498310,Paid
PAY03696,ORD03151,04-08-2025,Bank Transfer,143073,paid
PAY03697,ORD04428,12-11-2025,Debit Card,471225,paid
PAY03698,ORD04475,21-06-2025,Credit Card,426508,Pending
PAY03699,ORD01587,09-02-2025,Cash,24340,Paid
PAY03700,ORD08728,17-03-2025,Bank Transfer,467756,Paid
PAY03701,ORD05850,13-06-2025,UPI,219731,Paid
PAY03702,ORD04014,13-06-2025,UPI,116820,Pending
PAY03703,ORD05252,13-05-2025,Credit Card,32894,Partial
PAY03704,ORD09618,21-11-2025,Credit Card,105517,paid
PAY03705,ORD02199,21-01-2025,Cash,79694,Partial
PAY03706,ORD00278,11-07-2025,Debit Card,33955,Partial
PAY03707,ORD02874,16-09-2025,Cash,157224,paid
PAY03708,ORD00404,26-04-2025,Credit Card,466900,Pending
PAY03709,ORD06763,27-06-2025,Credit Card,417135,paid
PAY03710,ORD01109,01-10-2025,Cash,322074,paid
PAY03711,ORD04363,28-12-2025,UPI,84142,Paid
PAY03712,ORD09123,11-03-2025,UPI,145346,Partial
PAY03713,ORD06212,12-09-2025,Bank Transfer,174620,Pending
PAY03714,ORD04761,23-01-2025,Debit Card,176808,Paid
PAY03715,ORD00772,18-08-2025,UPI,125448,Pending
PAY03716,ORD00117,28-01-2025,UPI,5145,Partial
PAY03717,ORD02534,23-10-2025,Bank Transfer,352332,paid
PAY03718,ORD03857,16-08-2025,UPI,490073,Pending
PAY03719,ORD08713,07-04-2025,Credit Card,380978,Partial
PAY03720,ORD00484,17-05-2025,Bank Transfer,150759,Pending
PAY03721,ORD08831,23-03-2025,Credit Card,109097,Pending
PAY03722,ORD04017,20-03-2025,Bank Transfer,258843,Partial
PAY03723,ORD00769,15-04-2025,Debit Card,428796,Partial
PAY03724,ORD04279,01-01-2025,Cash,22492,Partial
PAY03725,ORD00757,15-02-2025,UPI,422361,Paid
PAY03726,ORD08345,07-09-2025,Bank Transfer,192032,Partial
PAY03727,ORD01467,10-12-2025,Cash,354380,Paid
PAY03728,ORD06128,16-12-2025,Bank Transfer,296848,Partial
PAY03729,ORD03498,02-06-2025,UPI,87476,Paid
PAY03730,ORD08675,08-10-2025,UPI,224377,Pending
PAY03731,ORD01480,07-12-2025,Debit Card,495231,paid
PAY03732,ORD07158,04-10-2025,Credit Card,38901,paid
PAY03733,ORD00510,10-01-2025,Bank Transfer,284515,Pending
PAY03734,ORD06162,04-09-2025,Credit Card,273189,paid
PAY03735,ORD01262,17-06-2025,Credit Card,472391,Paid
PAY03736,ORD03700,10-10-2025,UPI,87619,Partial
PAY03737,ORD03500,04-12-2025,Cash,474710,Paid
PAY03738,ORD04640,02-09-2025,Credit Card,218916,Partial
PAY03739,ORD00646,13-08-2025,UPI,282720,Paid
PAY03740,ORD08938,13-07-2025,Bank Transfer,51978,Partial
PAY03741,ORD06245,07-12-2025,Cash,450063,Partial
PAY03742,ORD03731,07-11-2025,UPI,388663,paid
PAY03743,ORD02606,16-08-2025,Debit Card,365720,paid
PAY03744,ORD06797,22-12-2025,Bank Transfer,366475,Partial
PAY03745,ORD08389,16-01-2025,Credit Card,172571,Pending
PAY03746,ORD02725,21-06-2025,Cash,87949,Paid
PAY03747,ORD05150,21-09-2025,Credit Card,492849,paid
PAY03748,ORD00564,09-07-2025,Cash,249955,Paid
PAY03749,ORD03539,02-04-2025,Cash,332477,Partial
PAY03750,ORD02435,24-07-2025,Debit Card,141463,Partial
PAY03751,ORD00549,21-04-2025,UPI,263287,paid
PAY03752,ORD09362,04-04-2025,Credit Card,473493,paid
PAY03753,ORD01839,13-01-2025,Credit Card,447234,Partial
PAY03754,ORD00252,10-06-2025,Bank Transfer,39124,Pending
PAY03755,ORD09172,03-01-2025,Debit Card,437261,Paid
PAY03756,ORD07141,09-07-2025,Bank Transfer,350839,Paid
PAY03757,ORD05120,01-04-2025,Credit Card,401821,paid
PAY03758,ORD07094,21-04-2025,Cash,64776,Partial
PAY03759,ORD00695,07-05-2025,Cash,358624,Paid
PAY03760,ORD07647,13-03-2025,Cash,242893,Paid
PAY03761,ORD08518,16-05-2025,Credit Card,16907,paid
PAY03762,ORD03147,12-08-2025,Credit Card,354390,Paid
PAY03763,ORD00439,06-12-2025,Cash,437502,Paid
PAY03764,ORD02221,09-11-2025,Debit Card,163563,paid
PAY03765,ORD07012,26-04-2025,Debit Card,400447,Partial
PAY03766,ORD08488,27-04-2025,UPI,186089,Pending
PAY03767,ORD08588,27-04-2025,UPI,68620,paid
PAY03768,ORD00321,11-09-2025,Bank Transfer,273545,Paid
PAY03769,ORD08263,05-03-2025,Bank Transfer,228079,paid
PAY03770,ORD05711,24-02-2025,Bank Transfer,159572,paid
PAY03771,ORD01856,18-02-2025,Credit Card,498715,Paid
PAY03772,ORD04558,09-07-2025,Debit Card,158736,paid
PAY03773,ORD01170,25-06-2025,Bank Transfer,129520,Partial
PAY03774,ORD07065,13-07-2025,Bank Transfer,146592,Pending
PAY03775,ORD06628,07-08-2025,Cash,436990,Paid
PAY03776,ORD09215,19-02-2025,Credit Card,274273,Paid
PAY03777,ORD07680,03-05-2025,Credit Card,338851,paid
PAY03778,ORD04948,15-05-2025,UPI,277547,Paid
PAY03779,ORD09091,24-08-2025,Bank Transfer,33121,Partial
PAY03780,ORD01681,14-10-2025,Cash,16796,paid
PAY03781,ORD00819,25-07-2025,Cash,14978,paid
PAY03782,ORD06690,13-11-2025,Debit Card,59167,Paid
PAY03783,ORD01813,18-04-2025,Cash,173906,Paid
PAY03784,ORD02473,10-08-2025,Bank Transfer,208701,Partial
PAY03785,ORD07361,28-03-2025,Debit Card,198907,Paid
PAY03786,ORD01725,22-07-2025,Bank Transfer,481390,Paid
PAY03787,ORD09374,03-05-2025,Cash,109655,paid
PAY03788,ORD03791,01-01-2025,Debit Card,9462,Pending
PAY03789,ORD02278,15-12-2025,UPI,234494,paid
PAY03790,ORD05057,17-06-2025,Credit Card,452131,paid
PAY03791,ORD02045,12-09-2025,UPI,79050,Pending
PAY03792,ORD02557,03-12-2025,UPI,213364,paid
PAY03793,ORD09972,27-02-2025,Cash,76662,paid
PAY03794,ORD09162,21-05-2025,Cash,35971,Partial
PAY03795,ORD04121,16-03-2025,Credit Card,329157,paid
PAY03796,ORD08192,10-09-2025,Debit Card,252936,Partial
PAY03797,ORD04828,11-03-2025,Debit Card,371818,Pending
PAY03798,ORD07378,22-10-2025,Bank Transfer,210096,Partial
PAY03799,ORD05728,04-08-2025,Debit Card,41771,Paid
PAY03800,ORD05220,05-01-2025,Debit Card,105047,Pending
PAY03801,ORD09413,14-11-2025,Bank Transfer,384479,Paid
PAY03802,ORD01317,12-03-2025,Bank Transfer,36489,Pending
PAY03803,ORD02494,20-04-2025,Cash,293086,Partial
PAY03804,ORD00312,14-12-2025,Cash,262293,paid
PAY03805,ORD05703,22-08-2025,Debit Card,411967,paid
PAY03806,ORD03735,14-11-2025,Credit Card,111304,Partial
PAY03807,ORD00870,23-02-2025,Debit Card,476015,Pending
PAY03808,ORD08100,10-04-2025,Bank Transfer,192947,paid
PAY03809,ORD08387,09-07-2025,UPI,177248,Paid
PAY03810,ORD07918,28-02-2025,Credit Card,321274,Pending
PAY03811,ORD07986,21-11-2025,Debit Card,453056,paid
PAY03812,ORD01291,23-06-2025,Bank Transfer,420177,Pending
PAY03813,ORD01066,21-04-2025,Debit Card,164451,Partial
PAY03814,ORD00796,10-03-2025,UPI,65298,paid
PAY03815,ORD01406,11-08-2025,Bank Transfer,114675,Pending
PAY03816,ORD04886,05-10-2025,Debit Card,271963,Partial
PAY03817,ORD01134,19-10-2025,Debit Card,337588,paid
PAY03818,ORD03997,10-11-2025,Debit Card,35723,Partial
PAY03819,ORD04150,28-07-2025,Debit Card,326716,Paid
PAY03820,ORD07004,28-02-2025,Debit Card,64434,Paid
PAY03821,ORD01840,06-05-2025,Credit Card,373144,Paid
PAY03822,ORD06495,15-08-2025,UPI,253438,Paid
PAY03823,ORD06903,19-04-2025,Debit Card,6278,Pending
PAY03824,ORD07482,17-08-2025,Credit Card,381065,paid
PAY03825,ORD00414,23-09-2025,Credit Card,490766,Partial
PAY03826,ORD06881,26-11-2025,Cash,174458,Paid
PAY03827,ORD05490,23-08-2025,Bank Transfer,490504,Paid
PAY03828,ORD00643,11-08-2025,Credit Card,53736,paid
PAY03829,ORD08376,10-06-2025,Cash,156413,Partial
PAY03830,ORD00809,09-05-2025,UPI,275510,Paid
PAY03831,ORD07803,10-07-2025,UPI,129910,Partial
PAY03832,ORD02090,05-09-2025,Credit Card,7190,paid
PAY03833,ORD00236,11-03-2025,UPI,205782,paid
PAY03834,ORD05862,25-04-2025,Debit Card,52801,paid
PAY03835,ORD04838,21-10-2025,Bank Transfer,489985,Partial
PAY03836,ORD07128,27-12-2025,Bank Transfer,178322,Partial
PAY03837,ORD00426,20-12-2025,UPI,371151,Partial
PAY03838,ORD02223,21-11-2025,Credit Card,452356,paid
PAY03839,ORD00778,22-04-2025,UPI,175508,Pending
PAY03840,ORD05338,12-12-2025,Cash,291554,Partial
PAY03841,ORD00096,02-02-2025,Credit Card,279292,Partial
PAY03842,ORD08274,24-09-2025,Credit Card,462107,paid
PAY03843,ORD03577,12-04-2025,Bank Transfer,191798,Pending
PAY03844,ORD06422,16-02-2025,UPI,368311,Pending
PAY03845,ORD07592,06-09-2025,Debit Card,480245,Partial
PAY03846,ORD06517,27-08-2025,UPI,181833,Paid
PAY03847,ORD02535,14-02-2025,Cash,320824,Partial
PAY03848,ORD00858,13-02-2025,Bank Transfer,96131,Paid
PAY03849,ORD04704,09-04-2025,UPI,196386,Paid
PAY03850,ORD08111,13-05-2025,Bank Transfer,84507,Paid
PAY03851,ORD00606,19-03-2025,Credit Card,233899,Partial
PAY03852,ORD07165,11-06-2025,Bank Transfer,363434,paid
PAY03853,ORD03639,23-02-2025,Credit Card,121087,Partial
PAY03854,ORD06588,20-10-2025,Credit Card,434765,paid
PAY03855,ORD05155,16-04-2025,UPI,258510,paid
PAY03856,ORD00297,02-07-2025,Bank Transfer,201162,paid
PAY03857,ORD01986,01-03-2025,UPI,280415,Partial
PAY03858,ORD00456,13-08-2025,Cash,222089,Partial
PAY03859,ORD09457,20-06-2025,Bank Transfer,407512,Pending
PAY03860,ORD04152,07-03-2025,Debit Card,272508,Paid
PAY03861,ORD03638,01-07-2025,Debit Card,50285,paid
PAY03862,ORD02501,21-01-2025,Credit Card,140293,paid
PAY03863,ORD03581,05-10-2025,UPI,483494,Partial
PAY03864,ORD07175,08-01-2025,UPI,498508,Paid
PAY03865,ORD09348,18-08-2025,Credit Card,109413,Partial
PAY03866,ORD02124,26-02-2025,Debit Card,206840,Pending
PAY03867,ORD02467,15-09-2025,Debit Card,492384,Pending
PAY03868,ORD08172,23-04-2025,Credit Card,142245,paid
PAY03869,ORD03723,26-08-2025,Credit Card,110562,paid
PAY03870,ORD03975,22-10-2025,Debit Card,288102,Pending
PAY03871,ORD06661,09-12-2025,Cash,462081,Paid
PAY03872,ORD06599,28-06-2025,UPI,461663,Pending
PAY03873,ORD05862,03-04-2025,Credit Card,85270,Pending
PAY03874,ORD01837,14-02-2025,Cash,191484,Pending
PAY03875,ORD04780,16-09-2025,Bank Transfer,466423,paid
PAY03876,ORD08972,07-11-2025,Credit Card,181015,Pending
PAY03877,ORD05623,02-08-2025,Debit Card,235169,paid
PAY03878,ORD04123,09-03-2025,Cash,126310,Partial
PAY03879,ORD03996,25-06-2025,Debit Card,30734,Paid
PAY03880,ORD08242,04-05-2025,Cash,270523,Partial
PAY03881,ORD05982,28-05-2025,UPI,31890,paid
PAY03882,ORD06457,09-07-2025,UPI,333626,Pending
PAY03883,ORD02274,06-04-2025,Debit Card,37517,paid
PAY03884,ORD06515,08-06-2025,Cash,127138,paid
PAY03885,ORD07282,24-02-2025,Cash,68529,Partial
PAY03886,ORD09077,22-04-2025,Credit Card,470050,paid
PAY03887,ORD02062,17-01-2025,Cash,240018,Pending
PAY03888,ORD05727,02-12-2025,Bank Transfer,497537,Pending
PAY03889,ORD09712,22-12-2025,Cash,317102,Paid
PAY03890,ORD09260,20-09-2025,Credit Card,25773,Pending
PAY03891,ORD06296,24-02-2025,UPI,45809,paid
PAY03892,ORD05306,27-11-2025,Bank Transfer,291110,Pending
PAY03893,ORD04324,10-11-2025,Cash,364353,Pending
PAY03894,ORD07035,04-06-2025,Bank Transfer,206461,Paid
PAY03895,ORD01277,15-01-2025,Bank Transfer,410966,Partial
PAY03896,ORD04362,18-05-2025,Credit Card,433995,Pending
PAY03897,ORD01645,01-12-2025,Credit Card,292961,Pending
PAY03898,ORD03588,24-11-2025,Cash,463383,Pending
PAY03899,ORD09966,10-12-2025,Bank Transfer,292600,paid
PAY03900,ORD07728,16-04-2025,Debit Card,226278,paid
PAY03901,ORD01322,09-05-2025,Cash,241030,paid
PAY03902,ORD02904,16-12-2025,Cash,241779,Pending
PAY03903,ORD09093,01-04-2025,Debit Card,420253,Paid
PAY03904,ORD05623,22-10-2025,Cash,218847,Partial
PAY03905,ORD01234,16-06-2025,UPI,73733,Partial
PAY03906,ORD02688,09-01-2025,Bank Transfer,480638,paid
PAY03907,ORD04339,09-06-2025,Bank Transfer,330474,Pending
PAY03908,ORD08102,28-11-2025,UPI,406232,Paid
PAY03909,ORD06208,22-12-2025,UPI,180875,Paid
PAY03910,ORD00629,24-06-2025,Bank Transfer,195777,paid
PAY03911,ORD09180,11-10-2025,Debit Card,79494,Pending
PAY03912,ORD06526,02-03-2025,Credit Card,56701,Partial
PAY03913,ORD09339,10-04-2025,Cash,122584,Paid
PAY03914,ORD00263,10-05-2025,Cash,302954,Partial
PAY03915,ORD06185,09-12-2025,UPI,438522,Paid
PAY03916,ORD07890,09-01-2025,UPI,360566,Partial
PAY03917,ORD08193,09-01-2025,Credit Card,322719,Pending
PAY03918,ORD08617,09-07-2025,Credit Card,172595,Partial
PAY03919,ORD04907,08-05-2025,Credit Card,342919,Pending
PAY03920,ORD04234,16-07-2025,UPI,85580,Partial
PAY03921,ORD05563,02-12-2025,UPI,105460,paid
PAY03922,ORD04160,07-06-2025,Debit Card,200237,Paid
PAY03923,ORD04886,08-08-2025,Cash,106605,Pending
PAY03924,ORD09770,18-01-2025,Credit Card,295671,Partial
PAY03925,ORD04691,07-03-2025,Credit Card,112610,Paid
PAY03926,ORD02256,09-04-2025,Cash,407774,Pending
PAY03927,ORD02635,10-09-2025,Bank Transfer,422646,Paid
PAY03928,ORD09316,14-05-2025,Credit Card,135765,Paid
PAY03929,ORD05789,18-02-2025,Debit Card,467268,Pending
PAY03930,ORD07312,15-08-2025,Debit Card,89087,Partial
PAY03931,ORD05302,24-09-2025,UPI,298077,paid
PAY03932,ORD00926,17-12-2025,Debit Card,131945,Partial
PAY03933,ORD07226,03-02-2025,Cash,171574,Partial
PAY03934,ORD00640,26-07-2025,UPI,434611,Partial
PAY03935,ORD08916,27-05-2025,Debit Card,62849,Pending
PAY03936,ORD00097,13-06-2025,Debit Card,413662,paid
PAY03937,ORD07728,11-02-2025,Cash,194681,Partial
PAY03938,ORD03259,06-12-2025,Cash,365275,Partial
PAY03939,ORD04073,16-09-2025,Cash,163457,Pending
PAY03940,ORD09067,05-12-2025,Debit Card,235930,paid
PAY03941,ORD00354,04-04-2025,Bank Transfer,416751,Partial
PAY03942,ORD09680,16-12-2025,Credit Card,17413,Pending
PAY03943,ORD03022,27-09-2025,Cash,205591,Partial
PAY03944,ORD06658,08-08-2025,Debit Card,392090,Paid
PAY03945,ORD08737,16-11-2025,Debit Card,21239,Partial
PAY03946,ORD02231,28-11-2025,Debit Card,432498,paid
PAY03947,ORD08879,16-02-2025,Cash,145411,Pending
PAY03948,ORD00593,02-02-2025,Bank Transfer,353775,Pending
PAY03949,ORD05504,02-11-2025,Credit Card,183443,paid
PAY03950,ORD05185,21-03-2025,Credit Card,347835,paid
PAY03951,ORD04701,19-11-2025,UPI,403514,Pending
PAY03952,ORD03429,18-02-2025,Cash,466402,Partial
PAY03953,ORD01166,03-10-2025,UPI,46531,Paid
PAY03954,ORD09337,27-11-2025,UPI,428957,Pending
PAY03955,ORD05245,02-01-2025,Credit Card,293327,Partial
PAY03956,ORD09861,18-10-2025,UPI,88828,Paid
PAY03957,ORD01381,27-10-2025,Debit Card,147339,Partial
PAY03958,ORD04240,11-09-2025,Bank Transfer,70584,Partial
PAY03959,ORD01252,07-04-2025,Bank Transfer,260311,paid
PAY03960,ORD09167,28-02-2025,Credit Card,108150,Partial
PAY03961,ORD03181,06-07-2025,Cash,24418,paid
PAY03962,ORD04691,23-09-2025,Debit Card,430914,Pending
PAY03963,ORD05029,10-04-2025,Bank Transfer,489742,Pending
PAY03964,ORD06920,16-06-2025,Debit Card,170188,paid
PAY03965,ORD02964,03-12-2025,UPI,211541,Paid
PAY03966,ORD00774,02-05-2025,UPI,425263,Partial
PAY03967,ORD02524,24-10-2025,Cash,408673,paid
PAY03968,ORD02055,06-01-2025,Bank Transfer,413189,Partial
PAY03969,ORD02487,25-11-2025,Bank Transfer,259794,Pending
PAY03970,ORD07338,19-04-2025,Bank Transfer,241268,paid
PAY03971,ORD09357,01-08-2025,Cash,361942,paid
PAY03972,ORD08144,07-01-2025,Credit Card,214519,paid
PAY03973,ORD03333,17-09-2025,Bank Transfer,139986,paid
PAY03974,ORD05237,26-07-2025,Debit Card,407883,Partial
PAY03975,ORD07583,09-08-2025,Credit Card,305024,Paid
PAY03976,ORD09535,24-05-2025,Cash,299415,paid
PAY03977,ORD08213,26-04-2025,UPI,137624,Paid
PAY03978,ORD03036,04-10-2025,Credit Card,351981,Partial
PAY03979,ORD01279,14-01-2025,Cash,219696,Paid
PAY03980,ORD02000,18-06-2025,Debit Card,478435,Partial
PAY03981,ORD00397,10-03-2025,UPI,452791,Paid
PAY03982,ORD09862,14-06-2025,Cash,258443,Pending
PAY03983,ORD07345,10-09-2025,Debit Card,473409,paid
PAY03984,ORD04476,06-09-2025,Debit Card,423810,Partial
PAY03985,ORD00540,28-06-2025,Cash,306516,Pending
PAY03986,ORD02535,20-07-2025,Bank Transfer,324187,Partial
PAY03987,ORD04266,18-11-2025,Bank Transfer,162238,Partial
PAY03988,ORD09132,16-12-2025,Cash,141286,paid
PAY03989,ORD08642,09-01-2025,UPI,19152,Pending
PAY03990,ORD02450,02-03-2025,Credit Card,224078,Paid
PAY03991,ORD09411,13-05-2025,UPI,330164,Paid
PAY03992,ORD09227,07-09-2025,Cash,335036,Paid
PAY03993,ORD05998,15-08-2025,Debit Card,100450,Partial
PAY03994,ORD01938,20-03-2025,Cash,331443,Paid
PAY03995,ORD02290,15-04-2025,UPI,298795,paid
PAY03996,ORD05372,08-06-2025,Cash,246811,Partial
PAY03997,ORD05216,27-11-2025,Cash,365216,Paid
PAY03998,ORD05233,27-10-2025,Bank Transfer,295074,Pending
PAY03999,ORD07471,01-01-2025,UPI,167672,Paid
PAY04000,ORD01805,03-08-2025,Credit Card,478367,paid
PAY04001,ORD07592,24-08-2025,UPI,147651,Partial
PAY04002,ORD05251,13-11-2025,UPI,142883,Paid
PAY04003,ORD00499,20-07-2025,Bank Transfer,388994,Partial
PAY04004,ORD07024,11-02-2025,Bank Transfer,71486,Paid
PAY04005,ORD03977,09-11-2025,Bank Transfer,33854,paid
PAY04006,ORD02369,10-06-2025,Cash,242037,Paid
PAY04007,ORD00935,17-11-2025,Bank Transfer,474735,Partial
PAY04008,ORD03089,15-03-2025,Debit Card,5583,Paid
PAY04009,ORD00272,15-03-2025,Cash,420640,Partial
PAY04010,ORD01112,21-11-2025,UPI,312084,Partial
PAY04011,ORD01369,15-04-2025,Bank Transfer,496624,Partial
PAY04012,ORD04819,02-08-2025,Bank Transfer,253490,paid
PAY04013,ORD02196,09-01-2025,UPI,311997,Partial
PAY04014,ORD01529,17-01-2025,UPI,204798,Partial
PAY04015,ORD06200,14-06-2025,Debit Card,488067,Paid
PAY04016,ORD08879,24-07-2025,Cash,249091,Partial
PAY04017,ORD01047,13-08-2025,Debit Card,482601,Pending
PAY04018,ORD07639,17-04-2025,Cash,246324,Pending
PAY04019,ORD08744,10-07-2025,Debit Card,56778,Partial
PAY04020,ORD09775,05-09-2025,Debit Card,335923,paid
PAY04021,ORD07602,17-09-2025,Bank Transfer,138011,Pending
PAY04022,ORD09790,16-07-2025,Cash,485433,Paid
PAY04023,ORD01425,07-05-2025,UPI,47156,paid
PAY04024,ORD07764,25-12-2025,UPI,355518,Pending
PAY04025,ORD05219,07-03-2025,Debit Card,137833,Pending
PAY04026,ORD06466,20-08-2025,Debit Card,155004,paid
PAY04027,ORD09008,01-06-2025,Cash,417327,Pending
PAY04028,ORD02710,27-09-2025,Debit Card,197682,Partial
PAY04029,ORD02643,17-03-2025,UPI,388006,paid
PAY04030,ORD04231,23-12-2025,Debit Card,335121,Pending
PAY04031,ORD06562,15-12-2025,Debit Card,33490,Paid
PAY04032,ORD08412,18-10-2025,Debit Card,439647,Paid
PAY04033,ORD06709,15-05-2025,Bank Transfer,68969,Paid
PAY04034,ORD01732,01-05-2025,Credit Card,213405,Pending
PAY04035,ORD00137,26-03-2025,Cash,365003,Partial
PAY04036,ORD07052,27-10-2025,UPI,393099,Partial
PAY04037,ORD05636,26-03-2025,UPI,25070,Paid
PAY04038,ORD01309,10-02-2025,Bank Transfer,440827,Paid
PAY04039,ORD09021,07-08-2025,UPI,106463,Partial
PAY04040,ORD03776,19-06-2025,Cash,33150,Paid
PAY04041,ORD06283,06-06-2025,Bank Transfer,497359,Paid
PAY04042,ORD08691,18-02-2025,Debit Card,369005,Partial
PAY04043,ORD02921,07-09-2025,Bank Transfer,424774,Paid
PAY04044,ORD01055,03-02-2025,Bank Transfer,174075,Pending
PAY04045,ORD07451,12-05-2025,Credit Card,297905,Partial
PAY04046,ORD05004,17-07-2025,Debit Card,398381,paid
PAY04047,ORD08289,21-12-2025,Debit Card,52278,Partial
PAY04048,ORD07402,10-03-2025,Cash,42912,Partial
PAY04049,ORD04090,02-06-2025,Cash,320143,Paid
PAY04050,ORD09402,13-12-2025,Cash,78083,paid
PAY04051,ORD01067,23-01-2025,Bank Transfer,202785,paid
PAY04052,ORD00214,16-07-2025,UPI,438661,Pending
PAY04053,ORD01800,24-02-2025,Credit Card,423154,paid
PAY04054,ORD07716,17-07-2025,Bank Transfer,326291,Pending
PAY04055,ORD00209,10-11-2025,Credit Card,199705,Pending
PAY04056,ORD05867,06-11-2025,UPI,449539,Partial
PAY04057,ORD09185,03-01-2025,Cash,38427,Partial
PAY04058,ORD00736,08-08-2025,Credit Card,239150,Pending
PAY04059,ORD02343,13-03-2025,UPI,464066,Paid
PAY04060,ORD06762,08-11-2025,Cash,119969,Partial
PAY04061,ORD04648,21-01-2025,Credit Card,239024,Partial
PAY04062,ORD06514,05-11-2025,Credit Card,242807,paid
PAY04063,ORD07477,04-04-2025,Cash,400254,paid
PAY04064,ORD00874,16-10-2025,UPI,140407,paid
PAY04065,ORD09299,07-02-2025,Cash,310210,Partial
PAY04066,ORD06485,04-06-2025,Bank Transfer,24917,paid
PAY04067,ORD03990,10-02-2025,UPI,179224,Pending
PAY04068,ORD00148,10-04-2025,UPI,113382,Partial
PAY04069,ORD02920,20-01-2025,UPI,81431,Paid
PAY04070,ORD04529,03-06-2025,Debit Card,461439,Pending
PAY04071,ORD02092,03-06-2025,Credit Card,330943,Paid
PAY04072,ORD00097,25-03-2025,Cash,306704,Paid
PAY04073,ORD00826,20-08-2025,Cash,216650,Partial
PAY04074,ORD07380,03-05-2025,Bank Transfer,268978,Pending
PAY04075,ORD00876,25-02-2025,Debit Card,46732,Paid
PAY04076,ORD03290,10-11-2025,Cash,21045,Pending
PAY04077,ORD07240,17-12-2025,Cash,192913,Partial
PAY04078,ORD00164,11-08-2025,Bank Transfer,257227,Partial
PAY04079,ORD06453,15-10-2025,Debit Card,401142,paid
PAY04080,ORD06237,19-07-2025,Debit Card,157529,Pending
PAY04081,ORD00935,23-10-2025,Debit Card,321077,Paid
PAY04082,ORD06023,06-02-2025,Debit Card,69862,Paid
PAY04083,ORD02671,17-11-2025,Credit Card,486920,Pending
PAY04084,ORD06110,03-08-2025,UPI,244148,Paid
PAY04085,ORD06710,18-02-2025,Bank Transfer,498471,Partial
PAY04086,ORD02457,02-12-2025,Bank Transfer,155544,paid
PAY04087,ORD02637,01-04-2025,Debit Card,458047,Pending
PAY04088,ORD07458,07-07-2025,Credit Card,157698,Paid
PAY04089,ORD07975,02-01-2025,Cash,235206,Paid
PAY04090,ORD05895,15-04-2025,Bank Transfer,93801,Pending
PAY04091,ORD00601,27-09-2025,Debit Card,331051,Partial
PAY04092,ORD08502,01-10-2025,Credit Card,106535,paid
PAY04093,ORD02578,18-06-2025,Cash,470806,paid
PAY04094,ORD05240,28-02-2025,Cash,11721,Pending
PAY04095,ORD01796,03-05-2025,Cash,363585,Partial
PAY04096,ORD06822,18-04-2025,Cash,225116,Partial
PAY04097,ORD02839,27-04-2025,Credit Card,173766,Pending
PAY04098,ORD06069,28-09-2025,Bank Transfer,123335,Pending
PAY04099,ORD01049,13-08-2025,Bank Transfer,153756,Partial
PAY04100,ORD03149,11-02-2025,Bank Transfer,384300,paid
PAY04101,ORD07746,11-07-2025,Debit Card,168071,paid
PAY04102,ORD07814,16-09-2025,Bank Transfer,53002,Paid
PAY04103,ORD01919,22-09-2025,Bank Transfer,374723,Pending
PAY04104,ORD02779,11-04-2025,UPI,423243,Partial
PAY04105,ORD00979,17-05-2025,Credit Card,433520,paid
PAY04106,ORD04400,27-11-2025,Bank Transfer,440916,paid
PAY04107,ORD04727,21-01-2025,Credit Card,406560,Pending
PAY04108,ORD01341,14-10-2025,Bank Transfer,68611,Paid
PAY04109,ORD01102,20-07-2025,Cash,137924,paid
PAY04110,ORD04034,03-09-2025,Credit Card,406985,Partial
PAY04111,ORD01533,09-03-2025,Debit Card,297889,Partial
PAY04112,ORD05686,13-07-2025,Cash,377213,paid
PAY04113,ORD04746,19-03-2025,Credit Card,288805,Partial
PAY04114,ORD02002,25-12-2025,UPI,76384,Pending
PAY04115,ORD05882,04-09-2025,Bank Transfer,282246,Paid
PAY04116,ORD09450,26-10-2025,Credit Card,171824,Partial
PAY04117,ORD05956,04-04-2025,Bank Transfer,94010,Paid
PAY04118,ORD02101,28-08-2025,Cash,343301,Paid
PAY04119,ORD03487,18-10-2025,Credit Card,488378,paid
PAY04120,ORD09302,06-12-2025,Credit Card,429994,Partial
PAY04121,ORD00956,27-08-2025,Bank Transfer,19719,Paid
PAY04122,ORD00599,21-01-2025,UPI,15673,Paid
PAY04123,ORD06429,02-06-2025,Credit Card,484398,paid
PAY04124,ORD08813,15-11-2025,Cash,446983,paid
PAY04125,ORD07068,27-02-2025,Credit Card,282208,paid
PAY04126,ORD02894,11-08-2025,Bank Transfer,224984,Pending
PAY04127,ORD05249,09-09-2025,Bank Transfer,429223,paid
PAY04128,ORD05046,24-08-2025,UPI,202667,Paid
PAY04129,ORD03884,10-04-2025,Cash,289543,Paid
PAY04130,ORD07587,15-05-2025,Cash,183459,Pending
PAY04131,ORD05421,06-08-2025,Debit Card,69975,Partial
PAY04132,ORD05776,22-01-2025,Cash,262049,paid
PAY04133,ORD03428,20-01-2025,Bank Transfer,180027,Pending
PAY04134,ORD08184,02-08-2025,Debit Card,95974,Partial
PAY04135,ORD07797,23-09-2025,Cash,154696,Pending
PAY04136,ORD00739,16-04-2025,Credit Card,388606,Partial
PAY04137,ORD05187,20-07-2025,Bank Transfer,455878,Pending
PAY04138,ORD07827,20-05-2025,Bank Transfer,49252,Paid
PAY04139,ORD04764,28-11-2025,Bank Transfer,132296,Paid
PAY04140,ORD07220,23-09-2025,Bank Transfer,290823,paid
PAY04141,ORD01154,08-09-2025,Credit Card,111295,Paid
PAY04142,ORD05243,10-05-2025,Debit Card,376725,paid
PAY04143,ORD04590,27-02-2025,Credit Card,128981,paid
PAY04144,ORD00445,07-03-2025,UPI,54936,Pending
PAY04145,ORD01321,26-07-2025,Bank Transfer,35599,Partial
PAY04146,ORD05356,02-01-2025,UPI,461714,Paid
PAY04147,ORD03389,17-09-2025,Debit Card,330155,Paid
PAY04148,ORD09825,28-12-2025,Credit Card,461902,paid
PAY04149,ORD06168,03-07-2025,Credit Card,182347,Partial
PAY04150,ORD03152,22-12-2025,Debit Card,393364,Pending
PAY04151,ORD08203,27-02-2025,Credit Card,230058,Partial
PAY04152,ORD05881,07-10-2025,Debit Card,206353,paid
PAY04153,ORD06801,20-03-2025,Debit Card,337277,Paid
PAY04154,ORD02570,23-10-2025,UPI,494417,Pending
PAY04155,ORD08911,05-09-2025,Credit Card,219367,Partial
PAY04156,ORD02094,08-06-2025,Credit Card,73398,Pending
PAY04157,ORD00302,23-03-2025,Cash,59859,paid
PAY04158,ORD07531,03-02-2025,Credit Card,337596,Partial
PAY04159,ORD08999,11-08-2025,Cash,423443,Paid
PAY04160,ORD01025,15-11-2025,Credit Card,328156,Paid
PAY04161,ORD09747,26-07-2025,Cash,208723,paid
PAY04162,ORD09589,01-11-2025,Debit Card,435671,Pending
PAY04163,ORD00970,18-05-2025,Cash,109960,paid
PAY04164,ORD02394,04-12-2025,Debit Card,322891,Paid
PAY04165,ORD05755,24-04-2025,Credit Card,313344,Partial
PAY04166,ORD02165,10-07-2025,Cash,121579,Partial
PAY04167,ORD05799,28-12-2025,Credit Card,47863,Pending
PAY04168,ORD09621,22-06-2025,Debit Card,91146,Paid
PAY04169,ORD04955,03-07-2025,UPI,305592,Paid
PAY04170,ORD06519,15-02-2025,UPI,197582,Pending
PAY04171,ORD04030,15-10-2025,UPI,109632,Pending
PAY04172,ORD09902,08-01-2025,Bank Transfer,412714,paid
PAY04173,ORD05862,02-09-2025,Cash,60412,Paid
PAY04174,ORD05997,17-10-2025,Bank Transfer,246942,Partial
PAY04175,ORD03665,26-12-2025,Bank Transfer,17247,Paid
PAY04176,ORD08677,06-01-2025,Cash,303772,Paid
PAY04177,ORD06361,25-07-2025,UPI,460401,Partial
PAY04178,ORD02347,02-11-2025,Debit Card,466632,paid
PAY04179,ORD00393,19-05-2025,Debit Card,145486,Paid
PAY04180,ORD02702,19-05-2025,Debit Card,475494,Pending
PAY04181,ORD09109,13-11-2025,Debit Card,87480,Paid
PAY04182,ORD02209,08-11-2025,Debit Card,437554,Paid
PAY04183,ORD04013,08-03-2025,Debit Card,193868,Paid
PAY04184,ORD07792,05-11-2025,Debit Card,35550,Paid
PAY04185,ORD09938,05-03-2025,Debit Card,489859,Partial
PAY04186,ORD02059,14-05-2025,Cash,225201,Partial
PAY04187,ORD01466,18-03-2025,UPI,402533,Pending
PAY04188,ORD08569,22-03-2025,Cash,473856,paid
PAY04189,ORD01722,16-12-2025,UPI,228341,paid
PAY04190,ORD07389,14-10-2025,Cash,121982,Partial
PAY04191,ORD08571,20-10-2025,Credit Card,276259,paid
PAY04192,ORD00056,22-11-2025,Bank Transfer,371964,paid
PAY04193,ORD05819,01-07-2025,Debit Card,265871,Pending
PAY04194,ORD00425,10-03-2025,Cash,20222,Partial
PAY04195,ORD09614,02-12-2025,UPI,180279,Paid
PAY04196,ORD02490,06-08-2025,Bank Transfer,5546,Paid
PAY04197,ORD04224,08-03-2025,UPI,272343,Partial
PAY04198,ORD01572,20-09-2025,Debit Card,100764,Pending
PAY04199,ORD07343,24-10-2025,UPI,325036,Pending
PAY04200,ORD05288,09-07-2025,UPI,305308,Paid
PAY04201,ORD01872,19-01-2025,Cash,75625,Partial
PAY04202,ORD08303,26-01-2025,Bank Transfer,429693,paid
PAY04203,ORD00530,25-08-2025,Debit Card,34352,paid
PAY04204,ORD02452,21-11-2025,Bank Transfer,92773,Pending
PAY04205,ORD07408,18-05-2025,UPI,138090,Pending
PAY04206,ORD03292,08-09-2025,Cash,21742,Partial
PAY04207,ORD03099,23-03-2025,Credit Card,140358,Pending
PAY04208,ORD01012,12-01-2025,Bank Transfer,51045,Paid
PAY04209,ORD04801,19-10-2025,UPI,281807,paid
PAY04210,ORD01849,12-05-2025,UPI,208326,Pending
PAY04211,ORD07102,03-07-2025,Debit Card,415863,paid
PAY04212,ORD07180,07-09-2025,Debit Card,82625,Pending
PAY04213,ORD00870,27-08-2025,Debit Card,479610,Paid
PAY04214,ORD06837,14-03-2025,Debit Card,43129,paid
PAY04215,ORD05586,20-12-2025,Debit Card,136121,Paid
PAY04216,ORD05343,11-12-2025,Cash,230911,paid
PAY04217,ORD02588,22-10-2025,UPI,210988,Paid
PAY04218,ORD09270,01-01-2025,Cash,16229,Pending
PAY04219,ORD06149,23-11-2025,Debit Card,125008,paid
PAY04220,ORD04015,08-02-2025,Cash,136556,paid
PAY04221,ORD07114,23-01-2025,Debit Card,103737,Paid
PAY04222,ORD00405,23-01-2025,Debit Card,48079,paid
PAY04223,ORD00570,07-05-2025,Debit Card,321310,Partial
PAY04224,ORD07966,12-03-2025,UPI,450857,Partial
PAY04225,ORD09455,10-07-2025,Cash,407852,paid
PAY04226,ORD01729,23-06-2025,UPI,96522,paid
PAY04227,ORD09011,13-10-2025,Credit Card,449923,Partial
PAY04228,ORD08552,14-08-2025,Bank Transfer,25348,Pending
PAY04229,ORD07508,14-04-2025,Bank Transfer,291613,Paid
PAY04230,ORD08101,20-08-2025,Credit Card,458097,Paid
PAY04231,ORD05187,25-11-2025,Cash,468819,paid
PAY04232,ORD08871,27-06-2025,Credit Card,172235,Paid
PAY04233,ORD08290,11-12-2025,Debit Card,335398,paid
PAY04234,ORD00909,23-06-2025,Debit Card,73980,Paid
PAY04235,ORD08997,28-01-2025,Cash,350524,paid
PAY04236,ORD05139,15-04-2025,Cash,334778,Pending
PAY04237,ORD06471,23-10-2025,Credit Card,426748,Pending
PAY04238,ORD03837,23-07-2025,Debit Card,269002,Paid
PAY04239,ORD07062,21-05-2025,Cash,199343,paid
PAY04240,ORD07467,05-02-2025,Cash,398992,paid
PAY04241,ORD09504,19-01-2025,Cash,317926,Pending
PAY04242,ORD06648,03-08-2025,Debit Card,25158,Paid
PAY04243,ORD06133,22-01-2025,UPI,405003,Paid
PAY04244,ORD01678,11-01-2025,UPI,263488,Paid
PAY04245,ORD01239,05-01-2025,UPI,151291,Paid
PAY04246,ORD07664,23-05-2025,Credit Card,188421,Pending
PAY04247,ORD08174,08-08-2025,Cash,121910,Partial
PAY04248,ORD04359,05-12-2025,Credit Card,158889,Paid
PAY04249,ORD09944,26-10-2025,Credit Card,111054,Pending
PAY04250,ORD03401,08-01-2025,Bank Transfer,344973,paid
PAY04251,ORD01758,03-08-2025,Cash,350520,Partial
PAY04252,ORD05089,02-06-2025,UPI,123895,Paid
PAY04253,ORD05112,15-07-2025,Bank Transfer,457229,Pending
PAY04254,ORD08912,10-11-2025,Bank Transfer,499909,paid
PAY04255,ORD04612,20-07-2025,UPI,439630,Pending
PAY04256,ORD08031,28-02-2025,UPI,56669,Pending
PAY04257,ORD01697,22-05-2025,Debit Card,423160,Pending
PAY04258,ORD00596,16-08-2025,Cash,84568,paid
PAY04259,ORD03993,12-06-2025,Cash,186148,paid
PAY04260,ORD03349,23-12-2025,Credit Card,267380,paid
PAY04261,ORD02526,25-10-2025,Credit Card,10013,paid
PAY04262,ORD00514,09-09-2025,Cash,360263,paid
PAY04263,ORD01756,15-12-2025,Credit Card,268947,Pending
PAY04264,ORD04291,07-02-2025,Credit Card,81444,paid
PAY04265,ORD01342,06-03-2025,Credit Card,374873,paid
PAY04266,ORD02536,25-11-2025,Bank Transfer,434548,Pending
PAY04267,ORD04101,16-04-2025,Bank Transfer,193976,Pending
PAY04268,ORD08058,19-04-2025,Credit Card,479815,Paid
PAY04269,ORD01290,26-06-2025,Cash,363813,Pending
PAY04270,ORD02626,10-09-2025,Debit Card,62157,paid
PAY04271,ORD00221,05-05-2025,Debit Card,438942,Paid
PAY04272,ORD00436,04-05-2025,Bank Transfer,89028,Pending
PAY04273,ORD05678,23-01-2025,Debit Card,214862,paid
PAY04274,ORD08734,09-05-2025,Credit Card,450015,Pending
PAY04275,ORD07867,08-07-2025,Credit Card,282898,Partial
PAY04276,ORD05285,18-01-2025,Debit Card,447000,paid
PAY04277,ORD01437,27-03-2025,Bank Transfer,388675,Paid
PAY04278,ORD08551,19-10-2025,Credit Card,335710,Paid
PAY04279,ORD00023,10-04-2025,UPI,258428,paid
PAY04280,ORD07933,17-03-2025,Bank Transfer,382131,Pending
PAY04281,ORD07064,12-08-2025,Bank Transfer,28023,Paid
PAY04282,ORD04904,22-05-2025,UPI,462257,paid
PAY04283,ORD06287,27-11-2025,Cash,58194,paid
PAY04284,ORD06916,28-06-2025,Debit Card,62160,Paid
PAY04285,ORD08875,22-08-2025,Credit Card,238615,Partial
PAY04286,ORD04835,21-08-2025,Bank Transfer,394456,Pending
PAY04287,ORD04682,04-02-2025,UPI,76307,Partial
PAY04288,ORD08297,24-08-2025,Credit Card,382184,Pending
PAY04289,ORD05309,09-03-2025,Cash,421499,Paid
PAY04290,ORD01670,20-07-2025,Cash,342931,Pending
PAY04291,ORD04629,06-11-2025,Debit Card,365108,Partial
PAY04292,ORD09240,26-07-2025,Cash,98748,Partial
PAY04293,ORD01888,09-02-2025,Credit Card,123678,paid
PAY04294,ORD01643,15-02-2025,Credit Card,146728,Partial
PAY04295,ORD05942,18-05-2025,Debit Card,7270,Pending
PAY04296,ORD05385,03-05-2025,Debit Card,122201,Paid
PAY04297,ORD06691,23-02-2025,UPI,441748,Partial
PAY04298,ORD02221,13-04-2025,Bank Transfer,139001,paid
PAY04299,ORD04494,28-12-2025,UPI,109294,Pending
PAY04300,ORD08151,06-11-2025,Credit Card,259667,Partial
PAY04301,ORD01882,17-04-2025,Bank Transfer,111884,Partial
PAY04302,ORD08994,07-08-2025,Credit Card,61327,Pending
PAY04303,ORD00731,04-07-2025,Credit Card,115140,Pending
PAY04304,ORD06212,09-01-2025,Bank Transfer,381060,Pending
PAY04305,ORD08259,22-08-2025,UPI,109121,Partial
PAY04306,ORD06015,04-07-2025,Credit Card,81425,Pending
PAY04307,ORD03203,07-04-2025,Bank Transfer,290900,Pending
PAY04308,ORD07357,06-03-2025,UPI,488238,Pending
PAY04309,ORD07689,27-03-2025,Credit Card,468459,Paid
PAY04310,ORD08191,18-06-2025,Debit Card,485504,Pending
PAY04311,ORD04631,16-09-2025,UPI,150667,Pending
PAY04312,ORD04763,02-07-2025,Debit Card,88059,Partial
PAY04313,ORD00465,06-12-2025,UPI,306363,Paid
PAY04314,ORD07109,03-02-2025,Bank Transfer,178026,paid
PAY04315,ORD01011,11-06-2025,Credit Card,443991,Pending
PAY04316,ORD08963,06-09-2025,Debit Card,6995,Paid
PAY04317,ORD03111,01-03-2025,Cash,212931,Pending
PAY04318,ORD04078,18-03-2025,Debit Card,469643,Pending
PAY04319,ORD01390,03-12-2025,Bank Transfer,276558,Partial
PAY04320,ORD07003,21-08-2025,Cash,40815,Pending
PAY04321,ORD01217,18-04-2025,Cash,319515,Paid
PAY04322,ORD03924,14-10-2025,Cash,476009,paid
PAY04323,ORD09905,22-05-2025,Credit Card,488244,Pending
PAY04324,ORD05681,15-03-2025,Credit Card,158273,Pending
PAY04325,ORD04726,18-02-2025,UPI,289075,Paid
PAY04326,ORD07435,16-08-2025,Credit Card,300458,Pending
PAY04327,ORD03095,04-08-2025,Debit Card,474767,Paid
PAY04328,ORD09295,11-07-2025,Bank Transfer,353532,Pending
PAY04329,ORD09299,23-01-2025,UPI,453089,Paid
PAY04330,ORD03910,15-12-2025,Cash,259105,Pending
PAY04331,ORD02909,16-03-2025,Bank Transfer,39815,paid
PAY04332,ORD05954,06-01-2025,Debit Card,453771,Partial
PAY04333,ORD07910,12-02-2025,UPI,90639,Paid
PAY04334,ORD04668,13-08-2025,Debit Card,373758,Partial
PAY04335,ORD04848,17-09-2025,Debit Card,168873,Pending
PAY04336,ORD09895,11-09-2025,Bank Transfer,429966,Partial
PAY04337,ORD05931,13-05-2025,UPI,29101,Pending
PAY04338,ORD04210,14-10-2025,Debit Card,133831,paid
PAY04339,ORD04829,13-07-2025,Bank Transfer,58164,Paid
PAY04340,ORD05304,11-03-2025,Cash,217891,paid
PAY04341,ORD02363,03-09-2025,Bank Transfer,181796,Partial
PAY04342,ORD03814,22-04-2025,Debit Card,352068,Partial
PAY04343,ORD07346,17-10-2025,Credit Card,392390,Pending
PAY04344,ORD07391,21-01-2025,Cash,153154,Pending
PAY04345,ORD02424,19-07-2025,Bank Transfer,78357,paid
PAY04346,ORD03116,27-09-2025,UPI,314571,paid
PAY04347,ORD06935,08-07-2025,UPI,76329,Paid
PAY04348,ORD05755,03-03-2025,UPI,116733,Pending
PAY04349,ORD08324,10-05-2025,Bank Transfer,180659,Partial
PAY04350,ORD09025,02-01-2025,Cash,167680,Pending
PAY04351,ORD08326,12-11-2025,Debit Card,125211,Pending
PAY04352,ORD08988,19-07-2025,UPI,187420,Pending
PAY04353,ORD07735,22-03-2025,Cash,342860,paid
PAY04354,ORD06118,27-03-2025,Cash,277355,Paid
PAY04355,ORD07187,02-12-2025,Bank Transfer,272429,Pending
PAY04356,ORD01889,25-10-2025,UPI,103459,Pending
PAY04357,ORD05044,03-05-2025,Credit Card,300124,Partial
PAY04358,ORD02786,04-11-2025,UPI,163127,Paid
PAY04359,ORD09893,02-05-2025,Debit Card,306545,Partial
PAY04360,ORD04327,11-01-2025,Credit Card,424783,Partial
PAY04361,ORD06663,01-09-2025,Cash,263534,Partial
PAY04362,ORD04035,22-07-2025,Debit Card,486146,Paid
PAY04363,ORD04570,11-07-2025,Debit Card,464518,Partial
PAY04364,ORD05556,02-10-2025,UPI,182680,Paid
PAY04365,ORD08266,13-03-2025,Credit Card,292916,Partial
PAY04366,ORD04542,04-05-2025,Debit Card,170885,Pending
PAY04367,ORD07689,17-03-2025,Cash,365581,paid
PAY04368,ORD08702,15-01-2025,UPI,18530,paid
PAY04369,ORD01033,05-03-2025,Cash,338177,paid
PAY04370,ORD04799,22-09-2025,Credit Card,229301,Paid
PAY04371,ORD02176,21-06-2025,Debit Card,230579,Paid
PAY04372,ORD04650,13-10-2025,UPI,268643,Partial
PAY04373,ORD01662,07-03-2025,UPI,186228,Partial
PAY04374,ORD07372,24-08-2025,Cash,477966,paid
PAY04375,ORD05184,25-09-2025,UPI,27057,Partial
PAY04376,ORD03271,19-04-2025,Credit Card,170678,Pending
PAY04377,ORD06036,24-01-2025,Debit Card,153793,paid
PAY04378,ORD06424,01-07-2025,UPI,481682,Pending
PAY04379,ORD07342,12-12-2025,Debit Card,393956,Pending
PAY04380,ORD03773,27-10-2025,Bank Transfer,55605,Pending
PAY04381,ORD01243,02-11-2025,UPI,74371,Paid
PAY04382,ORD02277,08-02-2025,Cash,312877,Paid
PAY04383,ORD07541,09-05-2025,Bank Transfer,270796,Paid
PAY04384,ORD07891,12-11-2025,Credit Card,30834,paid
PAY04385,ORD08859,28-02-2025,Cash,365488,paid
PAY04386,ORD08345,23-05-2025,Debit Card,278092,Paid
PAY04387,ORD00734,19-03-2025,Bank Transfer,162126,paid
PAY04388,ORD03222,25-05-2025,Debit Card,136374,paid
PAY04389,ORD00544,15-09-2025,Bank Transfer,429172,paid
PAY04390,ORD00022,09-10-2025,Credit Card,369363,Paid
PAY04391,ORD01959,01-06-2025,Debit Card,298279,Pending
PAY04392,ORD09338,15-04-2025,Credit Card,89933,Pending
PAY04393,ORD04779,28-12-2025,Debit Card,323221,Paid
PAY04394,ORD09502,13-02-2025,UPI,6443,paid
PAY04395,ORD06100,03-05-2025,Cash,436477,Partial
PAY04396,ORD06578,08-06-2025,Credit Card,204565,Pending
PAY04397,ORD05597,16-05-2025,UPI,344351,paid
PAY04398,ORD04299,11-06-2025,Credit Card,439883,Pending
PAY04399,ORD06221,27-08-2025,UPI,430637,Partial
PAY04400,ORD04462,24-03-2025,Credit Card,197192,Pending
PAY04401,ORD06291,21-11-2025,Cash,63296,Pending
PAY04402,ORD06142,26-02-2025,Bank Transfer,421672,Pending
PAY04403,ORD01216,25-06-2025,Cash,46768,Paid
PAY04404,ORD00420,05-04-2025,Credit Card,152137,Paid
PAY04405,ORD03292,03-05-2025,Debit Card,288754,paid
PAY04406,ORD03829,13-04-2025,UPI,41472,Pending
PAY04407,ORD01237,18-07-2025,UPI,164720,Paid
PAY04408,ORD08717,11-07-2025,UPI,440921,Paid
PAY04409,ORD06133,08-02-2025,UPI,134581,Paid
PAY04410,ORD01446,13-11-2025,Debit Card,121937,Pending
PAY04411,ORD01917,05-01-2025,UPI,486141,paid
PAY04412,ORD00274,13-06-2025,Bank Transfer,498378,paid
PAY04413,ORD07604,19-06-2025,UPI,322891,Pending
PAY04414,ORD09290,04-01-2025,UPI,140062,paid
PAY04415,ORD05902,22-11-2025,Credit Card,173528,Pending
PAY04416,ORD09784,10-09-2025,Bank Transfer,174976,Pending
PAY04417,ORD01662,28-07-2025,Credit Card,226100,paid
PAY04418,ORD07997,18-02-2025,Bank Transfer,428890,Partial
PAY04419,ORD05832,28-02-2025,Debit Card,79494,Pending
PAY04420,ORD04303,13-06-2025,Cash,148114,Pending
PAY04421,ORD00997,20-10-2025,Credit Card,212588,Pending
PAY04422,ORD07335,12-03-2025,Debit Card,403011,Pending
PAY04423,ORD02867,04-09-2025,UPI,130144,Paid
PAY04424,ORD07433,05-03-2025,Bank Transfer,131552,Partial
PAY04425,ORD09353,08-08-2025,Credit Card,200690,Partial
PAY04426,ORD03160,18-11-2025,Debit Card,484544,Pending
PAY04427,ORD03555,06-06-2025,UPI,56744,Partial
PAY04428,ORD05273,04-02-2025,Debit Card,416581,Paid
PAY04429,ORD01651,26-06-2025,Bank Transfer,391727,Paid
PAY04430,ORD03945,16-09-2025,Debit Card,44704,Partial
PAY04431,ORD01827,12-04-2025,UPI,249867,Paid
PAY04432,ORD07208,18-07-2025,Bank Transfer,289817,Partial
PAY04433,ORD01579,17-06-2025,Credit Card,451017,Paid
PAY04434,ORD05844,24-08-2025,Bank Transfer,88375,Partial
PAY04435,ORD08432,12-02-2025,Debit Card,273283,Pending
PAY04436,ORD00268,01-06-2025,Credit Card,60641,Partial
PAY04437,ORD05057,09-06-2025,Credit Card,171114,Partial
PAY04438,ORD09240,09-04-2025,Cash,296408,Pending
PAY04439,ORD04715,08-12-2025,Cash,260936,Paid
PAY04440,ORD04199,21-05-2025,Bank Transfer,236129,Partial
PAY04441,ORD03203,05-10-2025,Debit Card,139799,Paid
PAY04442,ORD06639,17-10-2025,Credit Card,490621,Pending
PAY04443,ORD09531,28-07-2025,Debit Card,264666,Partial
PAY04444,ORD07998,28-03-2025,UPI,199976,Pending
PAY04445,ORD08762,19-03-2025,Bank Transfer,135016,paid
PAY04446,ORD08392,28-05-2025,UPI,180851,Paid
PAY04447,ORD05183,01-07-2025,Credit Card,492482,Partial
PAY04448,ORD05449,01-03-2025,Credit Card,461843,Paid
PAY04449,ORD06178,03-10-2025,Debit Card,291530,paid
PAY04450,ORD01797,02-06-2025,Bank Transfer,238859,Pending
PAY04451,ORD07918,13-10-2025,UPI,328860,Paid
PAY04452,ORD00621,11-06-2025,Cash,244731,paid
PAY04453,ORD00206,23-12-2025,Credit Card,144518,Paid
PAY04454,ORD09965,08-06-2025,Debit Card,212054,paid
PAY04455,ORD05238,27-05-2025,Credit Card,255641,Pending
PAY04456,ORD07223,07-08-2025,Cash,218770,Partial
PAY04457,ORD01965,06-01-2025,Bank Transfer,53276,Partial
PAY04458,ORD09099,16-01-2025,UPI,84892,paid
PAY04459,ORD09186,15-06-2025,Bank Transfer,113996,Paid
PAY04460,ORD04442,08-03-2025,Credit Card,135609,Paid
PAY04461,ORD08697,10-05-2025,UPI,286471,paid
PAY04462,ORD06114,23-05-2025,Debit Card,187388,Pending
PAY04463,ORD00352,01-03-2025,Debit Card,414665,Paid
PAY04464,ORD08990,28-08-2025,Credit Card,133727,Partial
PAY04465,ORD02475,23-10-2025,Credit Card,20776,paid
PAY04466,ORD04480,25-08-2025,Debit Card,129600,paid
PAY04467,ORD08043,09-06-2025,Cash,358671,Paid
PAY04468,ORD00798,08-10-2025,Debit Card,305027,Paid
PAY04469,ORD00040,19-06-2025,Cash,410203,Partial
PAY04470,ORD06461,27-02-2025,Credit Card,158245,Paid
PAY04471,ORD09869,07-01-2025,UPI,143438,Pending
PAY04472,ORD01898,07-06-2025,Cash,425767,Paid
PAY04473,ORD09846,15-06-2025,Bank Transfer,421097,Partial
PAY04474,ORD01788,22-10-2025,Bank Transfer,327158,Paid
PAY04475,ORD05121,12-03-2025,Credit Card,322796,Pending
PAY04476,ORD05058,13-09-2025,Cash,68878,Partial
PAY04477,ORD07833,26-12-2025,UPI,438573,paid
PAY04478,ORD03106,24-08-2025,Cash,350704,Pending
PAY04479,ORD06339,17-04-2025,Credit Card,97977,Pending
PAY04480,ORD08166,02-04-2025,Cash,240550,paid
PAY04481,ORD09674,06-06-2025,Credit Card,253464,Paid
PAY04482,ORD00175,23-08-2025,Debit Card,84407,Pending
PAY04483,ORD04284,09-05-2025,Bank Transfer,15483,paid
PAY04484,ORD06235,23-06-2025,Cash,29772,Partial
PAY04485,ORD07706,09-12-2025,Bank Transfer,292753,Pending
PAY04486,ORD05767,20-04-2025,Debit Card,126085,paid
PAY04487,ORD02785,03-07-2025,Bank Transfer,201363,Pending
PAY04488,ORD09016,04-02-2025,UPI,141153,paid
PAY04489,ORD09517,23-03-2025,Cash,160798,Partial
PAY04490,ORD02678,06-10-2025,UPI,269889,Partial
PAY04491,ORD08191,21-09-2025,Debit Card,210833,Pending
PAY04492,ORD07857,02-12-2025,Cash,390467,Paid
PAY04493,ORD01888,16-09-2025,Bank Transfer,45880,Pending
PAY04494,ORD03802,24-05-2025,UPI,53168,paid
PAY04495,ORD01654,09-01-2025,UPI,198229,Partial
PAY04496,ORD00045,16-11-2025,Cash,477829,Paid
PAY04497,ORD06604,20-10-2025,Cash,57789,Pending
PAY04498,ORD03533,01-09-2025,Bank Transfer,148970,Paid
PAY04499,ORD00123,06-05-2025,Credit Card,216436,paid
PAY04500,ORD09686,10-01-2025,Bank Transfer,233996,Paid
PAY04501,ORD06597,17-10-2025,Bank Transfer,343582,Pending
PAY04502,ORD05242,17-06-2025,Bank Transfer,447141,Pending
PAY04503,ORD09673,12-05-2025,UPI,337641,Pending
PAY04504,ORD06159,23-10-2025,UPI,69294,Pending
PAY04505,ORD05013,22-06-2025,Bank Transfer,450258,paid
PAY04506,ORD02302,13-01-2025,Debit Card,128314,Partial
PAY04507,ORD03376,09-11-2025,UPI,471471,Partial
PAY04508,ORD02843,10-03-2025,UPI,89478,Pending
PAY04509,ORD06037,23-03-2025,UPI,236937,Partial
PAY04510,ORD04395,24-03-2025,Credit Card,350844,Pending
PAY04511,ORD01677,01-06-2025,Cash,434213,Pending
PAY04512,ORD00225,17-01-2025,Bank Transfer,344316,paid
PAY04513,ORD09428,05-05-2025,Debit Card,430508,Paid
PAY04514,ORD06219,07-04-2025,Bank Transfer,280365,paid
PAY04515,ORD05836,03-03-2025,Debit Card,314560,Partial
PAY04516,ORD09624,09-09-2025,UPI,478204,Pending
PAY04517,ORD08004,06-11-2025,Bank Transfer,478688,Partial
PAY04518,ORD04688,28-07-2025,Bank Transfer,375615,Paid
PAY04519,ORD00525,19-09-2025,Cash,47248,paid
PAY04520,ORD04999,12-04-2025,Credit Card,261422,Paid
PAY04521,ORD00535,02-09-2025,Debit Card,250794,Paid
PAY04522,ORD04059,16-05-2025,UPI,19437,Paid
PAY04523,ORD03158,08-04-2025,Bank Transfer,223744,paid
PAY04524,ORD06468,16-04-2025,Credit Card,287139,Pending
PAY04525,ORD03299,25-07-2025,Cash,407497,paid
PAY04526,ORD08092,08-06-2025,Cash,95262,Pending
PAY04527,ORD07094,15-04-2025,Bank Transfer,113963,Paid
PAY04528,ORD00457,17-12-2025,Cash,300415,paid
PAY04529,ORD02280,17-07-2025,Cash,74835,Partial
PAY04530,ORD01196,08-10-2025,Debit Card,188022,paid
PAY04531,ORD00014,20-01-2025,Credit Card,453204,Paid
PAY04532,ORD09045,17-11-2025,Cash,384992,paid
PAY04533,ORD01158,09-11-2025,Debit Card,301168,Pending
PAY04534,ORD05057,15-11-2025,Debit Card,16410,Partial
PAY04535,ORD01094,07-12-2025,Credit Card,233879,paid
PAY04536,ORD03717,04-11-2025,Credit Card,407499,Partial
PAY04537,ORD03482,16-10-2025,UPI,123280,Partial
PAY04538,ORD00047,12-04-2025,Bank Transfer,6193,Paid
PAY04539,ORD01977,10-09-2025,Credit Card,167569,Paid
PAY04540,ORD09274,25-12-2025,Cash,316465,Pending
PAY04541,ORD02667,06-02-2025,Credit Card,317294,Paid
PAY04542,ORD04299,07-07-2025,Cash,175811,Partial
PAY04543,ORD00698,08-06-2025,UPI,50937,paid
PAY04544,ORD04788,27-06-2025,UPI,181206,Paid
PAY04545,ORD05631,14-11-2025,Cash,344406,paid
PAY04546,ORD03925,07-12-2025,UPI,121418,paid
PAY04547,ORD04721,03-09-2025,UPI,95056,Paid
PAY04548,ORD09791,07-11-2025,Bank Transfer,248308,Pending
PAY04549,ORD05117,23-03-2025,UPI,350401,paid
PAY04550,ORD03104,25-10-2025,UPI,137363,Paid
PAY04551,ORD06633,18-08-2025,Credit Card,385126,Pending
PAY04552,ORD04705,24-09-2025,Bank Transfer,488867,Partial
PAY04553,ORD04879,10-04-2025,Cash,284780,Partial
PAY04554,ORD01556,09-02-2025,Debit Card,336582,Paid
PAY04555,ORD03092,01-12-2025,Credit Card,325623,Pending
PAY04556,ORD02807,07-11-2025,Debit Card,250417,paid
PAY04557,ORD01088,13-12-2025,Debit Card,21577,paid
PAY04558,ORD07394,10-08-2025,Cash,456741,paid
PAY04559,ORD01978,14-08-2025,Credit Card,240511,Partial
PAY04560,ORD05857,17-03-2025,Bank Transfer,36735,Pending
PAY04561,ORD01347,08-09-2025,Credit Card,183209,Pending
PAY04562,ORD07369,20-06-2025,UPI,360351,Paid
PAY04563,ORD09637,20-03-2025,Debit Card,425768,Pending
PAY04564,ORD08801,03-10-2025,Debit Card,249699,Paid
PAY04565,ORD01273,14-01-2025,Bank Transfer,336834,Pending
PAY04566,ORD09538,11-07-2025,Debit Card,388724,Pending
PAY04567,ORD02397,11-05-2025,Cash,309769,paid
PAY04568,ORD02244,18-02-2025,Bank Transfer,487192,Partial
PAY04569,ORD00544,02-08-2025,UPI,80551,Pending
PAY04570,ORD09375,22-11-2025,Cash,356203,Pending
PAY04571,ORD09549,19-05-2025,Cash,281254,paid
PAY04572,ORD03288,02-12-2025,Credit Card,29551,paid
PAY04573,ORD01033,27-05-2025,Credit Card,122857,Paid
PAY04574,ORD06795,11-03-2025,Credit Card,57872,Partial
PAY04575,ORD04733,09-10-2025,UPI,101408,Pending
PAY04576,ORD01750,01-07-2025,UPI,35716,paid
PAY04577,ORD07264,20-11-2025,Bank Transfer,340757,paid
PAY04578,ORD00509,08-11-2025,UPI,195693,Partial
PAY04579,ORD02757,13-06-2025,Cash,16350,paid
PAY04580,ORD08341,13-02-2025,Cash,108362,Partial
PAY04581,ORD06362,25-04-2025,Debit Card,117384,Pending
PAY04582,ORD07519,04-12-2025,Cash,282165,paid
PAY04583,ORD08520,19-09-2025,Debit Card,136387,Paid
PAY04584,ORD04062,18-08-2025,UPI,55405,Partial
PAY04585,ORD02192,28-01-2025,UPI,485819,Partial
PAY04586,ORD02713,11-08-2025,Bank Transfer,319474,Pending
PAY04587,ORD05604,28-05-2025,Cash,395107,Partial
PAY04588,ORD04296,25-10-2025,Credit Card,397811,Partial
PAY04589,ORD00909,23-09-2025,Credit Card,429140,Pending
PAY04590,ORD04030,07-08-2025,Credit Card,225682,Paid
PAY04591,ORD05759,04-07-2025,UPI,376280,paid
PAY04592,ORD08908,19-01-2025,Bank Transfer,347497,Paid
PAY04593,ORD08565,13-07-2025,UPI,397867,paid
PAY04594,ORD04919,15-11-2025,Debit Card,373051,Pending
PAY04595,ORD01514,27-11-2025,UPI,49598,paid
PAY04596,ORD00155,01-12-2025,UPI,172620,Pending
PAY04597,ORD08491,09-06-2025,Cash,28816,Pending
PAY04598,ORD07124,18-09-2025,Bank Transfer,125700,Pending
PAY04599,ORD08154,26-05-2025,Bank Transfer,173610,Partial
PAY04600,ORD09763,06-02-2025,Debit Card,138801,Paid
PAY04601,ORD03529,15-07-2025,UPI,285012,paid
PAY04602,ORD06847,16-05-2025,Credit Card,233578,Paid
PAY04603,ORD02363,05-01-2025,Credit Card,71549,Pending
PAY04604,ORD02131,21-12-2025,Bank Transfer,274095,Paid
PAY04605,ORD03201,18-04-2025,Credit Card,51699,Paid
PAY04606,ORD09406,13-05-2025,Debit Card,479361,paid
PAY04607,ORD07472,01-11-2025,Bank Transfer,308173,Pending
PAY04608,ORD06335,24-09-2025,Bank Transfer,294724,Paid
PAY04609,ORD02009,25-10-2025,Bank Transfer,142794,Paid
PAY04610,ORD09643,22-09-2025,UPI,259626,paid
PAY04611,ORD08043,20-12-2025,Debit Card,132459,Paid
PAY04612,ORD01155,04-01-2025,Credit Card,373717,Pending
PAY04613,ORD07136,05-05-2025,Cash,122073,Partial
PAY04614,ORD05324,01-08-2025,Debit Card,192112,Paid
PAY04615,ORD08682,09-08-2025,Bank Transfer,173360,paid
PAY04616,ORD02223,14-11-2025,Bank Transfer,62970,Pending
PAY04617,ORD04236,15-03-2025,Debit Card,287084,Pending
PAY04618,ORD06116,09-09-2025,Credit Card,286009,Paid
PAY04619,ORD01476,19-06-2025,Cash,449639,Partial
PAY04620,ORD00869,27-11-2025,Bank Transfer,412879,Paid
PAY04621,ORD05150,07-04-2025,Credit Card,133471,Partial
PAY04622,ORD00674,26-12-2025,Bank Transfer,219399,Pending
PAY04623,ORD09012,05-02-2025,Debit Card,193660,paid
PAY04624,ORD03070,10-08-2025,Bank Transfer,343536,paid
PAY04625,ORD01921,23-05-2025,UPI,317378,Partial
PAY04626,ORD00262,09-02-2025,UPI,201740,paid
PAY04627,ORD06525,17-02-2025,Bank Transfer,116306,paid
PAY04628,ORD07809,11-01-2025,Credit Card,5755,paid
PAY04629,ORD06864,12-12-2025,Bank Transfer,78348,Paid
PAY04630,ORD03125,15-12-2025,UPI,374010,Paid
PAY04631,ORD09692,22-06-2025,Debit Card,473510,Paid
PAY04632,ORD05990,08-10-2025,Debit Card,282764,Paid
PAY04633,ORD01580,16-12-2025,Bank Transfer,437846,paid
PAY04634,ORD01091,04-01-2025,Credit Card,345994,Pending
PAY04635,ORD06755,18-03-2025,Cash,461300,Pending
PAY04636,ORD01199,22-07-2025,UPI,289788,paid
PAY04637,ORD05638,25-03-2025,Credit Card,413249,Partial
PAY04638,ORD08100,17-10-2025,Bank Transfer,396123,Pending
PAY04639,ORD05505,23-11-2025,Cash,245497,Pending
PAY04640,ORD05439,03-07-2025,Bank Transfer,386503,paid
PAY04641,ORD03390,17-08-2025,Bank Transfer,22898,paid
PAY04642,ORD00609,27-03-2025,UPI,171095,Partial
PAY04643,ORD06504,08-10-2025,Credit Card,210004,Paid
PAY04644,ORD09917,26-12-2025,Bank Transfer,342507,Pending
PAY04645,ORD00483,17-11-2025,Bank Transfer,498814,paid
PAY04646,ORD07012,16-01-2025,Bank Transfer,178761,Pending
PAY04647,ORD09932,07-09-2025,Credit Card,77989,Pending
PAY04648,ORD01066,12-07-2025,Cash,288692,Paid
PAY04649,ORD02286,16-10-2025,Bank Transfer,354792,Pending
PAY04650,ORD07741,16-03-2025,Debit Card,74815,Paid
PAY04651,ORD03856,06-10-2025,Cash,486844,Partial
PAY04652,ORD05846,08-12-2025,UPI,161260,paid
PAY04653,ORD09451,05-08-2025,Bank Transfer,66066,Paid
PAY04654,ORD02664,06-08-2025,Cash,146567,paid
PAY04655,ORD07638,23-09-2025,Debit Card,383335,Pending
PAY04656,ORD07375,20-02-2025,Debit Card,54012,Paid
PAY04657,ORD03937,06-08-2025,Cash,214031,paid
PAY04658,ORD09590,01-09-2025,Debit Card,39608,Pending
PAY04659,ORD04783,10-11-2025,UPI,217300,Paid
PAY04660,ORD05872,16-03-2025,Debit Card,201913,Paid
PAY04661,ORD08789,24-08-2025,Bank Transfer,108303,Partial
PAY04662,ORD02771,09-06-2025,Debit Card,222572,Pending
PAY04663,ORD06040,22-06-2025,Cash,144128,Pending
PAY04664,ORD09090,14-11-2025,Cash,466552,Paid
PAY04665,ORD03080,08-11-2025,Cash,399079,Pending
PAY04666,ORD01354,03-07-2025,Debit Card,385945,Partial
PAY04667,ORD01095,19-08-2025,Bank Transfer,433494,Paid
PAY04668,ORD00355,27-04-2025,Cash,265497,Paid
PAY04669,ORD09854,26-09-2025,Credit Card,25486,Paid
PAY04670,ORD09968,06-09-2025,UPI,359604,Partial
PAY04671,ORD00839,03-05-2025,UPI,8727,Pending
PAY04672,ORD04097,18-05-2025,Bank Transfer,5103,Pending
PAY04673,ORD09720,19-06-2025,Bank Transfer,469538,Partial
PAY04674,ORD02051,10-04-2025,Cash,144772,Partial
PAY04675,ORD09696,05-09-2025,Credit Card,338225,Paid
PAY04676,ORD01951,19-08-2025,Debit Card,492619,Paid
PAY04677,ORD03940,11-04-2025,Debit Card,318160,Pending
PAY04678,ORD07029,15-03-2025,UPI,461697,Paid
PAY04679,ORD02187,12-09-2025,UPI,302992,Paid
PAY04680,ORD08760,23-12-2025,Bank Transfer,398293,Partial
PAY04681,ORD02419,09-07-2025,Cash,362701,Partial
PAY04682,ORD00206,05-01-2025,Debit Card,171993,Pending
PAY04683,ORD01028,24-01-2025,UPI,175725,Pending
PAY04684,ORD04953,12-11-2025,Debit Card,388090,Pending
PAY04685,ORD07843,23-12-2025,Cash,258100,paid
PAY04686,ORD08515,14-10-2025,Bank Transfer,299760,Paid
PAY04687,ORD02634,02-10-2025,Debit Card,497437,Paid
PAY04688,ORD02321,04-06-2025,Bank Transfer,463982,Pending
PAY04689,ORD08223,28-08-2025,Bank Transfer,237645,Paid
PAY04690,ORD02730,26-02-2025,Cash,454509,paid
PAY04691,ORD04946,06-05-2025,Cash,233036,paid
PAY04692,ORD03365,17-07-2025,Bank Transfer,231478,Pending
PAY04693,ORD02126,18-05-2025,UPI,127437,paid
PAY04694,ORD09088,04-01-2025,Bank Transfer,370306,Partial
PAY04695,ORD01527,21-08-2025,Bank Transfer,492885,Pending
PAY04696,ORD05866,03-02-2025,Debit Card,388510,Pending
PAY04697,ORD06137,22-11-2025,Cash,111583,Partial
PAY04698,ORD08034,18-10-2025,UPI,84792,paid
PAY04699,ORD05328,16-09-2025,Bank Transfer,243170,Pending
PAY04700,ORD06003,07-04-2025,Bank Transfer,93022,paid
PAY04701,ORD02641,10-09-2025,Cash,18885,Pending
PAY04702,ORD02323,09-01-2025,Bank Transfer,209088,Partial
PAY04703,ORD08500,15-08-2025,Credit Card,489886,Pending
PAY04704,ORD02856,05-06-2025,Credit Card,49412,Pending
PAY04705,ORD05444,03-06-2025,Cash,110747,Pending
PAY04706,ORD03776,02-02-2025,Cash,483472,paid
PAY04707,ORD05849,02-08-2025,Credit Card,130298,Partial
PAY04708,ORD08943,04-01-2025,UPI,262311,Paid
PAY04709,ORD07679,16-03-2025,Cash,60261,Partial
PAY04710,ORD07952,15-10-2025,Cash,440562,Pending
PAY04711,ORD06966,18-01-2025,Credit Card,61726,paid
PAY04712,ORD04441,24-09-2025,Debit Card,209037,paid
PAY04713,ORD05897,18-09-2025,Debit Card,353889,Pending
PAY04714,ORD04933,13-04-2025,Cash,400227,paid
PAY04715,ORD08542,25-10-2025,Cash,274170,Partial
PAY04716,ORD09516,19-09-2025,Credit Card,199563,Pending
PAY04717,ORD08861,24-01-2025,Debit Card,434384,paid
PAY04718,ORD03692,07-11-2025,UPI,56164,Partial
PAY04719,ORD09222,12-08-2025,Credit Card,83346,paid
PAY04720,ORD04296,04-02-2025,Bank Transfer,411591,Pending
PAY04721,ORD08620,10-03-2025,Bank Transfer,452532,Pending
PAY04722,ORD06208,22-06-2025,Bank Transfer,97243,Paid
PAY04723,ORD04057,10-06-2025,UPI,312892,Pending
PAY04724,ORD00595,17-03-2025,Debit Card,483549,Partial
PAY04725,ORD02995,06-05-2025,Credit Card,303372,Paid
PAY04726,ORD06031,24-05-2025,Debit Card,459583,paid
PAY04727,ORD07346,07-09-2025,Bank Transfer,346739,Partial
PAY04728,ORD04547,04-08-2025,Bank Transfer,364892,Pending
PAY04729,ORD02796,12-04-2025,Bank Transfer,423734,Partial
PAY04730,ORD02667,11-02-2025,Debit Card,155650,Pending
PAY04731,ORD05036,18-11-2025,Debit Card,182411,Partial
PAY04732,ORD02114,18-04-2025,Debit Card,469005,paid
PAY04733,ORD05612,18-05-2025,UPI,120915,paid
PAY04734,ORD00388,26-10-2025,Debit Card,143850,Partial
PAY04735,ORD01280,20-12-2025,Credit Card,242401,paid
PAY04736,ORD09653,23-02-2025,Debit Card,316776,Pending
PAY04737,ORD02415,05-01-2025,Credit Card,48542,Partial
PAY04738,ORD07950,07-07-2025,Credit Card,473773,paid
PAY04739,ORD07566,28-12-2025,Credit Card,74647,Pending
PAY04740,ORD08472,24-02-2025,UPI,299978,Paid
PAY04741,ORD03386,24-12-2025,UPI,178276,Pending
PAY04742,ORD03545,23-08-2025,Bank Transfer,270094,paid
PAY04743,ORD04054,14-02-2025,Credit Card,402443,Paid
PAY04744,ORD00227,05-04-2025,UPI,280938,paid
PAY04745,ORD06373,25-04-2025,Debit Card,231611,paid
PAY04746,ORD03650,11-04-2025,Debit Card,302573,paid
PAY04747,ORD00091,07-10-2025,Credit Card,375935,Paid
PAY04748,ORD00308,13-02-2025,Bank Transfer,447513,Pending
PAY04749,ORD01318,26-05-2025,Debit Card,34674,Pending
PAY04750,ORD08858,06-05-2025,Debit Card,437267,paid
PAY04751,ORD07557,25-11-2025,Debit Card,459871,Partial
PAY04752,ORD00845,20-12-2025,UPI,277559,Partial
PAY04753,ORD00026,07-07-2025,Credit Card,88996,Partial
PAY04754,ORD05307,14-12-2025,Cash,456831,Partial
PAY04755,ORD00412,19-07-2025,UPI,461470,Pending
PAY04756,ORD04515,14-02-2025,UPI,162177,Paid
PAY04757,ORD08321,19-09-2025,Debit Card,486944,Partial
PAY04758,ORD00428,16-10-2025,Cash,490127,Paid
PAY04759,ORD09455,26-11-2025,Credit Card,202569,Partial
PAY04760,ORD04124,18-01-2025,Credit Card,105117,Pending
PAY04761,ORD03745,07-03-2025,Cash,347056,Pending
PAY04762,ORD04299,05-05-2025,UPI,385703,Pending
PAY04763,ORD06002,20-09-2025,Debit Card,26105,Partial
PAY04764,ORD07212,09-04-2025,UPI,408592,Paid
PAY04765,ORD00525,05-12-2025,Credit Card,46236,paid
PAY04766,ORD00703,19-09-2025,Credit Card,39066,Paid
PAY04767,ORD01953,02-10-2025,Cash,118158,Paid
PAY04768,ORD04699,16-11-2025,UPI,51483,Paid
PAY04769,ORD07695,27-08-2025,Credit Card,265200,Partial
PAY04770,ORD09646,02-08-2025,Cash,15049,Partial
PAY04771,ORD06281,08-02-2025,UPI,485426,paid
PAY04772,ORD03033,03-02-2025,Cash,497824,Paid
PAY04773,ORD08905,03-06-2025,Cash,280540,paid
PAY04774,ORD06368,10-09-2025,UPI,233965,Partial
PAY04775,ORD09643,05-12-2025,Credit Card,33584,Paid
PAY04776,ORD03196,12-07-2025,Credit Card,333389,Pending
PAY04777,ORD08587,04-03-2025,Debit Card,17792,paid
PAY04778,ORD09528,04-05-2025,UPI,261869,Partial
PAY04779,ORD07689,03-08-2025,UPI,135676,Paid
PAY04780,ORD01656,01-08-2025,Bank Transfer,177200,Paid
PAY04781,ORD04424,14-09-2025,Credit Card,391625,paid
PAY04782,ORD07458,13-06-2025,Credit Card,261330,Partial
PAY04783,ORD05189,21-12-2025,UPI,445264,Paid
PAY04784,ORD01398,18-08-2025,UPI,346026,Pending
PAY04785,ORD02431,05-03-2025,Credit Card,280104,paid
PAY04786,ORD05748,09-12-2025,Credit Card,329049,Partial
PAY04787,ORD06788,28-11-2025,Bank Transfer,342182,Paid
PAY04788,ORD04452,11-03-2025,Bank Transfer,231383,Partial
PAY04789,ORD09425,10-12-2025,UPI,103749,paid
PAY04790,ORD04829,16-09-2025,Debit Card,467695,Pending
PAY04791,ORD05795,03-10-2025,Bank Transfer,116716,Pending
PAY04792,ORD00524,03-11-2025,Credit Card,198775,Partial
PAY04793,ORD05415,24-06-2025,Cash,186667,Partial
PAY04794,ORD03247,05-04-2025,UPI,52360,paid
PAY04795,ORD08486,24-01-2025,Bank Transfer,252577,Paid
PAY04796,ORD00563,09-02-2025,UPI,370401,Pending
PAY04797,ORD07722,03-03-2025,UPI,468903,Partial
PAY04798,ORD04463,03-10-2025,Debit Card,236195,Partial
PAY04799,ORD03433,22-07-2025,UPI,290854,Partial
PAY04800,ORD08959,07-01-2025,UPI,230796,Partial
PAY04801,ORD09106,27-02-2025,Debit Card,99534,Paid
PAY04802,ORD00605,02-10-2025,Cash,499621,Partial
PAY04803,ORD08160,13-01-2025,Debit Card,440678,Pending
PAY04804,ORD08009,25-06-2025,Bank Transfer,178825,Pending
PAY04805,ORD05013,03-01-2025,UPI,411142,Paid
PAY04806,ORD00554,08-05-2025,UPI,351459,Paid
PAY04807,ORD07405,26-07-2025,Debit Card,149172,paid
PAY04808,ORD01953,22-03-2025,Bank Transfer,116971,Pending
PAY04809,ORD03696,13-07-2025,Bank Transfer,495371,Partial
PAY04810,ORD09650,28-04-2025,Credit Card,102055,Partial
PAY04811,ORD04036,16-06-2025,UPI,332068,Paid
PAY04812,ORD02110,07-11-2025,Cash,361849,paid
PAY04813,ORD09899,21-02-2025,Debit Card,253734,Paid
PAY04814,ORD08916,27-06-2025,Bank Transfer,151915,Partial
PAY04815,ORD03952,17-01-2025,Bank Transfer,398402,paid
PAY04816,ORD05881,03-02-2025,Cash,133974,Partial
PAY04817,ORD05347,14-03-2025,Cash,100109,Partial
PAY04818,ORD03764,25-11-2025,Debit Card,213680,Partial
PAY04819,ORD06927,11-04-2025,Debit Card,5386,paid
PAY04820,ORD07724,17-09-2025,Debit Card,192241,Partial
PAY04821,ORD08189,12-10-2025,Credit Card,298613,Partial
PAY04822,ORD07941,22-05-2025,Credit Card,40807,Partial
PAY04823,ORD09232,27-09-2025,Cash,30979,Paid
PAY04824,ORD05892,15-04-2025,Debit Card,448341,Pending
PAY04825,ORD05212,28-04-2025,Bank Transfer,377620,Partial
PAY04826,ORD05451,04-05-2025,Credit Card,262249,paid
PAY04827,ORD06970,25-07-2025,Debit Card,51711,Paid
PAY04828,ORD04027,12-03-2025,UPI,60324,Pending
PAY04829,ORD03983,10-07-2025,Cash,302240,paid
PAY04830,ORD01901,18-11-2025,Bank Transfer,465665,paid
PAY04831,ORD06958,27-11-2025,Debit Card,168259,Paid
PAY04832,ORD07117,25-05-2025,UPI,424170,paid
PAY04833,ORD01824,19-08-2025,Bank Transfer,217457,paid
PAY04834,ORD06224,18-07-2025,Cash,258546,paid
PAY04835,ORD01163,17-09-2025,UPI,230349,Paid
PAY04836,ORD08930,14-10-2025,UPI,312010,Pending
PAY04837,ORD07773,28-11-2025,UPI,426075,Paid
PAY04838,ORD02990,16-02-2025,Cash,132335,Paid
PAY04839,ORD04595,09-07-2025,Cash,53111,Paid
PAY04840,ORD08042,19-01-2025,UPI,167393,paid
PAY04841,ORD00143,17-05-2025,Debit Card,122978,paid
PAY04842,ORD04872,27-10-2025,Debit Card,196716,Pending
PAY04843,ORD06962,08-04-2025,Cash,472345,Partial
PAY04844,ORD01145,12-11-2025,Credit Card,229305,Partial
PAY04845,ORD07967,09-01-2025,Debit Card,321659,Pending
PAY04846,ORD03069,23-03-2025,Cash,484750,Partial
PAY04847,ORD03227,07-09-2025,Cash,16781,Pending
PAY04848,ORD00835,05-07-2025,Bank Transfer,149639,paid
PAY04849,ORD02916,18-05-2025,Cash,216881,Pending
PAY04850,ORD04665,12-05-2025,Credit Card,422435,Partial
PAY04851,ORD09642,21-09-2025,Bank Transfer,283163,Pending
PAY04852,ORD05873,08-06-2025,Bank Transfer,94630,paid
PAY04853,ORD08237,04-08-2025,Cash,241396,Paid
PAY04854,ORD00781,04-07-2025,UPI,381332,Paid
PAY04855,ORD04410,06-02-2025,Debit Card,481397,Pending
PAY04856,ORD09573,23-10-2025,Credit Card,380398,paid
PAY04857,ORD06704,26-02-2025,Debit Card,153089,Pending
PAY04858,ORD02886,07-07-2025,Debit Card,111967,Partial
PAY04859,ORD09915,09-08-2025,Bank Transfer,10245,Pending
PAY04860,ORD08064,20-12-2025,UPI,179669,Partial
PAY04861,ORD02324,01-07-2025,Credit Card,407748,Partial
PAY04862,ORD01070,13-10-2025,Credit Card,281604,Partial
PAY04863,ORD05230,10-03-2025,Cash,453015,Partial
PAY04864,ORD08667,16-01-2025,Cash,499684,Paid
PAY04865,ORD02739,25-08-2025,UPI,50556,Partial
PAY04866,ORD06700,03-04-2025,Credit Card,465906,Partial
PAY04867,ORD05248,18-02-2025,Cash,367119,Paid
PAY04868,ORD08821,09-06-2025,Cash,335960,paid
PAY04869,ORD08379,04-06-2025,UPI,319561,Partial
PAY04870,ORD00424,14-09-2025,Debit Card,321460,Partial
PAY04871,ORD00820,03-09-2025,Bank Transfer,350393,Partial
PAY04872,ORD02876,20-03-2025,Credit Card,15733,Paid
PAY04873,ORD05680,25-06-2025,UPI,214951,Pending
PAY04874,ORD06738,09-06-2025,UPI,126971,Partial
PAY04875,ORD02082,27-07-2025,Debit Card,489022,Pending
PAY04876,ORD06935,24-02-2025,UPI,368921,Paid
PAY04877,ORD02065,13-05-2025,Cash,280433,Pending
PAY04878,ORD07242,12-10-2025,Bank Transfer,491504,Pending
PAY04879,ORD08479,16-01-2025,Bank Transfer,314349,paid
PAY04880,ORD05047,15-10-2025,Debit Card,404821,paid
PAY04881,ORD08400,26-04-2025,UPI,213639,Partial
PAY04882,ORD08641,26-11-2025,UPI,95497,paid
PAY04883,ORD09203,19-08-2025,Bank Transfer,436369,Pending
PAY04884,ORD06843,12-07-2025,Credit Card,227846,Pending
PAY04885,ORD06106,18-06-2025,Credit Card,165659,paid
PAY04886,ORD03264,23-03-2025,Credit Card,8427,Partial
PAY04887,ORD09191,18-02-2025,Bank Transfer,458874,Partial
PAY04888,ORD01914,07-08-2025,Cash,402821,Partial
PAY04889,ORD02647,14-05-2025,Credit Card,85874,Partial
PAY04890,ORD06018,08-06-2025,Debit Card,487519,Pending
PAY04891,ORD08680,21-04-2025,Bank Transfer,418152,Paid
PAY04892,ORD02978,15-04-2025,Cash,77187,paid
PAY04893,ORD00632,18-09-2025,UPI,440871,Partial
PAY04894,ORD02171,20-02-2025,Bank Transfer,220446,Paid
PAY04895,ORD07438,27-06-2025,Credit Card,410445,Paid
PAY04896,ORD09431,22-02-2025,UPI,360728,paid
PAY04897,ORD08044,14-05-2025,Cash,268245,paid
PAY04898,ORD09988,22-06-2025,Credit Card,470918,Pending
PAY04899,ORD02546,15-09-2025,Credit Card,262244,Pending
PAY04900,ORD07759,19-08-2025,Cash,30194,Paid
PAY04901,ORD06700,01-07-2025,Cash,248265,Pending
PAY04902,ORD00716,05-01-2025,Cash,454790,Pending
PAY04903,ORD03653,22-01-2025,Bank Transfer,145045,Pending
PAY04904,ORD05583,16-12-2025,Cash,426643,Paid
PAY04905,ORD01587,22-09-2025,Bank Transfer,45025,paid
PAY04906,ORD02587,07-10-2025,UPI,104159,Pending
PAY04907,ORD02601,02-03-2025,UPI,467115,Paid
PAY04908,ORD00223,23-12-2025,Credit Card,176724,Partial
PAY04909,ORD07189,27-01-2025,UPI,239231,paid
PAY04910,ORD03209,08-06-2025,Cash,145733,Partial
PAY04911,ORD03180,28-03-2025,Bank Transfer,232045,Partial
PAY04912,ORD08506,02-01-2025,Debit Card,8073,Pending
PAY04913,ORD05650,08-07-2025,Debit Card,230223,Paid
PAY04914,ORD04512,24-10-2025,Debit Card,144295,Paid
PAY04915,ORD08817,07-10-2025,Cash,134460,paid
PAY04916,ORD01205,26-05-2025,Debit Card,461393,Paid
PAY04917,ORD02579,23-09-2025,Cash,407476,Paid
PAY04918,ORD00860,28-12-2025,Credit Card,121419,Partial
PAY04919,ORD04829,08-02-2025,Cash,34232,Partial
PAY04920,ORD06832,25-11-2025,UPI,12517,paid
PAY04921,ORD02600,09-02-2025,Debit Card,106605,Paid
PAY04922,ORD02083,15-09-2025,Credit Card,162145,Pending
PAY04923,ORD09838,14-09-2025,Credit Card,312928,Partial
PAY04924,ORD01367,05-04-2025,Debit Card,477648,Pending
PAY04925,ORD04364,26-06-2025,UPI,119772,Pending
PAY04926,ORD00245,06-09-2025,UPI,430618,Pending
PAY04927,ORD01276,12-09-2025,Cash,279691,paid
PAY04928,ORD07002,07-09-2025,Debit Card,183058,paid
PAY04929,ORD08115,18-04-2025,Debit Card,132148,Paid
PAY04930,ORD05541,19-08-2025,Debit Card,53797,Paid
PAY04931,ORD06064,10-11-2025,Bank Transfer,396781,Partial
PAY04932,ORD07453,23-04-2025,Cash,353114,Paid
PAY04933,ORD09343,25-01-2025,Debit Card,290210,paid
PAY04934,ORD06727,07-08-2025,Credit Card,498042,paid
PAY04935,ORD03662,16-10-2025,Debit Card,25624,paid
PAY04936,ORD01130,04-06-2025,UPI,15827,paid
PAY04937,ORD07192,17-01-2025,Bank Transfer,176594,Pending
PAY04938,ORD02297,27-02-2025,Debit Card,103936,Paid
PAY04939,ORD03499,05-05-2025,Credit Card,355947,Partial
PAY04940,ORD04338,07-06-2025,Bank Transfer,149545,Paid
PAY04941,ORD04894,20-08-2025,Credit Card,110701,Pending
PAY04942,ORD03773,11-05-2025,UPI,304908,Partial
PAY04943,ORD08609,16-11-2025,Cash,495947,Paid
PAY04944,ORD05094,13-08-2025,Bank Transfer,123986,paid
PAY04945,ORD02111,05-11-2025,UPI,40090,Paid
PAY04946,ORD00859,12-11-2025,Bank Transfer,193741,Paid
PAY04947,ORD00843,04-06-2025,Credit Card,176581,Pending
PAY04948,ORD05704,06-01-2025,Debit Card,215680,Pending
PAY04949,ORD02199,23-11-2025,Debit Card,459399,Partial
PAY04950,ORD01532,11-04-2025,Bank Transfer,50999,Paid
PAY04951,ORD02346,21-06-2025,Cash,429383,Pending
PAY04952,ORD08652,06-09-2025,Debit Card,48114,Pending
PAY04953,ORD07848,26-10-2025,Credit Card,368148,Paid
PAY04954,ORD03785,28-03-2025,Cash,436680,Paid
PAY04955,ORD05961,24-04-2025,Cash,100845,Partial
PAY04956,ORD06469,27-03-2025,Bank Transfer,433914,Partial
PAY04957,ORD09876,20-08-2025,UPI,163564,paid
PAY04958,ORD09929,17-03-2025,Debit Card,415031,Pending
PAY04959,ORD00468,05-05-2025,Debit Card,72103,Paid
PAY04960,ORD05968,08-01-2025,Debit Card,405766,Pending
PAY04961,ORD03883,04-01-2025,Bank Transfer,238241,Pending
PAY04962,ORD03156,18-02-2025,Debit Card,157341,paid
PAY04963,ORD05759,06-02-2025,Cash,239890,paid
PAY04964,ORD05288,20-06-2025,Cash,74092,Pending
PAY04965,ORD05573,09-02-2025,Cash,433216,paid
PAY04966,ORD08495,21-03-2025,Credit Card,460856,paid
PAY04967,ORD00402,13-05-2025,UPI,60748,paid
PAY04968,ORD04561,15-05-2025,Credit Card,217062,Paid
PAY04969,ORD02696,17-10-2025,Debit Card,358308,Partial
PAY04970,ORD07461,03-05-2025,UPI,440770,paid
PAY04971,ORD07662,22-05-2025,Cash,340183,paid
PAY04972,ORD03636,01-12-2025,Bank Transfer,499485,Pending
PAY04973,ORD08207,26-05-2025,Cash,368474,Partial
PAY04974,ORD02734,22-08-2025,Cash,93374,Partial
PAY04975,ORD09921,01-02-2025,Bank Transfer,324823,paid
PAY04976,ORD00150,08-10-2025,Bank Transfer,313824,Paid
PAY04977,ORD07590,10-06-2025,Bank Transfer,373418,paid
PAY04978,ORD00889,16-12-2025,Debit Card,252783,Paid
PAY04979,ORD02080,13-02-2025,Debit Card,317279,Partial
PAY04980,ORD04237,10-06-2025,UPI,423881,Pending
PAY04981,ORD06967,14-04-2025,Credit Card,385684,paid
PAY04982,ORD00257,26-02-2025,Debit Card,144100,paid
PAY04983,ORD08480,13-12-2025,Bank Transfer,166087,Partial
PAY04984,ORD07103,20-05-2025,Bank Transfer,107651,Paid
PAY04985,ORD08427,03-05-2025,Cash,234713,Partial
PAY04986,ORD02474,02-12-2025,Credit Card,447128,paid
PAY04987,ORD00243,02-08-2025,Debit Card,294124,Pending
PAY04988,ORD00809,24-09-2025,Cash,118844,Pending
PAY04989,ORD06390,23-05-2025,Credit Card,123553,Pending
PAY04990,ORD06772,11-12-2025,Debit Card,409178,Partial
PAY04991,ORD01413,12-04-2025,UPI,491451,Pending
PAY04992,ORD04907,18-10-2025,Debit Card,411741,Paid
PAY04993,ORD02375,23-09-2025,UPI,467180,Paid
PAY04994,ORD07184,26-06-2025,Credit Card,478544,Paid
PAY04995,ORD03247,04-11-2025,Bank Transfer,36239,Paid
PAY04996,ORD02865,05-11-2025,Debit Card,162390,Partial
PAY04997,ORD04023,04-11-2025,Debit Card,103499,Pending
PAY04998,ORD08047,27-04-2025,Debit Card,460259,Paid
PAY04999,ORD05820,18-01-2025,Cash,202636,paid
PAY05000,ORD00150,23-05-2025,Credit Card,334615,Paid
PAY05001,ORD01034,23-08-2025,Bank Transfer,423160,Pending
PAY05002,ORD02244,15-01-2025,Bank Transfer,297555,Pending
PAY05003,ORD01489,18-08-2025,Cash,82260,Paid
PAY05004,ORD09694,08-10-2025,Credit Card,14200,Pending
PAY05005,ORD08618,27-09-2025,Credit Card,195723,Partial
PAY05006,ORD06437,19-08-2025,Credit Card,163098,Partial
PAY05007,ORD06444,08-03-2025,Bank Transfer,140250,Paid
PAY05008,ORD04345,27-07-2025,Cash,437659,Partial
PAY05009,ORD07929,12-08-2025,UPI,426967,paid
PAY05010,ORD08940,27-12-2025,Bank Transfer,355180,Pending
PAY05011,ORD00030,20-05-2025,Credit Card,182709,Partial
PAY05012,ORD01489,14-05-2025,Credit Card,101636,Paid
PAY05013,ORD08875,02-05-2025,Credit Card,346853,paid
PAY05014,ORD04473,17-05-2025,Debit Card,198403,Pending
PAY05015,ORD00526,10-08-2025,UPI,291942,paid
PAY05016,ORD03550,11-03-2025,Cash,302471,Pending
PAY05017,ORD00600,17-12-2025,Bank Transfer,106330,Paid
PAY05018,ORD04131,19-11-2025,Bank Transfer,417072,Pending
PAY05019,ORD03239,10-08-2025,Cash,184224,Partial
PAY05020,ORD07339,05-07-2025,Bank Transfer,208330,Paid
PAY05021,ORD08597,21-09-2025,UPI,166645,Pending
PAY05022,ORD01222,19-12-2025,Credit Card,155011,Pending
PAY05023,ORD05644,21-05-2025,Bank Transfer,66448,Pending
PAY05024,ORD07213,17-11-2025,Debit Card,452087,Pending
PAY05025,ORD00857,23-01-2025,UPI,71154,Pending
PAY05026,ORD06810,03-10-2025,UPI,64256,paid
PAY05027,ORD07341,02-04-2025,UPI,428213,Partial
PAY05028,ORD05961,22-09-2025,Debit Card,370082,paid
PAY05029,ORD08556,07-03-2025,Debit Card,262821,Partial
PAY05030,ORD03970,25-12-2025,UPI,351889,Paid
PAY05031,ORD06807,15-02-2025,Cash,259792,paid
PAY05032,ORD02373,16-08-2025,UPI,404325,Partial
PAY05033,ORD09050,05-10-2025,UPI,169376,Pending
PAY05034,ORD06332,08-01-2025,Bank Transfer,482560,Paid
PAY05035,ORD07478,21-04-2025,Bank Transfer,446847,Pending
PAY05036,ORD00255,16-01-2025,Debit Card,275484,Pending
PAY05037,ORD06600,28-12-2025,Bank Transfer,348151,paid
PAY05038,ORD00073,19-01-2025,Bank Transfer,360984,Pending
PAY05039,ORD09572,13-03-2025,UPI,135075,Pending
PAY05040,ORD02294,07-11-2025,Debit Card,238698,Partial
PAY05041,ORD04934,27-04-2025,UPI,32881,Pending
PAY05042,ORD01463,08-07-2025,Cash,272988,Pending
PAY05043,ORD07751,24-04-2025,Credit Card,77818,paid
PAY05044,ORD09018,14-04-2025,Debit Card,334916,Paid
PAY05045,ORD04502,18-07-2025,UPI,201417,paid
PAY05046,ORD08530,08-06-2025,UPI,378633,Pending
PAY05047,ORD01263,07-03-2025,Debit Card,359406,Pending
PAY05048,ORD08980,28-01-2025,Cash,369771,Partial
PAY05049,ORD09745,27-07-2025,Bank Transfer,42165,Paid
PAY05050,ORD07821,06-10-2025,Debit Card,198513,Partial
PAY05051,ORD07220,01-08-2025,UPI,379176,Pending
PAY05052,ORD07443,20-06-2025,Cash,234731,Pending
PAY05053,ORD00224,11-06-2025,Debit Card,60948,Partial
PAY05054,ORD04290,02-08-2025,Debit Card,116111,paid
PAY05055,ORD07334,25-04-2025,Credit Card,262800,Pending
PAY05056,ORD03025,19-03-2025,Credit Card,222840,Partial
PAY05057,ORD00860,20-03-2025,UPI,311940,paid
PAY05058,ORD05475,12-09-2025,Cash,411491,Partial
PAY05059,ORD01420,21-03-2025,Cash,9136,paid
PAY05060,ORD00696,28-07-2025,Debit Card,449980,Pending
PAY05061,ORD00371,18-03-2025,Bank Transfer,105929,Partial
PAY05062,ORD08412,07-06-2025,Bank Transfer,234083,paid
PAY05063,ORD02540,12-04-2025,Cash,347909,paid
PAY05064,ORD08621,14-05-2025,Debit Card,411457,Pending
PAY05065,ORD00763,19-03-2025,Debit Card,31692,Paid
PAY05066,ORD05595,28-11-2025,Cash,293286,Partial
PAY05067,ORD04186,05-03-2025,Bank Transfer,480911,Pending
PAY05068,ORD06185,22-07-2025,UPI,320779,Pending
PAY05069,ORD02792,02-09-2025,Bank Transfer,184931,paid
PAY05070,ORD01905,10-08-2025,Debit Card,293269,paid
PAY05071,ORD07500,28-10-2025,Debit Card,144738,Partial
PAY05072,ORD01360,05-11-2025,Cash,440436,Paid
PAY05073,ORD09749,11-12-2025,Cash,195650,Paid
PAY05074,ORD04663,28-09-2025,Credit Card,475933,Paid
PAY05075,ORD08235,02-12-2025,Bank Transfer,310088,paid
PAY05076,ORD09379,17-03-2025,Debit Card,61884,Pending
PAY05077,ORD09097,24-09-2025,Debit Card,170956,Pending
PAY05078,ORD02817,15-06-2025,Cash,398255,Partial
PAY05079,ORD05959,07-01-2025,Debit Card,324056,Partial
PAY05080,ORD02865,18-03-2025,Debit Card,472504,Partial
PAY05081,ORD05387,06-08-2025,Debit Card,168132,Pending
PAY05082,ORD00093,14-07-2025,Debit Card,198510,Pending
PAY05083,ORD06746,19-04-2025,Bank Transfer,165292,paid
PAY05084,ORD03482,03-11-2025,Bank Transfer,364447,Partial
PAY05085,ORD07216,22-03-2025,UPI,253715,Partial
PAY05086,ORD02848,17-12-2025,Bank Transfer,386617,Paid
PAY05087,ORD05130,27-01-2025,Bank Transfer,132125,Pending
PAY05088,ORD01464,03-02-2025,Credit Card,478090,paid
PAY05089,ORD09717,13-08-2025,Cash,437238,paid
PAY05090,ORD07343,07-12-2025,Cash,32465,Pending
PAY05091,ORD01508,14-03-2025,UPI,429979,Pending
PAY05092,ORD03775,27-09-2025,Bank Transfer,230688,Partial
PAY05093,ORD04511,15-09-2025,Debit Card,402127,Paid
PAY05094,ORD00208,02-01-2025,Bank Transfer,108183,paid
PAY05095,ORD06510,26-02-2025,Debit Card,200633,paid
PAY05096,ORD03263,19-01-2025,Credit Card,266464,Pending
PAY05097,ORD08033,15-09-2025,Cash,184527,paid
PAY05098,ORD05841,21-04-2025,Debit Card,309363,Partial
PAY05099,ORD09979,23-09-2025,UPI,63798,Partial
PAY05100,ORD02220,26-09-2025,Bank Transfer,90780,Pending
PAY05101,ORD06586,20-10-2025,Bank Transfer,449099,Paid
PAY05102,ORD07453,19-11-2025,Credit Card,309345,Paid
PAY05103,ORD09520,02-06-2025,Cash,426340,Pending
PAY05104,ORD09706,22-09-2025,UPI,477641,Paid
PAY05105,ORD03656,10-04-2025,Credit Card,377412,Pending
PAY05106,ORD08703,04-12-2025,Credit Card,434174,Partial
PAY05107,ORD03245,26-01-2025,Cash,190519,paid
PAY05108,ORD01218,19-07-2025,Cash,378752,Pending
PAY05109,ORD06043,20-02-2025,UPI,351767,paid
PAY05110,ORD00699,06-10-2025,Credit Card,247067,Paid
PAY05111,ORD04998,23-05-2025,Credit Card,25074,Partial
PAY05112,ORD07911,08-08-2025,Credit Card,390820,Pending
PAY05113,ORD02232,17-04-2025,Bank Transfer,192618,paid
PAY05114,ORD04855,06-11-2025,Debit Card,271525,paid
PAY05115,ORD00156,04-02-2025,UPI,249388,Pending
PAY05116,ORD03456,13-07-2025,UPI,428246,Partial
PAY05117,ORD03335,24-07-2025,UPI,108897,paid
PAY05118,ORD07588,04-02-2025,Debit Card,438850,paid
PAY05119,ORD05915,22-12-2025,Cash,136500,Partial
PAY05120,ORD03381,08-02-2025,UPI,471790,Paid
PAY05121,ORD02666,02-11-2025,Debit Card,168342,paid
PAY05122,ORD06792,01-08-2025,Debit Card,463382,paid
PAY05123,ORD05715,17-10-2025,Bank Transfer,333420,Partial
PAY05124,ORD06504,10-01-2025,UPI,29726,paid
PAY05125,ORD05691,05-01-2025,Bank Transfer,31356,Paid
PAY05126,ORD04587,09-02-2025,Credit Card,77199,Pending
PAY05127,ORD05200,27-09-2025,Cash,92651,Partial
PAY05128,ORD07400,22-08-2025,Debit Card,64200,Pending
PAY05129,ORD07771,17-12-2025,Bank Transfer,313893,paid
PAY05130,ORD02762,24-06-2025,UPI,364662,Partial
PAY05131,ORD08542,03-10-2025,Credit Card,221547,paid
PAY05132,ORD00501,24-01-2025,UPI,495006,Paid
PAY05133,ORD00790,04-09-2025,Cash,175483,Paid
PAY05134,ORD08192,07-06-2025,Bank Transfer,116085,Partial
PAY05135,ORD07912,07-01-2025,Cash,336108,Paid
PAY05136,ORD08111,04-07-2025,Bank Transfer,85294,Paid
PAY05137,ORD03513,19-02-2025,UPI,311574,Pending
PAY05138,ORD00370,05-08-2025,Bank Transfer,269425,paid
PAY05139,ORD09962,21-04-2025,Credit Card,97752,Paid
PAY05140,ORD02401,27-08-2025,Bank Transfer,6639,paid
PAY05141,ORD09663,14-10-2025,Debit Card,324669,Paid
PAY05142,ORD00352,03-07-2025,Bank Transfer,350681,paid
PAY05143,ORD09929,04-04-2025,UPI,72325,paid
PAY05144,ORD03747,05-12-2025,UPI,246537,paid
PAY05145,ORD03553,16-02-2025,Credit Card,39757,Pending
PAY05146,ORD05250,24-05-2025,Cash,372564,paid
PAY05147,ORD08459,21-05-2025,Credit Card,8693,Pending
PAY05148,ORD03500,13-11-2025,Bank Transfer,132339,Pending
PAY05149,ORD00543,10-05-2025,Credit Card,429582,Paid
PAY05150,ORD08303,11-04-2025,Bank Transfer,11399,Paid
PAY05151,ORD03855,04-07-2025,UPI,499670,Pending
PAY05152,ORD06516,05-02-2025,Cash,227793,paid
PAY05153,ORD03154,11-12-2025,Bank Transfer,112035,Pending
PAY05154,ORD03938,06-02-2025,Cash,90437,paid
PAY05155,ORD08151,12-07-2025,Credit Card,133233,paid
PAY05156,ORD02657,19-05-2025,Cash,236648,Pending
PAY05157,ORD05458,17-05-2025,UPI,313299,Partial
PAY05158,ORD01565,09-12-2025,Cash,26700,Partial
PAY05159,ORD07587,09-11-2025,Debit Card,287380,Partial
PAY05160,ORD00202,24-01-2025,Bank Transfer,68189,Partial
PAY05161,ORD00213,23-02-2025,Debit Card,56642,Partial
PAY05162,ORD07059,14-12-2025,Bank Transfer,292340,Pending
PAY05163,ORD05538,08-09-2025,Credit Card,88061,Pending
PAY05164,ORD04560,14-06-2025,UPI,225396,Partial
PAY05165,ORD01804,05-05-2025,Credit Card,194980,Partial
PAY05166,ORD06660,18-04-2025,Credit Card,236564,Pending
PAY05167,ORD05715,10-04-2025,Bank Transfer,272558,Partial
PAY05168,ORD01500,22-05-2025,Cash,226693,paid
PAY05169,ORD00421,14-01-2025,UPI,58809,paid
PAY05170,ORD01786,25-09-2025,Credit Card,328217,Partial
PAY05171,ORD00143,28-03-2025,Cash,458323,Paid
PAY05172,ORD02811,16-06-2025,UPI,417038,Partial
PAY05173,ORD06283,14-02-2025,Credit Card,494160,Paid
PAY05174,ORD08298,25-09-2025,Cash,499387,Paid
PAY05175,ORD02765,04-02-2025,Cash,419290,Paid
PAY05176,ORD05108,27-05-2025,Bank Transfer,5483,paid
PAY05177,ORD00610,05-09-2025,UPI,493674,Partial
PAY05178,ORD01779,01-10-2025,Cash,295082,paid
PAY05179,ORD09736,12-01-2025,Credit Card,232521,Pending
PAY05180,ORD07503,13-05-2025,UPI,239670,Partial
PAY05181,ORD02969,25-02-2025,UPI,155361,paid
PAY05182,ORD08587,11-01-2025,Cash,121411,Partial
PAY05183,ORD04407,18-10-2025,Cash,254325,Pending
PAY05184,ORD06524,26-07-2025,UPI,265443,Pending
PAY05185,ORD05136,24-08-2025,Cash,412868,Partial
PAY05186,ORD09939,07-08-2025,Debit Card,38760,Pending
PAY05187,ORD00717,21-09-2025,Bank Transfer,258879,Pending
PAY05188,ORD03006,20-03-2025,Bank Transfer,413173,Paid
PAY05189,ORD02645,17-09-2025,Credit Card,22285,Pending
PAY05190,ORD00025,19-05-2025,Credit Card,297968,Partial
PAY05191,ORD07373,27-12-2025,Bank Transfer,218334,Paid
PAY05192,ORD08531,26-12-2025,Debit Card,345672,Paid
PAY05193,ORD06392,27-05-2025,UPI,420114,Paid
PAY05194,ORD05539,24-09-2025,Cash,189894,Partial
PAY05195,ORD00145,09-10-2025,Debit Card,374372,Pending
PAY05196,ORD06037,07-03-2025,UPI,27469,Paid
PAY05197,ORD07373,27-06-2025,Credit Card,488414,paid
PAY05198,ORD09278,26-04-2025,Cash,458344,Paid
PAY05199,ORD02243,10-10-2025,Credit Card,488764,Paid
PAY05200,ORD03153,14-04-2025,Bank Transfer,298068,paid
PAY05201,ORD06644,18-09-2025,UPI,143190,paid
PAY05202,ORD02618,27-01-2025,Credit Card,142450,Paid
PAY05203,ORD03768,16-07-2025,Bank Transfer,359483,Pending
PAY05204,ORD05689,15-03-2025,Debit Card,143445,paid
PAY05205,ORD04803,08-08-2025,UPI,260254,paid
PAY05206,ORD09252,03-04-2025,Cash,466675,paid
PAY05207,ORD09121,12-10-2025,Bank Transfer,270788,Pending
PAY05208,ORD00287,15-07-2025,Credit Card,98576,Pending
PAY05209,ORD08345,18-09-2025,Debit Card,307196,Paid
PAY05210,ORD01268,28-01-2025,Debit Card,168340,Partial
PAY05211,ORD09402,16-12-2025,Bank Transfer,219466,Pending
PAY05212,ORD09323,04-11-2025,Cash,335257,paid
PAY05213,ORD03862,10-10-2025,Debit Card,289029,paid
PAY05214,ORD08019,22-03-2025,UPI,127457,paid
PAY05215,ORD02941,27-09-2025,UPI,342493,Pending
PAY05216,ORD02624,01-05-2025,Debit Card,103781,Partial
PAY05217,ORD02265,18-09-2025,Bank Transfer,460363,Pending
PAY05218,ORD06505,23-07-2025,Cash,101140,Paid
PAY05219,ORD05971,09-08-2025,UPI,99361,Paid
PAY05220,ORD07653,26-10-2025,UPI,300352,paid
PAY05221,ORD02241,22-04-2025,Debit Card,72208,Pending
PAY05222,ORD05881,18-10-2025,Credit Card,67071,Paid
PAY05223,ORD06034,23-01-2025,Credit Card,274128,Paid
PAY05224,ORD01889,25-07-2025,Credit Card,63129,Partial
PAY05225,ORD03999,20-01-2025,Debit Card,476237,Pending
PAY05226,ORD08453,14-07-2025,Cash,131455,Partial
PAY05227,ORD05187,06-01-2025,Credit Card,377974,Paid
PAY05228,ORD01795,17-08-2025,Cash,56021,Partial
PAY05229,ORD07228,07-12-2025,Cash,16193,paid
PAY05230,ORD08800,22-02-2025,Cash,250964,Partial
PAY05231,ORD01703,20-09-2025,Credit Card,235402,Paid
PAY05232,ORD01888,22-04-2025,Credit Card,83707,paid
PAY05233,ORD02362,14-08-2025,Debit Card,132000,Partial
PAY05234,ORD05238,24-03-2025,Credit Card,447704,Pending
PAY05235,ORD07674,02-01-2025,Bank Transfer,158336,Paid
PAY05236,ORD07742,07-01-2025,Debit Card,381158,Paid
PAY05237,ORD05270,06-05-2025,Credit Card,15682,paid
PAY05238,ORD01087,24-02-2025,Credit Card,365012,Paid
PAY05239,ORD00978,01-08-2025,UPI,73489,Partial
PAY05240,ORD06297,11-06-2025,Bank Transfer,452795,Paid
PAY05241,ORD03085,25-05-2025,Credit Card,189221,Partial
PAY05242,ORD03104,03-06-2025,UPI,144329,paid
PAY05243,ORD04348,04-11-2025,Credit Card,481768,Paid
PAY05244,ORD01061,10-10-2025,UPI,364790,paid
PAY05245,ORD00256,02-03-2025,Debit Card,144872,Paid
PAY05246,ORD01691,24-12-2025,Debit Card,221763,Partial
PAY05247,ORD01327,01-05-2025,Credit Card,200611,Paid
PAY05248,ORD07125,28-11-2025,Bank Transfer,474654,Partial
PAY05249,ORD02238,11-05-2025,Cash,395127,Pending
PAY05250,ORD08331,21-07-2025,Cash,441192,Paid
PAY05251,ORD09356,13-11-2025,Bank Transfer,74648,Paid
PAY05252,ORD02698,25-09-2025,Debit Card,480322,Pending
PAY05253,ORD08714,04-05-2025,Bank Transfer,415752,Paid
PAY05254,ORD06710,15-09-2025,Debit Card,431447,paid
PAY05255,ORD08073,20-10-2025,UPI,253023,Pending
PAY05256,ORD02091,06-11-2025,Cash,149871,Paid
PAY05257,ORD02044,27-06-2025,Credit Card,85905,Partial
PAY05258,ORD07738,25-04-2025,Bank Transfer,142460,Partial
PAY05259,ORD05000,25-01-2025,Cash,305267,Pending
PAY05260,ORD01186,21-12-2025,Cash,290268,paid
PAY05261,ORD07674,22-12-2025,UPI,155932,paid
PAY05262,ORD08748,08-11-2025,Credit Card,312396,Partial
PAY05263,ORD08780,13-11-2025,Bank Transfer,374280,Pending
PAY05264,ORD01410,13-07-2025,Debit Card,387609,Pending
PAY05265,ORD05339,19-09-2025,Credit Card,80770,Pending
PAY05266,ORD01855,12-01-2025,UPI,343255,Pending
PAY05267,ORD01974,15-06-2025,Cash,429173,paid
PAY05268,ORD02658,04-11-2025,Credit Card,52757,Paid
PAY05269,ORD09583,27-01-2025,UPI,55827,Paid
PAY05270,ORD08039,19-01-2025,Bank Transfer,227248,Partial
PAY05271,ORD05070,27-11-2025,Cash,77873,paid
PAY05272,ORD09798,16-06-2025,Bank Transfer,495318,paid
PAY05273,ORD03790,11-08-2025,Bank Transfer,345637,Partial
PAY05274,ORD09691,05-06-2025,Credit Card,226214,Pending
PAY05275,ORD08458,16-05-2025,Debit Card,47857,Paid
PAY05276,ORD00747,27-10-2025,Cash,304953,Paid
PAY05277,ORD07336,21-10-2025,UPI,313583,Partial
PAY05278,ORD07976,06-07-2025,Cash,179166,paid
PAY05279,ORD06823,17-05-2025,Bank Transfer,84630,Pending
PAY05280,ORD03337,27-05-2025,UPI,463507,paid
PAY05281,ORD04458,12-09-2025,Cash,263081,Pending
PAY05282,ORD05686,06-05-2025,Credit Card,273547,Pending
PAY05283,ORD08406,07-06-2025,Bank Transfer,327141,paid
PAY05284,ORD06034,03-07-2025,UPI,55496,paid
PAY05285,ORD09254,13-04-2025,UPI,114019,Paid
PAY05286,ORD02105,22-12-2025,Debit Card,211670,Paid
PAY05287,ORD09423,15-07-2025,Cash,52529,Paid
PAY05288,ORD07543,25-08-2025,Bank Transfer,202340,Partial
PAY05289,ORD08305,07-01-2025,Credit Card,406879,paid
PAY05290,ORD00007,01-12-2025,UPI,405626,paid
PAY05291,ORD01644,19-05-2025,Cash,401169,Partial
PAY05292,ORD07920,16-06-2025,UPI,79021,Pending
PAY05293,ORD07137,24-12-2025,Debit Card,204974,Pending
PAY05294,ORD06342,07-09-2025,Credit Card,131595,Paid
PAY05295,ORD08231,28-02-2025,Debit Card,296396,Partial
PAY05296,ORD03336,21-02-2025,Credit Card,266411,Partial
PAY05297,ORD02264,14-08-2025,UPI,71524,paid
PAY05298,ORD01885,06-10-2025,Bank Transfer,175054,Pending
PAY05299,ORD06680,21-04-2025,Debit Card,222985,paid
PAY05300,ORD01253,22-02-2025,Debit Card,89515,Paid
PAY05301,ORD05741,22-07-2025,UPI,96225,paid
PAY05302,ORD01175,06-05-2025,Bank Transfer,188581,Paid
PAY05303,ORD04936,01-10-2025,Cash,327185,Partial
PAY05304,ORD07163,24-08-2025,Cash,54442,Paid
PAY05305,ORD08546,10-05-2025,Debit Card,438760,Partial
PAY05306,ORD06940,27-05-2025,Credit Card,443402,paid
PAY05307,ORD06836,14-09-2025,Debit Card,139550,Partial
PAY05308,ORD00178,20-02-2025,Debit Card,438652,Paid
PAY05309,ORD01298,05-09-2025,UPI,460658,Pending
PAY05310,ORD02041,04-12-2025,Credit Card,213387,paid
PAY05311,ORD07774,21-09-2025,Credit Card,265369,paid
PAY05312,ORD05197,08-11-2025,Credit Card,383186,Paid
PAY05313,ORD08082,20-11-2025,Debit Card,142589,Partial
PAY05314,ORD07264,16-04-2025,Debit Card,230518,Paid
PAY05315,ORD07530,19-06-2025,Cash,201810,Pending
PAY05316,ORD04529,20-12-2025,UPI,293527,Partial
PAY05317,ORD08840,27-11-2025,UPI,117113,Paid
PAY05318,ORD00452,25-12-2025,Cash,357841,Pending
PAY05319,ORD05036,10-03-2025,Bank Transfer,371696,Pending
PAY05320,ORD00461,21-05-2025,Debit Card,162517,Pending
PAY05321,ORD08822,27-09-2025,Credit Card,147591,Partial
PAY05322,ORD00484,07-07-2025,Debit Card,362313,Partial
PAY05323,ORD02941,22-12-2025,UPI,156661,Partial
PAY05324,ORD05839,01-02-2025,Credit Card,246023,Paid
PAY05325,ORD06574,06-06-2025,Cash,323625,Pending
PAY05326,ORD00245,22-02-2025,Cash,90613,Paid
PAY05327,ORD03434,14-02-2025,Cash,440137,Paid
PAY05328,ORD03964,24-02-2025,UPI,337537,Pending
PAY05329,ORD04478,17-04-2025,Credit Card,471693,Paid
PAY05330,ORD09141,18-03-2025,UPI,207757,Partial
PAY05331,ORD04226,11-12-2025,Debit Card,206072,Paid
PAY05332,ORD06372,20-10-2025,UPI,231747,paid
PAY05333,ORD04949,27-05-2025,Cash,244447,Partial
PAY05334,ORD01185,15-07-2025,Cash,132363,Partial
PAY05335,ORD04712,27-01-2025,Credit Card,13715,Paid
PAY05336,ORD02375,21-08-2025,Credit Card,57193,paid
PAY05337,ORD04313,13-06-2025,Credit Card,171286,paid
PAY05338,ORD09152,02-01-2025,UPI,230501,Paid
PAY05339,ORD04901,23-05-2025,Debit Card,441409,paid
PAY05340,ORD07319,05-09-2025,Bank Transfer,188670,Partial
PAY05341,ORD06409,06-05-2025,Debit Card,208421,paid
PAY05342,ORD09381,17-07-2025,Credit Card,236287,Partial
PAY05343,ORD09740,18-10-2025,Bank Transfer,215927,paid
PAY05344,ORD00515,27-03-2025,UPI,498037,Paid
PAY05345,ORD02106,26-04-2025,UPI,415887,paid
PAY05346,ORD00802,01-09-2025,Debit Card,22963,Paid
PAY05347,ORD02958,24-08-2025,UPI,30854,Pending
PAY05348,ORD01397,18-08-2025,UPI,45049,Partial
PAY05349,ORD00151,06-06-2025,Cash,470646,paid
PAY05350,ORD02338,08-12-2025,UPI,249237,paid
PAY05351,ORD09632,05-08-2025,Bank Transfer,322449,Partial
PAY05352,ORD05466,04-11-2025,Credit Card,270890,paid
PAY05353,ORD05334,03-05-2025,Debit Card,382509,Pending
PAY05354,ORD01259,10-07-2025,Bank Transfer,71600,paid
PAY05355,ORD07521,03-06-2025,Bank Transfer,240634,Partial
PAY05356,ORD09188,17-08-2025,Cash,380778,Pending
PAY05357,ORD09773,15-04-2025,Debit Card,47211,paid
PAY05358,ORD02819,22-05-2025,Cash,27626,Paid
PAY05359,ORD03343,26-01-2025,Bank Transfer,271919,Pending
PAY05360,ORD06670,17-10-2025,Bank Transfer,75649,paid
PAY05361,ORD04607,05-04-2025,Bank Transfer,238656,Pending
PAY05362,ORD09027,05-12-2025,Credit Card,453628,Paid
PAY05363,ORD08066,18-06-2025,Debit Card,278693,paid
PAY05364,ORD02615,15-07-2025,Bank Transfer,420806,paid
PAY05365,ORD06357,04-12-2025,UPI,330126,Partial
PAY05366,ORD05718,02-02-2025,UPI,446757,Pending
PAY05367,ORD06720,25-10-2025,Bank Transfer,21695,Paid
PAY05368,ORD07329,11-06-2025,Debit Card,195623,Paid
PAY05369,ORD08160,14-08-2025,Credit Card,103074,Pending
PAY05370,ORD07385,19-09-2025,Debit Card,165176,Partial
PAY05371,ORD09730,11-07-2025,Credit Card,63751,Paid
PAY05372,ORD08290,17-02-2025,Bank Transfer,379613,Partial
PAY05373,ORD02098,03-06-2025,Debit Card,467331,Pending
PAY05374,ORD01802,14-07-2025,Debit Card,297369,Partial
PAY05375,ORD03183,05-10-2025,Cash,230358,Pending
PAY05376,ORD07867,11-04-2025,Bank Transfer,270654,Partial
PAY05377,ORD01093,04-04-2025,Debit Card,394427,Pending
PAY05378,ORD09140,02-12-2025,Cash,16220,Paid
PAY05379,ORD00320,11-06-2025,UPI,139623,Partial
PAY05380,ORD05794,12-12-2025,Debit Card,10468,Pending
PAY05381,ORD00567,24-02-2025,Credit Card,376969,paid
PAY05382,ORD04867,04-09-2025,Debit Card,347568,paid
PAY05383,ORD09881,22-03-2025,Cash,233693,Partial
PAY05384,ORD06290,03-09-2025,Bank Transfer,52953,Paid
PAY05385,ORD09590,06-10-2025,Bank Transfer,243259,paid
PAY05386,ORD01413,28-11-2025,UPI,422598,Partial
PAY05387,ORD03313,15-09-2025,Cash,65983,Partial
PAY05388,ORD07824,13-10-2025,Debit Card,135410,Pending
PAY05389,ORD06208,22-10-2025,Credit Card,255638,Pending
PAY05390,ORD07452,11-03-2025,Debit Card,148183,Pending
PAY05391,ORD09854,20-03-2025,Credit Card,427987,Partial
PAY05392,ORD05728,11-06-2025,Cash,261340,Paid
PAY05393,ORD03432,26-04-2025,UPI,373198,Paid
PAY05394,ORD00256,23-08-2025,Bank Transfer,52798,Pending
PAY05395,ORD07629,26-01-2025,Cash,293483,Paid
PAY05396,ORD02012,27-05-2025,Bank Transfer,132833,Pending
PAY05397,ORD05742,17-07-2025,Credit Card,317540,Partial
PAY05398,ORD05914,22-01-2025,Debit Card,486688,Paid
PAY05399,ORD01415,05-04-2025,Debit Card,92583,paid
PAY05400,ORD02434,13-12-2025,Credit Card,114512,Pending
PAY05401,ORD07713,21-03-2025,UPI,396789,Paid
PAY05402,ORD04130,08-09-2025,Debit Card,160340,Paid
PAY05403,ORD01834,24-07-2025,Cash,219220,Partial
PAY05404,ORD06157,18-06-2025,Bank Transfer,468646,Partial
PAY05405,ORD04601,04-12-2025,Bank Transfer,312758,Paid
PAY05406,ORD02281,21-03-2025,Credit Card,301595,Paid
PAY05407,ORD02633,14-06-2025,UPI,211702,paid
PAY05408,ORD05606,13-07-2025,Bank Transfer,79136,Pending
PAY05409,ORD03282,20-03-2025,Cash,302785,Pending
PAY05410,ORD09688,10-08-2025,Debit Card,270411,Partial
PAY05411,ORD00997,14-10-2025,Bank Transfer,235351,Paid
PAY05412,ORD01831,19-11-2025,Credit Card,346995,Pending
PAY05413,ORD07405,15-10-2025,UPI,415273,paid
PAY05414,ORD09492,24-10-2025,Credit Card,268236,Pending
PAY05415,ORD03041,21-11-2025,Bank Transfer,337514,Partial
PAY05416,ORD09878,25-04-2025,UPI,360974,Paid
PAY05417,ORD07837,12-11-2025,Cash,262446,Partial
PAY05418,ORD09124,20-02-2025,Debit Card,94454,Partial
PAY05419,ORD02888,06-11-2025,UPI,331902,paid
PAY05420,ORD02524,01-07-2025,Credit Card,402907,Partial
PAY05421,ORD08617,17-06-2025,Credit Card,461785,Paid
PAY05422,ORD02215,03-09-2025,Bank Transfer,54741,Pending
PAY05423,ORD04712,12-01-2025,Credit Card,394672,paid
PAY05424,ORD06750,21-07-2025,Cash,354955,Pending
PAY05425,ORD08868,08-02-2025,Bank Transfer,481508,Pending
PAY05426,ORD01669,05-09-2025,Credit Card,257296,Pending
PAY05427,ORD08669,20-12-2025,Credit Card,325297,Pending
PAY05428,ORD00777,14-11-2025,Debit Card,331340,Partial
PAY05429,ORD09482,15-12-2025,Debit Card,192248,Partial
PAY05430,ORD05911,17-11-2025,Credit Card,315736,Pending
PAY05431,ORD02780,26-10-2025,Debit Card,126953,paid
PAY05432,ORD04145,27-01-2025,Debit Card,309986,paid
PAY05433,ORD09743,03-04-2025,Debit Card,243301,Partial
PAY05434,ORD04789,07-02-2025,Credit Card,19426,Partial
PAY05435,ORD01540,20-06-2025,Cash,302150,Partial
PAY05436,ORD05140,13-09-2025,Credit Card,433555,Partial
PAY05437,ORD04606,03-08-2025,Credit Card,415687,Pending
PAY05438,ORD03371,09-04-2025,Cash,247764,Paid
PAY05439,ORD04747,20-10-2025,Bank Transfer,247331,Pending
PAY05440,ORD09346,02-11-2025,Bank Transfer,346796,Paid
PAY05441,ORD00457,11-12-2025,Debit Card,156068,Paid
PAY05442,ORD01365,05-05-2025,Cash,416437,Pending
PAY05443,ORD00517,16-05-2025,Credit Card,139719,Pending
PAY05444,ORD06044,08-10-2025,Bank Transfer,203501,paid
PAY05445,ORD00926,12-07-2025,UPI,8212,Pending
PAY05446,ORD05726,14-12-2025,UPI,331958,paid
PAY05447,ORD06268,08-09-2025,Credit Card,26313,Pending
PAY05448,ORD07347,22-10-2025,Debit Card,366813,Partial
PAY05449,ORD03071,04-02-2025,Debit Card,327280,Paid
PAY05450,ORD07778,20-10-2025,Bank Transfer,213251,paid
PAY05451,ORD05689,20-07-2025,UPI,287157,Paid
PAY05452,ORD06757,07-12-2025,Debit Card,473045,Paid
PAY05453,ORD00642,25-03-2025,Credit Card,450341,Paid
PAY05454,ORD08990,25-05-2025,Credit Card,72049,Pending
PAY05455,ORD00025,12-05-2025,Debit Card,139974,Pending
PAY05456,ORD07538,25-10-2025,Bank Transfer,460513,Pending
PAY05457,ORD01094,10-08-2025,Debit Card,75144,Partial
PAY05458,ORD01483,16-08-2025,Cash,34000,Paid
PAY05459,ORD03938,16-06-2025,Debit Card,34985,Paid
PAY05460,ORD09290,23-12-2025,Credit Card,414559,Pending
PAY05461,ORD07088,01-10-2025,Credit Card,334494,paid
PAY05462,ORD03072,20-12-2025,Bank Transfer,98826,Pending
PAY05463,ORD09351,27-05-2025,Credit Card,145316,paid
PAY05464,ORD05961,03-06-2025,Debit Card,134519,Pending
PAY05465,ORD02494,06-09-2025,UPI,176134,Pending
PAY05466,ORD05593,20-09-2025,Credit Card,316455,Partial
PAY05467,ORD07847,12-05-2025,Debit Card,116627,paid
PAY05468,ORD08478,20-10-2025,UPI,271465,Paid
PAY05469,ORD01456,07-04-2025,Bank Transfer,497133,paid
PAY05470,ORD04255,06-05-2025,UPI,407508,Pending
PAY05471,ORD09989,25-09-2025,Credit Card,424529,Paid
PAY05472,ORD05758,28-02-2025,Cash,356954,Pending
PAY05473,ORD08224,04-06-2025,Debit Card,435457,Pending
PAY05474,ORD02261,26-12-2025,Credit Card,393362,Pending
PAY05475,ORD09372,18-04-2025,Credit Card,374136,Partial
PAY05476,ORD06765,16-12-2025,UPI,429574,paid
PAY05477,ORD06627,20-12-2025,UPI,268478,Paid
PAY05478,ORD03839,11-07-2025,Credit Card,54560,paid
PAY05479,ORD05226,10-04-2025,Cash,381877,Pending
PAY05480,ORD03745,13-11-2025,Bank Transfer,352897,Partial
PAY05481,ORD02579,17-05-2025,Bank Transfer,16996,Pending
PAY05482,ORD06143,22-12-2025,Credit Card,444554,Paid
PAY05483,ORD00228,23-11-2025,UPI,134398,Pending
PAY05484,ORD08461,11-05-2025,UPI,324940,Pending
PAY05485,ORD05247,03-06-2025,Bank Transfer,14892,Partial
PAY05486,ORD06460,25-01-2025,Debit Card,416446,paid
PAY05487,ORD05878,24-09-2025,Cash,478875,Pending
PAY05488,ORD09790,10-01-2025,UPI,338083,Partial
PAY05489,ORD08882,03-06-2025,Credit Card,399153,Partial
PAY05490,ORD07164,13-07-2025,Bank Transfer,101804,Partial
PAY05491,ORD02593,17-01-2025,Credit Card,122608,Partial
PAY05492,ORD04489,03-09-2025,Credit Card,401857,Paid
PAY05493,ORD07236,20-05-2025,Credit Card,53208,paid
PAY05494,ORD09023,10-07-2025,Cash,464291,paid
PAY05495,ORD04136,13-02-2025,Credit Card,45786,Partial
PAY05496,ORD08542,22-09-2025,Cash,107508,paid
PAY05497,ORD01441,13-12-2025,Cash,433272,Partial
PAY05498,ORD09265,23-06-2025,Bank Transfer,407453,Paid
PAY05499,ORD08352,07-09-2025,Debit Card,459246,paid
PAY05500,ORD05648,15-10-2025,Credit Card,184950,paid
PAY05501,ORD08383,08-01-2025,UPI,149558,Paid
PAY05502,ORD08068,13-12-2025,Cash,61901,paid
PAY05503,ORD09137,06-05-2025,Debit Card,261804,paid
PAY05504,ORD07174,06-02-2025,UPI,466004,Paid
PAY05505,ORD00964,12-08-2025,Bank Transfer,397049,Pending
PAY05506,ORD05978,28-08-2025,Cash,22244,Paid
PAY05507,ORD08587,09-04-2025,Cash,21514,paid
PAY05508,ORD09945,12-02-2025,UPI,255560,Pending
PAY05509,ORD02444,07-08-2025,Credit Card,392391,Pending
PAY05510,ORD03493,17-08-2025,Cash,328268,Paid
PAY05511,ORD01207,01-09-2025,UPI,134410,paid
PAY05512,ORD01907,22-06-2025,Debit Card,403226,paid
PAY05513,ORD04507,26-08-2025,Bank Transfer,64346,Partial
PAY05514,ORD05241,06-04-2025,Bank Transfer,78424,Partial
PAY05515,ORD02934,26-08-2025,UPI,258355,paid
PAY05516,ORD01545,26-10-2025,Credit Card,304424,paid
PAY05517,ORD03833,13-11-2025,Cash,85332,Paid
PAY05518,ORD07239,09-02-2025,Bank Transfer,482800,Pending
PAY05519,ORD04110,11-03-2025,Credit Card,72086,paid
PAY05520,ORD03749,02-03-2025,Bank Transfer,142061,paid
PAY05521,ORD05113,05-04-2025,Debit Card,83614,paid
PAY05522,ORD08782,02-02-2025,UPI,408281,paid
PAY05523,ORD03376,15-06-2025,Bank Transfer,403086,paid
PAY05524,ORD07488,25-09-2025,Debit Card,347936,Partial
PAY05525,ORD08424,22-05-2025,Bank Transfer,160143,Paid
PAY05526,ORD01228,05-02-2025,Debit Card,381257,Paid
PAY05527,ORD09623,15-12-2025,Debit Card,238805,Paid
PAY05528,ORD03515,02-11-2025,Credit Card,454071,paid
PAY05529,ORD02207,18-04-2025,Credit Card,394700,Paid
PAY05530,ORD07596,16-04-2025,Bank Transfer,274033,Paid
PAY05531,ORD03365,23-08-2025,Credit Card,369013,Paid
PAY05532,ORD02430,08-04-2025,Debit Card,154599,Partial
PAY05533,ORD07240,12-11-2025,Debit Card,428981,paid
PAY05534,ORD00007,08-02-2025,Credit Card,209889,Partial
PAY05535,ORD05973,20-04-2025,Bank Transfer,145369,paid
PAY05536,ORD02851,25-03-2025,Cash,118574,Paid
PAY05537,ORD08304,18-12-2025,Cash,31046,Paid
PAY05538,ORD09110,10-11-2025,UPI,64904,paid
PAY05539,ORD03976,06-03-2025,Bank Transfer,489159,Paid
PAY05540,ORD02167,19-12-2025,UPI,122873,paid
PAY05541,ORD01660,26-10-2025,Debit Card,175806,Pending
PAY05542,ORD09680,21-07-2025,Debit Card,253727,paid
PAY05543,ORD02059,13-06-2025,UPI,371411,Pending
PAY05544,ORD00965,12-07-2025,Debit Card,283527,paid
PAY05545,ORD05641,20-01-2025,UPI,401319,Pending
PAY05546,ORD03126,07-08-2025,Cash,55185,Partial
PAY05547,ORD06574,09-01-2025,Bank Transfer,12764,paid
PAY05548,ORD02823,24-10-2025,Bank Transfer,75144,Partial
PAY05549,ORD07411,21-09-2025,Debit Card,469682,Pending
PAY05550,ORD06738,17-11-2025,Bank Transfer,72717,Paid
PAY05551,ORD02949,26-02-2025,UPI,426805,Partial
PAY05552,ORD09383,17-11-2025,Cash,323206,paid
PAY05553,ORD00647,12-02-2025,Bank Transfer,372157,paid
PAY05554,ORD06125,07-12-2025,Credit Card,341533,Pending
PAY05555,ORD06585,04-11-2025,Credit Card,478089,Pending
PAY05556,ORD01048,22-04-2025,Debit Card,357108,paid
PAY05557,ORD08565,12-09-2025,Debit Card,402779,paid
PAY05558,ORD01624,09-05-2025,Debit Card,383556,Partial
PAY05559,ORD01962,03-04-2025,UPI,280470,Partial
PAY05560,ORD01824,20-03-2025,Cash,354051,Paid
PAY05561,ORD09131,04-05-2025,Bank Transfer,187982,Pending
PAY05562,ORD07167,23-03-2025,Bank Transfer,49398,Paid
PAY05563,ORD04991,16-10-2025,UPI,95171,Partial
PAY05564,ORD07715,18-11-2025,Credit Card,136494,Paid
PAY05565,ORD02619,12-10-2025,Bank Transfer,55531,paid
PAY05566,ORD06433,10-02-2025,Bank Transfer,437204,Partial
PAY05567,ORD09991,02-09-2025,UPI,409293,paid
PAY05568,ORD05912,13-04-2025,Bank Transfer,246056,Pending
PAY05569,ORD06837,19-12-2025,Bank Transfer,240184,Pending
PAY05570,ORD03425,28-03-2025,Bank Transfer,313759,paid
PAY05571,ORD00647,23-07-2025,UPI,269646,Partial
PAY05572,ORD01393,07-04-2025,Credit Card,194090,Partial
PAY05573,ORD07057,23-07-2025,Bank Transfer,196404,Paid
PAY05574,ORD06265,17-06-2025,Credit Card,239144,paid
PAY05575,ORD08872,03-02-2025,UPI,287499,paid
PAY05576,ORD01187,20-01-2025,Bank Transfer,271302,Partial
PAY05577,ORD05094,13-06-2025,Bank Transfer,473071,Partial
PAY05578,ORD00574,07-01-2025,Debit Card,376936,Partial
PAY05579,ORD02105,05-07-2025,Bank Transfer,75059,Pending
PAY05580,ORD01757,01-05-2025,Credit Card,329785,Partial
PAY05581,ORD07430,28-06-2025,Credit Card,159523,paid
PAY05582,ORD07682,19-07-2025,UPI,291086,Paid
PAY05583,ORD05952,24-04-2025,Cash,449658,Partial
PAY05584,ORD03212,23-04-2025,Cash,50307,Pending
PAY05585,ORD00722,21-04-2025,Credit Card,423862,paid
PAY05586,ORD05447,26-08-2025,Credit Card,181736,Partial
PAY05587,ORD09193,23-12-2025,Credit Card,257786,Partial
PAY05588,ORD01059,18-06-2025,Bank Transfer,268445,Partial
PAY05589,ORD00548,27-03-2025,UPI,497267,Partial
PAY05590,ORD04057,04-11-2025,UPI,338327,paid
PAY05591,ORD06265,26-11-2025,UPI,459977,Pending
PAY05592,ORD00640,08-02-2025,UPI,99636,Pending
PAY05593,ORD08006,12-01-2025,Debit Card,281301,Paid
PAY05594,ORD09524,09-01-2025,Bank Transfer,102086,Partial
PAY05595,ORD09349,15-02-2025,Cash,291092,paid
PAY05596,ORD01834,24-11-2025,Debit Card,271817,Partial
PAY05597,ORD01638,08-11-2025,UPI,226097,Paid
PAY05598,ORD08913,23-06-2025,Debit Card,85026,paid
PAY05599,ORD01620,23-05-2025,Cash,446602,paid
PAY05600,ORD05889,12-03-2025,UPI,111979,Partial
PAY05601,ORD03966,21-02-2025,Debit Card,43137,Pending
PAY05602,ORD07584,01-06-2025,Debit Card,159682,Paid
PAY05603,ORD05071,05-01-2025,Debit Card,149027,Paid
PAY05604,ORD04097,04-10-2025,Bank Transfer,51265,Paid
PAY05605,ORD04986,16-01-2025,Debit Card,230021,paid
PAY05606,ORD02837,05-09-2025,Cash,403934,Paid
PAY05607,ORD06187,18-11-2025,UPI,278920,paid
PAY05608,ORD08729,21-01-2025,Credit Card,168494,paid
PAY05609,ORD01921,01-01-2025,UPI,114694,paid
PAY05610,ORD08183,17-08-2025,Bank Transfer,369843,Partial
PAY05611,ORD07750,04-05-2025,Credit Card,206060,Paid
PAY05612,ORD00068,22-08-2025,Debit Card,366484,paid
PAY05613,ORD02317,20-01-2025,Credit Card,258603,Paid
PAY05614,ORD06215,05-03-2025,Cash,317518,Partial
PAY05615,ORD00762,21-11-2025,Credit Card,222449,Pending
PAY05616,ORD04226,18-05-2025,Cash,211869,paid
PAY05617,ORD07211,23-02-2025,UPI,290009,paid
PAY05618,ORD05311,10-11-2025,UPI,254333,Pending
PAY05619,ORD05898,03-02-2025,Debit Card,442710,Partial
PAY05620,ORD05369,01-01-2025,UPI,210637,paid
PAY05621,ORD05437,25-09-2025,Cash,168064,Paid
PAY05622,ORD04015,17-11-2025,Debit Card,291502,Pending
PAY05623,ORD03585,01-12-2025,UPI,405779,Partial
PAY05624,ORD01545,17-07-2025,Debit Card,453435,paid
PAY05625,ORD04378,26-01-2025,Cash,460457,Paid
PAY05626,ORD04562,01-07-2025,Bank Transfer,338015,Partial
PAY05627,ORD02774,28-11-2025,Cash,9894,paid
PAY05628,ORD06889,05-05-2025,Bank Transfer,197369,Partial
PAY05629,ORD09097,11-04-2025,Debit Card,42816,Paid
PAY05630,ORD06201,27-03-2025,Bank Transfer,132950,Pending
PAY05631,ORD02127,13-10-2025,Cash,189078,Pending
PAY05632,ORD06520,21-04-2025,UPI,289509,Partial
PAY05633,ORD00542,15-02-2025,Cash,63066,Pending
PAY05634,ORD09708,17-12-2025,Debit Card,159262,Paid
PAY05635,ORD02348,25-08-2025,UPI,381940,paid
PAY05636,ORD07686,25-04-2025,UPI,212327,Paid
PAY05637,ORD02404,01-05-2025,UPI,196779,Partial
PAY05638,ORD02977,02-10-2025,Cash,447112,Paid
PAY05639,ORD08273,16-11-2025,Bank Transfer,446852,Partial
PAY05640,ORD04183,03-10-2025,UPI,468256,Paid
PAY05641,ORD07428,01-03-2025,UPI,84908,Pending
PAY05642,ORD02257,12-06-2025,Debit Card,249967,paid
PAY05643,ORD07502,13-08-2025,UPI,127265,Partial
PAY05644,ORD04153,21-09-2025,Credit Card,250304,Partial
PAY05645,ORD09765,03-12-2025,Credit Card,492309,Paid
PAY05646,ORD06920,20-10-2025,Cash,275377,Pending
PAY05647,ORD07403,07-06-2025,Cash,79633,Paid
PAY05648,ORD01787,27-01-2025,Debit Card,230720,paid
PAY05649,ORD01686,01-08-2025,Cash,314422,Partial
PAY05650,ORD07271,02-11-2025,Debit Card,431217,Paid
PAY05651,ORD04950,22-02-2025,Bank Transfer,381547,Partial
PAY05652,ORD00381,15-02-2025,UPI,380295,Pending
PAY05653,ORD03473,11-10-2025,Credit Card,470605,Pending
PAY05654,ORD08296,10-09-2025,UPI,191441,paid
PAY05655,ORD06819,10-11-2025,Cash,334655,paid
PAY05656,ORD06574,11-08-2025,UPI,371509,Paid
PAY05657,ORD02021,19-09-2025,Cash,58081,paid
PAY05658,ORD06117,21-06-2025,UPI,101803,paid
PAY05659,ORD03486,12-01-2025,Debit Card,381332,Pending
PAY05660,ORD09728,15-08-2025,Bank Transfer,397216,Pending
PAY05661,ORD07543,06-03-2025,Debit Card,342581,paid
PAY05662,ORD09586,04-08-2025,Credit Card,73616,Pending
PAY05663,ORD03918,16-11-2025,UPI,308759,Pending
PAY05664,ORD06805,25-12-2025,Cash,171033,Partial
PAY05665,ORD00226,14-06-2025,Debit Card,427904,Pending
PAY05666,ORD00982,06-07-2025,Bank Transfer,254515,Partial
PAY05667,ORD02199,11-02-2025,Credit Card,94671,Pending
PAY05668,ORD06261,26-03-2025,Credit Card,209564,paid
PAY05669,ORD01695,01-03-2025,Debit Card,6489,Pending
PAY05670,ORD07915,09-10-2025,Credit Card,499845,paid
PAY05671,ORD04910,20-05-2025,Cash,280267,paid
PAY05672,ORD05534,01-11-2025,UPI,321895,paid
PAY05673,ORD08306,02-02-2025,Bank Transfer,443625,Partial
PAY05674,ORD01266,27-09-2025,UPI,350180,Partial
PAY05675,ORD05076,16-10-2025,Debit Card,281565,Partial
PAY05676,ORD00990,18-02-2025,Cash,244955,paid
PAY05677,ORD03684,04-01-2025,Debit Card,23470,Pending
PAY05678,ORD00244,17-04-2025,Cash,306608,Paid
PAY05679,ORD01729,09-08-2025,Debit Card,62719,paid
PAY05680,ORD08842,20-02-2025,Bank Transfer,496726,Paid
PAY05681,ORD09753,22-07-2025,UPI,121088,Partial
PAY05682,ORD05020,11-08-2025,UPI,85445,Partial
PAY05683,ORD07434,24-05-2025,Debit Card,383482,Pending
PAY05684,ORD01093,21-03-2025,Cash,91307,Partial
PAY05685,ORD07804,27-03-2025,Cash,462215,paid
PAY05686,ORD09243,05-04-2025,Debit Card,70205,Partial
PAY05687,ORD01655,23-11-2025,Cash,210545,Paid
PAY05688,ORD08776,13-01-2025,UPI,420585,Partial
PAY05689,ORD09802,20-10-2025,Bank Transfer,92183,Pending
PAY05690,ORD05918,21-05-2025,Credit Card,464718,Paid
PAY05691,ORD02754,04-08-2025,UPI,299135,paid
PAY05692,ORD05656,27-01-2025,Debit Card,486758,Partial
PAY05693,ORD05385,28-10-2025,Cash,371749,paid
PAY05694,ORD04524,04-07-2025,Cash,322566,Partial
PAY05695,ORD03407,28-06-2025,Cash,257138,Paid
PAY05696,ORD05691,16-10-2025,Bank Transfer,342230,paid
PAY05697,ORD06317,25-11-2025,UPI,84450,Partial
PAY05698,ORD07528,09-12-2025,UPI,197831,Partial
PAY05699,ORD02941,13-01-2025,Cash,190525,Pending
PAY05700,ORD01332,15-04-2025,UPI,441426,Partial
PAY05701,ORD07237,03-03-2025,Debit Card,478094,Paid
PAY05702,ORD07786,04-02-2025,UPI,246317,paid
PAY05703,ORD08408,16-07-2025,Bank Transfer,63126,paid
PAY05704,ORD06784,08-05-2025,Bank Transfer,182469,Partial
PAY05705,ORD02595,08-07-2025,Cash,79841,Partial
PAY05706,ORD05027,01-05-2025,Credit Card,262401,Partial
PAY05707,ORD06631,04-09-2025,Bank Transfer,151673,Partial
PAY05708,ORD06676,22-09-2025,Credit Card,450757,paid
PAY05709,ORD07990,11-04-2025,Cash,376394,paid
PAY05710,ORD06499,18-08-2025,UPI,322664,paid
PAY05711,ORD03210,09-07-2025,Credit Card,434508,Partial
PAY05712,ORD04840,23-03-2025,Credit Card,136015,Pending
PAY05713,ORD02002,26-04-2025,Cash,214228,Partial
PAY05714,ORD07508,17-07-2025,Debit Card,100243,paid
PAY05715,ORD05851,09-01-2025,Cash,439280,Partial
PAY05716,ORD00398,13-08-2025,Cash,430726,Paid
PAY05717,ORD02611,10-12-2025,Credit Card,360166,paid
PAY05718,ORD02779,18-04-2025,UPI,95845,Paid
PAY05719,ORD03837,17-02-2025,UPI,129450,paid
PAY05720,ORD09194,13-07-2025,Debit Card,450731,paid
PAY05721,ORD04809,16-04-2025,Debit Card,12845,paid
PAY05722,ORD07717,08-04-2025,UPI,211348,Paid
PAY05723,ORD04559,26-05-2025,Cash,317951,Partial
PAY05724,ORD00085,09-04-2025,Bank Transfer,373688,Partial
PAY05725,ORD07740,24-12-2025,UPI,262911,Pending
PAY05726,ORD03721,23-10-2025,Credit Card,121318,Paid
PAY05727,ORD09762,05-05-2025,Debit Card,461003,Paid
PAY05728,ORD00420,14-01-2025,Debit Card,497237,Pending
PAY05729,ORD01899,23-04-2025,Cash,129936,paid
PAY05730,ORD08862,23-10-2025,Cash,181854,Paid
PAY05731,ORD02185,01-06-2025,Debit Card,372047,Partial
PAY05732,ORD05687,19-07-2025,UPI,5414,Partial
PAY05733,ORD03246,20-02-2025,UPI,163275,paid
PAY05734,ORD07575,26-11-2025,Debit Card,469067,paid
PAY05735,ORD03136,11-09-2025,Cash,87039,paid
PAY05736,ORD09205,08-10-2025,Credit Card,285864,paid
PAY05737,ORD01506,24-10-2025,Credit Card,24162,paid
PAY05738,ORD08671,27-10-2025,UPI,52764,Partial
PAY05739,ORD02735,24-09-2025,Credit Card,303573,Pending
PAY05740,ORD06002,09-12-2025,Credit Card,17218,Pending
PAY05741,ORD01935,20-07-2025,UPI,228270,Pending
PAY05742,ORD09081,03-06-2025,Credit Card,37795,Paid
PAY05743,ORD01381,14-02-2025,UPI,416147,Pending
PAY05744,ORD09673,17-09-2025,Cash,420381,Pending
PAY05745,ORD00182,07-05-2025,Credit Card,57588,Pending
PAY05746,ORD07525,16-07-2025,Debit Card,376254,Paid
PAY05747,ORD03475,11-06-2025,Cash,295906,Paid
PAY05748,ORD08630,18-03-2025,Cash,391688,Pending
PAY05749,ORD08187,05-03-2025,Bank Transfer,202302,Pending
PAY05750,ORD01139,16-05-2025,UPI,385237,Partial
PAY05751,ORD01651,11-06-2025,Credit Card,489193,Partial
PAY05752,ORD06585,12-08-2025,Cash,54365,paid
PAY05753,ORD08632,21-07-2025,Bank Transfer,271327,Partial
PAY05754,ORD07605,23-11-2025,Cash,260801,Partial
PAY05755,ORD08883,07-10-2025,Debit Card,347040,Pending
PAY05756,ORD03656,16-04-2025,Debit Card,14100,paid
PAY05757,ORD02600,27-03-2025,Credit Card,434452,paid
PAY05758,ORD02610,06-08-2025,Credit Card,260346,Paid
PAY05759,ORD06903,12-12-2025,Cash,216138,paid
PAY05760,ORD05076,19-01-2025,UPI,209298,Paid
PAY05761,ORD03681,28-04-2025,UPI,414881,Partial
PAY05762,ORD06418,20-10-2025,Credit Card,97029,paid
PAY05763,ORD09102,27-04-2025,Cash,276392,Paid
PAY05764,ORD08135,01-09-2025,Bank Transfer,80493,Pending
PAY05765,ORD07769,17-09-2025,UPI,89804,paid
PAY05766,ORD02859,12-01-2025,UPI,434811,Pending
PAY05767,ORD06227,26-05-2025,Cash,235490,Paid
PAY05768,ORD07063,09-06-2025,Cash,43973,Pending
PAY05769,ORD03096,01-03-2025,Credit Card,259673,Partial
PAY05770,ORD05348,24-09-2025,Credit Card,205057,Pending
PAY05771,ORD07819,11-10-2025,Cash,220879,Pending
PAY05772,ORD05436,05-07-2025,Credit Card,135365,Pending
PAY05773,ORD06810,28-11-2025,Bank Transfer,130798,paid
PAY05774,ORD03752,17-03-2025,Cash,228939,Pending
PAY05775,ORD00310,21-10-2025,Bank Transfer,101342,Pending
PAY05776,ORD03738,19-01-2025,Cash,291835,Paid
PAY05777,ORD08683,24-03-2025,Cash,370029,paid
PAY05778,ORD07068,21-10-2025,Credit Card,20235,paid
PAY05779,ORD09826,09-11-2025,Bank Transfer,161995,Pending
PAY05780,ORD05545,22-06-2025,Bank Transfer,214991,Partial
PAY05781,ORD01244,12-02-2025,Cash,172896,Pending
PAY05782,ORD09295,22-05-2025,Cash,274220,Paid
PAY05783,ORD02302,06-04-2025,Bank Transfer,119805,Pending
PAY05784,ORD04313,07-08-2025,UPI,9389,Partial
PAY05785,ORD05347,19-04-2025,Cash,13369,Paid
PAY05786,ORD02971,14-02-2025,Cash,306431,Paid
PAY05787,ORD01447,21-03-2025,Credit Card,208197,Pending
PAY05788,ORD07649,23-03-2025,UPI,134431,Pending
PAY05789,ORD07021,09-01-2025,Bank Transfer,430445,Pending
PAY05790,ORD06322,14-11-2025,Credit Card,49137,Partial
PAY05791,ORD04436,24-09-2025,Credit Card,233268,paid
PAY05792,ORD00275,25-03-2025,Debit Card,131538,paid
PAY05793,ORD04805,22-07-2025,Cash,381694,paid
PAY05794,ORD03420,10-07-2025,Cash,296367,Pending
PAY05795,ORD07009,02-06-2025,Bank Transfer,354057,paid
PAY05796,ORD03057,28-05-2025,Credit Card,394411,Partial
PAY05797,ORD01143,09-01-2025,Bank Transfer,329580,Partial
PAY05798,ORD03185,24-09-2025,Cash,45148,Partial
PAY05799,ORD06735,03-10-2025,Debit Card,125402,Pending
PAY05800,ORD09645,17-11-2025,Cash,347170,Partial
PAY05801,ORD02090,01-09-2025,Credit Card,453298,Partial
PAY05802,ORD07070,05-09-2025,Debit Card,386527,Paid
PAY05803,ORD07704,08-09-2025,Debit Card,258224,Partial
PAY05804,ORD04506,16-06-2025,Debit Card,484306,Paid
PAY05805,ORD01653,09-10-2025,UPI,412149,Paid
PAY05806,ORD05943,08-02-2025,Bank Transfer,88955,Partial
PAY05807,ORD07933,07-08-2025,Credit Card,110007,Partial
PAY05808,ORD07415,26-07-2025,Credit Card,358402,Pending
PAY05809,ORD05209,09-04-2025,UPI,341974,Pending
PAY05810,ORD04991,19-04-2025,Credit Card,494442,paid
PAY05811,ORD04135,19-06-2025,Cash,95519,Paid
PAY05812,ORD00181,22-03-2025,Cash,198987,Pending
PAY05813,ORD03909,28-08-2025,Bank Transfer,379533,Pending
PAY05814,ORD07086,28-11-2025,Cash,59366,paid
PAY05815,ORD08804,11-04-2025,UPI,239227,Paid
PAY05816,ORD06501,22-12-2025,Debit Card,92756,Pending
PAY05817,ORD03529,16-08-2025,Debit Card,121495,Paid
PAY05818,ORD00147,12-08-2025,Bank Transfer,401279,Pending
PAY05819,ORD00940,23-09-2025,Credit Card,275151,paid
PAY05820,ORD04535,13-11-2025,Bank Transfer,349330,paid
PAY05821,ORD03387,20-07-2025,Debit Card,436642,Paid
PAY05822,ORD05823,04-02-2025,Debit Card,241255,paid
PAY05823,ORD03620,10-02-2025,Bank Transfer,110136,Pending
PAY05824,ORD03637,19-11-2025,UPI,197543,Pending
PAY05825,ORD01536,15-01-2025,Debit Card,129210,Paid
PAY05826,ORD09025,17-07-2025,Cash,189634,Paid
PAY05827,ORD09032,11-11-2025,Debit Card,491122,Partial
PAY05828,ORD01556,19-06-2025,UPI,178473,Paid
PAY05829,ORD03075,25-01-2025,Credit Card,35626,Pending
PAY05830,ORD09352,23-03-2025,Debit Card,165007,paid
PAY05831,ORD00413,20-02-2025,Bank Transfer,446144,Paid
PAY05832,ORD06262,01-09-2025,UPI,350846,Pending
PAY05833,ORD08713,26-07-2025,Bank Transfer,172112,paid
PAY05834,ORD00297,08-03-2025,Credit Card,213320,Pending
PAY05835,ORD02620,08-07-2025,Cash,240080,Paid
PAY05836,ORD00981,15-06-2025,Bank Transfer,174280,Partial
PAY05837,ORD04463,06-06-2025,Debit Card,58154,Paid
PAY05838,ORD01667,24-08-2025,Bank Transfer,302855,Partial
PAY05839,ORD02388,11-03-2025,UPI,97596,Paid
PAY05840,ORD06007,20-03-2025,Bank Transfer,185644,Pending
PAY05841,ORD05593,19-11-2025,UPI,458789,Pending
PAY05842,ORD07803,27-05-2025,Credit Card,369138,paid
PAY05843,ORD08795,01-05-2025,Cash,59412,paid
PAY05844,ORD09359,26-10-2025,Debit Card,219390,Pending
PAY05845,ORD06502,28-02-2025,Cash,158780,Partial
PAY05846,ORD04853,09-09-2025,Credit Card,246527,Partial
PAY05847,ORD07480,10-08-2025,UPI,273288,paid
PAY05848,ORD06427,04-04-2025,Debit Card,185766,Paid
PAY05849,ORD06873,02-03-2025,Credit Card,105032,Pending
PAY05850,ORD07190,05-03-2025,Debit Card,357939,paid
PAY05851,ORD08271,17-08-2025,Debit Card,74530,Pending
PAY05852,ORD02139,28-04-2025,Cash,300169,Pending
PAY05853,ORD02377,08-01-2025,Credit Card,299385,paid
PAY05854,ORD06856,26-02-2025,UPI,76392,paid
PAY05855,ORD06097,23-12-2025,Bank Transfer,136823,Pending
PAY05856,ORD01910,11-02-2025,Cash,456805,paid
PAY05857,ORD01880,26-06-2025,Cash,162358,paid
PAY05858,ORD08179,15-11-2025,Bank Transfer,363759,paid
PAY05859,ORD05056,21-11-2025,Credit Card,166314,paid
PAY05860,ORD01813,04-04-2025,Bank Transfer,258573,paid
PAY05861,ORD09268,03-01-2025,Debit Card,101402,Paid
PAY05862,ORD09686,23-05-2025,Cash,43236,paid
PAY05863,ORD05305,21-05-2025,Credit Card,232673,Partial
PAY05864,ORD09755,05-07-2025,Debit Card,97468,Partial
PAY05865,ORD01836,14-04-2025,Cash,123023,Pending
PAY05866,ORD09293,18-03-2025,Cash,51553,Paid
PAY05867,ORD03072,03-04-2025,Cash,19132,Partial
PAY05868,ORD05146,24-03-2025,UPI,220251,Pending
PAY05869,ORD07587,06-12-2025,Debit Card,314708,paid
PAY05870,ORD09741,08-02-2025,UPI,288101,paid
PAY05871,ORD01448,09-08-2025,Bank Transfer,56611,paid
PAY05872,ORD03456,25-11-2025,UPI,374232,Partial
PAY05873,ORD05522,22-06-2025,Credit Card,70563,paid
PAY05874,ORD02828,14-02-2025,Cash,237479,paid
PAY05875,ORD05595,19-10-2025,Bank Transfer,448722,paid
PAY05876,ORD06704,11-03-2025,Cash,305263,Paid
PAY05877,ORD02747,22-12-2025,Debit Card,77992,Partial
PAY05878,ORD09666,28-12-2025,Debit Card,24194,Partial
PAY05879,ORD06688,15-04-2025,Cash,421943,Partial
PAY05880,ORD00810,23-09-2025,Debit Card,32841,Partial
PAY05881,ORD00304,04-11-2025,UPI,402596,paid
PAY05882,ORD05131,02-02-2025,UPI,476597,paid
PAY05883,ORD07902,04-11-2025,Bank Transfer,152108,Partial
PAY05884,ORD02758,04-06-2025,Debit Card,209267,Paid
PAY05885,ORD05986,09-06-2025,Bank Transfer,52586,Pending
PAY05886,ORD00749,09-03-2025,UPI,100732,paid
PAY05887,ORD00349,12-03-2025,Bank Transfer,431826,Pending
PAY05888,ORD00978,21-06-2025,UPI,100486,paid
PAY05889,ORD07697,27-02-2025,Bank Transfer,456970,Partial
PAY05890,ORD05174,12-06-2025,Debit Card,256187,paid
PAY05891,ORD06792,21-02-2025,Cash,137925,Pending
PAY05892,ORD04092,24-06-2025,Bank Transfer,407745,Partial
PAY05893,ORD02892,10-12-2025,Bank Transfer,278265,Partial
PAY05894,ORD06699,02-03-2025,Bank Transfer,5937,Partial
PAY05895,ORD03126,18-01-2025,Bank Transfer,39539,paid
PAY05896,ORD01006,15-12-2025,Debit Card,43839,Pending
PAY05897,ORD03366,05-02-2025,UPI,387400,paid
PAY05898,ORD02524,05-03-2025,Debit Card,251509,Pending
PAY05899,ORD09442,25-12-2025,Cash,234018,Partial
PAY05900,ORD08013,28-12-2025,Cash,114818,Partial
PAY05901,ORD05042,15-03-2025,UPI,460196,Pending
PAY05902,ORD03104,27-09-2025,Bank Transfer,5483,Paid
PAY05903,ORD00821,28-07-2025,Credit Card,37579,paid
PAY05904,ORD07964,10-05-2025,Cash,382056,Pending
PAY05905,ORD05589,13-10-2025,Credit Card,466648,Pending
PAY05906,ORD05600,12-08-2025,Credit Card,411640,Paid
PAY05907,ORD04558,11-10-2025,Cash,71345,Paid
PAY05908,ORD01166,11-09-2025,Cash,248952,paid
PAY05909,ORD06104,04-04-2025,UPI,417347,Pending
PAY05910,ORD05676,19-02-2025,Bank Transfer,402878,Pending
PAY05911,ORD09421,20-02-2025,UPI,434644,Paid
PAY05912,ORD00806,12-03-2025,Credit Card,388540,Partial
PAY05913,ORD03863,20-05-2025,Bank Transfer,10869,Partial
PAY05914,ORD04140,03-04-2025,UPI,19120,paid
PAY05915,ORD05804,19-04-2025,Cash,423106,Pending
PAY05916,ORD03878,24-10-2025,UPI,391659,Paid
PAY05917,ORD09688,03-07-2025,Bank Transfer,369855,paid
PAY05918,ORD02203,19-07-2025,Credit Card,164859,Paid
PAY05919,ORD08610,07-11-2025,Debit Card,97136,Partial
PAY05920,ORD07065,19-03-2025,UPI,137625,Partial
PAY05921,ORD02565,25-08-2025,Cash,366944,Pending
PAY05922,ORD03063,23-04-2025,Cash,478925,paid
PAY05923,ORD00781,11-10-2025,Bank Transfer,483712,Partial
PAY05924,ORD00921,01-08-2025,UPI,279420,paid
PAY05925,ORD07823,21-10-2025,UPI,78410,Paid
PAY05926,ORD04718,25-08-2025,Bank Transfer,227933,Paid
PAY05927,ORD04278,21-08-2025,UPI,352129,Paid
PAY05928,ORD06282,15-04-2025,Debit Card,287059,Pending
PAY05929,ORD05146,25-05-2025,Cash,169492,paid
PAY05930,ORD00295,28-09-2025,Debit Card,41183,paid
PAY05931,ORD03290,11-02-2025,Debit Card,402275,Pending
PAY05932,ORD06639,12-06-2025,UPI,490663,paid
PAY05933,ORD00269,08-05-2025,Bank Transfer,49186,paid
PAY05934,ORD09918,21-10-2025,Cash,23912,Partial
PAY05935,ORD03314,24-04-2025,Cash,216705,Partial
PAY05936,ORD07316,21-08-2025,Cash,487333,paid
PAY05937,ORD04894,25-12-2025,Credit Card,241924,Pending
PAY05938,ORD09364,09-07-2025,Debit Card,349312,Paid
PAY05939,ORD04014,26-10-2025,UPI,218745,Pending
PAY05940,ORD05172,07-08-2025,Bank Transfer,477983,Partial
PAY05941,ORD01207,23-05-2025,Bank Transfer,285019,paid
PAY05942,ORD07968,16-12-2025,Credit Card,20965,Paid
PAY05943,ORD07616,22-02-2025,Credit Card,222976,Pending
PAY05944,ORD04646,03-10-2025,Bank Transfer,333991,Partial
PAY05945,ORD07706,01-07-2025,Debit Card,406174,Partial
PAY05946,ORD05268,18-07-2025,Bank Transfer,36523,Partial
PAY05947,ORD07689,06-07-2025,Cash,170328,paid
PAY05948,ORD02803,14-01-2025,Credit Card,280759,Pending
PAY05949,ORD00825,04-08-2025,Credit Card,463339,Partial
PAY05950,ORD02964,08-04-2025,Cash,36140,paid
PAY05951,ORD06877,04-10-2025,Cash,461528,Partial
PAY05952,ORD07706,26-08-2025,Credit Card,262795,paid
PAY05953,ORD00404,01-08-2025,Debit Card,308247,paid
PAY05954,ORD03137,23-11-2025,Cash,272026,Pending
PAY05955,ORD06784,24-09-2025,UPI,70537,Pending
PAY05956,ORD07619,15-07-2025,UPI,110370,Partial
PAY05957,ORD02791,03-12-2025,Cash,300102,Paid
PAY05958,ORD00992,16-03-2025,Bank Transfer,386734,Paid
PAY05959,ORD01403,22-03-2025,Cash,211398,paid
PAY05960,ORD01018,03-12-2025,Credit Card,292372,Partial
PAY05961,ORD09876,24-08-2025,Cash,108218,Paid
PAY05962,ORD08873,05-07-2025,Credit Card,392699,Partial
PAY05963,ORD07384,08-02-2025,UPI,327851,Pending
PAY05964,ORD09825,09-08-2025,Credit Card,460445,Pending
PAY05965,ORD07055,20-12-2025,Credit Card,178324,paid
PAY05966,ORD00481,22-09-2025,Credit Card,362654,Partial
PAY05967,ORD09894,22-01-2025,Bank Transfer,18563,Partial
PAY05968,ORD02583,08-01-2025,Bank Transfer,445969,Paid
PAY05969,ORD06579,13-12-2025,UPI,439293,Pending
PAY05970,ORD07424,19-02-2025,Bank Transfer,198440,Pending
PAY05971,ORD09434,06-02-2025,Debit Card,127177,paid
PAY05972,ORD00016,06-08-2025,Debit Card,60448,paid
PAY05973,ORD00650,22-02-2025,Cash,391828,Partial
PAY05974,ORD07583,08-03-2025,Bank Transfer,316933,paid
PAY05975,ORD03171,17-03-2025,Cash,418445,paid
PAY05976,ORD08964,21-11-2025,UPI,51941,Pending
PAY05977,ORD05212,02-05-2025,UPI,209828,Paid
PAY05978,ORD03599,12-04-2025,Cash,33450,Pending
PAY05979,ORD07358,08-06-2025,Debit Card,371413,Partial
PAY05980,ORD07908,10-12-2025,Credit Card,132562,paid
PAY05981,ORD03384,08-07-2025,Debit Card,336817,paid
PAY05982,ORD03582,11-01-2025,Bank Transfer,483499,Pending
PAY05983,ORD02351,18-04-2025,Debit Card,92193,paid
PAY05984,ORD04834,26-10-2025,UPI,46267,Pending
PAY05985,ORD05943,16-06-2025,Bank Transfer,279150,Paid
PAY05986,ORD04383,25-08-2025,Debit Card,10517,Partial
PAY05987,ORD09523,21-02-2025,Debit Card,278187,Partial
PAY05988,ORD09096,16-01-2025,Debit Card,405275,Paid
PAY05989,ORD04322,20-05-2025,Debit Card,159962,Paid
PAY05990,ORD02537,20-01-2025,Debit Card,280257,Pending
PAY05991,ORD01734,07-12-2025,Debit Card,178029,Paid
PAY05992,ORD02683,03-09-2025,Debit Card,445132,paid
PAY05993,ORD09135,06-11-2025,Credit Card,436743,Partial
PAY05994,ORD06693,04-10-2025,Cash,204030,Paid
PAY05995,ORD05933,20-03-2025,Debit Card,130663,Partial
PAY05996,ORD06588,10-12-2025,Cash,451172,paid
PAY05997,ORD08086,01-08-2025,Debit Card,126729,Pending
PAY05998,ORD02639,05-09-2025,Debit Card,146134,Paid
PAY05999,ORD00993,11-06-2025,Bank Transfer,181769,Pending
PAY06000,ORD06259,15-05-2025,Debit Card,126465,paid
PAY06001,ORD00272,24-07-2025,Debit Card,108595,paid
PAY06002,ORD02829,10-12-2025,Credit Card,326815,Paid
PAY06003,ORD00777,03-05-2025,Bank Transfer,439310,paid
PAY06004,ORD06834,19-12-2025,Debit Card,254345,Pending
PAY06005,ORD09754,19-10-2025,Debit Card,242626,Partial
PAY06006,ORD08975,11-01-2025,UPI,222424,Paid
PAY06007,ORD03477,04-12-2025,UPI,118218,paid
PAY06008,ORD07915,16-02-2025,Cash,107578,Partial
PAY06009,ORD09663,06-01-2025,Credit Card,230366,Partial
PAY06010,ORD03004,01-05-2025,Cash,295426,Paid
PAY06011,ORD07713,08-11-2025,Cash,116734,Paid
PAY06012,ORD02263,14-06-2025,Credit Card,275614,Paid
PAY06013,ORD02587,05-08-2025,Debit Card,7150,Paid
PAY06014,ORD03323,19-04-2025,Bank Transfer,98924,paid
PAY06015,ORD02397,06-11-2025,Credit Card,449863,Paid
PAY06016,ORD00755,04-01-2025,Bank Transfer,271292,paid
PAY06017,ORD05312,11-02-2025,UPI,87223,Paid
PAY06018,ORD04691,27-09-2025,Debit Card,385068,Partial
PAY06019,ORD04150,28-07-2025,UPI,466051,Paid
PAY06020,ORD04143,22-10-2025,Bank Transfer,476092,paid
PAY06021,ORD06062,03-02-2025,UPI,340531,Paid
PAY06022,ORD09737,02-07-2025,Bank Transfer,184412,paid
PAY06023,ORD07619,05-11-2025,Bank Transfer,372229,Paid
PAY06024,ORD06756,08-05-2025,Cash,250394,Pending
PAY06025,ORD02965,24-03-2025,UPI,213482,Paid
PAY06026,ORD00917,21-05-2025,Credit Card,61079,paid
PAY06027,ORD05762,06-08-2025,UPI,18571,Partial
PAY06028,ORD05749,04-07-2025,Credit Card,381651,paid
PAY06029,ORD01218,24-05-2025,Credit Card,319182,Pending
PAY06030,ORD03709,05-05-2025,Credit Card,75696,Partial
PAY06031,ORD09758,07-04-2025,Debit Card,246984,Pending
PAY06032,ORD02817,20-03-2025,Credit Card,443651,paid
PAY06033,ORD05452,07-05-2025,UPI,342960,Pending
PAY06034,ORD09040,23-10-2025,Credit Card,477775,paid
PAY06035,ORD09565,01-02-2025,Credit Card,386891,Partial
PAY06036,ORD00944,02-10-2025,Credit Card,109792,Pending
PAY06037,ORD05632,23-11-2025,Cash,149307,paid
PAY06038,ORD04068,27-10-2025,Credit Card,164260,Pending
PAY06039,ORD05750,28-02-2025,Credit Card,301994,Pending
PAY06040,ORD09850,21-06-2025,UPI,391704,paid
PAY06041,ORD08123,01-04-2025,Debit Card,80275,Pending
PAY06042,ORD00226,02-08-2025,Bank Transfer,436001,Partial
PAY06043,ORD06757,05-07-2025,Bank Transfer,288757,Pending
PAY06044,ORD03783,13-09-2025,Debit Card,196730,paid
PAY06045,ORD05550,20-03-2025,Debit Card,90350,Partial
PAY06046,ORD03056,22-10-2025,Cash,465875,Paid
PAY06047,ORD05226,09-08-2025,Bank Transfer,53622,paid
PAY06048,ORD09268,19-01-2025,Debit Card,380367,Paid
PAY06049,ORD04215,18-09-2025,Cash,185986,Paid
PAY06050,ORD03869,24-08-2025,UPI,458529,Partial
PAY06051,ORD09883,04-08-2025,UPI,406468,Pending
PAY06052,ORD00522,27-01-2025,Bank Transfer,11358,Pending
PAY06053,ORD01304,25-06-2025,Credit Card,460983,Paid
PAY06054,ORD06811,06-12-2025,Bank Transfer,218161,Partial
PAY06055,ORD04078,11-05-2025,Cash,89396,Paid
PAY06056,ORD03254,24-10-2025,UPI,299627,Paid
PAY06057,ORD03979,12-10-2025,Credit Card,338448,Pending
PAY06058,ORD09984,25-10-2025,Cash,327850,paid
PAY06059,ORD08552,07-08-2025,Debit Card,160770,Pending
PAY06060,ORD09869,13-02-2025,Debit Card,425754,Paid
PAY06061,ORD04137,09-05-2025,UPI,499447,paid
PAY06062,ORD09198,02-10-2025,Credit Card,413350,paid
PAY06063,ORD02878,02-02-2025,Debit Card,188628,Pending
PAY06064,ORD03305,07-11-2025,Credit Card,460455,Partial
PAY06065,ORD08156,04-11-2025,UPI,289061,Paid
PAY06066,ORD01673,16-09-2025,UPI,316102,Paid
PAY06067,ORD03030,04-05-2025,Cash,36544,Partial
PAY06068,ORD08843,17-05-2025,UPI,363503,paid
PAY06069,ORD07253,04-02-2025,Debit Card,56231,Paid
PAY06070,ORD01814,19-12-2025,UPI,120128,Paid
PAY06071,ORD01697,17-07-2025,Cash,454423,Pending
PAY06072,ORD04138,15-12-2025,UPI,146916,Paid
PAY06073,ORD06417,23-09-2025,Bank Transfer,173476,Partial
PAY06074,ORD09055,12-02-2025,Credit Card,307643,paid
PAY06075,ORD00289,04-09-2025,Cash,178886,Partial
PAY06076,ORD00082,10-09-2025,Cash,283655,Partial
PAY06077,ORD02275,17-06-2025,Bank Transfer,180599,Pending
PAY06078,ORD08304,17-11-2025,Cash,300855,Pending
PAY06079,ORD07449,28-02-2025,Cash,276306,Paid
PAY06080,ORD01814,06-11-2025,Bank Transfer,482651,paid
PAY06081,ORD09631,11-03-2025,Credit Card,261966,paid
PAY06082,ORD00970,26-02-2025,Cash,345163,Pending
PAY06083,ORD09790,26-11-2025,UPI,499855,paid
PAY06084,ORD05725,09-04-2025,Credit Card,405276,Pending
PAY06085,ORD05148,26-12-2025,Cash,441444,Pending
PAY06086,ORD05986,19-05-2025,Debit Card,49282,Paid
PAY06087,ORD01326,19-03-2025,Cash,457293,Pending
PAY06088,ORD09218,17-06-2025,Bank Transfer,151584,Paid
PAY06089,ORD09545,15-01-2025,UPI,53384,Paid
PAY06090,ORD02153,18-04-2025,UPI,96556,Paid
PAY06091,ORD07001,25-04-2025,UPI,280867,Paid
PAY06092,ORD00974,14-01-2025,Credit Card,247874,Paid
PAY06093,ORD08165,07-04-2025,UPI,469991,Paid
PAY06094,ORD00111,17-05-2025,Credit Card,491527,Partial
PAY06095,ORD07048,23-06-2025,Cash,199600,Partial
PAY06096,ORD03527,07-10-2025,Cash,129900,Paid
PAY06097,ORD03722,02-10-2025,Bank Transfer,171837,Paid
PAY06098,ORD07501,22-12-2025,UPI,382799,paid
PAY06099,ORD02489,11-01-2025,Debit Card,480632,paid
PAY06100,ORD08311,02-07-2025,Cash,58628,Partial
PAY06101,ORD09914,12-09-2025,Cash,12490,Partial
PAY06102,ORD06395,21-03-2025,Bank Transfer,65005,Pending
PAY06103,ORD06872,02-02-2025,UPI,302464,Paid
PAY06104,ORD03281,06-07-2025,Credit Card,367689,Partial
PAY06105,ORD05593,24-01-2025,Credit Card,427798,Pending
PAY06106,ORD02934,02-12-2025,Debit Card,123462,Paid
PAY06107,ORD04443,03-05-2025,Bank Transfer,252029,Paid
PAY06108,ORD08786,08-04-2025,Bank Transfer,484872,Pending
PAY06109,ORD08813,04-04-2025,Credit Card,241014,Paid
PAY06110,ORD07047,02-06-2025,Credit Card,319971,paid
PAY06111,ORD02685,09-06-2025,UPI,238828,Partial
PAY06112,ORD01688,02-07-2025,Credit Card,419508,paid
PAY06113,ORD06949,13-02-2025,Credit Card,17987,Partial
PAY06114,ORD03028,23-12-2025,Debit Card,223581,paid
PAY06115,ORD03273,20-07-2025,Debit Card,105671,Paid
PAY06116,ORD00445,19-03-2025,UPI,367596,Pending
PAY06117,ORD04594,04-10-2025,Credit Card,118168,Paid
PAY06118,ORD08422,04-08-2025,Credit Card,115296,Partial
PAY06119,ORD04416,08-09-2025,UPI,398348,paid
PAY06120,ORD00820,06-04-2025,UPI,346476,Paid
PAY06121,ORD08702,04-01-2025,Credit Card,9895,Paid
PAY06122,ORD06447,13-02-2025,Debit Card,424708,Partial
PAY06123,ORD06783,25-04-2025,UPI,78309,Partial
PAY06124,ORD02591,02-06-2025,Cash,203037,Partial
PAY06125,ORD07195,17-01-2025,Bank Transfer,446404,Paid
PAY06126,ORD01790,05-05-2025,Debit Card,312192,paid
PAY06127,ORD01944,01-05-2025,Credit Card,133856,Partial
PAY06128,ORD01610,05-12-2025,UPI,450310,paid
PAY06129,ORD09717,26-02-2025,Credit Card,259535,paid
PAY06130,ORD00721,07-12-2025,UPI,251594,Partial
PAY06131,ORD08733,06-06-2025,Bank Transfer,272318,Partial
PAY06132,ORD05646,07-07-2025,UPI,57178,Paid
PAY06133,ORD09372,06-05-2025,Cash,212432,paid
PAY06134,ORD04152,20-01-2025,UPI,195680,Paid
PAY06135,ORD01885,12-05-2025,Bank Transfer,356822,Pending
PAY06136,ORD09477,15-05-2025,Debit Card,458198,Pending
PAY06137,ORD07073,12-07-2025,UPI,92042,Partial
PAY06138,ORD07387,21-05-2025,UPI,202814,paid
PAY06139,ORD02323,17-12-2025,Bank Transfer,184864,Pending
PAY06140,ORD07363,18-06-2025,Credit Card,309287,Paid
PAY06141,ORD05288,16-02-2025,Bank Transfer,219728,Partial
PAY06142,ORD04809,22-02-2025,Cash,432695,Partial
PAY06143,ORD09592,01-03-2025,Bank Transfer,425926,Partial
PAY06144,ORD02604,15-07-2025,Debit Card,457900,Pending
PAY06145,ORD09881,14-09-2025,UPI,88766,Pending
PAY06146,ORD04083,06-11-2025,Bank Transfer,135765,Paid
PAY06147,ORD07011,04-09-2025,Cash,156584,Pending
PAY06148,ORD00823,04-07-2025,Cash,194017,Paid
PAY06149,ORD08561,10-09-2025,Bank Transfer,257208,Paid
PAY06150,ORD07200,21-05-2025,Bank Transfer,52398,Partial
PAY06151,ORD02147,28-08-2025,Credit Card,339813,Pending
PAY06152,ORD05416,03-06-2025,Bank Transfer,285604,Partial
PAY06153,ORD04535,02-04-2025,Debit Card,319031,Pending
PAY06154,ORD01472,09-07-2025,UPI,435794,Paid
PAY06155,ORD01638,06-11-2025,Debit Card,257447,paid
PAY06156,ORD04130,05-02-2025,Debit Card,416847,paid
PAY06157,ORD08982,23-02-2025,UPI,262939,Paid
PAY06158,ORD06786,04-05-2025,Bank Transfer,301527,paid
PAY06159,ORD06305,24-10-2025,Cash,14825,paid
PAY06160,ORD02281,23-02-2025,Debit Card,335974,Pending
PAY06161,ORD05837,05-08-2025,Cash,76071,paid
PAY06162,ORD05374,03-11-2025,Credit Card,55182,Partial
PAY06163,ORD04300,01-05-2025,UPI,222625,paid
PAY06164,ORD03106,01-11-2025,Credit Card,105536,Paid
PAY06165,ORD02962,07-05-2025,Cash,499623,Partial
PAY06166,ORD07761,08-08-2025,Bank Transfer,230030,Pending
PAY06167,ORD09887,02-09-2025,Debit Card,6313,Pending
PAY06168,ORD01783,27-09-2025,Cash,78690,Pending
PAY06169,ORD00207,25-10-2025,Cash,324854,Paid
PAY06170,ORD08517,25-09-2025,Bank Transfer,279530,Paid
PAY06171,ORD08996,18-10-2025,Bank Transfer,254493,Pending
PAY06172,ORD01239,10-04-2025,Bank Transfer,260669,Paid
PAY06173,ORD00287,24-06-2025,UPI,144969,paid
PAY06174,ORD08654,03-09-2025,Credit Card,287784,Partial
PAY06175,ORD06315,23-12-2025,Credit Card,305171,Partial
PAY06176,ORD09177,19-04-2025,Credit Card,121598,Pending
PAY06177,ORD05689,26-12-2025,UPI,434369,paid
PAY06178,ORD04600,18-02-2025,Debit Card,10682,paid
PAY06179,ORD05175,03-10-2025,Credit Card,146297,Pending
PAY06180,ORD09319,23-03-2025,Bank Transfer,65323,Pending
PAY06181,ORD04831,13-06-2025,Bank Transfer,408541,Partial
PAY06182,ORD01064,05-07-2025,Bank Transfer,280135,paid
PAY06183,ORD00217,16-03-2025,Cash,56306,Partial
PAY06184,ORD02338,22-07-2025,Credit Card,109362,paid
PAY06185,ORD09689,18-04-2025,Debit Card,49980,Partial
PAY06186,ORD00204,17-12-2025,Cash,497901,Pending
PAY06187,ORD08379,19-06-2025,Credit Card,19011,Partial
PAY06188,ORD08602,07-03-2025,Cash,165919,Pending
PAY06189,ORD06785,21-03-2025,Credit Card,65915,Paid
PAY06190,ORD07770,11-05-2025,UPI,436852,Paid
PAY06191,ORD08657,22-06-2025,Bank Transfer,133529,Partial
PAY06192,ORD05190,03-08-2025,Credit Card,125624,Partial
PAY06193,ORD07769,10-07-2025,Cash,51687,Paid
PAY06194,ORD01131,02-01-2025,Credit Card,291712,paid
PAY06195,ORD04259,01-02-2025,UPI,460593,Pending
PAY06196,ORD03185,23-05-2025,Cash,164989,paid
PAY06197,ORD00621,07-11-2025,Bank Transfer,482218,Pending
PAY06198,ORD06991,11-03-2025,Cash,439133,Partial
PAY06199,ORD05095,27-07-2025,Cash,434316,Paid
PAY06200,ORD02654,02-01-2025,Bank Transfer,48680,Paid
PAY06201,ORD00608,11-01-2025,Cash,301731,Partial
PAY06202,ORD05247,26-10-2025,Debit Card,61943,paid
PAY06203,ORD07127,10-02-2025,Bank Transfer,366723,Paid
PAY06204,ORD09783,20-01-2025,UPI,234244,Pending
PAY06205,ORD07576,24-01-2025,Cash,8690,Pending
PAY06206,ORD08652,05-12-2025,Credit Card,279570,Partial
PAY06207,ORD00954,17-06-2025,Credit Card,328089,Partial
PAY06208,ORD09236,12-12-2025,Credit Card,218008,Pending
PAY06209,ORD03231,20-04-2025,Bank Transfer,390455,paid
PAY06210,ORD01817,25-09-2025,Cash,33910,Paid
PAY06211,ORD07291,25-08-2025,Cash,394317,Paid
PAY06212,ORD09087,10-09-2025,Cash,197202,Paid
PAY06213,ORD00065,21-06-2025,Debit Card,41176,paid
PAY06214,ORD05579,01-09-2025,Debit Card,117677,Pending
PAY06215,ORD02084,21-06-2025,UPI,47942,paid
PAY06216,ORD02112,28-11-2025,Debit Card,284599,Pending
PAY06217,ORD04902,23-05-2025,Debit Card,62426,Paid
PAY06218,ORD03671,24-12-2025,UPI,366868,paid
PAY06219,ORD09354,10-10-2025,UPI,380648,Pending
PAY06220,ORD08892,22-04-2025,UPI,74480,Pending
PAY06221,ORD01414,10-01-2025,Credit Card,348942,Pending
PAY06222,ORD00164,10-10-2025,Credit Card,465896,Paid
PAY06223,ORD04652,18-06-2025,Credit Card,237738,Paid
PAY06224,ORD04936,28-02-2025,Credit Card,422414,paid
PAY06225,ORD01693,01-05-2025,UPI,99358,Partial
PAY06226,ORD05070,06-05-2025,Cash,26822,paid
PAY06227,ORD08939,14-05-2025,Cash,236939,Partial
PAY06228,ORD02097,11-05-2025,Cash,237274,paid
PAY06229,ORD06880,16-12-2025,UPI,207889,Paid
PAY06230,ORD08512,23-05-2025,Credit Card,60350,Paid
PAY06231,ORD03592,08-10-2025,Credit Card,22647,Partial
PAY06232,ORD05381,11-02-2025,Credit Card,187487,Partial
PAY06233,ORD04085,23-01-2025,Debit Card,140198,Paid
PAY06234,ORD01791,24-06-2025,Debit Card,177107,Paid
PAY06235,ORD03933,22-06-2025,UPI,235275,Pending
PAY06236,ORD06219,12-08-2025,Debit Card,258196,Pending
PAY06237,ORD07414,19-11-2025,UPI,413893,Pending
PAY06238,ORD01700,09-09-2025,Cash,80483,Pending
PAY06239,ORD02819,05-01-2025,Bank Transfer,17602,Partial
PAY06240,ORD08635,02-12-2025,Cash,117625,Partial
PAY06241,ORD08368,09-01-2025,Debit Card,114395,paid
PAY06242,ORD01945,12-11-2025,Credit Card,233476,Pending
PAY06243,ORD07262,18-07-2025,Cash,301839,Pending
PAY06244,ORD09259,24-10-2025,Bank Transfer,11245,Paid
PAY06245,ORD02233,02-09-2025,Cash,459450,paid
PAY06246,ORD03765,03-08-2025,Bank Transfer,179963,paid
PAY06247,ORD04571,21-08-2025,UPI,259179,Paid
PAY06248,ORD00200,17-02-2025,Bank Transfer,291092,Paid
PAY06249,ORD07532,09-07-2025,Debit Card,145677,Partial
PAY06250,ORD01220,21-03-2025,Cash,360792,Pending
PAY06251,ORD08087,05-09-2025,Bank Transfer,373877,Paid
PAY06252,ORD08745,06-03-2025,Bank Transfer,6023,paid
PAY06253,ORD03342,28-11-2025,Cash,197924,Partial
PAY06254,ORD09874,06-12-2025,Credit Card,220842,Pending
PAY06255,ORD00225,18-10-2025,Debit Card,138484,Paid
PAY06256,ORD03183,22-03-2025,Cash,466926,Partial
PAY06257,ORD00769,01-11-2025,UPI,8020,Partial
PAY06258,ORD03506,10-10-2025,Credit Card,10349,Pending
PAY06259,ORD07754,03-04-2025,UPI,451795,Partial
PAY06260,ORD05663,09-09-2025,Bank Transfer,117428,Partial
PAY06261,ORD06523,01-09-2025,Bank Transfer,215454,Pending
PAY06262,ORD00066,18-11-2025,Cash,323449,Pending
PAY06263,ORD07797,24-06-2025,Bank Transfer,313148,Partial
PAY06264,ORD04340,27-05-2025,Debit Card,498020,Paid
PAY06265,ORD08782,23-05-2025,Cash,271862,Pending
PAY06266,ORD01937,05-03-2025,Credit Card,303770,paid
PAY06267,ORD03750,14-08-2025,Cash,117407,Partial
PAY06268,ORD06159,12-06-2025,Debit Card,341825,Partial
PAY06269,ORD04260,11-11-2025,UPI,483168,Partial
PAY06270,ORD09381,28-10-2025,Bank Transfer,184118,paid
PAY06271,ORD09666,21-01-2025,Credit Card,55446,Partial
PAY06272,ORD08956,25-07-2025,UPI,304858,Paid
PAY06273,ORD00158,07-07-2025,Cash,240710,paid
PAY06274,ORD04144,02-06-2025,Credit Card,144967,Paid
PAY06275,ORD00452,07-11-2025,UPI,369003,Pending
PAY06276,ORD03194,20-03-2025,Credit Card,419656,Paid
PAY06277,ORD06140,27-01-2025,Bank Transfer,202365,Pending
PAY06278,ORD01882,16-09-2025,Bank Transfer,111634,Paid
PAY06279,ORD07785,16-10-2025,Bank Transfer,145938,Pending
PAY06280,ORD06476,10-11-2025,Credit Card,5592,paid
PAY06281,ORD04650,15-06-2025,Bank Transfer,356061,Paid
PAY06282,ORD07602,14-11-2025,Cash,457501,Paid
PAY06283,ORD05483,10-09-2025,Cash,282625,Pending
PAY06284,ORD00009,22-05-2025,Bank Transfer,494497,Paid
PAY06285,ORD00098,18-10-2025,Debit Card,372420,Paid
PAY06286,ORD02889,26-01-2025,UPI,495690,Paid
PAY06287,ORD09831,14-08-2025,Debit Card,60753,Pending
PAY06288,ORD07687,25-05-2025,UPI,390780,Paid
PAY06289,ORD00333,14-10-2025,Bank Transfer,317505,paid
PAY06290,ORD08909,21-05-2025,Credit Card,34356,Pending
PAY06291,ORD04017,11-11-2025,Cash,321350,Partial
PAY06292,ORD05156,12-01-2025,UPI,246063,Paid
PAY06293,ORD04870,02-09-2025,Debit Card,306346,Paid
PAY06294,ORD09357,04-07-2025,Cash,246005,Paid
PAY06295,ORD07243,13-02-2025,Bank Transfer,396860,paid
PAY06296,ORD02367,24-01-2025,Credit Card,399986,Paid
PAY06297,ORD07551,11-09-2025,Cash,357095,Partial
PAY06298,ORD07554,09-06-2025,Debit Card,496825,Paid
PAY06299,ORD01005,07-03-2025,Bank Transfer,467170,Paid
PAY06300,ORD09313,18-10-2025,UPI,246713,paid
PAY06301,ORD06797,01-06-2025,Debit Card,281933,Pending
PAY06302,ORD03308,20-07-2025,Debit Card,30481,Partial
PAY06303,ORD03976,16-11-2025,UPI,356445,Partial
PAY06304,ORD06012,02-01-2025,UPI,348398,paid
PAY06305,ORD04809,14-07-2025,Credit Card,482279,Paid
PAY06306,ORD09773,20-12-2025,Bank Transfer,465391,paid
PAY06307,ORD04631,20-07-2025,Debit Card,408549,paid
PAY06308,ORD08649,20-06-2025,UPI,220544,Partial
PAY06309,ORD08969,09-01-2025,Debit Card,278188,Pending
PAY06310,ORD05299,08-09-2025,Debit Card,234023,paid
PAY06311,ORD03356,05-12-2025,Credit Card,307651,Pending
PAY06312,ORD02094,26-09-2025,Debit Card,89380,Paid
PAY06313,ORD06620,18-05-2025,Credit Card,50045,paid
PAY06314,ORD06463,19-05-2025,UPI,448620,Pending
PAY06315,ORD09488,01-03-2025,UPI,66718,Partial
PAY06316,ORD06703,02-10-2025,Credit Card,285540,Pending
PAY06317,ORD09162,17-12-2025,UPI,402545,Paid
PAY06318,ORD08636,14-03-2025,Credit Card,317021,Partial
PAY06319,ORD08388,03-04-2025,Credit Card,423383,Paid
PAY06320,ORD02230,19-09-2025,Cash,171498,Pending
PAY06321,ORD01033,16-02-2025,Credit Card,451028,Pending
PAY06322,ORD04064,24-10-2025,UPI,113147,paid
PAY06323,ORD04419,07-01-2025,Bank Transfer,445017,Pending
PAY06324,ORD02706,06-12-2025,UPI,342898,Pending
PAY06325,ORD04477,25-03-2025,Bank Transfer,145666,Paid
PAY06326,ORD01249,23-02-2025,UPI,351257,paid
PAY06327,ORD05808,08-02-2025,Bank Transfer,9254,Pending
PAY06328,ORD05039,15-08-2025,UPI,336053,Pending
PAY06329,ORD03236,01-08-2025,Debit Card,287812,Paid
PAY06330,ORD06852,26-11-2025,Debit Card,456341,Pending
PAY06331,ORD03197,06-11-2025,Credit Card,442528,Partial
PAY06332,ORD07948,14-11-2025,Cash,146057,paid
PAY06333,ORD02340,08-06-2025,Cash,178371,Partial
PAY06334,ORD01163,26-08-2025,Bank Transfer,246044,paid
PAY06335,ORD05784,11-06-2025,Cash,477631,Pending
PAY06336,ORD00235,03-03-2025,Bank Transfer,126173,paid
PAY06337,ORD01330,08-05-2025,Credit Card,357917,Partial
PAY06338,ORD08080,22-02-2025,Cash,210773,Pending
PAY06339,ORD03618,26-10-2025,Debit Card,114166,Paid
PAY06340,ORD03977,13-02-2025,Bank Transfer,112793,Paid
PAY06341,ORD00074,20-02-2025,UPI,496003,Pending
PAY06342,ORD08861,10-11-2025,Cash,177801,Partial
PAY06343,ORD08065,22-09-2025,Bank Transfer,80947,Pending
PAY06344,ORD00575,23-10-2025,UPI,363091,Paid
PAY06345,ORD04630,01-06-2025,Cash,23131,Paid
PAY06346,ORD08728,06-11-2025,Cash,85888,Pending
PAY06347,ORD09314,26-11-2025,Bank Transfer,153956,Pending
PAY06348,ORD01970,17-11-2025,Bank Transfer,166252,paid
PAY06349,ORD01137,21-01-2025,UPI,381905,Partial
PAY06350,ORD05115,07-01-2025,Bank Transfer,192044,Pending
PAY06351,ORD03385,08-04-2025,Debit Card,346481,Paid
PAY06352,ORD02272,28-07-2025,UPI,77725,Pending
PAY06353,ORD06550,09-12-2025,Cash,68139,paid
PAY06354,ORD02113,04-05-2025,Credit Card,352993,Paid
PAY06355,ORD03678,05-01-2025,Cash,159953,Pending
PAY06356,ORD09630,24-03-2025,UPI,328135,Paid
PAY06357,ORD02123,14-02-2025,Cash,441658,Partial
PAY06358,ORD05359,05-03-2025,Debit Card,195985,paid
PAY06359,ORD08756,25-05-2025,Debit Card,168198,paid
PAY06360,ORD08969,04-10-2025,Bank Transfer,196488,Pending
PAY06361,ORD07633,11-03-2025,UPI,52910,Paid
PAY06362,ORD05204,04-07-2025,Debit Card,256025,Paid
PAY06363,ORD01073,10-06-2025,UPI,67919,Partial
PAY06364,ORD03226,09-06-2025,Cash,381907,Partial
PAY06365,ORD06612,14-08-2025,Bank Transfer,128691,paid
PAY06366,ORD02152,20-02-2025,UPI,474914,paid
PAY06367,ORD07562,16-08-2025,Credit Card,373853,Partial
PAY06368,ORD07547,05-12-2025,Cash,91497,Pending
PAY06369,ORD01701,28-07-2025,Credit Card,269365,Paid
PAY06370,ORD02898,20-07-2025,Debit Card,29431,Pending
PAY06371,ORD07839,14-07-2025,UPI,25797,Pending
PAY06372,ORD00632,06-01-2025,Debit Card,141774,Partial
PAY06373,ORD09646,22-11-2025,Bank Transfer,316082,paid
PAY06374,ORD06919,05-12-2025,Credit Card,287393,Partial
PAY06375,ORD08000,23-09-2025,UPI,479794,paid
PAY06376,ORD03341,16-03-2025,Credit Card,121587,Pending
PAY06377,ORD01878,17-07-2025,UPI,248133,Partial
PAY06378,ORD02137,28-07-2025,UPI,262239,Paid
PAY06379,ORD06594,19-10-2025,Debit Card,398871,Pending
PAY06380,ORD06040,19-07-2025,Cash,38534,Pending
PAY06381,ORD08868,03-03-2025,Cash,357517,paid
PAY06382,ORD00975,11-12-2025,Debit Card,57496,Pending
PAY06383,ORD03292,06-04-2025,Bank Transfer,345462,Partial
PAY06384,ORD00074,16-11-2025,UPI,65609,paid
PAY06385,ORD02614,02-07-2025,Cash,385835,Pending
PAY06386,ORD03025,15-12-2025,Cash,171047,Paid
PAY06387,ORD07968,24-08-2025,Cash,225264,Partial
PAY06388,ORD01511,12-10-2025,Bank Transfer,23041,Partial
PAY06389,ORD00481,16-03-2025,UPI,243883,Pending
PAY06390,ORD08846,16-02-2025,UPI,80767,paid
PAY06391,ORD03767,24-08-2025,Debit Card,119064,paid
PAY06392,ORD08968,12-05-2025,Bank Transfer,81565,Paid
PAY06393,ORD04291,05-05-2025,UPI,244944,paid
PAY06394,ORD08906,28-03-2025,Credit Card,168515,paid
PAY06395,ORD05706,14-09-2025,Cash,25929,Partial
PAY06396,ORD07778,22-02-2025,UPI,229251,Pending
PAY06397,ORD03229,16-11-2025,Credit Card,383645,Partial
PAY06398,ORD04881,07-03-2025,Bank Transfer,374700,Pending
PAY06399,ORD00777,16-12-2025,Cash,207365,Pending
PAY06400,ORD06496,16-12-2025,Cash,188451,paid
PAY06401,ORD01993,19-03-2025,UPI,341713,paid
PAY06402,ORD04391,21-08-2025,UPI,127457,Partial
PAY06403,ORD01408,12-09-2025,Credit Card,43852,Pending
PAY06404,ORD05664,20-02-2025,Credit Card,40671,Pending
PAY06405,ORD08688,04-04-2025,UPI,253286,paid
PAY06406,ORD09744,14-12-2025,Credit Card,445233,Pending
PAY06407,ORD01306,03-08-2025,Cash,260948,Paid
PAY06408,ORD02251,04-11-2025,UPI,197579,Paid
PAY06409,ORD00532,05-07-2025,Bank Transfer,267038,Pending
PAY06410,ORD01949,17-06-2025,UPI,196849,Partial
PAY06411,ORD00318,11-05-2025,Bank Transfer,353092,Paid
PAY06412,ORD03605,22-02-2025,Bank Transfer,292638,paid
PAY06413,ORD09673,04-12-2025,Debit Card,286926,Partial
PAY06414,ORD06510,11-06-2025,Credit Card,481170,Partial
PAY06415,ORD02120,08-08-2025,UPI,10685,paid
PAY06416,ORD02250,26-04-2025,Cash,279967,Partial
PAY06417,ORD03606,28-05-2025,Debit Card,377516,Partial
PAY06418,ORD09231,02-06-2025,Credit Card,378649,Partial
PAY06419,ORD05355,06-08-2025,Debit Card,463552,Pending
PAY06420,ORD09716,28-07-2025,Credit Card,64905,paid
PAY06421,ORD00464,04-11-2025,Cash,254221,Paid
PAY06422,ORD08530,19-10-2025,Bank Transfer,103168,Partial
PAY06423,ORD09743,12-04-2025,Cash,294107,Pending
PAY06424,ORD05004,28-03-2025,UPI,390134,Pending
PAY06425,ORD05941,19-04-2025,UPI,316939,Paid
PAY06426,ORD08456,16-09-2025,Bank Transfer,389614,paid
PAY06427,ORD02145,01-08-2025,Debit Card,453964,paid
PAY06428,ORD07860,25-04-2025,Cash,322419,Pending
PAY06429,ORD08797,28-09-2025,Credit Card,311783,Pending
PAY06430,ORD09556,28-05-2025,Debit Card,83177,Pending
PAY06431,ORD08516,15-04-2025,Credit Card,147147,Paid
PAY06432,ORD09357,21-03-2025,Credit Card,257006,Partial
PAY06433,ORD05551,24-04-2025,Bank Transfer,316307,Partial
PAY06434,ORD03072,19-06-2025,Cash,448019,Paid
PAY06435,ORD03937,04-02-2025,Bank Transfer,123684,Partial
PAY06436,ORD00608,02-07-2025,UPI,438349,Pending
PAY06437,ORD07781,02-04-2025,Cash,115081,Pending
PAY06438,ORD04526,20-09-2025,UPI,135657,Paid
PAY06439,ORD05964,03-02-2025,Bank Transfer,108024,Pending
PAY06440,ORD09210,25-08-2025,Cash,454384,Paid
PAY06441,ORD01542,13-08-2025,Credit Card,20547,Pending
PAY06442,ORD06193,23-03-2025,Credit Card,345218,Pending
PAY06443,ORD06566,21-08-2025,Debit Card,384815,Partial
PAY06444,ORD02773,09-01-2025,UPI,322707,Partial
PAY06445,ORD02426,19-12-2025,Credit Card,311200,Partial
PAY06446,ORD06825,13-12-2025,UPI,102548,Pending
PAY06447,ORD09947,28-12-2025,Cash,354434,paid
PAY06448,ORD05602,09-07-2025,Debit Card,46267,Pending
PAY06449,ORD04795,23-02-2025,Credit Card,98349,Partial
PAY06450,ORD09040,07-01-2025,Bank Transfer,387863,paid
PAY06451,ORD01470,06-10-2025,Credit Card,221550,Paid
PAY06452,ORD00725,13-10-2025,Debit Card,87402,Paid
PAY06453,ORD01641,19-10-2025,Debit Card,477879,Pending
PAY06454,ORD09443,27-04-2025,Cash,199176,Partial
PAY06455,ORD06580,22-06-2025,Bank Transfer,247827,Paid
PAY06456,ORD05014,19-08-2025,Credit Card,105956,Pending
PAY06457,ORD05370,27-12-2025,Bank Transfer,114761,Paid
PAY06458,ORD03350,26-08-2025,Credit Card,405574,paid
PAY06459,ORD00270,09-12-2025,UPI,423407,Partial
PAY06460,ORD02024,19-09-2025,Cash,482545,Paid
PAY06461,ORD02403,06-04-2025,Bank Transfer,365841,paid
PAY06462,ORD09201,20-09-2025,Bank Transfer,189746,Paid
PAY06463,ORD09099,20-12-2025,Debit Card,274089,Pending
PAY06464,ORD07069,25-06-2025,Debit Card,258643,Paid
PAY06465,ORD01143,26-02-2025,Credit Card,457364,Paid
PAY06466,ORD00837,01-01-2025,Bank Transfer,460889,paid
PAY06467,ORD03865,15-03-2025,Bank Transfer,465323,Partial
PAY06468,ORD05193,23-04-2025,Cash,481736,Pending
PAY06469,ORD06981,06-05-2025,Credit Card,489108,paid
PAY06470,ORD02580,25-01-2025,Debit Card,422985,Paid
PAY06471,ORD01079,13-04-2025,Cash,108928,paid
PAY06472,ORD01551,03-08-2025,Cash,447020,Paid
PAY06473,ORD03869,27-12-2025,Debit Card,324957,paid
PAY06474,ORD09989,08-12-2025,Debit Card,314558,Partial
PAY06475,ORD06292,15-08-2025,Credit Card,380625,Pending
PAY06476,ORD03969,18-03-2025,Credit Card,380013,Pending
PAY06477,ORD04778,01-01-2025,Cash,308263,Partial
PAY06478,ORD00377,09-08-2025,Bank Transfer,443043,Pending
PAY06479,ORD01727,26-09-2025,Debit Card,470824,Pending
PAY06480,ORD07146,20-11-2025,Cash,39022,paid
PAY06481,ORD00669,26-06-2025,Debit Card,98482,Paid
PAY06482,ORD04811,25-06-2025,Credit Card,388048,Pending
PAY06483,ORD08367,13-06-2025,Credit Card,423219,paid
PAY06484,ORD02035,18-05-2025,UPI,491040,Pending
PAY06485,ORD01899,19-09-2025,Cash,216105,Partial
PAY06486,ORD08296,27-01-2025,Bank Transfer,144485,paid
PAY06487,ORD04396,25-03-2025,Credit Card,200288,Pending
PAY06488,ORD01507,01-08-2025,UPI,215156,Pending
PAY06489,ORD01420,09-07-2025,UPI,224148,Pending
PAY06490,ORD09809,22-03-2025,Bank Transfer,21556,paid
PAY06491,ORD07557,12-12-2025,Cash,377044,paid
PAY06492,ORD06080,19-06-2025,Debit Card,467694,Paid
PAY06493,ORD07237,03-09-2025,Debit Card,119493,Paid
PAY06494,ORD02079,11-12-2025,Credit Card,181324,Pending
PAY06495,ORD08894,27-11-2025,UPI,420835,Paid
PAY06496,ORD06488,11-11-2025,Debit Card,312342,Paid
PAY06497,ORD02709,20-01-2025,Cash,431042,paid
PAY06498,ORD01867,26-08-2025,Credit Card,377961,Pending
PAY06499,ORD00724,19-10-2025,Credit Card,331683,Paid
PAY06500,ORD09943,16-11-2025,Cash,200346,paid
PAY06501,ORD09819,21-10-2025,Credit Card,7489,paid
PAY06502,ORD03720,12-03-2025,Credit Card,171214,Paid
PAY06503,ORD09537,08-09-2025,Credit Card,134308,Paid
PAY06504,ORD02902,28-02-2025,UPI,139915,Pending
PAY06505,ORD09586,16-06-2025,Cash,478421,paid
PAY06506,ORD09537,08-09-2025,Debit Card,390221,Partial
PAY06507,ORD03846,21-10-2025,Bank Transfer,21347,Partial
PAY06508,ORD05125,19-07-2025,Credit Card,349605,Paid
PAY06509,ORD09904,22-11-2025,UPI,227700,paid
PAY06510,ORD04277,06-03-2025,UPI,402326,paid
PAY06511,ORD08399,27-01-2025,Credit Card,389051,Pending
PAY06512,ORD04265,05-06-2025,Debit Card,264278,Paid
PAY06513,ORD02073,03-04-2025,Credit Card,474174,Partial
PAY06514,ORD07790,25-01-2025,Bank Transfer,285707,paid
PAY06515,ORD00938,12-08-2025,Debit Card,309666,Partial
PAY06516,ORD03246,11-07-2025,UPI,479673,Pending
PAY06517,ORD03375,15-11-2025,Debit Card,216255,Pending
PAY06518,ORD01016,20-04-2025,Credit Card,262761,paid
PAY06519,ORD00460,13-08-2025,Cash,164816,Paid
PAY06520,ORD08923,01-12-2025,Credit Card,225618,Partial
PAY06521,ORD06516,08-06-2025,Credit Card,255472,Paid
PAY06522,ORD07405,25-10-2025,Cash,140673,Partial
PAY06523,ORD07940,14-11-2025,Bank Transfer,393388,Pending
PAY06524,ORD06483,20-05-2025,Debit Card,56779,Partial
PAY06525,ORD04633,01-11-2025,Debit Card,65737,paid
PAY06526,ORD07594,24-09-2025,Cash,101004,Paid
PAY06527,ORD07317,04-06-2025,Cash,285050,paid
PAY06528,ORD09340,02-05-2025,Credit Card,306135,Pending
PAY06529,ORD07715,07-01-2025,Credit Card,73814,Pending
PAY06530,ORD07890,01-06-2025,Bank Transfer,157155,paid
PAY06531,ORD08504,16-03-2025,Debit Card,160887,Partial
PAY06532,ORD03563,22-10-2025,Cash,73807,Paid
PAY06533,ORD00409,13-03-2025,UPI,133973,Partial
PAY06534,ORD04914,03-04-2025,UPI,360019,Pending
PAY06535,ORD03071,10-10-2025,UPI,387187,Partial
PAY06536,ORD07639,08-05-2025,UPI,223803,paid
PAY06537,ORD00479,16-12-2025,Bank Transfer,47282,paid
PAY06538,ORD08850,07-03-2025,Credit Card,498417,Paid
PAY06539,ORD00157,08-02-2025,Debit Card,337363,paid
PAY06540,ORD06055,16-02-2025,Cash,51057,Pending
PAY06541,ORD07262,05-05-2025,Bank Transfer,49761,Pending
PAY06542,ORD02528,20-02-2025,Credit Card,434661,Pending
PAY06543,ORD01964,21-06-2025,Bank Transfer,243056,Partial
PAY06544,ORD00277,14-08-2025,Cash,342640,paid
PAY06545,ORD09353,04-03-2025,Debit Card,27094,Partial
PAY06546,ORD06624,27-05-2025,Debit Card,359784,Paid
PAY06547,ORD00094,25-10-2025,Bank Transfer,420622,paid
PAY06548,ORD09915,16-11-2025,Credit Card,172023,Partial
PAY06549,ORD07347,05-01-2025,Debit Card,386414,Pending
PAY06550,ORD04201,12-12-2025,Credit Card,87815,Pending
PAY06551,ORD08232,10-08-2025,Credit Card,480701,Partial
PAY06552,ORD02476,21-09-2025,Bank Transfer,74038,Paid
PAY06553,ORD07916,25-03-2025,Credit Card,328784,paid
PAY06554,ORD06583,03-03-2025,Bank Transfer,91592,Paid
PAY06555,ORD02352,10-07-2025,Cash,384859,Pending
PAY06556,ORD02374,20-04-2025,Cash,215165,Pending
PAY06557,ORD07523,20-12-2025,Cash,237254,Paid
PAY06558,ORD08870,17-05-2025,Bank Transfer,496662,Paid
PAY06559,ORD01572,13-10-2025,UPI,112816,Pending
PAY06560,ORD05373,03-03-2025,Credit Card,68939,Pending
PAY06561,ORD08759,23-03-2025,Debit Card,319051,Partial
PAY06562,ORD07410,03-03-2025,Debit Card,205868,Paid
PAY06563,ORD04495,22-07-2025,Bank Transfer,408812,paid
PAY06564,ORD07264,20-11-2025,Bank Transfer,44585,Pending
PAY06565,ORD02256,12-01-2025,Credit Card,373174,paid
PAY06566,ORD04556,21-05-2025,UPI,350548,paid
PAY06567,ORD04167,04-01-2025,UPI,428083,paid
PAY06568,ORD00934,28-03-2025,Bank Transfer,141307,Paid
PAY06569,ORD08489,26-04-2025,Credit Card,288038,Paid
PAY06570,ORD07406,02-03-2025,Credit Card,328187,paid
PAY06571,ORD02920,25-04-2025,Debit Card,172113,paid
PAY06572,ORD01383,22-03-2025,Cash,193695,paid
PAY06573,ORD04478,06-11-2025,Debit Card,470579,Pending
PAY06574,ORD03845,14-01-2025,UPI,436560,Pending
PAY06575,ORD06313,21-11-2025,Credit Card,282117,Paid
PAY06576,ORD05881,05-12-2025,Bank Transfer,435601,Partial
PAY06577,ORD00265,07-05-2025,Bank Transfer,329727,Paid
PAY06578,ORD09440,28-12-2025,Cash,25887,Pending
PAY06579,ORD02017,17-09-2025,Debit Card,419963,Paid
PAY06580,ORD02531,24-08-2025,Debit Card,318048,paid
PAY06581,ORD09281,07-08-2025,Credit Card,352805,Paid
PAY06582,ORD06070,07-01-2025,Credit Card,187079,paid
PAY06583,ORD02328,28-04-2025,Debit Card,111279,Paid
PAY06584,ORD05335,20-11-2025,Credit Card,155838,Pending
PAY06585,ORD07443,05-05-2025,UPI,422608,paid
PAY06586,ORD07774,02-12-2025,Cash,168617,Paid
PAY06587,ORD02259,08-07-2025,UPI,347663,paid
PAY06588,ORD03517,24-06-2025,UPI,376978,Pending
PAY06589,ORD09199,01-07-2025,UPI,474152,Partial
PAY06590,ORD00788,25-05-2025,UPI,110934,Pending
PAY06591,ORD04147,20-07-2025,Credit Card,290853,paid
PAY06592,ORD02534,03-03-2025,Debit Card,296366,paid
PAY06593,ORD06354,15-08-2025,UPI,474249,paid
PAY06594,ORD08048,15-02-2025,Bank Transfer,372414,Pending
PAY06595,ORD08654,25-12-2025,Credit Card,338104,Partial
PAY06596,ORD02642,23-06-2025,UPI,84678,paid
PAY06597,ORD02192,13-05-2025,Credit Card,323972,Partial
PAY06598,ORD06772,08-10-2025,Credit Card,474857,Paid
PAY06599,ORD01774,27-09-2025,Debit Card,145458,Paid
PAY06600,ORD05015,22-01-2025,Debit Card,261144,paid
PAY06601,ORD05070,10-12-2025,UPI,409456,paid
PAY06602,ORD09713,18-07-2025,UPI,471278,Pending
PAY06603,ORD03977,10-10-2025,Debit Card,128182,Partial
PAY06604,ORD04229,06-08-2025,Bank Transfer,332321,Partial
PAY06605,ORD07320,01-10-2025,Bank Transfer,164903,paid
PAY06606,ORD06417,08-01-2025,Debit Card,271505,Partial
PAY06607,ORD07780,08-03-2025,Credit Card,237193,Paid
PAY06608,ORD07320,25-02-2025,Credit Card,196703,Paid
PAY06609,ORD05132,07-03-2025,Credit Card,325338,Paid
PAY06610,ORD04911,12-02-2025,Credit Card,139419,Paid
PAY06611,ORD05761,07-02-2025,Cash,369776,paid
PAY06612,ORD04490,07-06-2025,UPI,169916,paid
PAY06613,ORD09021,16-08-2025,Cash,277931,Partial
PAY06614,ORD08163,02-07-2025,Credit Card,459398,Partial
PAY06615,ORD03807,16-01-2025,Debit Card,315150,Pending
PAY06616,ORD00462,06-08-2025,Cash,224833,Partial
PAY06617,ORD03730,12-01-2025,UPI,373763,Partial
PAY06618,ORD00347,07-03-2025,Debit Card,449243,Paid
PAY06619,ORD09723,09-06-2025,Credit Card,427072,Partial
PAY06620,ORD02057,13-10-2025,UPI,145695,Pending
PAY06621,ORD05484,18-07-2025,Bank Transfer,120799,Paid
PAY06622,ORD05521,17-07-2025,UPI,492741,paid
PAY06623,ORD06787,08-08-2025,UPI,354507,Partial
PAY06624,ORD04823,12-02-2025,Bank Transfer,25203,paid
PAY06625,ORD00557,27-07-2025,UPI,420517,Pending
PAY06626,ORD02404,22-06-2025,UPI,151097,Partial
PAY06627,ORD04981,16-04-2025,Credit Card,348110,Pending
PAY06628,ORD02954,20-01-2025,Bank Transfer,322279,Pending
PAY06629,ORD02646,27-05-2025,Bank Transfer,392374,Partial
PAY06630,ORD06073,15-03-2025,Bank Transfer,304382,Paid
PAY06631,ORD09846,21-11-2025,Bank Transfer,248791,paid
PAY06632,ORD01338,25-09-2025,Credit Card,210028,Pending
PAY06633,ORD05665,22-09-2025,Debit Card,496749,Partial
PAY06634,ORD03152,23-11-2025,UPI,78519,Paid
PAY06635,ORD08539,02-10-2025,Credit Card,227198,Partial
PAY06636,ORD06772,10-11-2025,Debit Card,342364,Paid
PAY06637,ORD08830,27-04-2025,Bank Transfer,444667,paid
PAY06638,ORD02274,14-06-2025,Debit Card,384243,Paid
PAY06639,ORD09609,08-03-2025,Credit Card,470403,Partial
PAY06640,ORD01785,08-07-2025,Bank Transfer,401024,Pending
PAY06641,ORD05407,10-12-2025,Credit Card,234933,paid
PAY06642,ORD05335,10-10-2025,UPI,26678,Pending
PAY06643,ORD08503,08-11-2025,Bank Transfer,170284,Paid
PAY06644,ORD09534,21-05-2025,Bank Transfer,356683,Partial
PAY06645,ORD02861,03-10-2025,UPI,294969,Pending
PAY06646,ORD01987,19-06-2025,Credit Card,273802,Pending
PAY06647,ORD09428,07-05-2025,UPI,130162,Pending
PAY06648,ORD05982,05-03-2025,Bank Transfer,36826,paid
PAY06649,ORD08670,06-03-2025,Bank Transfer,387951,Paid
PAY06650,ORD02020,11-04-2025,Credit Card,243367,paid
PAY06651,ORD02125,23-04-2025,Debit Card,422173,Paid
PAY06652,ORD06893,27-07-2025,Bank Transfer,449990,Pending
PAY06653,ORD07579,12-09-2025,Cash,288147,Paid
PAY06654,ORD07426,08-10-2025,UPI,361669,paid
PAY06655,ORD01503,06-11-2025,Debit Card,22350,Paid
PAY06656,ORD07662,01-11-2025,Debit Card,10824,Pending
PAY06657,ORD09413,23-08-2025,Cash,255748,Paid
PAY06658,ORD05435,19-03-2025,Cash,406130,paid
PAY06659,ORD03369,16-04-2025,Credit Card,249155,paid
PAY06660,ORD03467,06-12-2025,Debit Card,58298,Pending
PAY06661,ORD08327,17-04-2025,UPI,409043,Pending
PAY06662,ORD02588,04-07-2025,Credit Card,109174,Paid
PAY06663,ORD04635,14-03-2025,Cash,498188,Pending
PAY06664,ORD04306,23-09-2025,Cash,144204,paid
PAY06665,ORD08854,23-04-2025,Debit Card,137723,Paid
PAY06666,ORD07083,05-01-2025,Credit Card,495724,paid
PAY06667,ORD02150,05-09-2025,Bank Transfer,99787,Pending
PAY06668,ORD07082,08-07-2025,Bank Transfer,71417,Partial
PAY06669,ORD04906,07-03-2025,UPI,86991,Pending
PAY06670,ORD02395,09-01-2025,Cash,470228,Pending
PAY06671,ORD03559,25-12-2025,UPI,258754,Pending
PAY06672,ORD00382,17-01-2025,Debit Card,124726,paid
PAY06673,ORD03052,03-02-2025,Credit Card,305220,Paid
PAY06674,ORD06372,06-04-2025,Credit Card,287547,Partial
PAY06675,ORD08288,25-05-2025,UPI,461118,paid
PAY06676,ORD03215,27-03-2025,UPI,269362,Partial
PAY06677,ORD08688,24-09-2025,UPI,464568,Pending
PAY06678,ORD09137,16-09-2025,Bank Transfer,261297,Partial
PAY06679,ORD04028,17-07-2025,UPI,319082,Pending
PAY06680,ORD02673,22-07-2025,Credit Card,258747,Partial
PAY06681,ORD09956,21-11-2025,UPI,144156,Pending
PAY06682,ORD09750,15-01-2025,Debit Card,285936,Partial
PAY06683,ORD04385,27-10-2025,Bank Transfer,271813,Partial
PAY06684,ORD04211,22-01-2025,Bank Transfer,188585,Pending
PAY06685,ORD01254,27-08-2025,Bank Transfer,223086,Pending
PAY06686,ORD05758,18-08-2025,Cash,472250,Pending
PAY06687,ORD00255,16-04-2025,Credit Card,459201,Paid
PAY06688,ORD01042,22-05-2025,UPI,408403,Paid
PAY06689,ORD00014,08-05-2025,UPI,331839,Partial
PAY06690,ORD02591,18-09-2025,Bank Transfer,480625,Pending
PAY06691,ORD03315,28-10-2025,Credit Card,394908,Paid
PAY06692,ORD06543,22-03-2025,UPI,488525,paid
PAY06693,ORD01801,01-08-2025,UPI,310424,Partial
PAY06694,ORD07521,24-10-2025,Bank Transfer,287646,Partial
PAY06695,ORD02492,03-10-2025,Credit Card,235201,Pending
PAY06696,ORD09592,07-07-2025,UPI,292535,Pending
PAY06697,ORD01908,09-10-2025,Credit Card,172618,paid
PAY06698,ORD04021,17-05-2025,UPI,66635,Partial
PAY06699,ORD00956,04-03-2025,Credit Card,411173,Partial
PAY06700,ORD09306,08-08-2025,Credit Card,365630,paid
PAY06701,ORD04892,15-07-2025,Credit Card,143186,paid
PAY06702,ORD08616,18-04-2025,Debit Card,386668,Pending
PAY06703,ORD05550,02-11-2025,Bank Transfer,22150,Pending
PAY06704,ORD01829,11-05-2025,Cash,371336,Pending
PAY06705,ORD02981,10-05-2025,Cash,9131,paid
PAY06706,ORD08968,17-06-2025,Bank Transfer,447259,Pending
PAY06707,ORD05266,25-12-2025,Credit Card,442022,Pending
PAY06708,ORD03501,06-12-2025,Credit Card,205355,Pending
PAY06709,ORD02746,26-04-2025,Debit Card,354639,Partial
PAY06710,ORD09337,24-04-2025,Cash,44036,paid
PAY06711,ORD01790,24-06-2025,UPI,310912,paid
PAY06712,ORD04741,19-07-2025,UPI,204957,paid
PAY06713,ORD05501,13-12-2025,Bank Transfer,86787,Pending
PAY06714,ORD06564,08-05-2025,UPI,324646,Partial
PAY06715,ORD02922,21-05-2025,Credit Card,386828,paid
PAY06716,ORD08684,03-01-2025,UPI,472789,Paid
PAY06717,ORD08653,25-06-2025,Credit Card,293286,paid
PAY06718,ORD00860,08-01-2025,Credit Card,356705,Partial
PAY06719,ORD03746,07-08-2025,Credit Card,64071,paid
PAY06720,ORD03058,23-05-2025,Bank Transfer,113152,Paid
PAY06721,ORD07290,05-12-2025,Cash,222528,Partial
PAY06722,ORD07195,07-12-2025,Credit Card,385228,paid
PAY06723,ORD08635,18-06-2025,UPI,425704,Paid
PAY06724,ORD02168,02-03-2025,Debit Card,452548,Pending
PAY06725,ORD06378,28-11-2025,Debit Card,324452,paid
PAY06726,ORD06884,05-08-2025,Bank Transfer,150724,Pending
PAY06727,ORD02193,27-09-2025,Credit Card,465771,paid
PAY06728,ORD04778,28-06-2025,Credit Card,75856,Paid
PAY06729,ORD02810,17-02-2025,Cash,171453,Pending
PAY06730,ORD00703,04-02-2025,UPI,334662,paid
PAY06731,ORD06348,23-08-2025,Credit Card,388555,Pending
PAY06732,ORD01773,25-06-2025,Cash,90578,Pending
PAY06733,ORD04177,17-06-2025,UPI,411525,paid
PAY06734,ORD00138,18-01-2025,Debit Card,17832,Pending
PAY06735,ORD06237,02-07-2025,Credit Card,223557,Pending
PAY06736,ORD01641,15-02-2025,Cash,79744,paid
PAY06737,ORD08819,06-07-2025,Bank Transfer,95319,Paid
PAY06738,ORD09520,17-10-2025,UPI,105365,paid
PAY06739,ORD03892,13-06-2025,Cash,452293,paid
PAY06740,ORD01752,19-02-2025,Credit Card,271059,Paid
PAY06741,ORD09992,14-11-2025,Debit Card,221150,Partial
PAY06742,ORD00559,28-05-2025,Credit Card,68143,Paid
PAY06743,ORD03561,15-09-2025,Credit Card,214412,Pending
PAY06744,ORD07383,08-06-2025,Debit Card,369889,paid
PAY06745,ORD04218,25-12-2025,Bank Transfer,491046,Paid
PAY06746,ORD09935,12-10-2025,UPI,276698,Paid
PAY06747,ORD05838,20-05-2025,Credit Card,374656,Partial
PAY06748,ORD00880,10-08-2025,Bank Transfer,396540,Pending
PAY06749,ORD06530,04-06-2025,Debit Card,186041,Paid
PAY06750,ORD09969,23-10-2025,Cash,21799,Pending
PAY06751,ORD01819,12-07-2025,Cash,101292,Paid
PAY06752,ORD00707,06-11-2025,UPI,133794,paid
PAY06753,ORD08056,28-03-2025,Bank Transfer,360662,Pending
PAY06754,ORD03847,25-05-2025,Debit Card,138087,Partial
PAY06755,ORD06486,10-06-2025,Bank Transfer,95559,paid
PAY06756,ORD05349,06-09-2025,Bank Transfer,401670,Pending
PAY06757,ORD01112,13-11-2025,Credit Card,71755,paid
PAY06758,ORD03315,16-04-2025,Cash,195200,Pending
PAY06759,ORD04403,05-10-2025,Bank Transfer,364133,Partial
PAY06760,ORD02685,17-03-2025,Debit Card,334015,paid
PAY06761,ORD03806,05-12-2025,Credit Card,35520,Partial
PAY06762,ORD08694,02-04-2025,Cash,290527,paid
PAY06763,ORD05072,14-12-2025,Debit Card,136568,Paid
PAY06764,ORD09650,10-08-2025,Cash,59686,paid
PAY06765,ORD04904,24-10-2025,Debit Card,132875,Paid
PAY06766,ORD06575,15-10-2025,Bank Transfer,124940,Partial
PAY06767,ORD04311,02-02-2025,UPI,441047,Partial
PAY06768,ORD01784,25-06-2025,Cash,372724,paid
PAY06769,ORD09367,10-11-2025,Cash,10180,Pending
PAY06770,ORD01625,13-04-2025,Bank Transfer,475541,Paid
PAY06771,ORD00425,01-09-2025,Cash,313218,Partial
PAY06772,ORD00623,23-06-2025,Cash,376009,Paid
PAY06773,ORD09462,12-05-2025,UPI,165782,paid
PAY06774,ORD08729,18-12-2025,Debit Card,444343,Paid
PAY06775,ORD03226,17-07-2025,Debit Card,245874,Pending
PAY06776,ORD07242,05-02-2025,Bank Transfer,317169,paid
PAY06777,ORD04009,27-06-2025,Bank Transfer,119896,paid
PAY06778,ORD01347,14-10-2025,UPI,358267,Pending
PAY06779,ORD09501,24-01-2025,Cash,375842,Partial
PAY06780,ORD06235,28-07-2025,Bank Transfer,326115,paid
PAY06781,ORD00533,23-01-2025,UPI,305281,Partial
PAY06782,ORD05499,17-03-2025,Debit Card,209402,Paid
PAY06783,ORD01549,10-07-2025,Debit Card,249153,Paid
PAY06784,ORD02560,25-05-2025,UPI,414315,paid
PAY06785,ORD00735,21-05-2025,Cash,336956,Pending
PAY06786,ORD09409,04-01-2025,Credit Card,295041,paid
PAY06787,ORD02007,25-07-2025,UPI,161016,Pending
PAY06788,ORD05474,22-04-2025,Debit Card,76683,Partial
PAY06789,ORD03831,20-02-2025,Cash,422168,Pending
PAY06790,ORD05555,05-07-2025,Credit Card,50832,paid
PAY06791,ORD09116,18-04-2025,UPI,483301,Paid
PAY06792,ORD09590,09-01-2025,UPI,206881,Pending
PAY06793,ORD03470,18-10-2025,Cash,295414,Paid
PAY06794,ORD08455,15-02-2025,Debit Card,89282,Partial
PAY06795,ORD01822,04-07-2025,UPI,134181,Partial
PAY06796,ORD03529,07-11-2025,Cash,484840,paid
PAY06797,ORD06109,21-06-2025,Debit Card,255711,Pending
PAY06798,ORD02190,11-11-2025,Bank Transfer,64708,paid
PAY06799,ORD07640,28-05-2025,UPI,300964,Pending
PAY06800,ORD00651,12-03-2025,Cash,320229,paid
PAY06801,ORD05222,27-04-2025,Credit Card,405973,Paid
PAY06802,ORD04101,01-11-2025,Bank Transfer,290499,Partial
PAY06803,ORD04918,08-08-2025,UPI,8136,Partial
PAY06804,ORD07498,11-01-2025,Credit Card,268988,Paid
PAY06805,ORD07293,27-02-2025,Cash,283956,paid
PAY06806,ORD05397,27-01-2025,Bank Transfer,166745,Pending
PAY06807,ORD04259,01-08-2025,Bank Transfer,402164,Pending
PAY06808,ORD00941,09-07-2025,Credit Card,351918,Pending
PAY06809,ORD02163,21-02-2025,Debit Card,283349,paid
PAY06810,ORD03166,11-09-2025,Debit Card,391916,Pending
PAY06811,ORD00684,27-07-2025,Credit Card,20528,Paid
PAY06812,ORD02857,21-11-2025,Cash,82653,Paid
PAY06813,ORD05285,22-05-2025,UPI,395226,Pending
PAY06814,ORD05613,04-03-2025,Bank Transfer,96908,paid
PAY06815,ORD05023,18-10-2025,Bank Transfer,489972,Paid
PAY06816,ORD09554,07-10-2025,UPI,449641,Partial
PAY06817,ORD04542,24-09-2025,Bank Transfer,73158,paid
PAY06818,ORD09296,07-03-2025,Credit Card,25996,Paid
PAY06819,ORD02925,17-08-2025,Credit Card,13707,Partial
PAY06820,ORD01669,10-09-2025,Cash,303241,Partial
PAY06821,ORD04261,13-11-2025,Debit Card,276290,Paid
PAY06822,ORD06249,21-07-2025,Bank Transfer,354328,paid
PAY06823,ORD01875,12-09-2025,Debit Card,215302,Paid
PAY06824,ORD00752,08-11-2025,UPI,35061,Partial
PAY06825,ORD02650,23-09-2025,UPI,28421,Pending
PAY06826,ORD03191,20-07-2025,UPI,456962,Pending
PAY06827,ORD08218,25-03-2025,Credit Card,104129,Paid
PAY06828,ORD02567,28-12-2025,UPI,44635,paid
PAY06829,ORD01763,05-08-2025,UPI,377762,Paid
PAY06830,ORD07451,07-03-2025,Credit Card,363329,Paid
PAY06831,ORD03733,06-10-2025,Cash,411803,Pending
PAY06832,ORD09760,15-09-2025,Debit Card,211864,Pending
PAY06833,ORD07725,28-03-2025,UPI,349311,Pending
PAY06834,ORD06942,27-08-2025,UPI,149915,paid
PAY06835,ORD08897,18-04-2025,Debit Card,209642,paid
PAY06836,ORD01491,14-02-2025,Debit Card,489699,Partial
PAY06837,ORD09384,03-04-2025,Cash,406795,Paid
PAY06838,ORD04029,21-04-2025,Debit Card,488936,paid
PAY06839,ORD08594,12-07-2025,Cash,260458,Partial
PAY06840,ORD03079,16-03-2025,Credit Card,353543,Paid
PAY06841,ORD08334,04-02-2025,Bank Transfer,219991,Pending
PAY06842,ORD00908,28-01-2025,Cash,75107,Paid
PAY06843,ORD03561,04-12-2025,Credit Card,252007,paid
PAY06844,ORD07301,06-12-2025,Credit Card,25434,Partial
PAY06845,ORD03193,11-04-2025,Cash,127212,Paid
PAY06846,ORD09413,22-06-2025,Bank Transfer,19235,paid
PAY06847,ORD06623,05-10-2025,Debit Card,89579,Paid
PAY06848,ORD04826,06-02-2025,Bank Transfer,356643,Paid
PAY06849,ORD02175,06-03-2025,Bank Transfer,352021,Partial
PAY06850,ORD01175,11-04-2025,Bank Transfer,253565,paid
PAY06851,ORD08161,14-05-2025,Debit Card,297278,paid
PAY06852,ORD09074,20-07-2025,Bank Transfer,479749,Paid
PAY06853,ORD06035,08-08-2025,Debit Card,465705,paid
PAY06854,ORD03011,11-02-2025,Cash,300424,Paid
PAY06855,ORD05617,04-01-2025,Credit Card,83325,Partial
PAY06856,ORD01416,13-09-2025,Bank Transfer,380437,Paid
PAY06857,ORD08419,06-04-2025,Bank Transfer,273279,Partial
PAY06858,ORD09799,21-01-2025,Bank Transfer,378873,Paid
PAY06859,ORD02949,21-06-2025,UPI,359116,Pending
PAY06860,ORD05532,23-10-2025,Credit Card,29234,Paid
PAY06861,ORD09272,16-01-2025,Debit Card,78949,Paid
PAY06862,ORD01948,28-09-2025,Debit Card,455191,Paid
PAY06863,ORD03259,24-03-2025,Credit Card,307991,paid
PAY06864,ORD07618,09-03-2025,Debit Card,239213,Paid
PAY06865,ORD02139,11-09-2025,Debit Card,236343,Partial
PAY06866,ORD08633,01-06-2025,Credit Card,37479,Partial
PAY06867,ORD04155,01-06-2025,Cash,352550,Paid
PAY06868,ORD03317,15-08-2025,Cash,229640,Pending
PAY06869,ORD03859,25-06-2025,Debit Card,388539,Pending
PAY06870,ORD02616,04-01-2025,UPI,353249,Pending
PAY06871,ORD03478,06-01-2025,Cash,179358,Pending
PAY06872,ORD08640,23-03-2025,Bank Transfer,474783,Paid
PAY06873,ORD01405,09-05-2025,Bank Transfer,437923,Pending
PAY06874,ORD07879,06-09-2025,Credit Card,462096,paid
PAY06875,ORD03666,10-05-2025,Debit Card,87705,paid
PAY06876,ORD01255,15-10-2025,Cash,397052,Pending
PAY06877,ORD04928,25-02-2025,Credit Card,180146,Paid
PAY06878,ORD04911,19-07-2025,UPI,175472,paid
PAY06879,ORD04067,23-11-2025,UPI,101217,Paid
PAY06880,ORD04784,09-10-2025,Bank Transfer,392905,paid
PAY06881,ORD02122,08-02-2025,Credit Card,264320,Paid
PAY06882,ORD02907,11-05-2025,Credit Card,312074,Paid
PAY06883,ORD06955,17-10-2025,Cash,462114,Paid
PAY06884,ORD07803,14-05-2025,UPI,108167,paid
PAY06885,ORD06029,04-04-2025,UPI,366437,paid
PAY06886,ORD04835,05-08-2025,UPI,120031,Paid
PAY06887,ORD08150,02-10-2025,UPI,392665,Paid
PAY06888,ORD04595,05-08-2025,Debit Card,111343,Partial
PAY06889,ORD08266,16-09-2025,Cash,297254,Partial
PAY06890,ORD03067,18-08-2025,Debit Card,301886,Paid
PAY06891,ORD04140,16-03-2025,Debit Card,21724,Pending
PAY06892,ORD05188,07-11-2025,Cash,293011,Pending
PAY06893,ORD09294,28-02-2025,Cash,125279,paid
PAY06894,ORD00300,13-07-2025,Credit Card,143085,Paid
PAY06895,ORD08382,19-01-2025,Credit Card,71645,Pending
PAY06896,ORD08893,04-07-2025,Debit Card,458647,Paid
PAY06897,ORD00335,09-03-2025,Debit Card,48346,Pending
PAY06898,ORD05812,21-04-2025,Cash,244215,Pending
PAY06899,ORD05567,07-07-2025,Debit Card,292348,Partial
PAY06900,ORD07279,15-01-2025,UPI,145470,Paid
PAY06901,ORD01820,04-01-2025,Credit Card,166294,paid
PAY06902,ORD04674,02-05-2025,Cash,471947,Paid
PAY06903,ORD05174,13-08-2025,UPI,279098,Partial
PAY06904,ORD04208,25-07-2025,Cash,239624,Partial
PAY06905,ORD05466,14-08-2025,Debit Card,411094,paid
PAY06906,ORD08876,13-04-2025,Debit Card,251534,Paid
PAY06907,ORD07030,07-05-2025,Bank Transfer,265605,Paid
PAY06908,ORD07122,20-07-2025,UPI,286054,Pending
PAY06909,ORD08297,04-10-2025,UPI,120153,Paid
PAY06910,ORD01397,01-01-2025,Debit Card,207526,Pending
PAY06911,ORD01119,10-05-2025,Cash,274553,Paid
PAY06912,ORD04239,02-12-2025,UPI,343479,paid
PAY06913,ORD00466,21-08-2025,Cash,222621,paid
PAY06914,ORD06454,18-01-2025,Bank Transfer,395344,Partial
PAY06915,ORD08364,20-02-2025,UPI,144249,Paid
PAY06916,ORD05461,22-03-2025,UPI,173476,Pending
PAY06917,ORD09772,17-07-2025,Credit Card,260459,paid
PAY06918,ORD00711,01-08-2025,Credit Card,151533,paid
PAY06919,ORD02440,23-04-2025,Credit Card,314340,paid
PAY06920,ORD02182,17-12-2025,Debit Card,53354,Paid
PAY06921,ORD05507,01-07-2025,Credit Card,432514,Partial
PAY06922,ORD02264,23-07-2025,UPI,83462,Paid
PAY06923,ORD03999,10-07-2025,Debit Card,238104,Paid
PAY06924,ORD09272,12-10-2025,Cash,403777,Paid
PAY06925,ORD00567,06-12-2025,Bank Transfer,371054,Partial
PAY06926,ORD01459,19-01-2025,Debit Card,449603,Partial
PAY06927,ORD03038,25-09-2025,Debit Card,447094,Pending
PAY06928,ORD07038,26-11-2025,Bank Transfer,410870,Paid
PAY06929,ORD05727,09-11-2025,Credit Card,424220,Partial
PAY06930,ORD09728,27-04-2025,Bank Transfer,45620,paid
PAY06931,ORD08273,24-09-2025,Cash,96127,Paid
PAY06932,ORD09691,09-06-2025,Debit Card,61993,paid
PAY06933,ORD07938,07-04-2025,Cash,153228,Pending
PAY06934,ORD00425,04-11-2025,Credit Card,22059,Paid
PAY06935,ORD02463,16-05-2025,Bank Transfer,39567,Partial
PAY06936,ORD01914,01-02-2025,Credit Card,176064,Pending
PAY06937,ORD02856,17-03-2025,Bank Transfer,153272,Partial
PAY06938,ORD07763,13-07-2025,Cash,54063,Paid
PAY06939,ORD08397,10-03-2025,Bank Transfer,462780,Pending
PAY06940,ORD06065,02-11-2025,Cash,196082,Partial
PAY06941,ORD09270,25-06-2025,UPI,134567,Pending
PAY06942,ORD04927,19-12-2025,Bank Transfer,165884,Pending
PAY06943,ORD06235,11-05-2025,Credit Card,347642,Pending
PAY06944,ORD04714,18-09-2025,Credit Card,174286,paid
PAY06945,ORD01963,23-11-2025,UPI,385092,paid
PAY06946,ORD08850,21-03-2025,Cash,23347,Pending
PAY06947,ORD05331,04-08-2025,Bank Transfer,385554,Paid
PAY06948,ORD08404,24-07-2025,UPI,212687,Paid
PAY06949,ORD05659,01-07-2025,UPI,277367,Pending
PAY06950,ORD03573,22-05-2025,Cash,240023,paid
PAY06951,ORD05426,13-02-2025,Debit Card,258753,paid
PAY06952,ORD03390,17-01-2025,Credit Card,109897,Pending
PAY06953,ORD09632,13-05-2025,UPI,340666,paid
PAY06954,ORD08097,08-09-2025,UPI,97995,Partial
PAY06955,ORD02959,16-01-2025,UPI,14221,paid
PAY06956,ORD02034,04-10-2025,Debit Card,151085,paid
PAY06957,ORD04320,05-04-2025,Credit Card,366409,Paid
PAY06958,ORD03006,11-07-2025,UPI,25090,Pending
PAY06959,ORD04077,22-05-2025,Debit Card,240862,Pending
PAY06960,ORD07571,03-01-2025,Debit Card,331099,paid
PAY06961,ORD03077,16-01-2025,Debit Card,436220,paid
PAY06962,ORD06145,25-01-2025,UPI,410889,Partial
PAY06963,ORD02356,02-08-2025,UPI,263166,paid
PAY06964,ORD09994,06-08-2025,Debit Card,400316,Partial
PAY06965,ORD06017,01-09-2025,UPI,124497,paid
PAY06966,ORD01509,11-03-2025,UPI,20714,Pending
PAY06967,ORD08509,08-12-2025,Credit Card,56769,paid
PAY06968,ORD08935,17-07-2025,Credit Card,120901,Paid
PAY06969,ORD07544,21-06-2025,Bank Transfer,149445,Partial
PAY06970,ORD09649,05-10-2025,Credit Card,447920,Paid
PAY06971,ORD04640,17-10-2025,Debit Card,161143,paid
PAY06972,ORD04192,05-02-2025,Debit Card,360725,Pending
PAY06973,ORD04395,14-02-2025,Bank Transfer,52223,paid
PAY06974,ORD01877,02-03-2025,UPI,16957,paid
PAY06975,ORD04499,22-10-2025,Debit Card,475201,Paid
PAY06976,ORD07001,14-01-2025,Bank Transfer,349815,paid
PAY06977,ORD09784,26-08-2025,Bank Transfer,378615,Paid
PAY06978,ORD05294,03-09-2025,Credit Card,360405,Pending
PAY06979,ORD03048,21-04-2025,Cash,178496,Pending
PAY06980,ORD08710,14-03-2025,Cash,30300,Pending
PAY06981,ORD01054,25-05-2025,UPI,364781,paid
PAY06982,ORD09630,22-06-2025,Cash,147767,Partial
PAY06983,ORD06783,28-12-2025,Bank Transfer,83339,Partial
PAY06984,ORD08577,10-01-2025,Debit Card,202476,paid
PAY06985,ORD01259,28-03-2025,Debit Card,482489,paid
PAY06986,ORD01795,21-02-2025,Bank Transfer,230910,paid
PAY06987,ORD05374,08-12-2025,Debit Card,57706,Paid
PAY06988,ORD02851,22-10-2025,UPI,192849,Pending
PAY06989,ORD08402,19-09-2025,Cash,72599,Partial
PAY06990,ORD03110,25-07-2025,UPI,160729,Paid
PAY06991,ORD06697,09-05-2025,Credit Card,335236,paid
PAY06992,ORD00590,19-01-2025,Cash,224732,Partial
PAY06993,ORD00373,11-11-2025,Credit Card,41387,Paid
PAY06994,ORD00241,01-02-2025,Credit Card,472966,paid
PAY06995,ORD03586,10-12-2025,UPI,497056,Pending
PAY06996,ORD00376,04-10-2025,UPI,185197,paid
PAY06997,ORD01844,02-05-2025,Debit Card,51355,paid
PAY06998,ORD00525,25-11-2025,UPI,490095,paid
PAY06999,ORD08072,12-09-2025,Cash,397714,paid
PAY07000,ORD03061,17-12-2025,Debit Card,433523,paid
