product_id,category_id,supplier_id,product_name,material_type,cost_price,selling_price,status
PRD00001,CAT014,SUP0039,Product 1,Wood,43870,53504,active
PRD00002,CAT027,SUP0471,Product 2,Marble,48278,48583,active
PRD00003,CAT036,SUP0332,Product 3,Marble,27304,35343,Active
PRD00004,CAT037,SUP0075,Product 4,Glass,3885,18072,Active
PRD00005,CAT012,SUP0071,Product 5,Laminate,48437,57897,active
PRD00006,CAT040,SUP0175,Product 6,Glass,41333,43720,Active
PRD00007,CAT031,SUP0405,Product 7,Wood,39931,49890,active
PRD00008,CAT035,SUP0129,Product 8,Marble,16946,30432,active
PRD00009,CAT013,SUP0162,Product 9,Plywood,19806,23449,Discontinued
PRD00010,CAT032,SUP0485,Product 10,Marble,9347,16862,Active
PRD00011,CAT022,SUP0238,Product 11,Wood,48568,59915,Active
PRD00012,CAT030,SUP0014,Product 12,Plywood,48411,51228,active
PRD00013,CAT010,SUP0487,Product 13,Wood,8317,9471,Discontinued
PRD00014,CAT039,SUP0024,Product 14,Steel,1274,15644,Discontinued
PRD00015,CAT007,SUP0187,Product 15,Steel,47879,49379,Discontinued
PRD00016,CAT021,SUP0042,Product 16,Plywood,23437,38057,active
PRD00017,CAT011,SUP0190,Product 17,Plywood,14355,29246,Active
PRD00018,CAT037,SUP0356,Product 18,Plywood,32817,40534,active
PRD00019,CAT007,SUP0405,Product 19,Laminate,12668,26313,Discontinued
PRD00020,CAT035,SUP0370,Product 20,Plywood,45127,54702,active
PRD00021,CAT005,SUP0385,Product 21,Wood,18227,32548,Active
PRD00022,CAT009,SUP0130,Product 22,Steel,29034,31964,Active
PRD00023,CAT003,SUP0001,Product 23,Marble,19394,32405,Discontinued
PRD00024,CAT031,SUP0123,Product 24,Plywood,33071,47554,Active
PRD00025,CAT007,SUP0405,Product 25,Steel,23374,25701,Active
PRD00026,CAT005,SUP0477,Product 26,Steel,4083,9317,active
PRD00027,CAT004,SUP0466,Product 27,Steel,3719,11845,Discontinued
PRD00028,CAT003,SUP0257,Product 28,Laminate,20804,24001,active
PRD00029,CAT034,SUP0401,Product 29,Plywood,5667,18087,Active
PRD00030,CAT006,SUP0091,Product 30,Marble,49727,59425,Active
PRD00031,CAT005,SUP0191,Product 31,Glass,43127,54440,active
PRD00032,CAT035,SUP0099,Product 32,Plywood,43070,58067,active
PRD00033,CAT026,SUP0304,Product 33,Laminate,16753,28753,Active
PRD00034,CAT020,SUP0246,Product 34,Plywood,31905,38545,active
PRD00035,CAT024,SUP0085,Product 35,Marble,26856,27360,Active
PRD00036,CAT011,SUP0302,Product 36,Steel,26188,28154,Discontinued
PRD00037,CAT031,SUP0097,Product 37,Glass,18654,23720,Discontinued
PRD00038,CAT011,SUP0263,Product 38,Wood,9428,20327,Active
PRD00039,CAT015,SUP0230,Product 39,Plywood,5659,17292,Active
PRD00040,CAT023,SUP0378,Product 40,Glass,27530,32159,active
PRD00041,CAT005,SUP0367,Product 41,Laminate,8315,10766,active
PRD00042,CAT021,SUP0022,Product 42,Wood,21433,22469,Discontinued
PRD00043,CAT023,SUP0380,Product 43,Marble,3887,8348,Active
PRD00044,CAT033,SUP0312,Product 44,Glass,38392,40009,Discontinued
PRD00045,CAT034,SUP0394,Product 45,Laminate,31130,31971,Active
PRD00046,CAT036,SUP0048,Product 46,Steel,20759,21657,Discontinued
PRD00047,CAT014,SUP0255,Product 47,Laminate,45655,54044,Discontinued
PRD00048,CAT039,SUP0302,Product 48,Glass,38636,43540,Active
PRD00049,CAT012,SUP0013,Product 49,Marble,4070,7287,active
PRD00050,CAT034,SUP0211,Product 50,Steel,27639,30912,active
PRD00051,CAT008,SUP0012,Product 51,Plywood,20418,31227,active
PRD00052,CAT038,SUP0358,Product 52,Marble,5783,7040,Active
PRD00053,CAT037,SUP0254,Product 53,Marble,34455,48618,active
PRD00054,CAT036,SUP0460,Product 54,Glass,32837,36946,Active
PRD00055,CAT002,SUP0010, Product 55,Steel,25452,27169,Discontinued
PRD00056,CAT027,SUP0458,Product 56,Laminate,12613,25130,Discontinued
PRD00057,CAT011,SUP0257,Product 57,Wood,11456,17158,active
PRD00058,CAT021,SUP0043,Product 58,Marble,30722,35538,Discontinued
PRD00059,CAT030,SUP0055,Product 59,Marble,23974,30833,Active
PRD00060,CAT012,SUP0099,Product 60,Plywood,18253,29181,active
PRD00061,CAT022,SUP0404,Product 61,Steel,34440,45654,Active
PRD00062,CAT034,SUP0219,Product 62,Glass,10183,20405,active
PRD00063,CAT029,SUP0251,Product 63,Plywood,16207,22228,Discontinued
PRD00064,CAT006,SUP0338,Product 64,Laminate,45600,51848,Discontinued
PRD00065,CAT003,SUP0035,Product 65,Glass,43595,52450,Active
PRD00066,CAT008,SUP0284,Product 66,Laminate,40453,40928,Active
PRD00067,CAT010,SUP0473,Product 67,Steel,31127,44986,active
PRD00068,CAT015,SUP0449,Product 68,Wood,7711,17908,Discontinued
PRD00069,CAT003,SUP0230,Product 69,Marble,32750,36209,Discontinued
PRD00070,CAT011,SUP0292,Product 70,Plywood,2471,9166,active
PRD00071,CAT026,SUP0114,Product 71,Steel,14235,24323,active
PRD00072,CAT009,SUP0198,Product 72,Steel,4722,14539,Discontinued
PRD00073,CAT035,SUP0430,Product 73,Wood,8406,9934,active
PRD00074,CAT001,SUP0071,Product 74,Plywood,37858,41247,Active
PRD00075,CAT002,SUP0275,Product 75,Plywood,30029,36962,Active
PRD00076,CAT034,SUP0300,Product 76,Steel,4534,17494,active
PRD00077,CAT007,SUP0321,Product 77,Plywood,48648,59385,Active
PRD00078,CAT017,SUP0362,Product 78,Laminate,1307,15732,active
PRD00079,CAT015,SUP0002,Product 79,Marble,49724,61283,Active
PRD00080,CAT036,SUP0350,Product 80,Steel,32850,35290,Discontinued
PRD00081,CAT008,SUP0437,Product 81,Marble,35764,42105,Active
PRD00082,CAT019,SUP0001,Product 82,Wood,34690,47337,Discontinued
PRD00083,CAT038,SUP0465,Product 83,Laminate,8538,9824,Discontinued
PRD00084,CAT020,SUP0129,Product 84,Steel,10967,14465,active
PRD00085,CAT017,SUP0369,Product 85,Plywood,14617,22620,Discontinued
PRD00086,CAT008,SUP0492,Product 86,Wood,38508,41833,active
PRD00087,CAT033,SUP0247,Product 87,Steel,16948,22182,active
PRD00088,CAT039,SUP0397,Product 88,Steel,11400,26037,Discontinued
PRD00089,CAT029,SUP0474,Product 89,Glass,35425,50389,Active
PRD00090,CAT020,SUP0118,Product 90,Wood,18213,27380,Active
PRD00091,CAT012,SUP0462,Product 91,Laminate,48255,55597,Discontinued
PRD00092,CAT019,SUP0093,Product 92,Plywood,24939,39635,Discontinued
PRD00093,CAT025,SUP0040,Product 93,Laminate,12120,26897,Active
PRD00094,CAT010,SUP0007,Product 94,Laminate,34708,42758,active
PRD00095,CAT033,SUP0198,Product 95,Wood,1718,11103,Active
PRD00096,CAT033,SUP0228,Product 96,Glass,44766,59225,active
PRD00097,CAT015,SUP0106,Product 97,Plywood,24274,36404,active
PRD00098,CAT038,SUP0285,Product 98,Wood,43605,46316,Discontinued
PRD00099,CAT003,SUP0167,Product 99,Marble,6379,8374,Active
PRD00100,CAT012,SUP0311,Product 100,Laminate,14258,15242,Discontinued
PRD00101,CAT024,SUP0171,Product 101,Laminate,7197,18349,Discontinued
PRD00102,CAT035,SUP0402,Product 102,Laminate,14558,15429,active
PRD00103,CAT029,SUP0387,Product 103,Laminate,16462,27812,Discontinued
PRD00104,CAT001,SUP0448,Product 104,Wood,35896,41739,active
PRD00105,CAT018,SUP0222,Product 105,Laminate,9373,13720,Discontinued
PRD00106,CAT033,SUP0479,Product 106,Wood,18845,28101,Active
PRD00107,CAT011,SUP0211,Product 107,Steel,35506,39979,active
PRD00108,CAT005,SUP0076,Product 108,Steel,33853,47517,Active
PRD00109,CAT036,SUP0391,Product 109,Plywood,34343,46364,active
PRD00110,CAT040,SUP0427, Product 110,Marble,1659,4739,Active
PRD00111,CAT016,SUP0188,Product 111,Marble,14300,20469,Discontinued
PRD00112,CAT017,SUP0307,Product 112,Laminate,38601,47163,Discontinued
PRD00113,CAT021,SUP0214,Product 113,Plywood,31994,46074,Discontinued
PRD00114,CAT031,SUP0177,Product 114,Plywood,35354,40700,Discontinued
PRD00115,CAT006,SUP0241,Product 115,Glass,28585,30568,active
PRD00116,CAT031,SUP0060,Product 116,Marble,24437,36048,Discontinued
PRD00117,CAT021,SUP0357,Product 117,Laminate,767,14247,Discontinued
PRD00118,CAT025,SUP0070,Product 118,Marble,5399,15913,Active
PRD00119,CAT007,SUP0330,Product 119,Plywood,31560,40280,Discontinued
PRD00120,CAT027,SUP0274,Product 120,Marble,15038,22888,active
PRD00121,CAT018,SUP0263,Product 121,Steel,13371,19886,Active
PRD00122,CAT016,SUP0120,Product 122,Marble,19041,28228,Discontinued
PRD00123,CAT001,SUP0127,Product 123,Steel,30925,44217,Discontinued
PRD00124,CAT027,SUP0031,Product 124,Laminate,34532,44245,Discontinued
PRD00125,CAT009,SUP0039,Product 125,Marble,8699,9121,Active
PRD00126,CAT016,SUP0086,Product 126,Wood,26138,38506,Discontinued
PRD00127,CAT025,SUP0045,Product 127,Marble,32941,44543,active
PRD00128,CAT007,SUP0223,Product 128,Glass,16619,28230,Discontinued
PRD00129,CAT026,SUP0275,Product 129,Steel,44908,49232,Discontinued
PRD00130,CAT021,SUP0421,Product 130,Glass,10562,25509,active
PRD00131,CAT019,SUP0445,Product 131,Laminate,36846,43499,Discontinued
PRD00132,CAT031,SUP0229,Product 132,Laminate,26251,40776,active
PRD00133,CAT034,SUP0079,Product 133,Glass,40891,45685,active
PRD00134,CAT012,SUP0192,Product 134,Glass,20452,32604,Active
PRD00135,CAT005,SUP0373,Product 135,Steel,12946,25298,Active
PRD00136,CAT022,SUP0273,Product 136,Glass,36898,43652,active
PRD00137,CAT035,SUP0022,Product 137,Plywood,30065,44491,Discontinued
PRD00138,CAT021,SUP0208,Product 138,Steel,37496,46688,Active
PRD00139,CAT017,SUP0105,Product 139,Glass,17505,23973,Active
PRD00140,CAT037,SUP0308,Product 140,Plywood,12722,23213,Discontinued
PRD00141,CAT040,SUP0244,Product 141,Steel,6846,9585,active
PRD00142,CAT007,SUP0414,Product 142,Steel,633,11971,active
PRD00143,CAT001,SUP0279,Product 143,Wood,33253,39682,Discontinued
PRD00144,CAT007,SUP0089,Product 144,Wood,37243,51251,active
PRD00145,CAT031,SUP0088,Product 145,Wood,23968,35185,active
PRD00146,CAT011,SUP0426,Product 146,Steel,17542,27292,Discontinued
PRD00147,CAT015,SUP0035,Product 147,Laminate,11711,23712,Discontinued
PRD00148,CAT024,SUP0395,Product 148,Glass,29773,37430,active
PRD00149,CAT019,SUP0086,Product 149,Wood,41778,45779,Discontinued
PRD00150,CAT019,SUP0347,Product 150,Steel,14101,26906,Active
PRD00151,CAT034,SUP0044,Product 151,Plywood,8352,18777,Discontinued
PRD00152,CAT025,SUP0431,Product 152,Glass,15172,15962,active
PRD00153,CAT032,SUP0169,Product 153,Glass,1775,6241,active
PRD00154,CAT040,SUP0022,Product 154,Glass,33927,43945,Discontinued
PRD00155,CAT030,SUP0240,Product 155,Glass,8821,11605,Discontinued
PRD00156,CAT034,SUP0235,Product 156,Glass,17935,18613,Discontinued
PRD00157,CAT022,SUP0120,Product 157,Laminate,43080,46915,Discontinued
PRD00158,CAT007,SUP0392,Product 158,Wood,33403,34878,Discontinued
PRD00159,CAT010,SUP0441,Product 159,Wood,21784,24579,Active
PRD00160,CAT038,SUP0323,Product 160,Glass,27529,36652,active
PRD00161,CAT005,SUP0018,Product 161,Plywood,4530,9697,active
PRD00162,CAT015,SUP0476,Product 162,Glass,35219,38337,Active
PRD00163,CAT022,SUP0362,Product 163,Marble,943,7865,active
PRD00164,CAT003,SUP0195,Product 164,Steel,33464,35585,active
PRD00165,CAT019,SUP0023, Product 165,Laminate,39871,53748,Active
PRD00166,CAT007,SUP0190,Product 166,Glass,23126,24704,active
PRD00167,CAT004,SUP0246,Product 167,Glass,46261,60749,active
PRD00168,CAT025,SUP0493,Product 168,Steel,37000,45416,Discontinued
PRD00169,CAT031,SUP0393,Product 169,Wood,13691,22770,active
PRD00170,CAT001,SUP0033,Product 170,Marble,38309,42099,Active
PRD00171,CAT029,SUP0255,Product 171,Laminate,24205,30180,Discontinued
PRD00172,CAT012,SUP0019,Product 172,Laminate,32037,37938,Active
PRD00173,CAT009,SUP0264,Product 173,Steel,8983,17293,active
PRD00174,CAT040,SUP0226,Product 174,Wood,46656,56030,Active
PRD00175,CAT021,SUP0247,Product 175,Glass,8424,21344,Discontinued
PRD00176,CAT036,SUP0267,Product 176,Wood,9617,14265,Active
PRD00177,CAT023,SUP0415,Product 177,Glass,46962,55212,Discontinued
PRD00178,CAT040,SUP0200,Product 178,Steel,26825,40851,Active
PRD00179,CAT019,SUP0315,Product 179,Glass,17968,22092,Active
PRD00180,CAT014,SUP0440,Product 180,Glass,44066,56841,Discontinued
PRD00181,CAT015,SUP0061,Product 181,Glass,21761,33680,Discontinued
PRD00182,CAT038,SUP0294,Product 182,Steel,43028,49797,active
PRD00183,CAT018,SUP0481,Product 183,Laminate,7781,13964,active
PRD00184,CAT019,SUP0458,Product 184,Glass,22484,32978,Discontinued
PRD00185,CAT016,SUP0444,Product 185,Wood,650,8379,Discontinued
PRD00186,CAT005,SUP0168,Product 186,Glass,14876,28077,Active
PRD00187,CAT027,SUP0070,Product 187,Marble,46523,48390,Active
PRD00188,CAT039,SUP0288,Product 188,Plywood,34287,45289,Active
PRD00189,CAT039,SUP0371,Product 189,Marble,32299,44512,Active
PRD00190,CAT028,SUP0474,Product 190,Glass,48767,63536,Discontinued
PRD00191,CAT017,SUP0213,Product 191,Marble,49445,50203,Discontinued
PRD00192,CAT002,SUP0140,Product 192,Wood,7894,12423,Active
PRD00193,CAT019,SUP0183,Product 193,Wood,40815,53997,Active
PRD00194,CAT011,SUP0376,Product 194,Plywood,31062,38179,active
PRD00195,CAT024,SUP0049,Product 195,Laminate,678,7499,Active
PRD00196,CAT024,SUP0023,Product 196,Steel,10182,23989,active
PRD00197,CAT004,SUP0183,Product 197,Plywood,29946,36533,active
PRD00198,CAT029,SUP0021,Product 198,Wood,34989,45460,Active
PRD00199,CAT001,SUP0394,Product 199,Glass,12795,18793,Active
PRD00200,CAT038,SUP0439,Product 200,Plywood,48457,53853,Discontinued
PRD00201,CAT032,SUP0418,Product 201,Steel,25196,26365,active
PRD00202,CAT011,SUP0361,Product 202,Steel,33711,47455,active
PRD00203,CAT002,SUP0431,Product 203,Steel,28533,42035,Discontinued
PRD00204,CAT019,SUP0374,Product 204,Marble,39033,40719,Discontinued
PRD00205,CAT009,SUP0374,Product 205,Wood,39882,42479,Discontinued
PRD00206,CAT026,SUP0075,Product 206,Marble,16382,30263,Active
PRD00207,CAT002,SUP0306,Product 207,Wood,36436,44552,Active
PRD00208,CAT039,SUP0055,Product 208,Glass,39130,50196,Active
PRD00209,CAT026,SUP0032,Product 209,Plywood,4208,12697,Active
PRD00210,CAT014,SUP0024,Product 210,Steel,5214,13507,active
PRD00211,CAT017,SUP0414,Product 211,Steel,33885,46120,Discontinued
PRD00212,CAT005,SUP0137,Product 212,Laminate,23779,29462,Discontinued
PRD00213,CAT004,SUP0292,Product 213,Marble,5198,7727,Active
PRD00214,CAT031,SUP0285,Product 214,Steel,32913,43031,Active
PRD00215,CAT033,SUP0459,Product 215,Wood,18913,20180,active
PRD00216,CAT019,SUP0324,Product 216,Plywood,35104,47832,Discontinued
PRD00217,CAT004,SUP0017,Product 217,Plywood,12553,14175,Active
PRD00218,CAT015,SUP0485,Product 218,Plywood,36203,43961,Discontinued
PRD00219,CAT005,SUP0043,Product 219,Steel,19592,23441,Discontinued
PRD00220,CAT038,SUP0186, Product 220,Laminate,45264,47493,Discontinued
PRD00221,CAT022,SUP0201,Product 221,Plywood,45213,60040,active
PRD00222,CAT019,SUP0030,Product 222,Glass,20847,35746,Active
PRD00223,CAT022,SUP0019,Product 223,Marble,41118,48114,Discontinued
PRD00224,CAT024,SUP0111,Product 224,Plywood,12854,19329,active
PRD00225,CAT002,SUP0456,Product 225,Laminate,31588,45745,active
PRD00226,CAT033,SUP0317,Product 226,Wood,10484,12885,active
PRD00227,CAT037,SUP0109,Product 227,Laminate,45169,47226,Active
PRD00228,CAT036,SUP0344,Product 228,Plywood,13017,21308,Discontinued
PRD00229,CAT040,SUP0073,Product 229,Marble,47191,48573,Discontinued
PRD00230,CAT001,SUP0431,Product 230,Laminate,26325,36113,active
PRD00231,CAT019,SUP0314,Product 231,Wood,27382,34042,Discontinued
PRD00232,CAT023,SUP0362,Product 232,Glass,40901,44795,Active
PRD00233,CAT021,SUP0092,Product 233,Laminate,22624,34463,Discontinued
PRD00234,CAT009,SUP0469,Product 234,Glass,4641,18954,Active
PRD00235,CAT024,SUP0327,Product 235,Plywood,6701,11323,active
PRD00236,CAT014,SUP0244,Product 236,Steel,9929,10494,active
PRD00237,CAT031,SUP0114,Product 237,Laminate,26211,40839,active
PRD00238,CAT033,SUP0295,Product 238,Plywood,18607,29765,Discontinued
PRD00239,CAT012,SUP0459,Product 239,Wood,40609,48426,active
PRD00240,CAT004,SUP0292,Product 240,Wood,28747,43480,Discontinued
PRD00241,CAT031,SUP0425,Product 241,Steel,18548,23339,Discontinued
PRD00242,CAT038,SUP0176,Product 242,Wood,22240,33924,Active
PRD00243,CAT021,SUP0455,Product 243,Glass,45148,53746,Active
PRD00244,CAT008,SUP0173,Product 244,Steel,22611,34615,active
PRD00245,CAT028,SUP0280,Product 245,Steel,3787,8218,Discontinued
PRD00246,CAT002,SUP0006,Product 246,Marble,20284,23205,active
PRD00247,CAT014,SUP0108,Product 247,Steel,31507,36246,Active
PRD00248,CAT007,SUP0062,Product 248,Wood,22731,31035,Discontinued
PRD00249,CAT039,SUP0003,Product 249,Wood,12724,23475,Active
PRD00250,CAT013,SUP0157,Product 250,Plywood,29202,30834,Discontinued
PRD00251,CAT036,SUP0252,Product 251,Glass,8655,15055,Discontinued
PRD00252,CAT032,SUP0474,Product 252,Glass,1850,12711,Active
PRD00253,CAT019,SUP0354,Product 253,Steel,29885,36987,Discontinued
PRD00254,CAT010,SUP0388,Product 254,Wood,28219,32465,Discontinued
PRD00255,CAT008,SUP0476,Product 255,Laminate,48884,60785,active
PRD00256,CAT025,SUP0155,Product 256,Laminate,19715,31743,Discontinued
PRD00257,CAT030,SUP0277,Product 257,Steel,35873,42582,Discontinued
PRD00258,CAT022,SUP0399,Product 258,Glass,26498,31234,Discontinued
PRD00259,CAT026,SUP0428,Product 259,Laminate,42654,48809,active
PRD00260,CAT010,SUP0443,Product 260,Wood,42705,56836,Discontinued
PRD00261,CAT005,SUP0384,Product 261,Laminate,39860,41759,active
PRD00262,CAT011,SUP0464,Product 262,Glass,27980,34329,active
PRD00263,CAT013,SUP0344,Product 263,Plywood,8483,20821,active
PRD00264,CAT021,SUP0415,Product 264,Laminate,25039,37477,Discontinued
PRD00265,CAT030,SUP0100,Product 265,Marble,41668,43221,Discontinued
PRD00266,CAT035,SUP0465,Product 266,Steel,11801,20439,Discontinued
PRD00267,CAT017,SUP0390,Product 267,Laminate,44274,45820,Active
PRD00268,CAT020,SUP0144,Product 268,Marble,35328,49348,Active
PRD00269,CAT030,SUP0394,Product 269,Wood,12311,21012,Active
PRD00270,CAT017,SUP0464,Product 270,Glass,31685,38571,active
PRD00271,CAT020,SUP0235,Product 271,Glass,24324,24708,Active
PRD00272,CAT014,SUP0007,Product 272,Plywood,47825,48441,Active
PRD00273,CAT011,SUP0207,Product 273,Steel,31168,42157,Discontinued
PRD00274,CAT015,SUP0217,Product 274,Steel,12206,16010,Active
PRD00275,CAT037,SUP0038, Product 275,Glass,12828,19230,Active
PRD00276,CAT024,SUP0190,Product 276,Glass,49963,64893,Active
PRD00277,CAT036,SUP0438,Product 277,Wood,40498,44882,Discontinued
PRD00278,CAT035,SUP0160,Product 278,Wood,13068,27578,active
PRD00279,CAT011,SUP0478,Product 279,Wood,49033,54073,Active
PRD00280,CAT032,SUP0169,Product 280,Glass,17594,20325,active
PRD00281,CAT010,SUP0473,Product 281,Plywood,36818,46937,Active
PRD00282,CAT030,SUP0386,Product 282,Glass,48405,57451,Active
PRD00283,CAT008,SUP0017,Product 283,Marble,33814,39600,active
PRD00284,CAT024,SUP0081,Product 284,Laminate,19786,21055,Active
PRD00285,CAT014,SUP0148,Product 285,Glass,48497,51327,Discontinued
PRD00286,CAT003,SUP0280,Product 286,Glass,36484,37008,Active
PRD00287,CAT034,SUP0442,Product 287,Wood,5670,19049,Active
PRD00288,CAT016,SUP0152,Product 288,Marble,25441,26203,Active
PRD00289,CAT013,SUP0385,Product 289,Steel,4735,14486,active
PRD00290,CAT023,SUP0280,Product 290,Glass,37172,43249,active
PRD00291,CAT026,SUP0485,Product 291,Steel,37760,41006,Active
PRD00292,CAT028,SUP0026,Product 292,Plywood,40532,49229,Active
PRD00293,CAT019,SUP0483,Product 293,Wood,34949,41438,Discontinued
PRD00294,CAT014,SUP0105,Product 294,Marble,3441,10892,Active
PRD00295,CAT012,SUP0155,Product 295,Steel,29304,39364,active
PRD00296,CAT028,SUP0011,Product 296,Laminate,19219,32220,active
PRD00297,CAT036,SUP0490,Product 297,Glass,26471,41029,Active
PRD00298,CAT036,SUP0425,Product 298,Marble,45876,54205,active
PRD00299,CAT023,SUP0071,Product 299,Steel,26534,32835,active
PRD00300,CAT004,SUP0294,Product 300,Laminate,48740,62724,Active
PRD00301,CAT022,SUP0366,Product 301,Wood,46937,52217,active
PRD00302,CAT014,SUP0481,Product 302,Glass,18952,30611,Active
PRD00303,CAT022,SUP0391,Product 303,Steel,3316,17399,Discontinued
PRD00304,CAT028,SUP0446,Product 304,Glass,5645,17364,active
PRD00305,CAT014,SUP0417,Product 305,Glass,14124,18994,active
PRD00306,CAT014,SUP0342,Product 306,Steel,46692,57127,Active
PRD00307,CAT004,SUP0435,Product 307,Laminate,29176,29758,Discontinued
PRD00308,CAT040,SUP0107,Product 308,Glass,38792,44907,Discontinued
PRD00309,CAT003,SUP0092,Product 309,Laminate,40304,54835,active
PRD00310,CAT022,SUP0404,Product 310,Steel,33096,36986,Discontinued
PRD00311,CAT015,SUP0478,Product 311,Glass,2765,5430,Active
PRD00312,CAT023,SUP0295,Product 312,Steel,39849,46947,Discontinued
PRD00313,CAT028,SUP0463,Product 313,Laminate,20400,26153,Active
PRD00314,CAT014,SUP0468,Product 314,Wood,15783,26053,active
PRD00315,CAT020,SUP0203,Product 315,Wood,34547,47853,Discontinued
PRD00316,CAT038,SUP0169,Product 316,Marble,14367,14808,active
PRD00317,CAT021,SUP0236,Product 317,Plywood,42721,49878,active
PRD00318,CAT017,SUP0264,Product 318,Steel,45812,60631,Discontinued
PRD00319,CAT005,SUP0258,Product 319,Marble,18113,28731,Discontinued
PRD00320,CAT024,SUP0286,Product 320,Plywood,7943,18691,Discontinued
PRD00321,CAT028,SUP0005,Product 321,Marble,9191,12341,Active
PRD00322,CAT024,SUP0338,Product 322,Plywood,23756,30168,active
PRD00323,CAT039,SUP0496,Product 323,Plywood,26214,38972,Discontinued
PRD00324,CAT029,SUP0254,Product 324,Steel,17775,30976,active
PRD00325,CAT027,SUP0180,Product 325,Steel,33571,45612,Active
PRD00326,CAT008,SUP0041,Product 326,Laminate,49326,57468,active
PRD00327,CAT016,SUP0070,Product 327,Plywood,31828,38360,Discontinued
PRD00328,CAT037,SUP0154,Product 328,Wood,46784,55695,active
PRD00329,CAT022,SUP0458,Product 329,Steel,16811,25519,Active
PRD00330,CAT008,SUP0277, Product 330,Marble,42173,46534,active
PRD00331,CAT010,SUP0365,Product 331,Glass,19123,22480,Active
PRD00332,CAT020,SUP0454,Product 332,Wood,14502,28430,Active
PRD00333,CAT028,SUP0381,Product 333,Steel,32311,37854,Discontinued
PRD00334,CAT021,SUP0319,Product 334,Steel,26220,27336,Active
PRD00335,CAT008,SUP0027,Product 335,Wood,9180,23424,Active
PRD00336,CAT023,SUP0258,Product 336,Steel,46203,60574,Active
PRD00337,CAT032,SUP0312,Product 337,Marble,39714,47444,Active
PRD00338,CAT011,SUP0390,Product 338,Laminate,21698,36629,Active
PRD00339,CAT010,SUP0411,Product 339,Marble,25526,32118,active
PRD00340,CAT004,SUP0245,Product 340,Marble,22392,28812,Discontinued
PRD00341,CAT020,SUP0219,Product 341,Glass,20802,25259,Discontinued
PRD00342,CAT033,SUP0108,Product 342,Laminate,35146,47633,Discontinued
PRD00343,CAT032,SUP0103,Product 343,Steel,49157,59889,active
PRD00344,CAT036,SUP0063,Product 344,Wood,1425,15118,active
PRD00345,CAT007,SUP0056,Product 345,Marble,35681,47260,Discontinued
PRD00346,CAT036,SUP0237,Product 346,Wood,2504,13769,Discontinued
PRD00347,CAT024,SUP0233,Product 347,Marble,16365,26591,active
PRD00348,CAT040,SUP0495,Product 348,Wood,22507,28742,Discontinued
PRD00349,CAT034,SUP0115,Product 349,Marble,22233,27735,active
PRD00350,CAT010,SUP0157,Product 350,Laminate,13170,25688,active
PRD00351,CAT007,SUP0468,Product 351,Marble,34895,42447,Discontinued
PRD00352,CAT023,SUP0087,Product 352,Steel,17025,23395,active
PRD00353,CAT004,SUP0447,Product 353,Steel,9128,13093,Discontinued
PRD00354,CAT013,SUP0189,Product 354,Plywood,13853,16038,active
PRD00355,CAT013,SUP0474,Product 355,Wood,27228,29536,Active
PRD00356,CAT025,SUP0251,Product 356,Wood,20579,27708,Discontinued
PRD00357,CAT005,SUP0400,Product 357,Marble,44406,56635,Active
PRD00358,CAT012,SUP0442,Product 358,Marble,28622,31165,Discontinued
PRD00359,CAT030,SUP0438,Product 359,Glass,38097,43835,active
PRD00360,CAT022,SUP0333,Product 360,Glass,35270,45860,active
PRD00361,CAT011,SUP0331,Product 361,Laminate,16498,24976,active
PRD00362,CAT009,SUP0199,Product 362,Laminate,22786,30471,active
PRD00363,CAT031,SUP0142,Product 363,Laminate,12272,18214,Active
PRD00364,CAT012,SUP0262,Product 364,Wood,33792,44556,active
PRD00365,CAT004,SUP0267,Product 365,Plywood,41721,55828,Active
PRD00366,CAT031,SUP0270,Product 366,Steel,5042,15298,Active
PRD00367,CAT014,SUP0478,Product 367,Wood,11458,25390,active
PRD00368,CAT004,SUP0374,Product 368,Wood,49022,53545,Discontinued
PRD00369,CAT029,SUP0419,Product 369,Steel,16638,20943,Discontinued
PRD00370,CAT025,SUP0119,Product 370,Plywood,42716,52909,active
PRD00371,CAT040,SUP0453,Product 371,Plywood,34180,39080,Active
PRD00372,CAT017,SUP0307,Product 372,Wood,18336,29152,Discontinued
PRD00373,CAT040,SUP0262,Product 373,Wood,40016,40622,Active
PRD00374,CAT031,SUP0057,Product 374,Plywood,17873,29591,Discontinued
PRD00375,CAT008,SUP0056,Product 375,Plywood,29459,40532,Active
PRD00376,CAT022,SUP0365,Product 376,Laminate,46333,53718,Active
PRD00377,CAT015,SUP0281,Product 377,Marble,11992,16399,Discontinued
PRD00378,CAT004,SUP0112,Product 378,Plywood,14369,20031,active
PRD00379,CAT034,SUP0451,Product 379,Marble,13901,26175,Discontinued
PRD00380,CAT019,SUP0180,Product 380,Wood,30183,43146,Active
PRD00381,CAT023,SUP0067,Product 381,Steel,8710,20292,Discontinued
PRD00382,CAT031,SUP0488,Product 382,Plywood,41474,47738,Discontinued
PRD00383,CAT031,SUP0053,Product 383,Wood,43892,44659,active
PRD00384,CAT040,SUP0384,Product 384,Glass,29588,41314,active
PRD00385,CAT002,SUP0093, Product 385,Laminate,38521,46350,Discontinued
PRD00386,CAT037,SUP0036,Product 386,Laminate,15260,17950,Active
PRD00387,CAT030,SUP0260,Product 387,Plywood,5435,19723,active
PRD00388,CAT007,SUP0094,Product 388,Laminate,30400,35157,Active
PRD00389,CAT038,SUP0199,Product 389,Laminate,25295,30419,Active
PRD00390,CAT027,SUP0449,Product 390,Glass,26204,28313,Active
PRD00391,CAT026,SUP0266,Product 391,Laminate,22293,24078,Active
PRD00392,CAT032,SUP0024,Product 392,Glass,6217,7614,active
PRD00393,CAT034,SUP0364,Product 393,Laminate,12693,25851,Active
PRD00394,CAT021,SUP0269,Product 394,Marble,43751,56072,active
PRD00395,CAT008,SUP0445,Product 395,Laminate,1148,6240,Discontinued
PRD00396,CAT034,SUP0416,Product 396,Wood,3498,8773,active
PRD00397,CAT040,SUP0454,Product 397,Wood,15374,27477,active
PRD00398,CAT026,SUP0345,Product 398,Plywood,42724,46935,active
PRD00399,CAT004,SUP0020,Product 399,Glass,36130,43121,Active
PRD00400,CAT010,SUP0332,Product 400,Wood,33029,46041,Active
PRD00401,CAT028,SUP0376,Product 401,Steel,7977,16295,Discontinued
PRD00402,CAT037,SUP0358,Product 402,Plywood,9644,10551,Discontinued
PRD00403,CAT031,SUP0101,Product 403,Laminate,22608,31167,Discontinued
PRD00404,CAT002,SUP0441,Product 404,Marble,44938,53358,active
PRD00405,CAT016,SUP0090,Product 405,Steel,44678,53169,Discontinued
PRD00406,CAT014,SUP0027,Product 406,Wood,26504,27549,Active
PRD00407,CAT015,SUP0284,Product 407,Laminate,22610,27356,Discontinued
PRD00408,CAT019,SUP0173,Product 408,Laminate,3241,13946,active
PRD00409,CAT029,SUP0319,Product 409,Wood,16046,25354,Active
PRD00410,CAT024,SUP0347,Product 410,Plywood,28062,40174,Active
PRD00411,CAT001,SUP0345,Product 411,Wood,36303,46423,Active
PRD00412,CAT036,SUP0294,Product 412,Steel,19250,27906,active
PRD00413,CAT037,SUP0351,Product 413,Wood,45702,58143,Active
PRD00414,CAT035,SUP0284,Product 414,Plywood,37784,47615,Active
PRD00415,CAT022,SUP0386,Product 415,Glass,3011,6654,active
PRD00416,CAT029,SUP0325,Product 416,Wood,19782,25511,Discontinued
PRD00417,CAT034,SUP0381,Product 417,Laminate,12643,20328,Discontinued
PRD00418,CAT034,SUP0178,Product 418,Laminate,21899,35334,Discontinued
PRD00419,CAT016,SUP0144,Product 419,Plywood,27563,33439,active
PRD00420,CAT033,SUP0240,Product 420,Steel,17988,31824,active
PRD00421,CAT037,SUP0414,Product 421,Wood,49498,63099,Discontinued
PRD00422,CAT029,SUP0308,Product 422,Glass,9533,20193,Active
PRD00423,CAT017,SUP0373,Product 423,Wood,29573,31682,Discontinued
PRD00424,CAT028,SUP0248,Product 424,Steel,20465,27112,Active
PRD00425,CAT016,SUP0012,Product 425,Marble,41691,49621,Active
PRD00426,CAT012,SUP0258,Product 426,Wood,6961,8287,active
PRD00427,CAT026,SUP0150,Product 427,Steel,46307,59905,active
PRD00428,CAT003,SUP0155,Product 428,Glass,43754,46961,Discontinued
PRD00429,CAT030,SUP0007,Product 429,Glass,30561,31457,active
PRD00430,CAT023,SUP0034,Product 430,Plywood,18067,21057,active
PRD00431,CAT001,SUP0056,Product 431,Plywood,1649,7307,active
PRD00432,CAT019,SUP0147,Product 432,Plywood,43223,48599,Active
PRD00433,CAT028,SUP0163,Product 433,Wood,16117,23643,Discontinued
PRD00434,CAT011,SUP0156,Product 434,Steel,22303,23112,Discontinued
PRD00435,CAT021,SUP0111,Product 435,Plywood,47340,55019,Discontinued
PRD00436,CAT038,SUP0354,Product 436,Laminate,30279,37308,Active
PRD00437,CAT024,SUP0493,Product 437,Steel,19636,26340,Discontinued
PRD00438,CAT024,SUP0100,Product 438,Steel,42194,55816,active
PRD00439,CAT032,SUP0474,Product 439,Marble,6258,7730,Active
PRD00440,CAT024,SUP0221, Product 440,Plywood,7899,15014,active
PRD00441,CAT033,SUP0272,Product 441,Wood,16663,26841,Active
PRD00442,CAT036,SUP0081,Product 442,Marble,43782,49680,Active
PRD00443,CAT008,SUP0035,Product 443,Marble,25573,38033,Discontinued
PRD00444,CAT032,SUP0082,Product 444,Wood,22260,27134,active
PRD00445,CAT006,SUP0262,Product 445,Steel,28858,37526,Discontinued
PRD00446,CAT025,SUP0140,Product 446,Steel,12640,20472,Discontinued
PRD00447,CAT010,SUP0208,Product 447,Laminate,3415,13942,active
PRD00448,CAT025,SUP0379,Product 448,Plywood,40934,55698,Active
PRD00449,CAT019,SUP0318,Product 449,Glass,40170,50302,Active
PRD00450,CAT034,SUP0022,Product 450,Laminate,37924,50592,Discontinued
PRD00451,CAT011,SUP0437,Product 451,Wood,34169,43196,Active
PRD00452,CAT040,SUP0083,Product 452,Glass,9123,11940,Active
PRD00453,CAT001,SUP0055,Product 453,Glass,44740,45855,active
PRD00454,CAT028,SUP0314,Product 454,Marble,10292,22705,Active
PRD00455,CAT027,SUP0047,Product 455,Glass,7763,17364,Discontinued
PRD00456,CAT032,SUP0239,Product 456,Marble,43535,57555,Discontinued
PRD00457,CAT003,SUP0380,Product 457,Glass,20626,32098,active
PRD00458,CAT006,SUP0497,Product 458,Glass,28025,35174,Active
PRD00459,CAT022,SUP0334,Product 459,Plywood,35368,46443,Active
PRD00460,CAT023,SUP0382,Product 460,Laminate,16850,27456,Active
PRD00461,CAT007,SUP0008,Product 461,Glass,5205,8508,active
PRD00462,CAT006,SUP0129,Product 462,Steel,48510,49744,active
PRD00463,CAT008,SUP0328,Product 463,Marble,25890,30256,Active
PRD00464,CAT013,SUP0223,Product 464,Glass,3174,11984,active
PRD00465,CAT020,SUP0161,Product 465,Glass,31594,36429,Discontinued
PRD00466,CAT013,SUP0126,Product 466,Laminate,917,15857,active
PRD00467,CAT039,SUP0412,Product 467,Plywood,44629,45544,Discontinued
PRD00468,CAT015,SUP0420,Product 468,Laminate,44325,59075,Active
PRD00469,CAT024,SUP0293,Product 469,Marble,31309,35669,Discontinued
PRD00470,CAT007,SUP0414,Product 470,Marble,36112,42766,Active
PRD00471,CAT003,SUP0081,Product 471,Steel,28527,37943,Discontinued
PRD00472,CAT015,SUP0422,Product 472,Marble,30820,32695,active
PRD00473,CAT013,SUP0319,Product 473,Laminate,25454,32323,active
PRD00474,CAT006,SUP0417,Product 474,Laminate,1403,7740,Active
PRD00475,CAT001,SUP0197,Product 475,Wood,10782,18659,active
PRD00476,CAT004,SUP0233,Product 476,Laminate,5358,12138,Active
PRD00477,CAT037,SUP0396,Product 477,Glass,36832,48015,Active
PRD00478,CAT018,SUP0142,Product 478,Marble,2442,13689,Active
PRD00479,CAT031,SUP0340,Product 479,Glass,30927,33716,active
PRD00480,CAT028,SUP0406,Product 480,Steel,41674,55322,Active
PRD00481,CAT001,SUP0025,Product 481,Laminate,44723,52012,Active
PRD00482,CAT016,SUP0122,Product 482,Glass,41022,46252,active
PRD00483,CAT011,SUP0153,Product 483,Steel,21309,26635,Active
PRD00484,CAT038,SUP0402,Product 484,Marble,39682,41896,Discontinued
PRD00485,CAT024,SUP0214,Product 485,Glass,49984,61568,Discontinued
PRD00486,CAT015,SUP0064,Product 486,Steel,22146,26114,Discontinued
PRD00487,CAT005,SUP0166,Product 487,Wood,3284,7339,Active
PRD00488,CAT013,SUP0010,Product 488,Glass,9414,12274,active
PRD00489,CAT014,SUP0130,Product 489,Wood,17095,20424,Active
PRD00490,CAT022,SUP0279,Product 490,Plywood,34535,47432,active
PRD00491,CAT028,SUP0301,Product 491,Marble,45022,59512,active
PRD00492,CAT033,SUP0280,Product 492,Wood,15973,28013,active
PRD00493,CAT032,SUP0090,Product 493,Steel,41908,51027,Discontinued
PRD00494,CAT036,SUP0462,Product 494,Steel,24532,33523,Discontinued
PRD00495,CAT017,SUP0089, Product 495,Plywood,34770,49302,active
PRD00496,CAT038,SUP0102,Product 496,Plywood,46278,49685,Active
PRD00497,CAT019,SUP0042,Product 497,Wood,6698,21143,Discontinued
PRD00498,CAT019,SUP0265,Product 498,Plywood,6402,14014,Discontinued
PRD00499,CAT037,SUP0226,Product 499,Steel,9143,17377,Discontinued
PRD00500,CAT026,SUP0135,Product 500,Plywood,2655,13400,Active
PRD00501,CAT040,SUP0047,Product 501,Marble,19125,25740,Discontinued
PRD00502,CAT015,SUP0089,Product 502,Wood,17800,22466,Discontinued
PRD00503,CAT014,SUP0022,Product 503,Glass,14270,17547,active
PRD00504,CAT002,SUP0162,Product 504,Wood,32423,34797,active
PRD00505,CAT040,SUP0476,Product 505,Wood,3924,7490,active
PRD00506,CAT038,SUP0310,Product 506,Steel,16611,25153,Discontinued
PRD00507,CAT030,SUP0067,Product 507,Marble,28097,39150,Active
PRD00508,CAT003,SUP0294,Product 508,Wood,46856,57590,Discontinued
PRD00509,CAT029,SUP0482,Product 509,Laminate,23092,37592,active
PRD00510,CAT034,SUP0192,Product 510,Plywood,48218,48591,Discontinued
PRD00511,CAT024,SUP0204,Product 511,Steel,48375,63224,active
PRD00512,CAT023,SUP0132,Product 512,Marble,20400,23293,Discontinued
PRD00513,CAT037,SUP0004,Product 513,Laminate,47651,49640,Discontinued
PRD00514,CAT032,SUP0365,Product 514,Plywood,1369,13771,Active
PRD00515,CAT011,SUP0229,Product 515,Plywood,3709,16995,Active
PRD00516,CAT019,SUP0020,Product 516,Glass,21137,36010,active
PRD00517,CAT017,SUP0082,Product 517,Plywood,20610,24780,active
PRD00518,CAT031,SUP0313,Product 518,Steel,49487,60192,Active
PRD00519,CAT020,SUP0400,Product 519,Plywood,41948,44050,active
PRD00520,CAT019,SUP0380,Product 520,Plywood,17125,30955,active
PRD00521,CAT026,SUP0435,Product 521,Laminate,10856,18268,Active
PRD00522,CAT040,SUP0132,Product 522,Glass,2763,3485,active
PRD00523,CAT035,SUP0453,Product 523,Plywood,36850,51505,Active
PRD00524,CAT003,SUP0434,Product 524,Laminate,30688,32477,Discontinued
PRD00525,CAT003,SUP0411,Product 525,Steel,44904,55159,Discontinued
PRD00526,CAT015,SUP0072,Product 526,Wood,28824,42183,Active
PRD00527,CAT011,SUP0096,Product 527,Laminate,47739,52504,Discontinued
PRD00528,CAT038,SUP0366,Product 528,Plywood,10582,25056,Discontinued
PRD00529,CAT021,SUP0219,Product 529,Laminate,48621,57496,Active
PRD00530,CAT034,SUP0051,Product 530,Wood,39716,51613,Discontinued
PRD00531,CAT014,SUP0018,Product 531,Marble,30239,32108,active
PRD00532,CAT001,SUP0145,Product 532,Wood,1792,14745,Discontinued
PRD00533,CAT011,SUP0352,Product 533,Glass,18735,28101,Discontinued
PRD00534,CAT011,SUP0048,Product 534,Marble,8920,20216,Active
PRD00535,CAT026,SUP0416,Product 535,Glass,40521,52842,Active
PRD00536,CAT025,SUP0437,Product 536,Wood,7016,15683,Active
PRD00537,CAT015,SUP0112,Product 537,Laminate,38623,47971,active
PRD00538,CAT036,SUP0468,Product 538,Marble,2237,5776,Active
PRD00539,CAT039,SUP0209,Product 539,Wood,15697,28701,active
PRD00540,CAT019,SUP0105,Product 540,Wood,18769,26525,active
PRD00541,CAT008,SUP0136,Product 541,Steel,9819,20634,Active
PRD00542,CAT016,SUP0403,Product 542,Laminate,36769,42414,Discontinued
PRD00543,CAT029,SUP0014,Product 543,Plywood,1693,11686,Active
PRD00544,CAT008,SUP0009,Product 544,Steel,18882,28691,Discontinued
PRD00545,CAT003,SUP0302,Product 545,Wood,32902,47361,Active
PRD00546,CAT001,SUP0216,Product 546,Steel,18206,26926,Active
PRD00547,CAT017,SUP0414,Product 547,Laminate,5329,18204,Discontinued
PRD00548,CAT020,SUP0432,Product 548,Marble,947,10939,Discontinued
PRD00549,CAT028,SUP0188,Product 549,Plywood,19145,29695,Active
PRD00550,CAT039,SUP0332, Product 550,Laminate,14534,21975,active
PRD00551,CAT017,SUP0408,Product 551,Plywood,13236,13573,active
PRD00552,CAT030,SUP0054,Product 552,Steel,36822,51398,Active
PRD00553,CAT031,SUP0142,Product 553,Laminate,36960,45420,Active
PRD00554,CAT029,SUP0080,Product 554,Steel,11409,24538,Discontinued
PRD00555,CAT011,SUP0204,Product 555,Glass,33905,48194,Active
PRD00556,CAT019,SUP0375,Product 556,Wood,35509,48510,Active
PRD00557,CAT006,SUP0394,Product 557,Laminate,23895,36901,Active
PRD00558,CAT032,SUP0208,Product 558,Plywood,48341,58984,active
PRD00559,CAT004,SUP0355,Product 559,Laminate,35901,37436,active
PRD00560,CAT035,SUP0452,Product 560,Laminate,24873,29814,active
PRD00561,CAT013,SUP0070,Product 561,Laminate,36075,50946,Active
PRD00562,CAT012,SUP0083,Product 562,Steel,46579,48185,Discontinued
PRD00563,CAT026,SUP0073,Product 563,Glass,42286,46480,active
PRD00564,CAT009,SUP0250,Product 564,Glass,7562,19393,Discontinued
PRD00565,CAT039,SUP0411,Product 565,Glass,7356,16693,active
PRD00566,CAT015,SUP0441,Product 566,Steel,11094,23785,active
PRD00567,CAT035,SUP0490,Product 567,Steel,40808,43961,active
PRD00568,CAT037,SUP0456,Product 568,Laminate,44645,49291,Active
PRD00569,CAT038,SUP0219,Product 569,Glass,12225,18832,active
PRD00570,CAT017,SUP0119,Product 570,Wood,24634,36439,Active
PRD00571,CAT034,SUP0424,Product 571,Glass,26498,29819,Active
PRD00572,CAT038,SUP0048,Product 572,Steel,9304,18946,active
PRD00573,CAT004,SUP0446,Product 573,Steel,30100,37660,Discontinued
PRD00574,CAT017,SUP0328,Product 574,Laminate,25540,30809,Discontinued
PRD00575,CAT032,SUP0166,Product 575,Laminate,15032,28760,Active
PRD00576,CAT007,SUP0100,Product 576,Laminate,28153,33548,Discontinued
PRD00577,CAT032,SUP0199,Product 577,Glass,39831,42215,Active
PRD00578,CAT040,SUP0282,Product 578,Glass,27893,41533,Active
PRD00579,CAT009,SUP0346,Product 579,Laminate,16514,16723,active
PRD00580,CAT018,SUP0467,Product 580,Wood,49302,55146,Discontinued
PRD00581,CAT001,SUP0160,Product 581,Steel,48918,63861,Discontinued
PRD00582,CAT006,SUP0089,Product 582,Steel,20717,21021,Active
PRD00583,CAT008,SUP0214,Product 583,Glass,24338,31490,Active
PRD00584,CAT034,SUP0432,Product 584,Marble,3614,3840,active
PRD00585,CAT036,SUP0247,Product 585,Laminate,24186,34892,Discontinued
PRD00586,CAT032,SUP0414,Product 586,Wood,36194,49387,Discontinued
PRD00587,CAT004,SUP0274,Product 587,Laminate,4922,12169,Discontinued
PRD00588,CAT029,SUP0441,Product 588,Marble,8730,18384,Active
PRD00589,CAT002,SUP0368,Product 589,Marble,43283,46645,active
PRD00590,CAT001,SUP0173,Product 590,Steel,45452,51943,active
PRD00591,CAT017,SUP0146,Product 591,Laminate,17566,29590,Active
PRD00592,CAT033,SUP0375,Product 592,Laminate,12865,21936,Discontinued
PRD00593,CAT015,SUP0344,Product 593,Wood,42837,56159,Discontinued
PRD00594,CAT040,SUP0039,Product 594,Glass,9190,22375,Discontinued
PRD00595,CAT005,SUP0112,Product 595,Steel,2543,8899,Active
PRD00596,CAT010,SUP0259,Product 596,Laminate,17049,28566,active
PRD00597,CAT017,SUP0227,Product 597,Marble,13659,17013,Discontinued
PRD00598,CAT014,SUP0281,Product 598,Laminate,21943,24173,Discontinued
PRD00599,CAT015,SUP0108,Product 599,Plywood,29900,32635,active
PRD00600,CAT013,SUP0416,Product 600,Marble,40133,41316,Active
PRD00601,CAT008,SUP0095,Product 601,Laminate,28036,33044,active
PRD00602,CAT017,SUP0479,Product 602,Marble,20981,30847,Active
PRD00603,CAT007,SUP0144,Product 603,Marble,29634,38501,Discontinued
PRD00604,CAT028,SUP0075,Product 604,Wood,49091,55481,active
PRD00605,CAT014,SUP0440, Product 605,Glass,5148,11940,Active
PRD00606,CAT027,SUP0129,Product 606,Plywood,11857,17092,Discontinued
PRD00607,CAT033,SUP0462,Product 607,Wood,29900,44620,active
PRD00608,CAT021,SUP0380,Product 608,Marble,32718,34990,Discontinued
PRD00609,CAT024,SUP0089,Product 609,Glass,42920,53895,Discontinued
PRD00610,CAT003,SUP0475,Product 610,Plywood,5803,12881,Discontinued
PRD00611,CAT018,SUP0466,Product 611,Wood,47208,54746,Discontinued
PRD00612,CAT016,SUP0012,Product 612,Plywood,7974,19698,active
PRD00613,CAT039,SUP0386,Product 613,Marble,44771,50266,Discontinued
PRD00614,CAT012,SUP0156,Product 614,Marble,1744,14060,active
PRD00615,CAT011,SUP0376,Product 615,Glass,13378,17680,Active
PRD00616,CAT026,SUP0240,Product 616,Wood,41517,41907,Discontinued
PRD00617,CAT040,SUP0217,Product 617,Wood,20556,31787,active
PRD00618,CAT018,SUP0115,Product 618,Laminate,47543,59870,Active
PRD00619,CAT035,SUP0427,Product 619,Wood,33990,41962,Discontinued
PRD00620,CAT019,SUP0081,Product 620,Glass,2916,12924,Active
PRD00621,CAT005,SUP0289,Product 621,Steel,46651,49349,Discontinued
PRD00622,CAT022,SUP0246,Product 622,Steel,32424,40476,Discontinued
PRD00623,CAT004,SUP0440,Product 623,Wood,7349,19719,Active
PRD00624,CAT002,SUP0141,Product 624,Plywood,15129,20387,Active
PRD00625,CAT026,SUP0393,Product 625,Steel,43593,50183,Active
PRD00626,CAT035,SUP0051,Product 626,Laminate,7286,15407,Active
PRD00627,CAT017,SUP0343,Product 627,Laminate,1727,13922,Active
PRD00628,CAT007,SUP0388,Product 628,Glass,24157,33512,Discontinued
PRD00629,CAT015,SUP0168,Product 629,Plywood,37499,40025,Discontinued
PRD00630,CAT015,SUP0271,Product 630,Steel,26862,34801,Active
PRD00631,CAT019,SUP0423,Product 631,Wood,47976,56929,active
PRD00632,CAT007,SUP0281,Product 632,Steel,9579,23628,active
PRD00633,CAT014,SUP0029,Product 633,Marble,45716,52068,Discontinued
PRD00634,CAT031,SUP0444,Product 634,Steel,47142,56806,active
PRD00635,CAT021,SUP0111,Product 635,Glass,46184,54575,Active
PRD00636,CAT036,SUP0072,Product 636,Wood,10913,15334,Active
PRD00637,CAT034,SUP0080,Product 637,Steel,8030,22246,Discontinued
PRD00638,CAT015,SUP0309,Product 638,Glass,4129,13563,Discontinued
PRD00639,CAT001,SUP0313,Product 639,Laminate,25547,38408,Active
PRD00640,CAT020,SUP0187,Product 640,Laminate,25758,35759,Active
PRD00641,CAT033,SUP0413,Product 641,Plywood,45679,48938,Discontinued
PRD00642,CAT015,SUP0215,Product 642,Glass,22311,27903,Active
PRD00643,CAT001,SUP0068,Product 643,Laminate,5730,14815,Active
PRD00644,CAT002,SUP0098,Product 644,Steel,2362,12716,Discontinued
PRD00645,CAT039,SUP0136,Product 645,Laminate,18463,27958,Active
PRD00646,CAT015,SUP0168,Product 646,Laminate,30328,34818,Discontinued
PRD00647,CAT027,SUP0461,Product 647,Laminate,44283,48947,Active
PRD00648,CAT006,SUP0289,Product 648,Glass,27782,38466,active
PRD00649,CAT011,SUP0433,Product 649,Steel,11994,23066,Active
PRD00650,CAT020,SUP0351,Product 650,Laminate,15581,18119,Active
PRD00651,CAT034,SUP0447,Product 651,Marble,40713,42306,Discontinued
PRD00652,CAT030,SUP0146,Product 652,Plywood,32049,39873,active
PRD00653,CAT019,SUP0146,Product 653,Glass,38320,44413,active
PRD00654,CAT004,SUP0276,Product 654,Laminate,13178,14785,active
PRD00655,CAT032,SUP0354,Product 655,Marble,794,8465,Discontinued
PRD00656,CAT030,SUP0183,Product 656,Wood,769,1086,Active
PRD00657,CAT024,SUP0460,Product 657,Steel,1449,3686,active
PRD00658,CAT028,SUP0034,Product 658,Marble,35781,39402,Active
PRD00659,CAT013,SUP0241,Product 659,Wood,33314,36458,Active
PRD00660,CAT002,SUP0296, Product 660,Plywood,28478,34376,Discontinued
PRD00661,CAT017,SUP0007,Product 661,Wood,2697,9573,Active
PRD00662,CAT021,SUP0146,Product 662,Glass,30263,43929,active
PRD00663,CAT039,SUP0228,Product 663,Steel,14305,28864,Active
PRD00664,CAT028,SUP0392,Product 664,Steel,31147,40753,Discontinued
PRD00665,CAT012,SUP0212,Product 665,Laminate,21233,21871,active
PRD00666,CAT004,SUP0344,Product 666,Laminate,5864,13869,Active
PRD00667,CAT016,SUP0055,Product 667,Marble,35364,48341,active
PRD00668,CAT010,SUP0087,Product 668,Wood,8675,15403,active
PRD00669,CAT015,SUP0149,Product 669,Glass,18525,21027,Discontinued
PRD00670,CAT034,SUP0302,Product 670,Plywood,38868,45548,active
PRD00671,CAT016,SUP0087,Product 671,Glass,34482,41793,Active
PRD00672,CAT033,SUP0402,Product 672,Wood,44757,50592,Discontinued
PRD00673,CAT040,SUP0109,Product 673,Marble,30208,43324,Active
PRD00674,CAT031,SUP0368,Product 674,Plywood,38946,41567,Discontinued
PRD00675,CAT033,SUP0474,Product 675,Laminate,49831,53999,active
PRD00676,CAT006,SUP0185,Product 676,Glass,16809,17876,active
PRD00677,CAT006,SUP0340,Product 677,Steel,27749,34182,Discontinued
PRD00678,CAT033,SUP0436,Product 678,Laminate,11527,15659,Active
PRD00679,CAT031,SUP0105,Product 679,Steel,29906,33472,Active
PRD00680,CAT016,SUP0217,Product 680,Wood,36972,51633,Discontinued
PRD00681,CAT021,SUP0237,Product 681,Wood,33451,41976,active
PRD00682,CAT033,SUP0262,Product 682,Laminate,35564,47230,active
PRD00683,CAT036,SUP0476,Product 683,Plywood,30695,36370,active
PRD00684,CAT033,SUP0387,Product 684,Wood,11422,21528,Active
PRD00685,CAT026,SUP0081,Product 685,Plywood,46593,50772,active
PRD00686,CAT008,SUP0265,Product 686,Plywood,15779,30388,Active
PRD00687,CAT015,SUP0117,Product 687,Glass,8877,18121,Discontinued
PRD00688,CAT037,SUP0161,Product 688,Plywood,15352,21416,active
PRD00689,CAT031,SUP0423,Product 689,Marble,1691,14611,Discontinued
PRD00690,CAT020,SUP0195,Product 690,Glass,15427,21923,Discontinued
PRD00691,CAT020,SUP0298,Product 691,Wood,36979,41906,active
PRD00692,CAT030,SUP0033,Product 692,Laminate,775,6879,Active
PRD00693,CAT027,SUP0366,Product 693,Steel,17415,22807,Active
PRD00694,CAT001,SUP0384,Product 694,Glass,21719,36117,Discontinued
PRD00695,CAT035,SUP0090,Product 695,Plywood,38057,51897,Discontinued
PRD00696,CAT011,SUP0239,Product 696,Marble,36874,48011,active
PRD00697,CAT028,SUP0364,Product 697,Marble,39115,49561,active
PRD00698,CAT008,SUP0439,Product 698,Marble,3900,8137,active
PRD00699,CAT026,SUP0308,Product 699,Wood,2321,13220,active
PRD00700,CAT010,SUP0044,Product 700,Glass,48672,49964,active
PRD00701,CAT033,SUP0017,Product 701,Wood,18098,29959,Active
PRD00702,CAT012,SUP0120,Product 702,Wood,49993,59512,Active
PRD00703,CAT026,SUP0259,Product 703,Plywood,43202,54321,Discontinued
PRD00704,CAT009,SUP0181,Product 704,Marble,21509,34841,Active
PRD00705,CAT001,SUP0467,Product 705,Plywood,12060,18937,Discontinued
PRD00706,CAT036,SUP0474,Product 706,Steel,27083,35020,active
PRD00707,CAT033,SUP0395,Product 707,Glass,28308,34797,active
PRD00708,CAT014,SUP0054,Product 708,Wood,44283,59267,Discontinued
PRD00709,CAT031,SUP0486,Product 709,Laminate,656,12041,active
PRD00710,CAT016,SUP0238,Product 710,Glass,31137,40121,Discontinued
PRD00711,CAT037,SUP0427,Product 711,Wood,3538,16115,Active
PRD00712,CAT009,SUP0096,Product 712,Glass,35535,36552,active
PRD00713,CAT018,SUP0051,Product 713,Laminate,21224,24993,Active
PRD00714,CAT017,SUP0237,Product 714,Glass,45551,58047,Discontinued
PRD00715,CAT008,SUP0333, Product 715,Glass,24020,37489,active
PRD00716,CAT040,SUP0180,Product 716,Laminate,3770,18759,active
PRD00717,CAT023,SUP0135,Product 717,Plywood,33319,48125,Discontinued
PRD00718,CAT012,SUP0490,Product 718,Glass,38953,46922,Active
PRD00719,CAT033,SUP0439,Product 719,Laminate,38583,45368,Discontinued
PRD00720,CAT011,SUP0110,Product 720,Steel,49625,60508,active
PRD00721,CAT002,SUP0249,Product 721,Steel,3383,6629,Discontinued
PRD00722,CAT002,SUP0016,Product 722,Wood,23509,25999,active
PRD00723,CAT019,SUP0500,Product 723,Plywood,33890,43310,Active
PRD00724,CAT022,SUP0089,Product 724,Wood,24511,26313,Discontinued
PRD00725,CAT038,SUP0143,Product 725,Plywood,37677,49343,active
PRD00726,CAT033,SUP0186,Product 726,Wood,49539,51721,Discontinued
PRD00727,CAT027,SUP0305,Product 727,Steel,4719,9784,Discontinued
PRD00728,CAT003,SUP0441,Product 728,Plywood,22466,32231,active
PRD00729,CAT003,SUP0171,Product 729,Laminate,8009,16909,Active
PRD00730,CAT008,SUP0116,Product 730,Steel,46432,50942,Discontinued
PRD00731,CAT013,SUP0349,Product 731,Marble,21926,23614,Discontinued
PRD00732,CAT020,SUP0307,Product 732,Glass,32875,47406,Discontinued
PRD00733,CAT004,SUP0238,Product 733,Plywood,15921,20505,Discontinued
PRD00734,CAT005,SUP0158,Product 734,Marble,25144,36029,Discontinued
PRD00735,CAT032,SUP0316,Product 735,Marble,16394,25236,active
PRD00736,CAT022,SUP0028,Product 736,Marble,39906,46762,Discontinued
PRD00737,CAT026,SUP0255,Product 737,Steel,42659,44304,Discontinued
PRD00738,CAT009,SUP0374,Product 738,Plywood,15471,25571,active
PRD00739,CAT031,SUP0423,Product 739,Steel,20990,23650,Discontinued
PRD00740,CAT033,SUP0197,Product 740,Glass,1336,6662,Active
PRD00741,CAT039,SUP0144,Product 741,Wood,48387,54841,Active
PRD00742,CAT017,SUP0390,Product 742,Glass,42204,52816,Active
PRD00743,CAT002,SUP0394,Product 743,Wood,15272,25417,active
PRD00744,CAT017,SUP0145,Product 744,Glass,27187,36942,Active
PRD00745,CAT022,SUP0233,Product 745,Laminate,12583,13726,Discontinued
PRD00746,CAT038,SUP0278,Product 746,Plywood,43377,45187,active
PRD00747,CAT002,SUP0056,Product 747,Steel,43683,51065,Discontinued
PRD00748,CAT029,SUP0386,Product 748,Wood,24739,38561,active
PRD00749,CAT011,SUP0310,Product 749,Laminate,25192,40108,Discontinued
PRD00750,CAT025,SUP0021,Product 750,Wood,1219,5959,Discontinued
PRD00751,CAT011,SUP0430,Product 751,Steel,20247,23877,active
PRD00752,CAT012,SUP0243,Product 752,Plywood,41188,47834,Active
PRD00753,CAT011,SUP0311,Product 753,Glass,29528,32476,active
PRD00754,CAT002,SUP0208,Product 754,Plywood,3593,14209,active
PRD00755,CAT002,SUP0338,Product 755,Glass,27449,28124,Active
PRD00756,CAT010,SUP0370,Product 756,Wood,46362,50108,Active
PRD00757,CAT001,SUP0451,Product 757,Wood,4354,14762,active
PRD00758,CAT002,SUP0233,Product 758,Wood,16693,23381,Active
PRD00759,CAT028,SUP0179,Product 759,Wood,39252,53181,active
PRD00760,CAT032,SUP0464,Product 760,Plywood,3857,18666,Discontinued
PRD00761,CAT016,SUP0023,Product 761,Glass,6866,8319,Discontinued
PRD00762,CAT027,SUP0450,Product 762,Marble,40669,46919,Active
PRD00763,CAT038,SUP0132,Product 763,Glass,33905,34711,active
PRD00764,CAT038,SUP0027,Product 764,Plywood,43618,46155,Discontinued
PRD00765,CAT033,SUP0500,Product 765,Marble,29783,32507,Discontinued
PRD00766,CAT040,SUP0120,Product 766,Steel,26853,39266,Active
PRD00767,CAT002,SUP0150,Product 767,Laminate,18327,23282,Active
PRD00768,CAT002,SUP0391,Product 768,Wood,20759,35582,active
PRD00769,CAT037,SUP0472,Product 769,Plywood,15043,26368,active
PRD00770,CAT008,SUP0051, Product 770,Wood,15225,19572,Discontinued
PRD00771,CAT028,SUP0246,Product 771,Wood,15051,17691,Active
PRD00772,CAT007,SUP0326,Product 772,Steel,17811,26390,Active
PRD00773,CAT040,SUP0276,Product 773,Steel,48013,61182,active
PRD00774,CAT027,SUP0079,Product 774,Plywood,42832,47237,active
PRD00775,CAT018,SUP0159,Product 775,Laminate,36395,48135,active
PRD00776,CAT018,SUP0139,Product 776,Steel,10649,16763,Active
PRD00777,CAT002,SUP0452,Product 777,Wood,30612,39857,active
PRD00778,CAT023,SUP0454,Product 778,Wood,27642,30155,Discontinued
PRD00779,CAT001,SUP0192,Product 779,Plywood,3930,12277,Discontinued
PRD00780,CAT021,SUP0080,Product 780,Glass,26119,30775,Discontinued
PRD00781,CAT011,SUP0028,Product 781,Laminate,32645,45978,Discontinued
PRD00782,CAT003,SUP0461,Product 782,Marble,36247,50355,active
PRD00783,CAT032,SUP0325,Product 783,Wood,17804,29674,Discontinued
PRD00784,CAT034,SUP0302,Product 784,Plywood,31627,38320,active
PRD00785,CAT001,SUP0017,Product 785,Marble,30246,34384,active
PRD00786,CAT006,SUP0250,Product 786,Marble,6048,20936,Active
PRD00787,CAT022,SUP0489,Product 787,Marble,38154,44948,Active
PRD00788,CAT021,SUP0026,Product 788,Steel,39419,47463,Discontinued
PRD00789,CAT001,SUP0007,Product 789,Glass,3511,16897,Active
PRD00790,CAT001,SUP0153,Product 790,Laminate,41418,46273,Active
PRD00791,CAT034,SUP0009,Product 791,Laminate,44178,50240,active
PRD00792,CAT026,SUP0291,Product 792,Glass,24316,27825,active
PRD00793,CAT039,SUP0341,Product 793,Glass,1788,5170,active
PRD00794,CAT008,SUP0105,Product 794,Marble,30667,31917,active
PRD00795,CAT040,SUP0215,Product 795,Laminate,37157,51150,Active
PRD00796,CAT022,SUP0451,Product 796,Laminate,34702,44587,active
PRD00797,CAT040,SUP0069,Product 797,Steel,2827,10836,Active
PRD00798,CAT020,SUP0315,Product 798,Laminate,6743,16689,active
PRD00799,CAT018,SUP0363,Product 799,Glass,21606,22994,Discontinued
PRD00800,CAT011,SUP0482,Product 800,Marble,16109,20596,active
PRD00801,CAT020,SUP0193,Product 801,Laminate,35387,49785,active
PRD00802,CAT017,SUP0367,Product 802,Glass,13843,24968,Discontinued
PRD00803,CAT031,SUP0001,Product 803,Plywood,7113,20730,Discontinued
PRD00804,CAT007,SUP0466,Product 804,Laminate,30337,31353,Discontinued
PRD00805,CAT037,SUP0268,Product 805,Plywood,46907,61273,Discontinued
PRD00806,CAT037,SUP0227,Product 806,Glass,737,13017,Discontinued
PRD00807,CAT032,SUP0177,Product 807,Glass,48141,56176,Discontinued
PRD00808,CAT025,SUP0358,Product 808,Wood,17084,30151,active
PRD00809,CAT038,SUP0134,Product 809,Plywood,25488,38953,Active
PRD00810,CAT014,SUP0161,Product 810,Wood,25076,38100,active
PRD00811,CAT016,SUP0201,Product 811,Marble,18957,30696,Active
PRD00812,CAT008,SUP0093,Product 812,Steel,43492,49135,Discontinued
PRD00813,CAT037,SUP0140,Product 813,Steel,29051,40467,Discontinued
PRD00814,CAT013,SUP0257,Product 814,Plywood,29578,36928,Discontinued
PRD00815,CAT015,SUP0225,Product 815,Plywood,39789,45904,active
PRD00816,CAT032,SUP0462,Product 816,Plywood,4471,10886,active
PRD00817,CAT006,SUP0431,Product 817,Laminate,42340,44213,Discontinued
PRD00818,CAT040,SUP0288,Product 818,Wood,14184,28378,Discontinued
PRD00819,CAT013,SUP0218,Product 819,Marble,39192,43950,active
PRD00820,CAT014,SUP0025,Product 820,Marble,3055,3852,Discontinued
PRD00821,CAT023,SUP0084,Product 821,Glass,40859,54601,Discontinued
PRD00822,CAT003,SUP0288,Product 822,Plywood,21450,25428,Active
PRD00823,CAT033,SUP0255,Product 823,Marble,38875,48428,active
PRD00824,CAT026,SUP0204,Product 824,Steel,39134,45374,Active
PRD00825,CAT020,SUP0384, Product 825,Laminate,14608,16279,Discontinued
PRD00826,CAT031,SUP0374,Product 826,Marble,11330,15028,Active
PRD00827,CAT027,SUP0461,Product 827,Steel,21801,28854,Discontinued
PRD00828,CAT004,SUP0084,Product 828,Steel,18830,29289,active
PRD00829,CAT014,SUP0153,Product 829,Glass,45869,60265,Discontinued
PRD00830,CAT023,SUP0398,Product 830,Glass,41979,51832,active
PRD00831,CAT013,SUP0017,Product 831,Plywood,26527,27092,Discontinued
PRD00832,CAT009,SUP0199,Product 832,Steel,29812,32885,Discontinued
PRD00833,CAT036,SUP0419,Product 833,Marble,4455,8593,Discontinued
PRD00834,CAT033,SUP0312,Product 834,Glass,46221,60994,active
PRD00835,CAT029,SUP0383,Product 835,Marble,7805,15837,Discontinued
PRD00836,CAT022,SUP0078,Product 836,Glass,5439,18676,Discontinued
PRD00837,CAT001,SUP0201,Product 837,Steel,2113,9089,active
PRD00838,CAT002,SUP0333,Product 838,Plywood,24609,35953,Active
PRD00839,CAT032,SUP0006,Product 839,Wood,16766,24892,Discontinued
PRD00840,CAT030,SUP0283,Product 840,Wood,37296,42153,Active
PRD00841,CAT034,SUP0327,Product 841,Plywood,20908,29827,Active
PRD00842,CAT033,SUP0458,Product 842,Wood,10284,14529,active
PRD00843,CAT040,SUP0295,Product 843,Plywood,18985,31833,active
PRD00844,CAT011,SUP0354,Product 844,Plywood,30220,43873,Discontinued
PRD00845,CAT006,SUP0356,Product 845,Laminate,16584,18557,Active
PRD00846,CAT005,SUP0281,Product 846,Glass,8782,22381,Discontinued
PRD00847,CAT040,SUP0236,Product 847,Steel,45782,48835,Active
PRD00848,CAT010,SUP0230,Product 848,Marble,7424,20684,Discontinued
PRD00849,CAT033,SUP0118,Product 849,Marble,37013,43360,Active
PRD00850,CAT013,SUP0305,Product 850,Wood,43049,47337,active
PRD00851,CAT008,SUP0301,Product 851,Wood,20347,27278,Active
PRD00852,CAT002,SUP0222,Product 852,Wood,33963,36908,Discontinued
PRD00853,CAT035,SUP0065,Product 853,Marble,41292,56190,Discontinued
PRD00854,CAT003,SUP0066,Product 854,Steel,8460,20519,Active
PRD00855,CAT017,SUP0035,Product 855,Glass,19567,20245,Active
PRD00856,CAT003,SUP0296,Product 856,Plywood,10297,14870,Discontinued
PRD00857,CAT036,SUP0496,Product 857,Wood,4349,18350,Discontinued
PRD00858,CAT015,SUP0432,Product 858,Wood,14428,24967,active
PRD00859,CAT028,SUP0022,Product 859,Glass,1127,6395,Active
PRD00860,CAT030,SUP0321,Product 860,Marble,43454,55701,active
PRD00861,CAT018,SUP0206,Product 861,Wood,27442,36688,active
PRD00862,CAT008,SUP0231,Product 862,Laminate,17848,30354,active
PRD00863,CAT011,SUP0434,Product 863,Steel,29706,41571,active
PRD00864,CAT035,SUP0048,Product 864,Wood,19155,30524,Active
PRD00865,CAT008,SUP0291,Product 865,Glass,19705,29069,active
PRD00866,CAT008,SUP0117,Product 866,Glass,17524,20177,active
PRD00867,CAT026,SUP0114,Product 867,Wood,17689,19025,active
PRD00868,CAT011,SUP0358,Product 868,Wood,41521,49670,Discontinued
PRD00869,CAT030,SUP0056,Product 869,Marble,6260,18729,Active
PRD00870,CAT007,SUP0041,Product 870,Plywood,38379,39285,Discontinued
PRD00871,CAT001,SUP0217,Product 871,Glass,5569,17758,active
PRD00872,CAT001,SUP0308,Product 872,Wood,7861,10331,Active
PRD00873,CAT022,SUP0361,Product 873,Plywood,14926,26747,active
PRD00874,CAT031,SUP0275,Product 874,Marble,46705,49498,Active
PRD00875,CAT012,SUP0287,Product 875,Marble,3187,17996,Discontinued
PRD00876,CAT034,SUP0303,Product 876,Glass,11177,12160,Discontinued
PRD00877,CAT034,SUP0048,Product 877,Wood,32659,40186,Discontinued
PRD00878,CAT032,SUP0001,Product 878,Wood,32215,41515,active
PRD00879,CAT011,SUP0346,Product 879,Steel,28786,35024,Discontinued
PRD00880,CAT006,SUP0310, Product 880,Plywood,25887,38690,Active
PRD00881,CAT028,SUP0295,Product 881,Marble,40828,55705,Discontinued
PRD00882,CAT040,SUP0481,Product 882,Laminate,26237,29610,active
PRD00883,CAT012,SUP0224,Product 883,Laminate,11485,11770,Discontinued
PRD00884,CAT033,SUP0206,Product 884,Glass,30011,34810,Discontinued
PRD00885,CAT036,SUP0493,Product 885,Marble,25820,32201,active
PRD00886,CAT014,SUP0101,Product 886,Laminate,20087,26502,active
PRD00887,CAT003,SUP0222,Product 887,Laminate,43586,50920,Discontinued
PRD00888,CAT029,SUP0302,Product 888,Plywood,40313,44279,Active
PRD00889,CAT018,SUP0467,Product 889,Wood,31068,31955,Discontinued
PRD00890,CAT003,SUP0460,Product 890,Marble,16197,30410,active
PRD00891,CAT002,SUP0143,Product 891,Laminate,34618,41738,active
PRD00892,CAT027,SUP0038,Product 892,Marble,20509,28325,active
PRD00893,CAT014,SUP0442,Product 893,Wood,25088,26010,active
PRD00894,CAT014,SUP0155,Product 894,Glass,27452,28385,Discontinued
PRD00895,CAT028,SUP0472,Product 895,Steel,12916,27020,active
PRD00896,CAT039,SUP0392,Product 896,Plywood,14204,16554,active
PRD00897,CAT032,SUP0038,Product 897,Wood,30026,32648,Discontinued
PRD00898,CAT022,SUP0216,Product 898,Laminate,27861,32809,Active
PRD00899,CAT012,SUP0317,Product 899,Glass,36606,49783,Active
PRD00900,CAT036,SUP0465,Product 900,Glass,15952,18938,active
PRD00901,CAT014,SUP0106,Product 901,Marble,48303,52654,Discontinued
PRD00902,CAT027,SUP0490,Product 902,Wood,3831,10862,Discontinued
PRD00903,CAT014,SUP0382,Product 903,Steel,6881,15508,active
PRD00904,CAT038,SUP0205,Product 904,Laminate,45354,51773,Active
PRD00905,CAT038,SUP0251,Product 905,Glass,48338,51316,active
PRD00906,CAT005,SUP0120,Product 906,Marble,502,5668,Active
PRD00907,CAT023,SUP0064,Product 907,Glass,4422,17712,active
PRD00908,CAT027,SUP0426,Product 908,Marble,44671,50776,Discontinued
PRD00909,CAT021,SUP0250,Product 909,Wood,46440,48171,Discontinued
PRD00910,CAT016,SUP0049,Product 910,Marble,4688,12375,Discontinued
PRD00911,CAT006,SUP0158,Product 911,Laminate,8854,23187,Discontinued
PRD00912,CAT035,SUP0107,Product 912,Plywood,12214,22699,Discontinued
PRD00913,CAT026,SUP0271,Product 913,Wood,5380,10168,Active
PRD00914,CAT035,SUP0312,Product 914,Steel,12888,21316,Active
PRD00915,CAT026,SUP0271,Product 915,Marble,31177,32938,Discontinued
PRD00916,CAT027,SUP0162,Product 916,Steel,39654,43337,active
PRD00917,CAT020,SUP0222,Product 917,Glass,33246,37075,Active
PRD00918,CAT009,SUP0127,Product 918,Steel,46287,54950,Active
PRD00919,CAT031,SUP0138,Product 919,Plywood,34974,45388,active
PRD00920,CAT033,SUP0403,Product 920,Laminate,15211,29051,active
PRD00921,CAT040,SUP0163,Product 921,Laminate,5734,6405,active
PRD00922,CAT014,SUP0214,Product 922,Wood,26169,39076,Discontinued
PRD00923,CAT038,SUP0263,Product 923,Wood,45782,48694,Active
PRD00924,CAT039,SUP0178,Product 924,Wood,32801,39705,Active
PRD00925,CAT021,SUP0478,Product 925,Wood,40621,45943,Discontinued
PRD00926,CAT028,SUP0324,Product 926,Plywood,9872,22628,Discontinued
PRD00927,CAT028,SUP0130,Product 927,Marble,4822,7751,active
PRD00928,CAT031,SUP0247,Product 928,Steel,12468,24539,Active
PRD00929,CAT036,SUP0366,Product 929,Marble,37865,48759,Active
PRD00930,CAT001,SUP0109,Product 930,Glass,669,5869,Active
PRD00931,CAT001,SUP0188,Product 931,Steel,27904,41996,Discontinued
PRD00932,CAT021,SUP0137,Product 932,Plywood,11274,13390,Active
PRD00933,CAT022,SUP0453,Product 933,Laminate,31867,40375,Active
PRD00934,CAT030,SUP0004,Product 934,Wood,36153,43101,Active
PRD00935,CAT007,SUP0081, Product 935,Marble,14612,25801,Active
PRD00936,CAT018,SUP0174,Product 936,Glass,1418,11918,Discontinued
PRD00937,CAT005,SUP0030,Product 937,Marble,28185,31869,Discontinued
PRD00938,CAT040,SUP0382,Product 938,Marble,5250,12164,active
PRD00939,CAT005,SUP0173,Product 939,Wood,19642,24466,Discontinued
PRD00940,CAT017,SUP0015,Product 940,Marble,21950,22759,active
PRD00941,CAT005,SUP0304,Product 941,Marble,30960,35685,Discontinued
PRD00942,CAT006,SUP0028,Product 942,Plywood,45039,54299,active
PRD00943,CAT021,SUP0243,Product 943,Laminate,38447,43645,Active
PRD00944,CAT013,SUP0113,Product 944,Wood,30978,34906,active
PRD00945,CAT009,SUP0451,Product 945,Glass,11367,15717,active
PRD00946,CAT039,SUP0149,Product 946,Marble,23750,26844,Active
PRD00947,CAT017,SUP0102,Product 947,Wood,33367,34910,Active
PRD00948,CAT028,SUP0058,Product 948,Marble,44334,49145,Discontinued
PRD00949,CAT033,SUP0304,Product 949,Plywood,10563,25249,Discontinued
PRD00950,CAT023,SUP0192,Product 950,Marble,46081,56102,active
PRD00951,CAT018,SUP0297,Product 951,Plywood,40563,41862,Active
PRD00952,CAT037,SUP0067,Product 952,Wood,35638,37970,Active
PRD00953,CAT028,SUP0368,Product 953,Laminate,20265,24085,active
PRD00954,CAT024,SUP0044,Product 954,Plywood,16383,17192,Active
PRD00955,CAT022,SUP0168,Product 955,Marble,21767,25223,Discontinued
PRD00956,CAT020,SUP0120,Product 956,Laminate,37360,45965,active
PRD00957,CAT032,SUP0301,Product 957,Marble,12169,14762,Active
PRD00958,CAT039,SUP0454,Product 958,Glass,11757,15292,Active
PRD00959,CAT025,SUP0071,Product 959,Wood,43061,47626,Active
PRD00960,CAT004,SUP0231,Product 960,Wood,40772,54829,Active
PRD00961,CAT011,SUP0064,Product 961,Plywood,32033,41369,Active
PRD00962,CAT012,SUP0410,Product 962,Glass,24067,37437,Discontinued
PRD00963,CAT020,SUP0211,Product 963,Laminate,11558,24775,active
PRD00964,CAT032,SUP0106,Product 964,Laminate,49756,64041,Discontinued
PRD00965,CAT001,SUP0292,Product 965,Marble,9274,16930,active
PRD00966,CAT008,SUP0368,Product 966,Plywood,35218,50132,active
PRD00967,CAT039,SUP0490,Product 967,Glass,33875,44798,Discontinued
PRD00968,CAT034,SUP0184,Product 968,Plywood,49195,59293,Discontinued
PRD00969,CAT014,SUP0047,Product 969,Glass,4062,13079,active
PRD00970,CAT033,SUP0458,Product 970,Marble,9796,11319,Discontinued
PRD00971,CAT006,SUP0461,Product 971,Laminate,46585,59758,Discontinued
PRD00972,CAT032,SUP0168,Product 972,Steel,49042,52297,active
PRD00973,CAT017,SUP0224,Product 973,Laminate,16989,25674,Active
PRD00974,CAT005,SUP0481,Product 974,Steel,11233,20894,active
PRD00975,CAT022,SUP0158,Product 975,Plywood,49601,60752,Discontinued
PRD00976,CAT036,SUP0481,Product 976,Marble,802,2357,active
PRD00977,CAT007,SUP0437,Product 977,Plywood,49180,60555,Discontinued
PRD00978,CAT024,SUP0316,Product 978,Marble,29835,32204,Active
PRD00979,CAT025,SUP0364,Product 979,Plywood,24552,27750,Discontinued
PRD00980,CAT027,SUP0197,Product 980,Wood,49617,62874,active
PRD00981,CAT013,SUP0440,Product 981,Laminate,45099,47720,Active
PRD00982,CAT017,SUP0181,Product 982,Wood,47054,52304,Active
PRD00983,CAT021,SUP0135,Product 983,Steel,6295,8530,active
PRD00984,CAT011,SUP0106,Product 984,Plywood,14128,25659,active
PRD00985,CAT033,SUP0318,Product 985,Marble,30406,44787,active
PRD00986,CAT028,SUP0176,Product 986,Plywood,49196,49671,Discontinued
PRD00987,CAT034,SUP0417,Product 987,Wood,34559,43975,active
PRD00988,CAT008,SUP0025,Product 988,Glass,8225,14571,Discontinued
PRD00989,CAT036,SUP0056,Product 989,Plywood,48140,62033,Active
PRD00990,CAT038,SUP0191, Product 990,Wood,22505,31945,active
PRD00991,CAT024,SUP0469,Product 991,Marble,20154,22677,Active
PRD00992,CAT019,SUP0254,Product 992,Glass,15045,20056,active
PRD00993,CAT010,SUP0375,Product 993,Glass,28794,42063,Active
PRD00994,CAT012,SUP0150,Product 994,Plywood,21193,27529,Discontinued
PRD00995,CAT021,SUP0102,Product 995,Marble,29395,30430,active
PRD00996,CAT032,SUP0062,Product 996,Marble,44374,56712,Discontinued
PRD00997,CAT037,SUP0189,Product 997,Wood,8044,21272,Active
PRD00998,CAT034,SUP0187,Product 998,Marble,27588,31782,Active
PRD00999,CAT025,SUP0187,Product 999,Laminate,39381,42148,Discontinued
PRD01000,CAT022,SUP0387,Product 1000,Laminate,18603,27669,Discontinued
PRD01001,CAT026,SUP0415,Product 1001,Wood,42152,56534,Active
PRD01002,CAT029,SUP0223,Product 1002,Plywood,14648,26042,active
PRD01003,CAT009,SUP0077,Product 1003,Plywood,46477,56106,active
PRD01004,CAT011,SUP0256,Product 1004,Glass,6440,20959,Active
PRD01005,CAT022,SUP0406,Product 1005,Laminate,38011,41966,Active
PRD01006,CAT018,SUP0007,Product 1006,Marble,16159,28924,Discontinued
PRD01007,CAT032,SUP0181,Product 1007,Laminate,47256,53928,Discontinued
PRD01008,CAT021,SUP0286,Product 1008,Wood,34717,35507,active
PRD01009,CAT017,SUP0367,Product 1009,Laminate,24000,26261,Discontinued
PRD01010,CAT021,SUP0001,Product 1010,Steel,9180,20922,Discontinued
PRD01011,CAT023,SUP0061,Product 1011,Wood,11952,25937,Discontinued
PRD01012,CAT029,SUP0469,Product 1012,Plywood,42990,52853,active
PRD01013,CAT007,SUP0049,Product 1013,Wood,15747,26373,active
PRD01014,CAT031,SUP0159,Product 1014,Marble,4156,14493,active
PRD01015,CAT010,SUP0014,Product 1015,Wood,14437,27192,active
PRD01016,CAT016,SUP0347,Product 1016,Laminate,10175,19420,Discontinued
PRD01017,CAT007,SUP0416,Product 1017,Glass,43985,57973,active
PRD01018,CAT025,SUP0313,Product 1018,Marble,35819,43823,Discontinued
PRD01019,CAT032,SUP0222,Product 1019,Laminate,45683,48862,active
PRD01020,CAT019,SUP0261,Product 1020,Laminate,24930,36828,active
PRD01021,CAT007,SUP0197,Product 1021,Glass,49403,61998,Active
PRD01022,CAT032,SUP0240,Product 1022,Wood,46015,50546,Active
PRD01023,CAT016,SUP0287,Product 1023,Plywood,8290,18417,Discontinued
PRD01024,CAT040,SUP0331,Product 1024,Steel,49995,53792,Discontinued
PRD01025,CAT036,SUP0058,Product 1025,Plywood,38218,42727,active
PRD01026,CAT036,SUP0014,Product 1026,Glass,33096,38090,Discontinued
PRD01027,CAT020,SUP0209,Product 1027,Laminate,44532,46014,Active
PRD01028,CAT036,SUP0200,Product 1028,Glass,24713,27562,Active
PRD01029,CAT034,SUP0108,Product 1029,Laminate,2024,2362,Active
PRD01030,CAT021,SUP0243,Product 1030,Wood,12903,16051,Discontinued
PRD01031,CAT019,SUP0260,Product 1031,Plywood,35987,39370,Active
PRD01032,CAT011,SUP0014,Product 1032,Steel,46945,51091,Discontinued
PRD01033,CAT011,SUP0163,Product 1033,Steel,28387,31263,Active
PRD01034,CAT013,SUP0417,Product 1034,Plywood,4805,7765,Active
PRD01035,CAT011,SUP0338,Product 1035,Plywood,30719,35301,active
PRD01036,CAT037,SUP0235,Product 1036,Marble,7258,20726,Discontinued
PRD01037,CAT009,SUP0083,Product 1037,Plywood,9759,24248,active
PRD01038,CAT036,SUP0235,Product 1038,Steel,634,1055,Active
PRD01039,CAT036,SUP0383,Product 1039,Glass,19836,23251,Active
PRD01040,CAT024,SUP0188,Product 1040,Plywood,42230,42956,active
PRD01041,CAT029,SUP0257,Product 1041,Steel,20384,26847,Discontinued
PRD01042,CAT032,SUP0160,Product 1042,Plywood,11876,23047,Discontinued
PRD01043,CAT027,SUP0151,Product 1043,Plywood,29381,30845,active
PRD01044,CAT008,SUP0496,Product 1044,Steel,11416,23976,active
PRD01045,CAT005,SUP0084, Product 1045,Plywood,9029,12105,Active
PRD01046,CAT003,SUP0473,Product 1046,Steel,2598,6028,Active
PRD01047,CAT019,SUP0385,Product 1047,Glass,10455,19661,active
PRD01048,CAT014,SUP0285,Product 1048,Glass,25841,28851,Active
PRD01049,CAT011,SUP0219,Product 1049,Glass,5461,14492,active
PRD01050,CAT004,SUP0106,Product 1050,Wood,34403,35328,Discontinued
PRD01051,CAT007,SUP0418,Product 1051,Glass,9546,13175,Discontinued
PRD01052,CAT018,SUP0065,Product 1052,Marble,49337,52480,Active
PRD01053,CAT028,SUP0391,Product 1053,Glass,38111,40329,Active
PRD01054,CAT014,SUP0127,Product 1054,Laminate,6153,20984,Discontinued
PRD01055,CAT035,SUP0339,Product 1055,Plywood,46199,56932,active
PRD01056,CAT034,SUP0494,Product 1056,Wood,5719,17066,Discontinued
PRD01057,CAT030,SUP0239,Product 1057,Marble,20747,25482,Active
PRD01058,CAT018,SUP0219,Product 1058,Marble,29817,32808,active
PRD01059,CAT025,SUP0488,Product 1059,Wood,2329,8213,active
PRD01060,CAT032,SUP0194,Product 1060,Glass,45745,57453,Discontinued
PRD01061,CAT038,SUP0188,Product 1061,Steel,26601,41401,Active
PRD01062,CAT020,SUP0323,Product 1062,Marble,15953,22922,active
PRD01063,CAT027,SUP0356,Product 1063,Wood,41467,46220,Discontinued
PRD01064,CAT033,SUP0146,Product 1064,Plywood,9513,10143,Discontinued
PRD01065,CAT029,SUP0042,Product 1065,Plywood,44751,47487,Discontinued
PRD01066,CAT021,SUP0275,Product 1066,Plywood,34830,35985,Discontinued
PRD01067,CAT036,SUP0369,Product 1067,Wood,17149,24082,Discontinued
PRD01068,CAT004,SUP0260,Product 1068,Marble,23532,24122,Discontinued
PRD01069,CAT009,SUP0426,Product 1069,Laminate,24510,32401,active
PRD01070,CAT013,SUP0247,Product 1070,Laminate,24310,26855,Discontinued
PRD01071,CAT037,SUP0041,Product 1071,Wood,31967,38740,active
PRD01072,CAT012,SUP0165,Product 1072,Wood,44129,56835,Active
PRD01073,CAT031,SUP0285,Product 1073,Plywood,44909,54911,Discontinued
PRD01074,CAT005,SUP0377,Product 1074,Steel,35246,45099,Discontinued
PRD01075,CAT033,SUP0351,Product 1075,Steel,27145,28805,active
PRD01076,CAT027,SUP0313,Product 1076,Laminate,7474,7757,active
PRD01077,CAT036,SUP0408,Product 1077,Glass,20726,28498,Active
PRD01078,CAT030,SUP0106,Product 1078,Marble,49261,54634,Active
PRD01079,CAT018,SUP0117,Product 1079,Laminate,38471,47206,Discontinued
PRD01080,CAT009,SUP0476,Product 1080,Marble,33677,41162,Discontinued
PRD01081,CAT025,SUP0306,Product 1081,Plywood,39295,41655,Discontinued
PRD01082,CAT001,SUP0202,Product 1082,Wood,7729,18021,Active
PRD01083,CAT019,SUP0398,Product 1083,Laminate,30165,39230,Discontinued
PRD01084,CAT001,SUP0305,Product 1084,Steel,8974,17535,active
PRD01085,CAT031,SUP0209,Product 1085,Steel,22484,25499,Discontinued
PRD01086,CAT036,SUP0381,Product 1086,Wood,14846,25591,Discontinued
PRD01087,CAT002,SUP0098,Product 1087,Wood,47257,56587,active
PRD01088,CAT018,SUP0170,Product 1088,Wood,35222,40028,Active
PRD01089,CAT016,SUP0224,Product 1089,Plywood,42675,50907,active
PRD01090,CAT037,SUP0390,Product 1090,Laminate,30558,37551,Discontinued
PRD01091,CAT033,SUP0265,Product 1091,Laminate,13851,25264,active
PRD01092,CAT018,SUP0244,Product 1092,Glass,35043,44887,active
PRD01093,CAT013,SUP0040,Product 1093,Steel,44730,46863,Active
PRD01094,CAT019,SUP0356,Product 1094,Marble,49816,63051,active
PRD01095,CAT037,SUP0238,Product 1095,Glass,11096,13397,active
PRD01096,CAT001,SUP0030,Product 1096,Steel,33259,46245,Discontinued
PRD01097,CAT027,SUP0242,Product 1097,Glass,46945,52678,active
PRD01098,CAT024,SUP0439,Product 1098,Laminate,25419,34936,Discontinued
PRD01099,CAT037,SUP0062,Product 1099,Plywood,46340,53529,Discontinued
PRD01100,CAT011,SUP0238, Product 1100,Plywood,25701,30092,Discontinued
PRD01101,CAT038,SUP0136,Product 1101,Laminate,42107,45172,Active
PRD01102,CAT007,SUP0064,Product 1102,Steel,29903,41521,active
PRD01103,CAT040,SUP0472,Product 1103,Glass,43428,58352,Discontinued
PRD01104,CAT030,SUP0418,Product 1104,Laminate,22321,26376,Active
PRD01105,CAT039,SUP0400,Product 1105,Glass,42589,53749,active
PRD01106,CAT012,SUP0465,Product 1106,Laminate,8176,9947,Discontinued
PRD01107,CAT027,SUP0149,Product 1107,Glass,9685,14089,Active
PRD01108,CAT011,SUP0034,Product 1108,Marble,13872,18353,active
PRD01109,CAT002,SUP0055,Product 1109,Glass,31124,43271,active
PRD01110,CAT016,SUP0420,Product 1110,Marble,13612,14646,Discontinued
PRD01111,CAT012,SUP0143,Product 1111,Laminate,33065,41271,Active
PRD01112,CAT040,SUP0179,Product 1112,Marble,7272,20909,active
PRD01113,CAT020,SUP0061,Product 1113,Plywood,4405,6816,Discontinued
PRD01114,CAT029,SUP0155,Product 1114,Steel,30532,36524,Active
PRD01115,CAT017,SUP0406,Product 1115,Plywood,34823,47302,active
PRD01116,CAT028,SUP0045,Product 1116,Laminate,20337,27387,Discontinued
PRD01117,CAT039,SUP0327,Product 1117,Glass,24483,37953,active
PRD01118,CAT037,SUP0239,Product 1118,Laminate,24111,34384,Discontinued
PRD01119,CAT019,SUP0233,Product 1119,Laminate,49206,60054,Active
PRD01120,CAT029,SUP0117,Product 1120,Glass,14523,17615,active
PRD01121,CAT003,SUP0002,Product 1121,Laminate,23798,38051,Discontinued
PRD01122,CAT024,SUP0289,Product 1122,Steel,1206,2172,Discontinued
PRD01123,CAT026,SUP0011,Product 1123,Wood,42258,42472,Discontinued
PRD01124,CAT018,SUP0459,Product 1124,Marble,47896,57303,Active
PRD01125,CAT019,SUP0476,Product 1125,Plywood,45135,47847,active
PRD01126,CAT006,SUP0497,Product 1126,Wood,9682,15038,active
PRD01127,CAT008,SUP0175,Product 1127,Laminate,7688,8798,Active
PRD01128,CAT012,SUP0341,Product 1128,Steel,49217,62295,Active
PRD01129,CAT020,SUP0451,Product 1129,Glass,35297,48752,Active
PRD01130,CAT012,SUP0223,Product 1130,Wood,16664,31549,active
PRD01131,CAT027,SUP0150,Product 1131,Laminate,22082,28680,active
PRD01132,CAT022,SUP0145,Product 1132,Glass,23061,27676,Discontinued
PRD01133,CAT030,SUP0130,Product 1133,Glass,45817,59555,Active
PRD01134,CAT021,SUP0374,Product 1134,Glass,27954,41056,Discontinued
PRD01135,CAT024,SUP0257,Product 1135,Laminate,2064,9746,Discontinued
PRD01136,CAT006,SUP0441,Product 1136,Wood,13690,25387,Active
PRD01137,CAT027,SUP0358,Product 1137,Wood,7018,18324,active
PRD01138,CAT014,SUP0390,Product 1138,Wood,23684,32333,active
PRD01139,CAT035,SUP0175,Product 1139,Glass,15200,22020,active
PRD01140,CAT014,SUP0435,Product 1140,Steel,4656,11913,Discontinued
PRD01141,CAT008,SUP0219,Product 1141,Glass,13319,18893,Discontinued
PRD01142,CAT032,SUP0168,Product 1142,Steel,48264,54454,Discontinued
PRD01143,CAT003,SUP0341,Product 1143,Plywood,2624,10153,active
PRD01144,CAT035,SUP0286,Product 1144,Marble,23566,32042,Active
PRD01145,CAT026,SUP0350,Product 1145,Wood,42635,51732,Active
PRD01146,CAT032,SUP0323,Product 1146,Laminate,24721,31020,active
PRD01147,CAT006,SUP0101,Product 1147,Steel,40753,53522,Discontinued
PRD01148,CAT002,SUP0420,Product 1148,Plywood,17984,21387,Active
PRD01149,CAT019,SUP0164,Product 1149,Glass,39550,45209,Active
PRD01150,CAT014,SUP0129,Product 1150,Wood,42548,45197,active
PRD01151,CAT040,SUP0239,Product 1151,Plywood,21357,29754,active
PRD01152,CAT003,SUP0204,Product 1152,Laminate,3461,8747,Active
PRD01153,CAT014,SUP0034,Product 1153,Glass,17041,28530,Active
PRD01154,CAT019,SUP0225,Product 1154,Plywood,18516,25282,Discontinued
PRD01155,CAT001,SUP0236, Product 1155,Marble,28004,42800,Active
PRD01156,CAT008,SUP0325,Product 1156,Wood,32407,33703,active
PRD01157,CAT039,SUP0113,Product 1157,Plywood,1449,12083,active
PRD01158,CAT040,SUP0164,Product 1158,Wood,36316,41275,active
PRD01159,CAT021,SUP0155,Product 1159,Steel,9773,11081,Discontinued
PRD01160,CAT029,SUP0128,Product 1160,Wood,19463,31363,active
PRD01161,CAT040,SUP0254,Product 1161,Plywood,30251,32561,Discontinued
PRD01162,CAT009,SUP0015,Product 1162,Steel,1589,12654,Active
PRD01163,CAT028,SUP0382,Product 1163,Steel,11956,19451,Discontinued
PRD01164,CAT011,SUP0168,Product 1164,Wood,9858,24340,Active
PRD01165,CAT020,SUP0011,Product 1165,Steel,47710,53018,Discontinued
PRD01166,CAT020,SUP0394,Product 1166,Plywood,42343,56817,Active
PRD01167,CAT016,SUP0494,Product 1167,Laminate,20163,26923,Active
PRD01168,CAT014,SUP0151,Product 1168,Marble,45097,53896,Active
PRD01169,CAT009,SUP0065,Product 1169,Marble,48333,48543,Discontinued
PRD01170,CAT025,SUP0191,Product 1170,Laminate,42308,56416,active
PRD01171,CAT001,SUP0470,Product 1171,Plywood,29985,31134,active
PRD01172,CAT021,SUP0336,Product 1172,Plywood,48560,58961,Discontinued
PRD01173,CAT017,SUP0240,Product 1173,Glass,32398,40775,Discontinued
PRD01174,CAT005,SUP0094,Product 1174,Marble,36127,47057,Discontinued
PRD01175,CAT016,SUP0223,Product 1175,Wood,19246,23737,Active
PRD01176,CAT023,SUP0159,Product 1176,Marble,48212,55063,active
PRD01177,CAT022,SUP0161,Product 1177,Laminate,5263,19090,Discontinued
PRD01178,CAT014,SUP0135,Product 1178,Glass,7670,19833,active
PRD01179,CAT027,SUP0422,Product 1179,Glass,10102,18903,active
PRD01180,CAT008,SUP0351,Product 1180,Marble,8848,13036,active
PRD01181,CAT012,SUP0498,Product 1181,Glass,20007,23105,active
PRD01182,CAT008,SUP0128,Product 1182,Plywood,12665,23948,Discontinued
PRD01183,CAT023,SUP0428,Product 1183,Plywood,30017,43483,Active
PRD01184,CAT034,SUP0335,Product 1184,Marble,6070,15090,Discontinued
PRD01185,CAT033,SUP0465,Product 1185,Marble,45460,53062,Discontinued
PRD01186,CAT032,SUP0244,Product 1186,Steel,23079,28744,active
PRD01187,CAT023,SUP0352,Product 1187,Marble,27959,30108,Active
PRD01188,CAT010,SUP0184,Product 1188,Steel,9774,14615,active
PRD01189,CAT021,SUP0161,Product 1189,Plywood,20663,34760,Discontinued
PRD01190,CAT018,SUP0065,Product 1190,Laminate,41065,41318,Discontinued
PRD01191,CAT002,SUP0316,Product 1191,Glass,36394,40395,Active
PRD01192,CAT006,SUP0457,Product 1192,Plywood,6874,19382,Active
PRD01193,CAT027,SUP0498,Product 1193,Marble,49796,52942,Discontinued
PRD01194,CAT008,SUP0164,Product 1194,Marble,38037,44705,active
PRD01195,CAT002,SUP0035,Product 1195,Glass,25031,40021,Active
PRD01196,CAT003,SUP0055,Product 1196,Wood,27512,37097,Active
PRD01197,CAT039,SUP0442,Product 1197,Plywood,10130,18075,active
PRD01198,CAT017,SUP0401,Product 1198,Wood,14293,23695,Active
PRD01199,CAT026,SUP0270,Product 1199,Marble,46711,51554,active
PRD01200,CAT026,SUP0372,Product 1200,Steel,47395,54827,active
PRD01201,CAT007,SUP0430,Product 1201,Wood,40642,43283,Active
PRD01202,CAT009,SUP0487,Product 1202,Steel,27201,27828,Active
PRD01203,CAT010,SUP0281,Product 1203,Glass,18351,20804,Active
PRD01204,CAT024,SUP0397,Product 1204,Plywood,12762,21186,Discontinued
PRD01205,CAT006,SUP0033,Product 1205,Glass,20586,20932,Discontinued
PRD01206,CAT006,SUP0079,Product 1206,Wood,42745,50199,Active
PRD01207,CAT040,SUP0329,Product 1207,Steel,49929,54208,Discontinued
PRD01208,CAT030,SUP0431,Product 1208,Marble,2674,17139,active
PRD01209,CAT016,SUP0168,Product 1209,Wood,34526,44914,Discontinued
PRD01210,CAT037,SUP0182, Product 1210,Glass,15116,21098,Discontinued
PRD01211,CAT009,SUP0213,Product 1211,Plywood,14886,27102,Active
PRD01212,CAT010,SUP0387,Product 1212,Marble,49785,58477,active
PRD01213,CAT017,SUP0246,Product 1213,Marble,27494,37688,Active
PRD01214,CAT015,SUP0420,Product 1214,Steel,4594,19267,Discontinued
PRD01215,CAT006,SUP0272,Product 1215,Steel,16493,25648,active
PRD01216,CAT034,SUP0076,Product 1216,Marble,22980,24329,Active
PRD01217,CAT032,SUP0293,Product 1217,Wood,38227,41589,Active
PRD01218,CAT014,SUP0499,Product 1218,Marble,34370,48795,Active
PRD01219,CAT029,SUP0317,Product 1219,Glass,10456,15034,Active
PRD01220,CAT024,SUP0486,Product 1220,Marble,19757,30563,Discontinued
PRD01221,CAT040,SUP0269,Product 1221,Marble,28882,41051,active
PRD01222,CAT014,SUP0060,Product 1222,Plywood,1819,13384,Discontinued
PRD01223,CAT040,SUP0450,Product 1223,Wood,19589,32030,active
PRD01224,CAT017,SUP0286,Product 1224,Laminate,29981,36355,Discontinued
PRD01225,CAT016,SUP0171,Product 1225,Glass,30914,41090,active
PRD01226,CAT025,SUP0311,Product 1226,Steel,46366,52909,Discontinued
PRD01227,CAT040,SUP0188,Product 1227,Laminate,3617,5784,Discontinued
PRD01228,CAT010,SUP0354,Product 1228,Plywood,44706,54847,active
PRD01229,CAT027,SUP0180,Product 1229,Wood,20840,31290,active
PRD01230,CAT021,SUP0405,Product 1230,Wood,26522,35025,Discontinued
PRD01231,CAT030,SUP0195,Product 1231,Laminate,4355,10792,active
PRD01232,CAT007,SUP0203,Product 1232,Glass,3712,4177,active
PRD01233,CAT027,SUP0222,Product 1233,Laminate,7142,12314,active
PRD01234,CAT028,SUP0009,Product 1234,Marble,16111,30192,Active
PRD01235,CAT023,SUP0120,Product 1235,Plywood,38068,47764,Active
PRD01236,CAT029,SUP0316,Product 1236,Marble,28944,35418,Active
PRD01237,CAT004,SUP0298,Product 1237,Steel,5183,13520,active
PRD01238,CAT009,SUP0063,Product 1238,Glass,47159,61631,Active
PRD01239,CAT040,SUP0401,Product 1239,Laminate,36126,43887,Discontinued
PRD01240,CAT003,SUP0275,Product 1240,Steel,29818,41917,active
PRD01241,CAT026,SUP0294,Product 1241,Steel,46707,60359,Active
PRD01242,CAT029,SUP0406,Product 1242,Marble,37775,40137,Active
PRD01243,CAT015,SUP0376,Product 1243,Laminate,41186,43344,Discontinued
PRD01244,CAT002,SUP0317,Product 1244,Marble,34435,46182,Discontinued
PRD01245,CAT029,SUP0105,Product 1245,Plywood,33061,45657,Active
PRD01246,CAT034,SUP0216,Product 1246,Glass,28798,32284,active
PRD01247,CAT025,SUP0260,Product 1247,Marble,8818,17674,active
PRD01248,CAT007,SUP0305,Product 1248,Glass,46394,52343,active
PRD01249,CAT032,SUP0185,Product 1249,Steel,5802,20357,Active
PRD01250,CAT031,SUP0193,Product 1250,Wood,28739,34091,Active
PRD01251,CAT008,SUP0122,Product 1251,Steel,1006,1610,Discontinued
PRD01252,CAT005,SUP0411,Product 1252,Marble,48819,49633,active
PRD01253,CAT005,SUP0414,Product 1253,Steel,33731,41991,Active
PRD01254,CAT008,SUP0055,Product 1254,Steel,35016,37216,Discontinued
PRD01255,CAT022,SUP0341,Product 1255,Marble,23355,23718,Active
PRD01256,CAT008,SUP0331,Product 1256,Wood,11237,25527,Active
PRD01257,CAT016,SUP0205,Product 1257,Marble,32993,46400,Active
PRD01258,CAT003,SUP0169,Product 1258,Plywood,20647,25851,Discontinued
PRD01259,CAT035,SUP0477,Product 1259,Marble,35192,41787,Active
PRD01260,CAT007,SUP0017,Product 1260,Plywood,40198,51816,Active
PRD01261,CAT029,SUP0282,Product 1261,Wood,13140,24382,Active
PRD01262,CAT037,SUP0334,Product 1262,Plywood,514,13469,Discontinued
PRD01263,CAT004,SUP0136,Product 1263,Laminate,36141,48369,Active
PRD01264,CAT013,SUP0326,Product 1264,Glass,25025,27344,active
PRD01265,CAT014,SUP0089, Product 1265,Wood,47056,53318,Active
PRD01266,CAT029,SUP0449,Product 1266,Marble,27213,31428,Active
PRD01267,CAT024,SUP0406,Product 1267,Plywood,22749,23696,Discontinued
PRD01268,CAT025,SUP0041,Product 1268,Wood,11978,12603,active
PRD01269,CAT003,SUP0457,Product 1269,Wood,12538,14434,active
PRD01270,CAT010,SUP0129,Product 1270,Steel,44512,53948,Discontinued
PRD01271,CAT006,SUP0408,Product 1271,Glass,7583,13992,Active
PRD01272,CAT007,SUP0287,Product 1272,Glass,31800,43820,Discontinued
PRD01273,CAT016,SUP0139,Product 1273,Laminate,9907,21332,Discontinued
PRD01274,CAT014,SUP0163,Product 1274,Wood,32672,45115,active
PRD01275,CAT003,SUP0237,Product 1275,Plywood,4414,17070,active
PRD01276,CAT040,SUP0156,Product 1276,Marble,10700,19659,Discontinued
PRD01277,CAT007,SUP0432,Product 1277,Plywood,6939,9826,active
PRD01278,CAT021,SUP0073,Product 1278,Marble,40631,45994,active
PRD01279,CAT010,SUP0015,Product 1279,Marble,11405,25244,Active
PRD01280,CAT027,SUP0047,Product 1280,Wood,27250,31199,active
PRD01281,CAT012,SUP0454,Product 1281,Marble,890,11752,Active
PRD01282,CAT033,SUP0054,Product 1282,Steel,47039,53958,active
PRD01283,CAT033,SUP0344,Product 1283,Glass,48582,58083,active
PRD01284,CAT003,SUP0171,Product 1284,Marble,2796,3340,Discontinued
PRD01285,CAT005,SUP0375,Product 1285,Plywood,35904,50855,active
PRD01286,CAT040,SUP0229,Product 1286,Glass,28921,30328,active
PRD01287,CAT020,SUP0007,Product 1287,Glass,25015,30971,Discontinued
PRD01288,CAT034,SUP0245,Product 1288,Plywood,3460,14840,Active
PRD01289,CAT001,SUP0077,Product 1289,Marble,45130,56099,Active
PRD01290,CAT010,SUP0246,Product 1290,Laminate,13755,20150,Active
PRD01291,CAT031,SUP0033,Product 1291,Steel,13054,18199,active
PRD01292,CAT028,SUP0232,Product 1292,Plywood,36347,44536,Discontinued
PRD01293,CAT018,SUP0295,Product 1293,Steel,23710,30304,active
PRD01294,CAT004,SUP0417,Product 1294,Marble,25832,38066,Active
PRD01295,CAT015,SUP0136,Product 1295,Marble,29920,31181,active
PRD01296,CAT003,SUP0105,Product 1296,Laminate,23498,33619,Discontinued
PRD01297,CAT024,SUP0075,Product 1297,Steel,32965,34802,active
PRD01298,CAT011,SUP0465,Product 1298,Marble,6958,19382,Active
PRD01299,CAT020,SUP0052,Product 1299,Marble,33185,42875,Discontinued
PRD01300,CAT040,SUP0250,Product 1300,Steel,30795,32367,Active
PRD01301,CAT027,SUP0490,Product 1301,Glass,3198,14809,Discontinued
PRD01302,CAT029,SUP0166,Product 1302,Plywood,27676,31311,Discontinued
PRD01303,CAT038,SUP0457,Product 1303,Laminate,23443,34617,Discontinued
PRD01304,CAT015,SUP0305,Product 1304,Steel,6010,8527,active
PRD01305,CAT016,SUP0447,Product 1305,Plywood,24045,31344,Discontinued
PRD01306,CAT027,SUP0306,Product 1306,Laminate,41801,56069,Active
PRD01307,CAT016,SUP0452,Product 1307,Laminate,26477,39162,Discontinued
PRD01308,CAT028,SUP0089,Product 1308,Steel,8846,23612,Active
PRD01309,CAT034,SUP0106,Product 1309,Steel,7511,21528,Discontinued
PRD01310,CAT018,SUP0158,Product 1310,Plywood,24948,26849,active
PRD01311,CAT013,SUP0140,Product 1311,Glass,34851,47978,Discontinued
PRD01312,CAT032,SUP0002,Product 1312,Steel,27758,41580,Active
PRD01313,CAT029,SUP0155,Product 1313,Wood,35830,49593,Discontinued
PRD01314,CAT008,SUP0191,Product 1314,Marble,42480,56366,Discontinued
PRD01315,CAT021,SUP0406,Product 1315,Plywood,6287,7021,active
PRD01316,CAT001,SUP0390,Product 1316,Wood,15590,30318,Discontinued
PRD01317,CAT008,SUP0202,Product 1317,Marble,1219,5249,Active
PRD01318,CAT022,SUP0034,Product 1318,Marble,11660,13839,active
PRD01319,CAT026,SUP0142,Product 1319,Plywood,45200,47384,Active
PRD01320,CAT004,SUP0399, Product 1320,Laminate,23979,25933,Active
PRD01321,CAT006,SUP0178,Product 1321,Marble,12425,18302,Discontinued
PRD01322,CAT018,SUP0166,Product 1322,Plywood,3028,10220,Discontinued
PRD01323,CAT014,SUP0311,Product 1323,Wood,14810,27389,Discontinued
PRD01324,CAT030,SUP0171,Product 1324,Wood,22846,28594,active
PRD01325,CAT018,SUP0300,Product 1325,Steel,5435,17364,Active
PRD01326,CAT034,SUP0267,Product 1326,Steel,20040,23493,Discontinued
PRD01327,CAT008,SUP0328,Product 1327,Glass,20760,31814,Active
PRD01328,CAT024,SUP0407,Product 1328,Wood,14279,28731,Active
PRD01329,CAT024,SUP0125,Product 1329,Marble,11974,18839,Discontinued
PRD01330,CAT010,SUP0496,Product 1330,Steel,33393,46519,Active
PRD01331,CAT035,SUP0185,Product 1331,Laminate,28102,33049,active
PRD01332,CAT032,SUP0314,Product 1332,Glass,20627,34214,active
PRD01333,CAT028,SUP0135,Product 1333,Marble,16050,18535,Discontinued
PRD01334,CAT037,SUP0186,Product 1334,Marble,32481,45130,active
PRD01335,CAT040,SUP0208,Product 1335,Laminate,32705,35529,Active
PRD01336,CAT012,SUP0075,Product 1336,Glass,11019,23842,active
PRD01337,CAT007,SUP0210,Product 1337,Wood,7685,22476,Active
PRD01338,CAT034,SUP0477,Product 1338,Marble,43801,57944,Active
PRD01339,CAT022,SUP0112,Product 1339,Marble,18441,26209,Discontinued
PRD01340,CAT007,SUP0005,Product 1340,Glass,47146,51156,Active
PRD01341,CAT025,SUP0116,Product 1341,Glass,15034,17509,active
PRD01342,CAT028,SUP0053,Product 1342,Glass,4809,13461,Active
PRD01343,CAT040,SUP0175,Product 1343,Marble,13524,19512,Active
PRD01344,CAT026,SUP0326,Product 1344,Wood,1988,8346,active
PRD01345,CAT036,SUP0411,Product 1345,Plywood,35673,40015,active
PRD01346,CAT020,SUP0448,Product 1346,Glass,46859,54469,active
PRD01347,CAT014,SUP0169,Product 1347,Laminate,45696,57411,Active
PRD01348,CAT021,SUP0319,Product 1348,Wood,22532,32827,Active
PRD01349,CAT014,SUP0091,Product 1349,Plywood,44347,49849,Discontinued
PRD01350,CAT013,SUP0233,Product 1350,Steel,15823,21575,Discontinued
PRD01351,CAT022,SUP0202,Product 1351,Steel,41832,54217,active
PRD01352,CAT015,SUP0202,Product 1352,Marble,43484,55357,Active
PRD01353,CAT034,SUP0094,Product 1353,Marble,4353,5130,active
PRD01354,CAT018,SUP0207,Product 1354,Steel,20908,29225,Active
PRD01355,CAT029,SUP0018,Product 1355,Wood,23293,25201,Active
PRD01356,CAT033,SUP0338,Product 1356,Marble,18326,25487,Discontinued
PRD01357,CAT031,SUP0372,Product 1357,Laminate,25015,30896,Active
PRD01358,CAT009,SUP0324,Product 1358,Wood,4525,7508,Discontinued
PRD01359,CAT037,SUP0116,Product 1359,Laminate,14070,23757,Discontinued
PRD01360,CAT027,SUP0274,Product 1360,Steel,48375,56592,Active
PRD01361,CAT010,SUP0059,Product 1361,Marble,39258,47462,Discontinued
PRD01362,CAT036,SUP0008,Product 1362,Steel,10104,12429,active
PRD01363,CAT026,SUP0225,Product 1363,Glass,35996,44582,active
PRD01364,CAT002,SUP0232,Product 1364,Steel,7163,11086,Discontinued
PRD01365,CAT026,SUP0340,Product 1365,Glass,10283,18653,active
PRD01366,CAT020,SUP0262,Product 1366,Marble,26451,35540,Active
PRD01367,CAT018,SUP0301,Product 1367,Steel,14733,22242,Active
PRD01368,CAT028,SUP0336,Product 1368,Wood,33152,40454,active
PRD01369,CAT022,SUP0406,Product 1369,Wood,1667,16663,Active
PRD01370,CAT028,SUP0143,Product 1370,Laminate,30408,32167,active
PRD01371,CAT021,SUP0014,Product 1371,Plywood,3692,5231,Discontinued
PRD01372,CAT020,SUP0389,Product 1372,Plywood,19899,27352,active
PRD01373,CAT037,SUP0179,Product 1373,Wood,19820,25440,Discontinued
PRD01374,CAT027,SUP0073,Product 1374,Marble,40969,41260,Active
PRD01375,CAT019,SUP0444, Product 1375,Marble,21043,24302,Discontinued
PRD01376,CAT028,SUP0288,Product 1376,Plywood,3040,8142,active
PRD01377,CAT026,SUP0176,Product 1377,Steel,36160,50969,Active
PRD01378,CAT022,SUP0354,Product 1378,Laminate,7959,9891,Discontinued
PRD01379,CAT005,SUP0443,Product 1379,Laminate,48836,52602,active
PRD01380,CAT015,SUP0405,Product 1380,Steel,10489,24786,active
PRD01381,CAT040,SUP0310,Product 1381,Plywood,16443,19917,Active
PRD01382,CAT026,SUP0154,Product 1382,Wood,34665,49610,Active
PRD01383,CAT013,SUP0133,Product 1383,Laminate,8016,12139,Active
PRD01384,CAT035,SUP0281,Product 1384,Steel,42350,45460,Active
PRD01385,CAT036,SUP0273,Product 1385,Wood,6352,17886,Discontinued
PRD01386,CAT023,SUP0464,Product 1386,Plywood,10303,15999,Discontinued
PRD01387,CAT029,SUP0333,Product 1387,Glass,38758,47824,active
PRD01388,CAT016,SUP0344,Product 1388,Laminate,28043,37956,active
PRD01389,CAT007,SUP0181,Product 1389,Plywood,38785,40130,Discontinued
PRD01390,CAT014,SUP0017,Product 1390,Wood,32437,34266,Active
PRD01391,CAT013,SUP0392,Product 1391,Glass,48052,50189,Discontinued
PRD01392,CAT017,SUP0432,Product 1392,Plywood,1421,12687,Active
PRD01393,CAT009,SUP0173,Product 1393,Marble,44000,57862,active
PRD01394,CAT036,SUP0229,Product 1394,Steel,44442,45093,active
PRD01395,CAT009,SUP0254,Product 1395,Glass,2977,4138,active
PRD01396,CAT007,SUP0118,Product 1396,Marble,41064,52892,active
PRD01397,CAT016,SUP0455,Product 1397,Marble,49388,54550,Discontinued
PRD01398,CAT012,SUP0351,Product 1398,Glass,1669,11378,Discontinued
PRD01399,CAT018,SUP0087,Product 1399,Plywood,29286,43188,active
PRD01400,CAT035,SUP0402,Product 1400,Glass,49722,57357,Active
PRD01401,CAT007,SUP0313,Product 1401,Glass,25923,39045,Active
PRD01402,CAT017,SUP0447,Product 1402,Laminate,46536,57255,Active
PRD01403,CAT036,SUP0421,Product 1403,Wood,5205,15481,active
PRD01404,CAT038,SUP0056,Product 1404,Wood,43085,51888,Active
PRD01405,CAT037,SUP0310,Product 1405,Steel,29456,44347,active
PRD01406,CAT029,SUP0265,Product 1406,Plywood,39338,46378,Discontinued
PRD01407,CAT020,SUP0370,Product 1407,Plywood,47459,51588,active
PRD01408,CAT023,SUP0492,Product 1408,Marble,14811,16216,Discontinued
PRD01409,CAT031,SUP0005,Product 1409,Wood,33704,40200,active
PRD01410,CAT037,SUP0306,Product 1410,Plywood,21600,22167,Discontinued
PRD01411,CAT003,SUP0235,Product 1411,Marble,28300,43160,active
PRD01412,CAT030,SUP0211,Product 1412,Plywood,27590,28390,Discontinued
PRD01413,CAT039,SUP0450,Product 1413,Marble,27028,32331,Active
PRD01414,CAT019,SUP0029,Product 1414,Marble,21696,32491,Active
PRD01415,CAT010,SUP0216,Product 1415,Steel,9493,13193,Active
PRD01416,CAT032,SUP0011,Product 1416,Laminate,23079,33464,active
PRD01417,CAT027,SUP0261,Product 1417,Marble,7379,13243,active
PRD01418,CAT007,SUP0032,Product 1418,Steel,10943,20534,Active
PRD01419,CAT006,SUP0182,Product 1419,Steel,936,12393,Active
PRD01420,CAT034,SUP0415,Product 1420,Plywood,8279,15924,Discontinued
PRD01421,CAT009,SUP0256,Product 1421,Wood,12345,25623,Discontinued
PRD01422,CAT002,SUP0309,Product 1422,Plywood,23429,34107,Discontinued
PRD01423,CAT035,SUP0186,Product 1423,Marble,13854,16289,active
PRD01424,CAT011,SUP0203,Product 1424,Laminate,34687,44347,active
PRD01425,CAT026,SUP0304,Product 1425,Wood,6459,15988,Discontinued
PRD01426,CAT002,SUP0116,Product 1426,Glass,22818,34511,Active
PRD01427,CAT023,SUP0355,Product 1427,Steel,31351,32000,Discontinued
PRD01428,CAT032,SUP0135,Product 1428,Laminate,46415,61289,Active
PRD01429,CAT010,SUP0405,Product 1429,Steel,13340,22113,Discontinued
PRD01430,CAT023,SUP0421, Product 1430,Plywood,39885,48222,active
PRD01431,CAT006,SUP0049,Product 1431,Steel,48462,49686,active
PRD01432,CAT015,SUP0334,Product 1432,Laminate,31292,44815,active
PRD01433,CAT003,SUP0073,Product 1433,Marble,25710,38724,Discontinued
PRD01434,CAT006,SUP0329,Product 1434,Steel,40468,54011,Discontinued
PRD01435,CAT012,SUP0397,Product 1435,Marble,44515,53386,Discontinued
PRD01436,CAT005,SUP0089,Product 1436,Marble,21129,29015,Discontinued
PRD01437,CAT011,SUP0447,Product 1437,Glass,45196,50632,active
PRD01438,CAT006,SUP0231,Product 1438,Glass,44167,56003,Discontinued
PRD01439,CAT014,SUP0332,Product 1439,Glass,12289,22789,active
PRD01440,CAT014,SUP0089,Product 1440,Wood,28633,38373,Discontinued
PRD01441,CAT023,SUP0135,Product 1441,Marble,11196,17777,Active
PRD01442,CAT029,SUP0052,Product 1442,Steel,48550,57960,Discontinued
PRD01443,CAT035,SUP0004,Product 1443,Laminate,20472,24271,active
PRD01444,CAT023,SUP0454,Product 1444,Glass,16669,30798,active
PRD01445,CAT003,SUP0490,Product 1445,Plywood,10586,24190,active
PRD01446,CAT038,SUP0181,Product 1446,Steel,34564,36633,Discontinued
PRD01447,CAT022,SUP0481,Product 1447,Laminate,3438,11962,Discontinued
PRD01448,CAT013,SUP0434,Product 1448,Plywood,41145,49925,Active
PRD01449,CAT033,SUP0127,Product 1449,Plywood,11425,17120,Discontinued
PRD01450,CAT018,SUP0047,Product 1450,Wood,17785,18178,Discontinued
PRD01451,CAT011,SUP0462,Product 1451,Laminate,16684,28133,active
PRD01452,CAT014,SUP0180,Product 1452,Glass,25436,27193,Discontinued
PRD01453,CAT028,SUP0149,Product 1453,Plywood,10176,13712,Active
PRD01454,CAT037,SUP0038,Product 1454,Marble,44344,44768,active
PRD01455,CAT032,SUP0257,Product 1455,Laminate,25238,31241,Active
PRD01456,CAT017,SUP0165,Product 1456,Glass,29036,43314,active
PRD01457,CAT034,SUP0255,Product 1457,Plywood,46286,51887,Active
PRD01458,CAT008,SUP0289,Product 1458,Wood,38075,52551,Active
PRD01459,CAT034,SUP0166,Product 1459,Wood,21563,23526,active
PRD01460,CAT019,SUP0277,Product 1460,Wood,3897,11206,Active
PRD01461,CAT031,SUP0435,Product 1461,Glass,34656,37519,Active
PRD01462,CAT034,SUP0443,Product 1462,Plywood,48105,61343,active
PRD01463,CAT036,SUP0437,Product 1463,Laminate,8384,22474,active
PRD01464,CAT023,SUP0232,Product 1464,Steel,14451,26936,Discontinued
PRD01465,CAT008,SUP0219,Product 1465,Marble,44442,55658,Active
PRD01466,CAT026,SUP0064,Product 1466,Plywood,16612,24277,active
PRD01467,CAT001,SUP0056,Product 1467,Glass,33953,42334,active
PRD01468,CAT020,SUP0043,Product 1468,Laminate,30796,34021,active
PRD01469,CAT038,SUP0270,Product 1469,Plywood,36878,45222,Discontinued
PRD01470,CAT020,SUP0499,Product 1470,Marble,25386,34196,Discontinued
PRD01471,CAT010,SUP0418,Product 1471,Steel,12666,20994,Active
PRD01472,CAT001,SUP0313,Product 1472,Steel,12073,16286,Discontinued
PRD01473,CAT011,SUP0473,Product 1473,Laminate,30558,44325,active
PRD01474,CAT025,SUP0067,Product 1474,Plywood,49454,54412,Active
PRD01475,CAT032,SUP0419,Product 1475,Laminate,33907,48128,active
PRD01476,CAT014,SUP0010,Product 1476,Laminate,38993,51719,Active
PRD01477,CAT038,SUP0004,Product 1477,Plywood,32170,36504,Active
PRD01478,CAT028,SUP0309,Product 1478,Glass,12171,16579,active
PRD01479,CAT009,SUP0052,Product 1479,Marble,47752,55592,Active
PRD01480,CAT006,SUP0400,Product 1480,Steel,45926,57584,active
PRD01481,CAT015,SUP0382,Product 1481,Laminate,19067,23696,Active
PRD01482,CAT002,SUP0087,Product 1482,Plywood,23568,35829,Discontinued
PRD01483,CAT011,SUP0401,Product 1483,Laminate,14894,22171,active
PRD01484,CAT003,SUP0278,Product 1484,Plywood,2250,17210,active
PRD01485,CAT006,SUP0422, Product 1485,Steel,4970,8249,Discontinued
PRD01486,CAT040,SUP0264,Product 1486,Plywood,32453,34834,Discontinued
PRD01487,CAT024,SUP0487,Product 1487,Laminate,28906,39589,active
PRD01488,CAT003,SUP0072,Product 1488,Marble,28776,32065,Active
PRD01489,CAT040,SUP0046,Product 1489,Plywood,27012,36609,Active
PRD01490,CAT031,SUP0007,Product 1490,Marble,18604,29903,Active
PRD01491,CAT002,SUP0066,Product 1491,Wood,14911,19516,active
PRD01492,CAT029,SUP0101,Product 1492,Laminate,47513,54252,active
PRD01493,CAT032,SUP0487,Product 1493,Wood,13470,27969,Active
PRD01494,CAT002,SUP0204,Product 1494,Marble,30783,33090,Active
PRD01495,CAT003,SUP0134,Product 1495,Laminate,20981,23945,Discontinued
PRD01496,CAT001,SUP0465,Product 1496,Plywood,19831,23621,Discontinued
PRD01497,CAT035,SUP0389,Product 1497,Laminate,34774,45719,Active
PRD01498,CAT011,SUP0088,Product 1498,Laminate,47197,55079,Active
PRD01499,CAT025,SUP0273,Product 1499,Steel,14303,20660,active
PRD01500,CAT026,SUP0457,Product 1500,Glass,11313,16106,active
PRD01501,CAT003,SUP0341,Product 1501,Laminate,29752,44615,Active
PRD01502,CAT038,SUP0392,Product 1502,Wood,18234,25795,Discontinued
PRD01503,CAT023,SUP0262,Product 1503,Glass,45026,49980,Discontinued
PRD01504,CAT038,SUP0451,Product 1504,Plywood,32609,33730,Active
PRD01505,CAT007,SUP0302,Product 1505,Glass,26385,32070,Active
PRD01506,CAT004,SUP0494,Product 1506,Wood,12296,18482,active
PRD01507,CAT019,SUP0443,Product 1507,Plywood,10993,15136,Active
PRD01508,CAT039,SUP0482,Product 1508,Wood,12418,24388,active
PRD01509,CAT011,SUP0352,Product 1509,Marble,8767,17759,active
PRD01510,CAT025,SUP0048,Product 1510,Wood,25177,25644,active
PRD01511,CAT008,SUP0062,Product 1511,Steel,7223,18829,Discontinued
PRD01512,CAT018,SUP0109,Product 1512,Steel,19776,24808,Discontinued
PRD01513,CAT036,SUP0225,Product 1513,Plywood,25362,39700,active
PRD01514,CAT030,SUP0096,Product 1514,Marble,46712,57193,active
PRD01515,CAT003,SUP0037,Product 1515,Marble,29383,31868,active
PRD01516,CAT032,SUP0477,Product 1516,Wood,19847,25332,active
PRD01517,CAT018,SUP0220,Product 1517,Steel,22294,33164,active
PRD01518,CAT007,SUP0235,Product 1518,Steel,4820,11267,Active
PRD01519,CAT038,SUP0258,Product 1519,Marble,795,10011,Active
PRD01520,CAT019,SUP0081,Product 1520,Laminate,13985,22941,Active
PRD01521,CAT019,SUP0258,Product 1521,Laminate,45450,51713,active
PRD01522,CAT011,SUP0132,Product 1522,Wood,17383,29713,Active
PRD01523,CAT005,SUP0174,Product 1523,Wood,36141,45272,active
PRD01524,CAT040,SUP0143,Product 1524,Glass,11452,14474,Discontinued
PRD01525,CAT001,SUP0188,Product 1525,Plywood,5638,15341,Active
PRD01526,CAT004,SUP0437,Product 1526,Plywood,3728,4144,Discontinued
PRD01527,CAT040,SUP0296,Product 1527,Wood,17059,30951,Active
PRD01528,CAT033,SUP0411,Product 1528,Marble,10899,22037,Discontinued
PRD01529,CAT013,SUP0480,Product 1529,Plywood,15740,22776,Active
PRD01530,CAT015,SUP0335,Product 1530,Wood,843,2038,Discontinued
PRD01531,CAT007,SUP0360,Product 1531,Wood,4545,9243,active
PRD01532,CAT009,SUP0022,Product 1532,Marble,28919,37094,Active
PRD01533,CAT013,SUP0378,Product 1533,Laminate,7476,19375,Active
PRD01534,CAT003,SUP0068,Product 1534,Plywood,5945,8407,Discontinued
PRD01535,CAT010,SUP0412,Product 1535,Laminate,16002,28920,Discontinued
PRD01536,CAT020,SUP0023,Product 1536,Laminate,14768,26976,Active
PRD01537,CAT031,SUP0167,Product 1537,Wood,35859,41184,active
PRD01538,CAT033,SUP0079,Product 1538,Glass,29872,31238,Discontinued
PRD01539,CAT023,SUP0416,Product 1539,Plywood,30231,42713,Discontinued
PRD01540,CAT014,SUP0016, Product 1540,Marble,9660,23258,Discontinued
PRD01541,CAT028,SUP0252,Product 1541,Plywood,3383,12696,Active
PRD01542,CAT036,SUP0224,Product 1542,Steel,45633,46112,Active
PRD01543,CAT002,SUP0408,Product 1543,Glass,31633,33335,Discontinued
PRD01544,CAT008,SUP0270,Product 1544,Laminate,32962,42094,Active
PRD01545,CAT020,SUP0109,Product 1545,Steel,5661,11739,Discontinued
PRD01546,CAT025,SUP0018,Product 1546,Marble,49053,56275,active
PRD01547,CAT020,SUP0329,Product 1547,Laminate,11769,14840,active
PRD01548,CAT037,SUP0307,Product 1548,Steel,17307,30127,Discontinued
PRD01549,CAT020,SUP0398,Product 1549,Marble,32387,34892,active
PRD01550,CAT016,SUP0345,Product 1550,Laminate,28415,40520,Discontinued
PRD01551,CAT010,SUP0409,Product 1551,Steel,23032,34651,active
PRD01552,CAT016,SUP0455,Product 1552,Steel,43768,50670,Active
PRD01553,CAT027,SUP0277,Product 1553,Wood,8193,8397,active
PRD01554,CAT024,SUP0157,Product 1554,Wood,21580,27002,active
PRD01555,CAT026,SUP0329,Product 1555,Laminate,1288,14282,Discontinued
PRD01556,CAT026,SUP0134,Product 1556,Glass,38836,41785,Active
PRD01557,CAT039,SUP0346,Product 1557,Steel,28150,33567,active
PRD01558,CAT012,SUP0167,Product 1558,Steel,17152,31018,Discontinued
PRD01559,CAT022,SUP0268,Product 1559,Glass,4540,11792,Active
PRD01560,CAT031,SUP0095,Product 1560,Laminate,47715,62367,Discontinued
PRD01561,CAT015,SUP0252,Product 1561,Laminate,17400,23484,active
PRD01562,CAT036,SUP0364,Product 1562,Glass,49763,59246,Active
PRD01563,CAT026,SUP0043,Product 1563,Steel,23797,35030,active
PRD01564,CAT005,SUP0426,Product 1564,Wood,509,4697,Active
PRD01565,CAT030,SUP0446,Product 1565,Plywood,39399,52057,active
PRD01566,CAT025,SUP0467,Product 1566,Laminate,1863,4463,Discontinued
PRD01567,CAT008,SUP0441,Product 1567,Laminate,22518,28206,Discontinued
PRD01568,CAT034,SUP0021,Product 1568,Laminate,18595,20876,active
PRD01569,CAT026,SUP0220,Product 1569,Laminate,20500,23510,Discontinued
PRD01570,CAT017,SUP0394,Product 1570,Steel,35389,49230,Discontinued
PRD01571,CAT007,SUP0313,Product 1571,Glass,38401,40890,active
PRD01572,CAT004,SUP0184,Product 1572,Wood,19720,29516,Discontinued
PRD01573,CAT017,SUP0257,Product 1573,Steel,33744,39822,Active
PRD01574,CAT016,SUP0209,Product 1574,Marble,29560,35218,active
PRD01575,CAT015,SUP0398,Product 1575,Laminate,34348,47575,active
PRD01576,CAT034,SUP0079,Product 1576,Steel,12803,27230,Discontinued
PRD01577,CAT008,SUP0057,Product 1577,Glass,9263,10702,active
PRD01578,CAT005,SUP0302,Product 1578,Laminate,27008,33711,Active
PRD01579,CAT034,SUP0061,Product 1579,Plywood,34760,41610,active
PRD01580,CAT020,SUP0151,Product 1580,Steel,37724,44648,active
PRD01581,CAT029,SUP0430,Product 1581,Steel,48044,57312,Active
PRD01582,CAT039,SUP0204,Product 1582,Marble,47206,48106,Discontinued
PRD01583,CAT028,SUP0325,Product 1583,Glass,21503,28189,Active
PRD01584,CAT029,SUP0301,Product 1584,Steel,6809,8623,active
PRD01585,CAT028,SUP0294,Product 1585,Glass,36794,38373,active
PRD01586,CAT011,SUP0039,Product 1586,Steel,47543,48315,Discontinued
PRD01587,CAT034,SUP0015,Product 1587,Glass,11828,14062,active
PRD01588,CAT009,SUP0003,Product 1588,Wood,22036,36570,active
PRD01589,CAT004,SUP0494,Product 1589,Laminate,22380,37317,Discontinued
PRD01590,CAT009,SUP0299,Product 1590,Glass,12952,26573,Active
PRD01591,CAT014,SUP0100,Product 1591,Plywood,1858,11148,active
PRD01592,CAT014,SUP0221,Product 1592,Laminate,8348,16789,active
PRD01593,CAT012,SUP0359,Product 1593,Laminate,41864,49419,active
PRD01594,CAT031,SUP0449,Product 1594,Wood,1108,7946,Discontinued
PRD01595,CAT035,SUP0227, Product 1595,Plywood,30547,34867,Active
PRD01596,CAT035,SUP0283,Product 1596,Steel,21103,22602,Discontinued
PRD01597,CAT002,SUP0325,Product 1597,Glass,48596,62620,Discontinued
PRD01598,CAT025,SUP0199,Product 1598,Glass,46748,58192,Active
PRD01599,CAT040,SUP0474,Product 1599,Steel,46583,56076,Active
PRD01600,CAT010,SUP0281,Product 1600,Glass,41619,48796,Discontinued
PRD01601,CAT001,SUP0403,Product 1601,Wood,20267,23562,Discontinued
PRD01602,CAT005,SUP0371,Product 1602,Plywood,34886,40399,Discontinued
PRD01603,CAT015,SUP0176,Product 1603,Wood,5311,7523,Discontinued
PRD01604,CAT019,SUP0445,Product 1604,Wood,17615,19199,Active
PRD01605,CAT036,SUP0087,Product 1605,Laminate,33171,43485,Active
PRD01606,CAT016,SUP0020,Product 1606,Wood,9521,11910,active
PRD01607,CAT031,SUP0173,Product 1607,Marble,13384,18677,Discontinued
PRD01608,CAT012,SUP0273,Product 1608,Marble,31696,34915,Active
PRD01609,CAT028,SUP0475,Product 1609,Laminate,30077,34136,active
PRD01610,CAT017,SUP0094,Product 1610,Laminate,7347,9556,Discontinued
PRD01611,CAT003,SUP0197,Product 1611,Wood,7834,22152,active
PRD01612,CAT008,SUP0184,Product 1612,Laminate,21304,26922,Discontinued
PRD01613,CAT040,SUP0402,Product 1613,Glass,39452,49580,Discontinued
PRD01614,CAT011,SUP0242,Product 1614,Steel,13074,21563,Active
PRD01615,CAT013,SUP0038,Product 1615,Laminate,33577,39849,Active
PRD01616,CAT014,SUP0381,Product 1616,Glass,48694,51959,Discontinued
PRD01617,CAT038,SUP0206,Product 1617,Steel,27636,35943,Active
PRD01618,CAT027,SUP0007,Product 1618,Glass,3947,16706,active
PRD01619,CAT008,SUP0059,Product 1619,Wood,15334,23131,active
PRD01620,CAT014,SUP0120,Product 1620,Marble,10032,14605,Active
PRD01621,CAT006,SUP0407,Product 1621,Laminate,13036,19886,Active
PRD01622,CAT018,SUP0347,Product 1622,Laminate,35483,37509,Active
PRD01623,CAT005,SUP0424,Product 1623,Steel,23321,30073,active
PRD01624,CAT002,SUP0160,Product 1624,Wood,11074,21675,Discontinued
PRD01625,CAT026,SUP0451,Product 1625,Wood,46522,57568,Discontinued
PRD01626,CAT029,SUP0433,Product 1626,Glass,15697,25076,active
PRD01627,CAT038,SUP0485,Product 1627,Plywood,48908,58627,active
PRD01628,CAT016,SUP0119,Product 1628,Plywood,18650,24103,active
PRD01629,CAT028,SUP0364,Product 1629,Plywood,48677,51612,Active
PRD01630,CAT022,SUP0236,Product 1630,Plywood,18933,25278,active
PRD01631,CAT031,SUP0324,Product 1631,Marble,19772,26394,active
PRD01632,CAT024,SUP0075,Product 1632,Plywood,18718,30047,active
PRD01633,CAT015,SUP0393,Product 1633,Steel,33005,38421,Discontinued
PRD01634,CAT018,SUP0497,Product 1634,Steel,31082,34323,Active
PRD01635,CAT024,SUP0432,Product 1635,Glass,17884,28670,Discontinued
PRD01636,CAT014,SUP0361,Product 1636,Plywood,27806,30850,Discontinued
PRD01637,CAT027,SUP0216,Product 1637,Steel,22363,28486,Discontinued
PRD01638,CAT037,SUP0457,Product 1638,Steel,35327,49376,active
PRD01639,CAT006,SUP0136,Product 1639,Plywood,3922,10661,Discontinued
PRD01640,CAT018,SUP0039,Product 1640,Glass,5385,9094,active
PRD01641,CAT002,SUP0375,Product 1641,Marble,39868,49542,Active
PRD01642,CAT033,SUP0020,Product 1642,Glass,22934,26148,active
PRD01643,CAT014,SUP0149,Product 1643,Wood,18990,27308,Discontinued
PRD01644,CAT003,SUP0433,Product 1644,Laminate,10125,18832,Active
PRD01645,CAT002,SUP0268,Product 1645,Laminate,2776,16544,Discontinued
PRD01646,CAT039,SUP0293,Product 1646,Laminate,12624,19847,Active
PRD01647,CAT038,SUP0112,Product 1647,Laminate,37485,40859,active
PRD01648,CAT018,SUP0156,Product 1648,Glass,30546,34203,Discontinued
PRD01649,CAT026,SUP0365,Product 1649,Plywood,32269,42482,Discontinued
PRD01650,CAT003,SUP0056, Product 1650,Steel,28211,33595,active
PRD01651,CAT014,SUP0203,Product 1651,Glass,27009,32271,Discontinued
PRD01652,CAT028,SUP0053,Product 1652,Wood,48404,58089,active
PRD01653,CAT012,SUP0463,Product 1653,Wood,24801,28203,active
PRD01654,CAT037,SUP0288,Product 1654,Glass,30033,35387,Discontinued
PRD01655,CAT005,SUP0275,Product 1655,Laminate,6356,16356,Active
PRD01656,CAT010,SUP0074,Product 1656,Plywood,9802,23944,Active
PRD01657,CAT040,SUP0428,Product 1657,Wood,37255,44498,Active
PRD01658,CAT017,SUP0314,Product 1658,Steel,34981,35924,Discontinued
PRD01659,CAT026,SUP0386,Product 1659,Wood,47197,58201,Active
PRD01660,CAT039,SUP0254,Product 1660,Laminate,2956,3762,Active
PRD01661,CAT008,SUP0445,Product 1661,Laminate,23239,30447,Discontinued
PRD01662,CAT035,SUP0325,Product 1662,Steel,33822,46335,Discontinued
PRD01663,CAT017,SUP0094,Product 1663,Plywood,16772,23903,active
PRD01664,CAT039,SUP0302,Product 1664,Glass,8577,20919,Discontinued
PRD01665,CAT010,SUP0366,Product 1665,Marble,18385,33170,Discontinued
PRD01666,CAT039,SUP0422,Product 1666,Plywood,13065,15340,Active
PRD01667,CAT029,SUP0275,Product 1667,Glass,37622,50700,Discontinued
PRD01668,CAT033,SUP0181,Product 1668,Steel,28431,40756,active
PRD01669,CAT039,SUP0073,Product 1669,Wood,47502,50341,Active
PRD01670,CAT001,SUP0062,Product 1670,Glass,30179,32248,Discontinued
PRD01671,CAT013,SUP0459,Product 1671,Laminate,30210,35019,Discontinued
PRD01672,CAT022,SUP0284,Product 1672,Glass,17004,26270,active
PRD01673,CAT032,SUP0247,Product 1673,Laminate,3644,8208,Discontinued
PRD01674,CAT004,SUP0173,Product 1674,Laminate,17293,27842,active
PRD01675,CAT035,SUP0134,Product 1675,Glass,21526,24949,Discontinued
PRD01676,CAT027,SUP0048,Product 1676,Glass,34854,36592,active
PRD01677,CAT023,SUP0210,Product 1677,Marble,25794,30780,active
PRD01678,CAT035,SUP0005,Product 1678,Glass,36796,48749,Discontinued
PRD01679,CAT019,SUP0003,Product 1679,Steel,21145,23667,active
PRD01680,CAT012,SUP0468,Product 1680,Laminate,3900,10829,Active
PRD01681,CAT027,SUP0257,Product 1681,Steel,30955,38743,Discontinued
PRD01682,CAT036,SUP0222,Product 1682,Glass,10149,23075,active
PRD01683,CAT013,SUP0330,Product 1683,Wood,43888,56023,active
PRD01684,CAT023,SUP0071,Product 1684,Laminate,30219,36365,Discontinued
PRD01685,CAT022,SUP0071,Product 1685,Glass,13328,22396,Active
PRD01686,CAT016,SUP0162,Product 1686,Wood,30474,42439,Discontinued
PRD01687,CAT006,SUP0029,Product 1687,Steel,583,8264,active
PRD01688,CAT035,SUP0021,Product 1688,Marble,49886,56790,Active
PRD01689,CAT020,SUP0307,Product 1689,Marble,46018,55436,Active
PRD01690,CAT023,SUP0477,Product 1690,Marble,11180,20191,Discontinued
PRD01691,CAT013,SUP0321,Product 1691,Laminate,20676,29538,Discontinued
PRD01692,CAT037,SUP0281,Product 1692,Plywood,13037,26131,active
PRD01693,CAT029,SUP0368,Product 1693,Laminate,12887,13954,active
PRD01694,CAT004,SUP0439,Product 1694,Marble,24348,32642,Discontinued
PRD01695,CAT038,SUP0033,Product 1695,Steel,24256,29989,Active
PRD01696,CAT023,SUP0449,Product 1696,Steel,11191,23565,Discontinued
PRD01697,CAT017,SUP0479,Product 1697,Glass,26930,27688,Active
PRD01698,CAT032,SUP0291,Product 1698,Wood,34978,45875,Discontinued
PRD01699,CAT019,SUP0061,Product 1699,Marble,25955,34120,Discontinued
PRD01700,CAT008,SUP0174,Product 1700,Glass,6461,20713,Active
PRD01701,CAT020,SUP0143,Product 1701,Marble,13019,27491,Discontinued
PRD01702,CAT026,SUP0297,Product 1702,Glass,41002,52243,active
PRD01703,CAT021,SUP0241,Product 1703,Plywood,10540,16212,active
PRD01704,CAT019,SUP0154,Product 1704,Wood,39385,52844,active
PRD01705,CAT020,SUP0371, Product 1705,Plywood,1943,7205,Discontinued
PRD01706,CAT035,SUP0413,Product 1706,Marble,15795,23312,Active
PRD01707,CAT007,SUP0343,Product 1707,Laminate,35609,38016,Discontinued
PRD01708,CAT005,SUP0198,Product 1708,Wood,31666,45777,Active
PRD01709,CAT036,SUP0015,Product 1709,Wood,5575,6061,Active
PRD01710,CAT013,SUP0395,Product 1710,Glass,9379,14216,active
PRD01711,CAT027,SUP0255,Product 1711,Glass,20697,23929,Active
PRD01712,CAT024,SUP0262,Product 1712,Wood,28815,42061,Active
PRD01713,CAT010,SUP0253,Product 1713,Laminate,3396,16850,active
PRD01714,CAT021,SUP0013,Product 1714,Glass,16505,17274,Discontinued
PRD01715,CAT008,SUP0177,Product 1715,Laminate,49429,56455,Discontinued
PRD01716,CAT020,SUP0282,Product 1716,Plywood,7676,22207,Active
PRD01717,CAT028,SUP0040,Product 1717,Wood,1600,9123,Active
PRD01718,CAT036,SUP0457,Product 1718,Wood,44636,59076,active
PRD01719,CAT005,SUP0038,Product 1719,Steel,7558,20037,Active
PRD01720,CAT016,SUP0176,Product 1720,Steel,46621,58355,active
PRD01721,CAT008,SUP0063,Product 1721,Plywood,46170,46617,Discontinued
PRD01722,CAT007,SUP0029,Product 1722,Wood,37936,45684,Active
PRD01723,CAT039,SUP0172,Product 1723,Marble,39193,53838,Discontinued
PRD01724,CAT015,SUP0008,Product 1724,Laminate,39837,42582,Discontinued
PRD01725,CAT011,SUP0438,Product 1725,Wood,38696,44733,active
PRD01726,CAT031,SUP0346,Product 1726,Glass,30173,39207,Discontinued
PRD01727,CAT029,SUP0060,Product 1727,Plywood,22874,25552,active
PRD01728,CAT026,SUP0054,Product 1728,Plywood,29288,41350,Active
PRD01729,CAT031,SUP0426,Product 1729,Wood,38582,51376,active
PRD01730,CAT026,SUP0189,Product 1730,Steel,2913,11478,Active
PRD01731,CAT017,SUP0323,Product 1731,Plywood,12446,26998,active
PRD01732,CAT040,SUP0256,Product 1732,Steel,32015,41049,Discontinued
PRD01733,CAT018,SUP0237,Product 1733,Laminate,24535,38617,Active
PRD01734,CAT007,SUP0386,Product 1734,Steel,39179,47186,active
PRD01735,CAT021,SUP0082,Product 1735,Plywood,4937,15521,Discontinued
PRD01736,CAT001,SUP0207,Product 1736,Wood,41011,47661,Discontinued
PRD01737,CAT019,SUP0168,Product 1737,Marble,36104,45366,active
PRD01738,CAT037,SUP0382,Product 1738,Plywood,36386,39256,active
PRD01739,CAT017,SUP0268,Product 1739,Plywood,40250,51845,Active
PRD01740,CAT024,SUP0042,Product 1740,Marble,12773,14313,Discontinued
PRD01741,CAT025,SUP0065,Product 1741,Glass,2180,12103,active
PRD01742,CAT005,SUP0254,Product 1742,Laminate,19929,30406,Discontinued
PRD01743,CAT014,SUP0279,Product 1743,Marble,31582,43447,Discontinued
PRD01744,CAT031,SUP0055,Product 1744,Laminate,13101,18941,active
PRD01745,CAT034,SUP0307,Product 1745,Marble,10991,12696,Active
PRD01746,CAT015,SUP0330,Product 1746,Marble,24288,33037,Discontinued
PRD01747,CAT005,SUP0048,Product 1747,Glass,30242,39963,active
PRD01748,CAT012,SUP0183,Product 1748,Marble,25046,27849,Discontinued
PRD01749,CAT002,SUP0368,Product 1749,Wood,48001,56569,Discontinued
PRD01750,CAT005,SUP0199,Product 1750,Plywood,20513,21568,active
PRD01751,CAT036,SUP0295,Product 1751,Plywood,43169,48824,active
PRD01752,CAT015,SUP0337,Product 1752,Glass,13778,19154,Active
PRD01753,CAT004,SUP0245,Product 1753,Laminate,25237,36357,active
PRD01754,CAT030,SUP0304,Product 1754,Plywood,40849,55468,active
PRD01755,CAT020,SUP0175,Product 1755,Glass,33035,41214,Active
PRD01756,CAT039,SUP0275,Product 1756,Laminate,8814,11145,active
PRD01757,CAT016,SUP0420,Product 1757,Marble,33079,40742,Discontinued
PRD01758,CAT005,SUP0040,Product 1758,Wood,49844,55517,Active
PRD01759,CAT013,SUP0425,Product 1759,Laminate,44027,47895,active
PRD01760,CAT034,SUP0265, Product 1760,Glass,33178,41959,Discontinued
PRD01761,CAT031,SUP0338,Product 1761,Steel,25978,30272,Active
PRD01762,CAT024,SUP0439,Product 1762,Glass,7692,21243,Active
PRD01763,CAT018,SUP0154,Product 1763,Steel,8303,15629,Discontinued
PRD01764,CAT016,SUP0147,Product 1764,Laminate,30294,39912,Discontinued
PRD01765,CAT037,SUP0044,Product 1765,Wood,21498,25471,Discontinued
PRD01766,CAT039,SUP0332,Product 1766,Laminate,22995,25147,Active
PRD01767,CAT018,SUP0326,Product 1767,Plywood,27028,40659,active
PRD01768,CAT015,SUP0261,Product 1768,Laminate,44730,52834,Discontinued
PRD01769,CAT013,SUP0033,Product 1769,Plywood,47352,53319,Active
PRD01770,CAT026,SUP0031,Product 1770,Marble,42582,50035,Discontinued
PRD01771,CAT005,SUP0188,Product 1771,Laminate,18721,21191,Active
PRD01772,CAT033,SUP0190,Product 1772,Steel,18791,25058,Active
PRD01773,CAT039,SUP0066,Product 1773,Marble,8318,20538,Active
PRD01774,CAT029,SUP0068,Product 1774,Marble,7192,21666,active
PRD01775,CAT040,SUP0384,Product 1775,Laminate,22095,26352,Discontinued
PRD01776,CAT038,SUP0021,Product 1776,Steel,12977,15560,Discontinued
PRD01777,CAT011,SUP0129,Product 1777,Marble,14475,24558,Discontinued
PRD01778,CAT038,SUP0101,Product 1778,Plywood,5593,9737,active
PRD01779,CAT026,SUP0458,Product 1779,Wood,26700,37638,Discontinued
PRD01780,CAT019,SUP0040,Product 1780,Wood,24874,28244,Active
PRD01781,CAT034,SUP0142,Product 1781,Laminate,17863,28332,Discontinued
PRD01782,CAT013,SUP0163,Product 1782,Marble,36186,44845,active
PRD01783,CAT016,SUP0141,Product 1783,Wood,47974,62801,active
PRD01784,CAT008,SUP0214,Product 1784,Steel,998,11338,active
PRD01785,CAT028,SUP0230,Product 1785,Steel,36047,50495,active
PRD01786,CAT024,SUP0029,Product 1786,Wood,45679,52043,active
PRD01787,CAT033,SUP0272,Product 1787,Glass,12431,23717,active
PRD01788,CAT023,SUP0233,Product 1788,Glass,28269,31664,Active
PRD01789,CAT027,SUP0108,Product 1789,Wood,45568,50398,active
PRD01790,CAT009,SUP0203,Product 1790,Plywood,20341,27111,Discontinued
PRD01791,CAT026,SUP0101,Product 1791,Laminate,17333,23730,active
PRD01792,CAT036,SUP0113,Product 1792,Marble,6324,14038,Discontinued
PRD01793,CAT013,SUP0035,Product 1793,Glass,22224,32825,active
PRD01794,CAT013,SUP0488,Product 1794,Plywood,38889,44831,Active
PRD01795,CAT027,SUP0378,Product 1795,Laminate,16192,23884,Active
PRD01796,CAT033,SUP0328,Product 1796,Wood,17282,21635,Discontinued
PRD01797,CAT006,SUP0168,Product 1797,Wood,26393,33542,Discontinued
PRD01798,CAT011,SUP0255,Product 1798,Marble,38535,39735,Discontinued
PRD01799,CAT015,SUP0384,Product 1799,Laminate,43471,58092,active
PRD01800,CAT004,SUP0016,Product 1800,Steel,37085,44429,active
PRD01801,CAT040,SUP0134,Product 1801,Glass,5489,7364,Active
PRD01802,CAT013,SUP0225,Product 1802,Steel,17898,29242,Active
PRD01803,CAT034,SUP0042,Product 1803,Steel,16273,17306,active
PRD01804,CAT024,SUP0374,Product 1804,Laminate,44259,53532,Active
PRD01805,CAT009,SUP0145,Product 1805,Marble,17514,29187,active
PRD01806,CAT021,SUP0162,Product 1806,Steel,40340,42549,Discontinued
PRD01807,CAT007,SUP0129,Product 1807,Laminate,29056,32152,Discontinued
PRD01808,CAT039,SUP0271,Product 1808,Glass,30639,36297,active
PRD01809,CAT036,SUP0303,Product 1809,Glass,48460,60503,active
PRD01810,CAT024,SUP0456,Product 1810,Marble,16466,28893,active
PRD01811,CAT019,SUP0440,Product 1811,Plywood,26256,27445,Active
PRD01812,CAT037,SUP0071,Product 1812,Glass,12216,12592,Active
PRD01813,CAT019,SUP0455,Product 1813,Steel,27233,30126,Discontinued
PRD01814,CAT038,SUP0211,Product 1814,Plywood,14166,28172,active
PRD01815,CAT038,SUP0424, Product 1815,Steel,12347,21803,Active
PRD01816,CAT015,SUP0091,Product 1816,Steel,26588,31846,Discontinued
PRD01817,CAT024,SUP0179,Product 1817,Marble,40236,50656,Active
PRD01818,CAT014,SUP0438,Product 1818,Laminate,17296,30914,Active
PRD01819,CAT019,SUP0421,Product 1819,Laminate,26680,28284,active
PRD01820,CAT033,SUP0375,Product 1820,Glass,13390,20061,active
PRD01821,CAT034,SUP0172,Product 1821,Plywood,18802,31950,active
PRD01822,CAT034,SUP0195,Product 1822,Plywood,17781,27559,Discontinued
PRD01823,CAT034,SUP0432,Product 1823,Laminate,22898,23446,Active
PRD01824,CAT008,SUP0492,Product 1824,Wood,5779,8103,Active
PRD01825,CAT032,SUP0032,Product 1825,Laminate,47740,57437,active
PRD01826,CAT019,SUP0171,Product 1826,Plywood,15393,26958,Active
PRD01827,CAT035,SUP0045,Product 1827,Glass,22805,27227,active
PRD01828,CAT007,SUP0109,Product 1828,Plywood,13829,20278,Active
PRD01829,CAT006,SUP0390,Product 1829,Glass,15544,24992,Active
PRD01830,CAT016,SUP0070,Product 1830,Plywood,47670,54666,active
PRD01831,CAT009,SUP0395,Product 1831,Wood,2132,13293,Active
PRD01832,CAT022,SUP0197,Product 1832,Laminate,34060,41192,active
PRD01833,CAT008,SUP0292,Product 1833,Wood,9291,14319,Active
PRD01834,CAT014,SUP0209,Product 1834,Steel,9286,12138,Active
PRD01835,CAT026,SUP0087,Product 1835,Steel,9130,17532,active
PRD01836,CAT024,SUP0298,Product 1836,Glass,47986,55403,Discontinued
PRD01837,CAT028,SUP0402,Product 1837,Wood,44729,48218,Discontinued
PRD01838,CAT024,SUP0313,Product 1838,Marble,21925,28578,Active
PRD01839,CAT030,SUP0327,Product 1839,Wood,47465,62342,Discontinued
PRD01840,CAT023,SUP0215,Product 1840,Marble,32182,44681,Discontinued
PRD01841,CAT027,SUP0422,Product 1841,Plywood,38512,52077,active
PRD01842,CAT001,SUP0117,Product 1842,Marble,31537,32452,Discontinued
PRD01843,CAT021,SUP0202,Product 1843,Marble,17674,26775,active
PRD01844,CAT036,SUP0079,Product 1844,Plywood,41964,56441,active
PRD01845,CAT038,SUP0451,Product 1845,Laminate,32462,43105,active
PRD01846,CAT025,SUP0313,Product 1846,Marble,17350,22959,Active
PRD01847,CAT029,SUP0421,Product 1847,Laminate,21621,30686,Active
PRD01848,CAT002,SUP0212,Product 1848,Laminate,5598,13789,Discontinued
PRD01849,CAT003,SUP0106,Product 1849,Steel,20557,24946,Discontinued
PRD01850,CAT008,SUP0245,Product 1850,Plywood,12714,17875,Discontinued
PRD01851,CAT025,SUP0357,Product 1851,Marble,23680,28209,Discontinued
PRD01852,CAT010,SUP0332,Product 1852,Plywood,8349,22357,active
PRD01853,CAT040,SUP0409,Product 1853,Laminate,19664,23870,Active
PRD01854,CAT024,SUP0309,Product 1854,Steel,20891,27436,active
PRD01855,CAT015,SUP0456,Product 1855,Steel,7374,10430,Discontinued
PRD01856,CAT020,SUP0052,Product 1856,Marble,25522,37308,active
PRD01857,CAT008,SUP0427,Product 1857,Wood,4868,14898,Discontinued
PRD01858,CAT018,SUP0144,Product 1858,Steel,11987,17912,Discontinued
PRD01859,CAT018,SUP0172,Product 1859,Plywood,37249,48436,active
PRD01860,CAT037,SUP0332,Product 1860,Glass,35904,49590,active
PRD01861,CAT039,SUP0288,Product 1861,Laminate,38017,47651,Active
PRD01862,CAT002,SUP0201,Product 1862,Marble,14604,19615,active
PRD01863,CAT040,SUP0047,Product 1863,Glass,20129,26215,Active
PRD01864,CAT003,SUP0447,Product 1864,Laminate,41066,52996,active
PRD01865,CAT039,SUP0034,Product 1865,Plywood,37550,46093,active
PRD01866,CAT038,SUP0069,Product 1866,Steel,13156,17230,Discontinued
PRD01867,CAT004,SUP0274,Product 1867,Wood,41108,43561,Active
PRD01868,CAT016,SUP0431,Product 1868,Marble,28183,28820,Active
PRD01869,CAT028,SUP0478,Product 1869,Steel,16006,20339,Active
PRD01870,CAT012,SUP0298, Product 1870,Plywood,18906,33106,Active
PRD01871,CAT036,SUP0157,Product 1871,Laminate,7567,21462,Active
PRD01872,CAT002,SUP0217,Product 1872,Steel,25364,37396,Discontinued
PRD01873,CAT029,SUP0005,Product 1873,Marble,48956,58594,active
PRD01874,CAT006,SUP0173,Product 1874,Steel,48115,55330,active
PRD01875,CAT034,SUP0452,Product 1875,Marble,1286,9830,active
PRD01876,CAT024,SUP0255,Product 1876,Glass,47910,61901,Discontinued
PRD01877,CAT025,SUP0279,Product 1877,Wood,20554,28312,Active
PRD01878,CAT016,SUP0495,Product 1878,Plywood,27927,32520,Discontinued
PRD01879,CAT005,SUP0494,Product 1879,Steel,43791,46186,Active
PRD01880,CAT003,SUP0220,Product 1880,Laminate,26887,37420,Discontinued
PRD01881,CAT031,SUP0172,Product 1881,Laminate,16590,24992,Discontinued
PRD01882,CAT032,SUP0042,Product 1882,Laminate,39066,52585,Active
PRD01883,CAT029,SUP0285,Product 1883,Steel,47986,58714,Discontinued
PRD01884,CAT039,SUP0008,Product 1884,Laminate,14847,21061,Discontinued
PRD01885,CAT011,SUP0271,Product 1885,Plywood,2601,6637,Discontinued
PRD01886,CAT006,SUP0331,Product 1886,Steel,35012,43832,Discontinued
PRD01887,CAT006,SUP0102,Product 1887,Laminate,22388,23704,Discontinued
PRD01888,CAT002,SUP0487,Product 1888,Laminate,2825,12148,Discontinued
PRD01889,CAT022,SUP0289,Product 1889,Wood,31264,36047,Discontinued
PRD01890,CAT006,SUP0296,Product 1890,Glass,38442,45233,Discontinued
PRD01891,CAT038,SUP0212,Product 1891,Plywood,32540,47249,Discontinued
PRD01892,CAT007,SUP0303,Product 1892,Marble,15613,22620,Discontinued
PRD01893,CAT040,SUP0253,Product 1893,Wood,27958,38472,Active
PRD01894,CAT032,SUP0087,Product 1894,Glass,41186,42775,Active
PRD01895,CAT027,SUP0051,Product 1895,Marble,18880,30988,Discontinued
PRD01896,CAT036,SUP0402,Product 1896,Laminate,11921,20015,Discontinued
PRD01897,CAT009,SUP0090,Product 1897,Plywood,49334,56735,Discontinued
PRD01898,CAT017,SUP0006,Product 1898,Marble,49980,57348,Active
PRD01899,CAT032,SUP0382,Product 1899,Marble,20797,23534,active
PRD01900,CAT018,SUP0262,Product 1900,Marble,42364,49637,Active
PRD01901,CAT017,SUP0031,Product 1901,Glass,5561,14348,Active
PRD01902,CAT022,SUP0017,Product 1902,Steel,25777,28227,active
PRD01903,CAT020,SUP0320,Product 1903,Laminate,5704,13979,Discontinued
PRD01904,CAT038,SUP0029,Product 1904,Laminate,28546,41322,active
PRD01905,CAT027,SUP0002,Product 1905,Laminate,29949,36396,Active
PRD01906,CAT020,SUP0311,Product 1906,Steel,8921,11540,Discontinued
PRD01907,CAT032,SUP0144,Product 1907,Wood,8858,13173,Active
PRD01908,CAT014,SUP0408,Product 1908,Wood,10882,25668,Active
PRD01909,CAT004,SUP0435,Product 1909,Marble,7519,21026,active
PRD01910,CAT019,SUP0392,Product 1910,Laminate,24101,26337,active
PRD01911,CAT037,SUP0202,Product 1911,Laminate,32858,37409,Discontinued
PRD01912,CAT017,SUP0247,Product 1912,Laminate,33216,42723,active
PRD01913,CAT013,SUP0225,Product 1913,Glass,27009,41817,Active
PRD01914,CAT012,SUP0100,Product 1914,Marble,28375,37682,Active
PRD01915,CAT028,SUP0359,Product 1915,Laminate,17121,20791,active
PRD01916,CAT034,SUP0278,Product 1916,Glass,27817,38273,Discontinued
PRD01917,CAT012,SUP0432,Product 1917,Plywood,36067,43206,Discontinued
PRD01918,CAT020,SUP0330,Product 1918,Wood,17871,25924,Active
PRD01919,CAT032,SUP0362,Product 1919,Steel,5627,7431,active
PRD01920,CAT020,SUP0218,Product 1920,Laminate,26116,37617,Active
PRD01921,CAT039,SUP0447,Product 1921,Steel,38761,43241,active
PRD01922,CAT020,SUP0166,Product 1922,Wood,22477,23186,active
PRD01923,CAT009,SUP0216,Product 1923,Steel,6334,11276,active
PRD01924,CAT006,SUP0320,Product 1924,Plywood,32830,37158,Discontinued
PRD01925,CAT028,SUP0280, Product 1925,Steel,10567,14495,active
PRD01926,CAT035,SUP0445,Product 1926,Steel,49908,61738,Active
PRD01927,CAT034,SUP0049,Product 1927,Plywood,42727,46149,active
PRD01928,CAT014,SUP0225,Product 1928,Steel,1114,5133,Active
PRD01929,CAT029,SUP0386,Product 1929,Plywood,10933,22051,Discontinued
PRD01930,CAT026,SUP0145,Product 1930,Glass,28051,40494,Discontinued
PRD01931,CAT030,SUP0244,Product 1931,Glass,25945,36487,Active
PRD01932,CAT019,SUP0383,Product 1932,Laminate,34617,47026,active
PRD01933,CAT019,SUP0350,Product 1933,Plywood,21066,30625,Active
PRD01934,CAT015,SUP0107,Product 1934,Wood,6179,6966,Discontinued
PRD01935,CAT025,SUP0033,Product 1935,Marble,40026,51714,Active
PRD01936,CAT017,SUP0088,Product 1936,Marble,3208,15092,active
PRD01937,CAT029,SUP0261,Product 1937,Steel,43150,46325,Active
PRD01938,CAT008,SUP0437,Product 1938,Steel,5901,6949,Active
PRD01939,CAT015,SUP0421,Product 1939,Wood,7666,21625,Discontinued
PRD01940,CAT028,SUP0411,Product 1940,Glass,18578,27027,active
PRD01941,CAT023,SUP0011,Product 1941,Laminate,9350,18340,Discontinued
PRD01942,CAT027,SUP0235,Product 1942,Marble,17061,23925,active
PRD01943,CAT032,SUP0203,Product 1943,Glass,39760,44996,Discontinued
PRD01944,CAT002,SUP0311,Product 1944,Steel,26869,28982,active
PRD01945,CAT029,SUP0497,Product 1945,Steel,17717,24983,Active
PRD01946,CAT037,SUP0176,Product 1946,Marble,47278,59609,Discontinued
PRD01947,CAT008,SUP0194,Product 1947,Plywood,48464,54921,active
PRD01948,CAT019,SUP0054,Product 1948,Plywood,22425,24067,Discontinued
PRD01949,CAT019,SUP0163,Product 1949,Laminate,9082,10716,active
PRD01950,CAT032,SUP0455,Product 1950,Steel,31826,41902,Discontinued
PRD01951,CAT021,SUP0197,Product 1951,Plywood,28955,35111,active
PRD01952,CAT006,SUP0487,Product 1952,Plywood,23366,35109,active
PRD01953,CAT036,SUP0278,Product 1953,Wood,33446,44952,active
PRD01954,CAT008,SUP0171,Product 1954,Laminate,15368,25251,active
PRD01955,CAT032,SUP0337,Product 1955,Steel,25982,30471,Discontinued
PRD01956,CAT020,SUP0144,Product 1956,Plywood,18791,31640,Discontinued
PRD01957,CAT017,SUP0395,Product 1957,Glass,33515,35131,active
PRD01958,CAT009,SUP0058,Product 1958,Plywood,36935,48406,Active
PRD01959,CAT033,SUP0068,Product 1959,Wood,26221,30704,active
PRD01960,CAT011,SUP0036,Product 1960,Steel,38200,51260,active
PRD01961,CAT025,SUP0144,Product 1961,Marble,32612,46565,active
PRD01962,CAT001,SUP0481,Product 1962,Plywood,17267,20142,Active
PRD01963,CAT040,SUP0185,Product 1963,Laminate,15502,29492,Active
PRD01964,CAT040,SUP0175,Product 1964,Glass,38857,49439,active
PRD01965,CAT039,SUP0056,Product 1965,Glass,48669,49703,Active
PRD01966,CAT019,SUP0193,Product 1966,Steel,31096,44985,Discontinued
PRD01967,CAT039,SUP0124,Product 1967,Laminate,23398,32870,Discontinued
PRD01968,CAT027,SUP0105,Product 1968,Marble,29356,34841,Active
PRD01969,CAT014,SUP0388,Product 1969,Steel,32640,46285,active
PRD01970,CAT020,SUP0349,Product 1970,Steel,28958,35252,Discontinued
PRD01971,CAT002,SUP0019,Product 1971,Marble,48083,49199,Active
PRD01972,CAT004,SUP0048,Product 1972,Laminate,30893,39301,active
PRD01973,CAT010,SUP0474,Product 1973,Laminate,15947,28710,active
PRD01974,CAT007,SUP0436,Product 1974,Steel,26531,27649,active
PRD01975,CAT001,SUP0341,Product 1975,Laminate,555,11407,Active
PRD01976,CAT007,SUP0290,Product 1976,Glass,28314,42168,Active
PRD01977,CAT025,SUP0240,Product 1977,Steel,34223,40479,Active
PRD01978,CAT005,SUP0057,Product 1978,Wood,36392,50896,Discontinued
PRD01979,CAT019,SUP0251,Product 1979,Wood,20738,29572,Active
PRD01980,CAT003,SUP0217, Product 1980,Glass,6032,7711,Active
PRD01981,CAT011,SUP0376,Product 1981,Laminate,38068,47236,Active
PRD01982,CAT019,SUP0022,Product 1982,Steel,38731,45850,Discontinued
PRD01983,CAT007,SUP0340,Product 1983,Wood,49822,54418,Discontinued
PRD01984,CAT007,SUP0062,Product 1984,Steel,14107,26009,Active
PRD01985,CAT012,SUP0275,Product 1985,Steel,27842,28818,Discontinued
PRD01986,CAT017,SUP0436,Product 1986,Steel,43437,47697,active
PRD01987,CAT013,SUP0481,Product 1987,Laminate,6130,13272,Discontinued
PRD01988,CAT011,SUP0359,Product 1988,Glass,37219,42354,active
PRD01989,CAT033,SUP0175,Product 1989,Marble,4580,6387,Active
PRD01990,CAT015,SUP0166,Product 1990,Marble,10297,18761,active
PRD01991,CAT026,SUP0183,Product 1991,Wood,42682,54337,Active
PRD01992,CAT014,SUP0476,Product 1992,Wood,22790,26774,Active
PRD01993,CAT021,SUP0487,Product 1993,Plywood,16830,31735,Discontinued
PRD01994,CAT031,SUP0366,Product 1994,Laminate,29448,34322,Discontinued
PRD01995,CAT008,SUP0302,Product 1995,Laminate,43385,55028,Active
PRD01996,CAT008,SUP0062,Product 1996,Laminate,35335,40487,Discontinued
PRD01997,CAT026,SUP0414,Product 1997,Marble,6351,19555,Discontinued
PRD01998,CAT030,SUP0388,Product 1998,Glass,38057,43076,Active
PRD01999,CAT038,SUP0490,Product 1999,Glass,6098,7066,Active
PRD02000,CAT019,SUP0143,Product 2000,Marble,40979,43454,active
