project_id,customer_id,designer_id,city_id,project_type,start_date,completion_date,project_status,project_budget
PROJ00001,CUS003930,DES047,C067,Villa,2024-08-10,2025-02-27,Completed,3219005
PROJ00002,CUS001515,DES139,C148,Kitchen,2024-06-06,2025-05-10,Installation,726288
PROJ00003,CUS002127,DES123,C059,Office,2024-11-15,2025-10-21,Installation,3892900
PROJ00004,CUS003059,DES093,C074,3BHK,2024-10-26,2025-01-26,Design Phase,2070675
PROJ00005,CUS002764,DES064,C078,3BHK,2024-05-26,2025-01-18,Delayed,3676050
PROJ00006,CUS003331,DES122,C142,3BHK,2024-11-18,2025-10-08,Planning,3053849
PROJ00007,CUS002169,DES072,C044,Kitchen,2024-01-23,2025-05-01,Installation,4516302
PROJ00008,CUS002588,DES038,C154,Villa,2024-11-20,,Planning,4419848
PROJ00009,CUS003343,DES107,C040,Villa,2024-02-12,2025-05-23,Planning,2782295
PROJ00010,CUS004608,DES138,C008,Villa,2024-03-05,2025-03-27,completed,4422724
PROJ00011,CUS002467,DES005,C201,Office,2024-12-02,2025-10-21,Planning,4487044
PROJ00012,CUS000783,DES086,C205,Office,2024-07-19,2025-05-20,Design Phase,4060780
PROJ00013,CUS000003,DES123,C091,2BHK,2024-04-10,2025-07-14,completed,2958740
PROJ00014,CUS004297,DES122,C240,Villa,2024-02-03,,Design Phase,4995293
PROJ00015,CUS001832,DES101,C179,3BHK,2024-04-12,2025-02-07,completed,2372086
PROJ00016,CUS004555,DES134,C171,Office,2024-02-13,2025-11-18,completed,510383
PROJ00017,CUS000414,DES052,C056,Kitchen,2024-12-19,2025-12-18,Delayed,3148823
PROJ00018,CUS000505,DES028,C108,2BHK,2024-10-08,2025-07-09,Completed,734403
PROJ00019,CUS003064,DES058,C158,Kitchen,2024-10-02,,Completed,3853282
PROJ00020,CUS004858,DES023,C089,3BHK,2024-01-17,2025-03-16,Planning,1096488
PROJ00021,CUS002210,DES081,C018,Kitchen,2024-01-21,2025-02-20,Delayed,1610128
PROJ00022,CUS003116,DES092,C133,2BHK,2024-05-04,,Completed,1750335
PROJ00023,CUS001783,DES117,C177,Office,2024-04-28,2025-07-16,Completed,4575632
PROJ00024,CUS003411,DES134,C104,Villa,2024-06-13,2025-03-26,Completed,387395
PROJ00025,CUS002680,DES126,C058,2BHK,2024-04-08,2025-07-20,Installation,1389749
PROJ00026,CUS004118,DES008,C010,Villa,2024-01-16,2025-03-12,Design Phase,660913
PROJ00027,CUS003547,DES018,C030,3BHK,2024-05-27,,completed,2396802
PROJ00028,CUS002162,DES102,C212,2BHK,2024-05-23,2025-05-26,Installation,4701691
PROJ00029,CUS003256,DES044,C109,3BHK,2024-05-07,2025-02-19,Installation,3172417
PROJ00030,CUS003968,DES116,C099,Kitchen,13/06/2024,2025-07-19,completed,4103704
PROJ00031,CUS003966,DES027,C189,Kitchen,2024-07-07,2025-03-08,Completed,2068415
PROJ00032,CUS001489,DES075,C156,Kitchen,2024-01-01,2025-03-28,completed,701289
PROJ00033,CUS001996,DES101,C041,Kitchen,2024-02-22,2025-04-27,completed,1811264
PROJ00034,CUS003882,DES096,C120,Villa,2024-05-09,2025-04-12,Completed,1657984
PROJ00035,CUS003217,DES071,C174,Office,2024-11-10,2025-01-09,completed,1498942
PROJ00036,CUS004806,DES046,C001,Kitchen,2024-11-20,2025-11-22,Installation,4210505
PROJ00037,CUS000562,DES113,C211,Office,2024-06-24,2025-04-16,Delayed,1030213
PROJ00038,CUS000656,DES024,C217,Kitchen,2024-12-24,,Completed,3857649
PROJ00039,CUS000146,DES117,C172,Kitchen,2024-06-11,2025-06-27,Design Phase,1671803
PROJ00040,CUS004816,DES025,C160,Villa,2024-07-14,2025-01-10,Delayed,2350709
PROJ00041,CUS001372,DES067,C222,3BHK,2024-12-03,2025-01-15,Delayed,2865498
PROJ00042,CUS003884,DES126,C050,Office,2024-07-09,2025-07-07,Delayed,4489021
PROJ00043,CUS000378,DES103,C035,Kitchen,2024-01-10,2025-04-18,Delayed,2014979
PROJ00044,CUS004397,DES106,C031,Office,2024-04-16,2025-06-18,Delayed,4234061
PROJ00045,CUS001730,DES078,C090,2BHK,2024-01-11,2025-07-20,Planning,4187172
PROJ00046,CUS004385,DES090,C192,Office,2024-09-10,,Planning,2973974
PROJ00047,CUS000878,DES094,C144,2BHK,2024-10-04,2025-02-25,Design Phase,213316
PROJ00048,CUS000472,DES091,C169,Office,2024-09-04,2025-03-15,Design Phase,2956891
PROJ00049,CUS004603,DES105,C144,Office,2024-06-08,,Planning,1633927
PROJ00050,CUS002172,DES093,C049,3BHK,2024-02-13,2025-07-08,Design Phase,2098380
PROJ00051,CUS004639,DES145,C158,Kitchen,2024-08-10,2025-12-15,Completed,3874110
PROJ00052,CUS004863,DES018,C214,Villa,2024-09-07,2025-05-22,Delayed,3764109
PROJ00053,CUS000722,DES048,C175,Kitchen,2024-01-26,2025-10-07,Completed,1138235
PROJ00054,CUS002798,DES098,C086,Office,2024-01-09,2025-06-19,Installation,1773881
PROJ00055,CUS000343,DES083,C017,Office,2024-12-22,,Planning,2539428
PROJ00056,CUS000165,DES129,C069,2BHK,2024-09-17,2025-05-08,completed,1253860
PROJ00057,CUS002530,DES150,C128,Villa,2024-10-23,2025-08-01,Completed,811245
PROJ00058,CUS004075,DES147,C117,Office,2024-08-24,2025-05-27,completed,3323266
PROJ00059,CUS002392,DES103,C048,3BHK,2024-08-02,2025-05-06,Installation,4389332
PROJ00060,CUS003981,DES096,C090,Kitchen,22/08/2024,2025-05-11,Installation,3228019
PROJ00061,CUS000658,DES057,C111,2BHK,2024-04-04,2025-02-17,Planning,1377513
PROJ00062,CUS000809,DES121,C077,3BHK,2024-02-10,2025-03-20,Delayed,2956110
PROJ00063,CUS000603,DES030,C005,Kitchen,2024-08-04,2025-01-19,Installation,1743287
PROJ00064,CUS001107,DES146,C010,2BHK,2024-04-17,2025-05-22,Installation,3083525
PROJ00065,CUS003511,DES017,C161,Office,2024-01-14,2025-02-21,Delayed,3664233
PROJ00066,CUS004490,DES011,C048,Office,2024-02-03,2025-02-13,Design Phase,1706282
PROJ00067,CUS001951,DES041,C188,Villa,2024-10-13,2025-12-27,Design Phase,3632215
PROJ00068,CUS003767,DES067,C161,Kitchen,2024-05-21,2025-05-14,Design Phase,2878820
PROJ00069,CUS000101,DES034,C238,Office,2024-08-15,2025-09-20,Delayed,1313868
PROJ00070,CUS000498,DES009,C148,3BHK,2024-10-28,2025-07-18,Installation,2626936
PROJ00071,CUS001447,DES020,C158,3BHK,2024-10-04,2025-03-06,Delayed,3684651
PROJ00072,CUS004225,DES055,C219,Villa,2024-04-10,2025-04-14,Planning,3699468
PROJ00073,CUS002211,DES077,C188,2BHK,2024-09-20,2025-10-02,completed,1381130
PROJ00074,CUS004733,DES121,C190,Kitchen,2024-06-15,2025-05-08,Planning,4025282
PROJ00075,CUS004995,DES128,C157,Office,2024-07-26,2025-08-24,Design Phase,290540
PROJ00076,CUS001530,DES038,C031,Villa,2024-11-19,2025-08-22,Design Phase,2372716
PROJ00077,CUS004113,DES075,C240,2BHK,2024-02-18,2025-09-01,Installation,2455205
PROJ00078,CUS004727,DES051,C077,Villa,2024-09-22,2025-11-23,Planning,2973825
PROJ00079,CUS002211,DES111,C078,Kitchen,2024-11-17,2025-06-17,completed,325780
PROJ00080,CUS001090,DES021,C195,Office,2024-03-28,2025-04-27,Delayed,2694948
PROJ00081,CUS001969,DES004,C237,Villa,2024-02-07,2025-07-24,Installation,455748
PROJ00082,CUS004253,DES112,C242,Kitchen,2024-10-27,,Delayed,2020455
PROJ00083,CUS000276,DES137,C238,2BHK,2024-01-14,2025-05-21,Design Phase,4775356
PROJ00084,CUS000933,DES128,C233,Kitchen,2024-12-24,2025-11-06,Delayed,1596965
PROJ00085,CUS003929,DES097,C192,Kitchen,2024-03-21,,Installation,2038653
PROJ00086,CUS004292,DES010,C211,3BHK,2024-06-01,,Completed,4937743
PROJ00087,CUS001619,DES052,C238,Villa,2024-11-10,,Planning,2465601
PROJ00088,CUS000244,DES109,C113,Kitchen,2024-06-04,2025-09-14,Installation,4710017
PROJ00089,CUS003566,DES032,C206,Kitchen,2024-07-01,2025-11-12,Planning,1172674
PROJ00090,CUS004323,DES082,C051,Villa,11/06/2024,2025-03-14,Delayed,3923564
PROJ00091,CUS002976,DES073,C085,Office,2024-07-03,2025-04-06,Design Phase,4527662
PROJ00092,CUS004053,DES114,C002,Kitchen,2024-10-28,2025-05-23,completed,1700433
PROJ00093,CUS000992,DES071,C050,Kitchen,2024-06-28,2025-05-17,completed,3096909
PROJ00094,CUS001425,DES143,C185,3BHK,2024-07-22,2025-04-06,completed,4153091
PROJ00095,CUS000428,DES078,C015,3BHK,2024-05-23,2025-02-18,Delayed,2212444
PROJ00096,CUS001717,DES054,C013,Kitchen,2024-01-10,2025-06-05,Installation,1989665
PROJ00097,CUS002633,DES078,C085,3BHK,2024-12-25,2025-08-03,Installation,288231
PROJ00098,CUS000151,DES083,C140,3BHK,2024-07-08,2025-12-24,completed,2753002
PROJ00099,CUS004376,DES054,C142,2BHK,2024-01-15,2025-02-19,Planning,4885010
PROJ00100,CUS001990,DES119,C163,3BHK,2024-05-12,2025-09-22,Installation,2630369
PROJ00101,CUS004116,DES001,C228,Kitchen,2024-12-10,,Delayed,3186033
PROJ00102,CUS003074,DES117,C058,Kitchen,2024-08-13,2025-02-02,Completed,4702418
PROJ00103,CUS002859,DES024,C190,Villa,2024-02-10,2025-07-05,Delayed,3620311
PROJ00104,CUS004293,DES064,C133,Villa,2024-10-01,,Design Phase,2980300
PROJ00105,CUS004309,DES097,C229,Office,2024-01-13,2025-12-17,completed,1444604
PROJ00106,CUS004553,DES060,C058,3BHK,2024-01-27,2025-09-05,completed,1742276
PROJ00107,CUS002315,DES058,C101,2BHK,2024-04-21,2025-11-08,Completed,4866765
PROJ00108,CUS004715,DES086,C186,Office,2024-10-11,,Planning,3221704
PROJ00109,CUS004811,DES088,C209,3BHK,2024-05-07,2025-11-22,Design Phase,2075488
PROJ00110,CUS001428,DES138,C031,Villa,2024-07-04,2025-05-04,Installation,2669531
PROJ00111,CUS004420,DES069,C044,2BHK,2024-01-05,2025-07-20,Delayed,1249767
PROJ00112,CUS001689,DES071,C025,3BHK,2024-05-09,2025-03-16,Planning,2837638
PROJ00113,CUS004230,DES106,C197,Kitchen,2024-11-27,,Delayed,3196371
PROJ00114,CUS004028,DES074,C017,2BHK,2024-11-22,2025-03-16,Delayed,3164933
PROJ00115,CUS003677,DES122,C244,3BHK,2024-05-03,,Planning,1752559
PROJ00116,CUS001192,DES039,C224,Office,2024-11-08,2025-02-04,Delayed,1056244
PROJ00117,CUS001073,DES003,C143,3BHK,2024-12-10,2025-05-16,Delayed,1174621
PROJ00118,CUS000284,DES035,C200,Office,2024-01-10,2025-07-24,Delayed,1346755
PROJ00119,CUS003067,DES089,C240,Villa,2024-12-25,2025-04-09,completed,1061769
PROJ00120,CUS001335,DES021,C213,Villa,27/06/2024,2025-07-11,Planning,1199627
PROJ00121,CUS001636,DES061,C227,2BHK,2024-02-15,2025-06-16,Delayed,1922635
PROJ00122,CUS001762,DES076,C041,Office,2024-01-16,2025-06-12,Planning,1261559
PROJ00123,CUS000364,DES005,C248,2BHK,2024-06-25,2025-02-14,Delayed,4843187
PROJ00124,CUS004210,DES083,C035,Kitchen,2024-04-27,2025-02-15,Completed,826317
PROJ00125,CUS004616,DES014,C211,Office,2024-06-08,2025-04-08,completed,3205138
PROJ00126,CUS002741,DES039,C115,Villa,2024-03-17,2025-08-19,Completed,2277726
PROJ00127,CUS003628,DES087,C161,3BHK,2024-11-27,,completed,2543947
PROJ00128,CUS003285,DES013,C186,Villa,2024-04-28,,Design Phase,1604888
PROJ00129,CUS001609,DES003,C120,3BHK,2024-02-26,,completed,688184
PROJ00130,CUS004252,DES035,C063,3BHK,2024-09-05,2025-10-17,Planning,440372
PROJ00131,CUS004559,DES098,C049,Office,2024-10-14,2025-08-06,completed,2323235
PROJ00132,CUS002337,DES006,C167,Villa,2024-04-01,,Design Phase,1605127
PROJ00133,CUS002618,DES003,C228,Villa,2024-11-05,,Installation,3133477
PROJ00134,CUS001453,DES010,C190,3BHK,2024-04-20,,Installation,3773413
PROJ00135,CUS001636,DES136,C167,Kitchen,2024-05-02,2025-09-04,Delayed,419156
PROJ00136,CUS003501,DES114,C047,Villa,2024-04-06,2025-10-06,completed,1041887
PROJ00137,CUS000856,DES063,C170,3BHK,2024-04-28,2025-07-12,Delayed,1159207
PROJ00138,CUS002130,DES011,C037,2BHK,2024-01-04,2025-07-28,Completed,971998
PROJ00139,CUS004726,DES041,C222,3BHK,2024-12-07,2025-11-05,Delayed,3798095
PROJ00140,CUS002005,DES051,C231,Office,2024-04-10,2025-06-17,Delayed,1730278
PROJ00141,CUS003195,DES120,C236,Office,2024-08-07,2025-07-07,Completed,765877
PROJ00142,CUS003920,DES016,C073,2BHK,2024-05-06,2025-07-18,Design Phase,4539153
PROJ00143,CUS004995,DES142,C157,Villa,2024-08-09,2025-03-15,Planning,3263907
PROJ00144,CUS001184,DES101,C136,Kitchen,2024-07-02,,completed,2682530
PROJ00145,CUS002222,DES116,C156,Villa,2024-04-16,2025-10-26,Design Phase,1692953
PROJ00146,CUS004586,DES145,C231,3BHK,2024-09-27,2025-10-06,Delayed,2635900
PROJ00147,CUS003224,DES136,C237,2BHK,2024-05-25,,Delayed,1046817
PROJ00148,CUS004831,DES096,C041,3BHK,2024-03-04,2025-12-07,Completed,1806368
PROJ00149,CUS002936,DES015,C020,3BHK,2024-12-10,2025-06-13,Installation,4976469
PROJ00150,CUS001449,DES145,C206,3BHK,23/07/2024,,Installation,2406302
PROJ00151,CUS004907,DES149,C136,3BHK,2024-03-18,2025-12-11,Completed,1189729
PROJ00152,CUS002938,DES032,C149,Kitchen,2024-05-17,,Planning,3697721
PROJ00153,CUS002579,DES087,C017,Kitchen,2024-11-07,,completed,1268165
PROJ00154,CUS002590,DES061,C202,Kitchen,2024-12-09,2025-05-17,Design Phase,3638943
PROJ00155,CUS002844,DES036,C102,2BHK,2024-05-12,,Installation,3600576
PROJ00156,CUS000062,DES022,C062,Office,2024-09-12,2025-05-19,Planning,1142403
PROJ00157,CUS004144,DES064,C034,2BHK,2024-11-19,,Installation,1092026
PROJ00158,CUS001304,DES125,C019,Villa,2024-05-20,2025-12-06,Delayed,985568
PROJ00159,CUS003040,DES126,C007,Office,2024-06-06,2025-05-21,Planning,4385543
PROJ00160,CUS004447,DES087,C021,3BHK,2024-02-18,,Design Phase,3848811
PROJ00161,CUS001072,DES066,C225,3BHK,2024-04-12,2025-02-01,Planning,3899443
PROJ00162,CUS002021,DES134,C203,2BHK,2024-01-09,2025-03-04,Completed,4324379
PROJ00163,CUS000304,DES132,C085,Villa,2024-02-06,2025-07-10,Completed,3114935
PROJ00164,CUS001193,DES116,C182,Office,2024-07-18,2025-10-01,Delayed,1712662
PROJ00165,CUS001445,DES127,C138,Kitchen,2024-10-10,2025-02-13,Installation,2706460
PROJ00166,CUS002020,DES029,C194,Office,2024-11-16,2025-07-03,Installation,556447
PROJ00167,CUS004097,DES015,C072,2BHK,2024-09-11,2025-09-25,Design Phase,1594629
PROJ00168,CUS001991,DES003,C054,Villa,2024-11-19,2025-06-09,Completed,3472999
PROJ00169,CUS003940,DES123,C011,Villa,2024-01-03,,Installation,2689990
PROJ00170,CUS003857,DES129,C097,Office,2024-03-07,2025-12-27,Installation,1863477
PROJ00171,CUS001414,DES051,C128,Office,2024-02-25,2025-09-28,Design Phase,4785901
PROJ00172,CUS002637,DES104,C091,3BHK,2024-04-25,2025-10-20,completed,1270807
PROJ00173,CUS003228,DES129,C160,3BHK,2024-02-06,2025-12-19,Delayed,671318
PROJ00174,CUS002870,DES145,C037,Office,2024-07-17,2025-06-12,Planning,929773
PROJ00175,CUS002592,DES085,C100,Villa,2024-11-22,2025-02-02,completed,4477101
PROJ00176,CUS004422,DES045,C132,Villa,2024-10-24,2025-04-20,Completed,3552273
PROJ00177,CUS000521,DES052,C247,Villa,2024-10-23,2025-07-22,Installation,1076776
PROJ00178,CUS004568,DES102,C180,Kitchen,2024-08-22,2025-02-08,completed,2492080
PROJ00179,CUS000715,DES033,C055,2BHK,2024-05-12,2025-05-05,completed,3102377
PROJ00180,CUS000731,DES141,C206,Office,23/10/2024,2025-02-15,Design Phase,4367176
PROJ00181,CUS003327,DES102,C077,3BHK,2024-06-21,2025-04-02,Planning,584333
PROJ00182,CUS003957,DES146,C095,Kitchen,2024-09-02,2025-09-20,Installation,2009544
PROJ00183,CUS004985,DES116,C121,Office,2024-03-03,2025-04-11,Design Phase,582278
PROJ00184,CUS000583,DES038,C079,Villa,2024-02-03,2025-02-05,completed,3859719
PROJ00185,CUS003448,DES022,C225,3BHK,2024-01-21,2025-02-24,Delayed,4561128
PROJ00186,CUS004876,DES041,C246,3BHK,2024-05-12,2025-04-21,Completed,2994255
PROJ00187,CUS002674,DES090,C066,Office,2024-02-09,2025-10-03,Installation,1124262
PROJ00188,CUS001331,DES020,C117,Kitchen,2024-05-14,2025-05-28,completed,4770958
PROJ00189,CUS004912,DES048,C109,Kitchen,2024-08-28,2025-05-17,Installation,4996034
PROJ00190,CUS003406,DES027,C132,3BHK,2024-05-14,2025-02-28,Completed,4476336
PROJ00191,CUS001601,DES019,C204,Villa,2024-06-15,,completed,1651135
PROJ00192,CUS003862,DES052,C176,Office,2024-08-05,,Design Phase,1984185
PROJ00193,CUS002046,DES043,C136,Villa,2024-12-07,2025-03-23,Delayed,3191677
PROJ00194,CUS003715,DES093,C147,3BHK,2024-01-24,2025-09-28,Installation,2883438
PROJ00195,CUS003035,DES045,C073,2BHK,2024-03-04,2025-11-22,Delayed,365993
PROJ00196,CUS001240,DES066,C050,Villa,2024-01-20,2025-06-23,Completed,230682
PROJ00197,CUS002764,DES124,C206,3BHK,2024-11-21,,Installation,2770488
PROJ00198,CUS000187,DES132,C194,Villa,2024-08-06,2025-09-09,Delayed,4932412
PROJ00199,CUS004642,DES105,C185,Villa,2024-04-28,2025-07-16,Design Phase,4675483
PROJ00200,CUS004158,DES109,C097,Office,2024-02-08,2025-02-22,Completed,2232417
PROJ00201,CUS001020,DES131,C204,Villa,2024-12-08,,Design Phase,2460594
PROJ00202,CUS001967,DES026,C019,2BHK,2024-12-10,,Design Phase,3877966
PROJ00203,CUS004874,DES003,C002,Office,2024-09-23,2025-09-20,Completed,228522
PROJ00204,CUS004894,DES008,C234,Office,2024-10-04,2025-08-23,Installation,3047625
PROJ00205,CUS000702,DES073,C008,Office,2024-02-04,2025-10-20,completed,1609132
PROJ00206,CUS001734,DES124,C119,Kitchen,2024-03-19,2025-08-13,Planning,3397244
PROJ00207,CUS002644,DES062,C069,2BHK,2024-07-16,2025-02-02,Installation,3608307
PROJ00208,CUS002305,DES079,C194,Villa,2024-02-16,,Design Phase,4109392
PROJ00209,CUS001472,DES011,C078,Office,2024-06-24,,Delayed,1820848
PROJ00210,CUS000398,DES010,C123,2BHK,02/04/2024,,completed,4126944
PROJ00211,CUS003386,DES055,C044,Kitchen,2024-09-01,,completed,818732
PROJ00212,CUS002296,DES096,C245,3BHK,2024-07-23,2025-05-26,completed,378489
PROJ00213,CUS001648,DES116,C091,Office,2024-05-05,2025-07-23,Completed,4784855
PROJ00214,CUS002804,DES016,C126,3BHK,2024-02-28,2025-10-08,Delayed,1965455
PROJ00215,CUS000180,DES075,C006,Kitchen,2024-12-11,,completed,4498089
PROJ00216,CUS004232,DES024,C105,Office,2024-09-21,2025-12-06,Delayed,3460228
PROJ00217,CUS001635,DES099,C189,Office,2024-06-03,2025-07-15,Planning,3632273
PROJ00218,CUS002205,DES083,C007,Office,2024-02-12,2025-06-01,Completed,1999729
PROJ00219,CUS002847,DES137,C215,3BHK,2024-05-28,,Installation,4230026
PROJ00220,CUS003343,DES005,C230,3BHK,2024-08-04,2025-08-14,Planning,3091715
PROJ00221,CUS004982,DES023,C074,2BHK,2024-05-26,2025-05-13,Completed,2069003
PROJ00222,CUS000827,DES032,C243,3BHK,2024-02-26,2025-11-11,Design Phase,2229354
PROJ00223,CUS002107,DES100,C204,2BHK,2024-02-20,2025-05-13,Design Phase,1794733
PROJ00224,CUS004815,DES119,C154,Kitchen,2024-10-27,2025-09-05,Delayed,725014
PROJ00225,CUS002597,DES115,C192,Villa,2024-10-17,2025-04-08,Design Phase,314642
PROJ00226,CUS003462,DES116,C034,Kitchen,2024-03-03,2025-08-18,Installation,1823366
PROJ00227,CUS000180,DES016,C108,Villa,2024-03-11,2025-12-11,completed,4335537
PROJ00228,CUS002295,DES107,C096,Villa,2024-03-12,,Delayed,3861645
PROJ00229,CUS004242,DES147,C070,Villa,2024-12-19,2025-02-28,Delayed,1955924
PROJ00230,CUS004294,DES051,C210,Kitchen,2024-06-25,,completed,2293012
PROJ00231,CUS000407,DES004,C164,Kitchen,2024-05-12,2025-01-25,Completed,397259
PROJ00232,CUS002953,DES127,C200,Kitchen,2024-08-07,2025-02-10,Design Phase,1015034
PROJ00233,CUS002075,DES037,C199,Villa,2024-08-15,2025-08-26,Design Phase,496508
PROJ00234,CUS000657,DES116,C024,Kitchen,2024-03-16,2025-04-13,Design Phase,4066836
PROJ00235,CUS000591,DES146,C199,Villa,2024-08-28,2025-06-25,completed,2260444
PROJ00236,CUS001686,DES093,C121,Kitchen,2024-03-20,2025-11-13,Delayed,3558709
PROJ00237,CUS002152,DES042,C250,2BHK,2024-05-28,2025-02-01,Planning,4143818
PROJ00238,CUS001994,DES004,C151,Villa,2024-10-07,2025-07-16,Installation,561595
PROJ00239,CUS004186,DES098,C004,3BHK,2024-08-25,2025-04-07,Planning,329524
PROJ00240,CUS000956,DES104,C205,Villa,08/05/2024,2025-04-10,Delayed,2996477
PROJ00241,CUS001732,DES103,C117,Villa,2024-05-07,2025-10-18,Installation,2412629
PROJ00242,CUS004908,DES083,C134,2BHK,2024-05-26,2025-05-21,Delayed,4563507
PROJ00243,CUS001426,DES034,C148,Villa,2024-10-24,2025-07-20,Delayed,3416848
PROJ00244,CUS001304,DES050,C155,Kitchen,2024-04-16,2025-03-21,Planning,996857
PROJ00245,CUS003677,DES095,C178,3BHK,2024-05-04,2025-09-13,Delayed,898697
PROJ00246,CUS004910,DES080,C091,Office,2024-05-09,,Design Phase,1259748
PROJ00247,CUS001053,DES116,C028,2BHK,2024-12-10,2025-05-24,Installation,3816958
PROJ00248,CUS004582,DES137,C132,Kitchen,2024-01-26,2025-04-17,Design Phase,3013928
PROJ00249,CUS002755,DES120,C173,Office,2024-07-11,2025-04-14,Design Phase,3954296
PROJ00250,CUS000205,DES094,C149,Kitchen,2024-04-03,2025-04-26,Installation,1035113
PROJ00251,CUS003661,DES037,C033,2BHK,2024-11-22,2025-01-06,Design Phase,4345987
PROJ00252,CUS002488,DES057,C212,Kitchen,2024-06-27,2025-10-19,Completed,2113030
PROJ00253,CUS000027,DES082,C028,Office,2024-01-21,2025-01-27,Delayed,1881884
PROJ00254,CUS002378,DES109,C053,Villa,2024-04-18,2025-02-04,Installation,2673065
PROJ00255,CUS001067,DES050,C141,Office,2024-02-09,2025-12-09,Delayed,4415401
PROJ00256,CUS003679,DES127,C198,2BHK,2024-05-25,2025-10-05,Delayed,1208957
PROJ00257,CUS001432,DES123,C092,Office,2024-12-19,2025-02-04,Installation,1386418
PROJ00258,CUS001817,DES085,C219,Villa,2024-12-02,2025-08-04,Design Phase,2755150
PROJ00259,CUS004908,DES144,C012,3BHK,2024-06-22,2025-08-24,Delayed,573110
PROJ00260,CUS003177,DES108,C070,3BHK,2024-01-06,2025-05-15,Design Phase,2136777
PROJ00261,CUS001943,DES065,C225,Office,2024-02-10,2025-03-19,Design Phase,920129
PROJ00262,CUS004337,DES049,C100,Office,2024-09-04,2025-04-17,Delayed,1291950
PROJ00263,CUS002094,DES043,C090,Kitchen,2024-11-18,2025-09-18,Completed,3544745
PROJ00264,CUS000736,DES049,C189,3BHK,2024-10-15,2025-02-11,Design Phase,728294
PROJ00265,CUS000051,DES141,C090,Villa,2024-04-12,2025-04-03,Installation,901325
PROJ00266,CUS001353,DES045,C021,Office,2024-02-14,2025-07-23,Completed,1397393
PROJ00267,CUS001083,DES030,C004,2BHK,2024-12-06,2025-03-23,Delayed,2368367
PROJ00268,CUS002565,DES020,C062,Villa,2024-02-09,2025-05-11,completed,4026036
PROJ00269,CUS000330,DES045,C149,Villa,2024-03-16,2025-11-26,Delayed,821770
PROJ00270,CUS001842,DES013,C185,Office,20/09/2024,2025-11-03,Design Phase,1492132
PROJ00271,CUS003081,DES146,C109,3BHK,2024-01-10,,completed,532255
PROJ00272,CUS003624,DES011,C165,Kitchen,2024-01-21,,completed,2845903
PROJ00273,CUS001823,DES103,C121,Office,2024-04-13,2025-08-22,Delayed,4744556
PROJ00274,CUS000231,DES035,C034,Office,2024-09-11,,Planning,4903685
PROJ00275,CUS001563,DES134,C045,Kitchen,2024-11-10,2025-06-24,Delayed,3290091
PROJ00276,CUS001955,DES142,C105,Kitchen,2024-08-23,,Delayed,2385793
PROJ00277,CUS004272,DES070,C053,Kitchen,2024-10-21,2025-11-05,Design Phase,4749534
PROJ00278,CUS004415,DES122,C094,Office,2024-12-12,,Installation,3536646
PROJ00279,CUS001365,DES006,C242,2BHK,2024-08-27,2025-05-22,Planning,2606516
PROJ00280,CUS004340,DES125,C237,2BHK,2024-08-05,,Delayed,2399693
PROJ00281,CUS000033,DES118,C177,3BHK,2024-02-23,2025-07-16,Planning,2616643
PROJ00282,CUS004746,DES009,C202,3BHK,2024-12-11,2025-12-28,Planning,3264978
PROJ00283,CUS004590,DES066,C093,Kitchen,2024-04-04,2025-11-25,Completed,1529198
PROJ00284,CUS001363,DES023,C113,3BHK,2024-11-10,2025-04-20,Delayed,4895583
PROJ00285,CUS001584,DES035,C156,2BHK,2024-04-18,2025-02-02,Completed,4021482
PROJ00286,CUS003234,DES008,C064,2BHK,2024-05-21,2025-03-19,Design Phase,1083154
PROJ00287,CUS000910,DES028,C151,Kitchen,2024-10-13,2025-05-19,Design Phase,1386896
PROJ00288,CUS001443,DES110,C177,Villa,2024-06-04,2025-02-09,Delayed,892160
PROJ00289,CUS001869,DES142,C138,2BHK,2024-04-03,2025-10-24,Installation,1419425
PROJ00290,CUS001970,DES025,C237,Kitchen,2024-07-21,2025-09-16,completed,867906
PROJ00291,CUS002010,DES030,C131,Office,2024-06-05,,completed,1406178
PROJ00292,CUS002332,DES005,C024,2BHK,2024-01-11,,Delayed,3858747
PROJ00293,CUS003434,DES124,C235,2BHK,2024-01-05,2025-07-14,Completed,2515013
PROJ00294,CUS003786,DES025,C115,2BHK,2024-06-05,,Completed,270329
PROJ00295,CUS004204,DES065,C150,3BHK,2024-07-08,2025-12-18,completed,3421314
PROJ00296,CUS004045,DES031,C068,2BHK,2024-11-25,2025-12-19,Completed,1647961
PROJ00297,CUS000713,DES064,C217,2BHK,2024-06-10,2025-01-15,Delayed,3528590
PROJ00298,CUS003434,DES042,C141,Office,2024-02-22,,Design Phase,2883405
PROJ00299,CUS001125,DES117,C104,3BHK,2024-07-22,2025-05-23,Installation,4657924
PROJ00300,CUS000214,DES053,C096,3BHK,25/07/2024,,completed,1344573
PROJ00301,CUS002086,DES117,C243,Villa,2024-04-14,,Delayed,3133345
PROJ00302,CUS004009,DES069,C087,Office,2024-07-08,2025-08-28,completed,4465342
PROJ00303,CUS001503,DES135,C216,3BHK,2024-11-11,2025-06-23,Installation,1117353
PROJ00304,CUS003782,DES117,C238,3BHK,2024-02-09,2025-06-04,Design Phase,2907495
PROJ00305,CUS001665,DES150,C144,Villa,2024-08-02,,Delayed,4787584
PROJ00306,CUS003485,DES039,C020,Kitchen,2024-05-20,2025-09-06,Delayed,4795503
PROJ00307,CUS003630,DES114,C069,Office,2024-07-07,2025-08-16,Installation,1474552
PROJ00308,CUS002168,DES005,C146,3BHK,2024-11-10,2025-08-27,completed,3779312
PROJ00309,CUS003624,DES121,C027,Office,2024-05-24,2025-10-24,Planning,2157649
PROJ00310,CUS001907,DES025,C245,Villa,2024-01-06,,completed,3627584
PROJ00311,CUS001315,DES122,C110,2BHK,2024-10-04,2025-08-19,Design Phase,4786301
PROJ00312,CUS001535,DES039,C182,Office,2024-07-10,2025-12-11,Installation,470173
PROJ00313,CUS000295,DES037,C064,2BHK,2024-03-01,,Completed,243219
PROJ00314,CUS004873,DES092,C081,Office,2024-03-05,2025-02-08,Completed,3493868
PROJ00315,CUS002803,DES050,C229,2BHK,2024-07-04,2025-05-26,Installation,3853882
PROJ00316,CUS000743,DES143,C116,Office,2024-12-15,2025-01-20,Completed,2723978
PROJ00317,CUS003613,DES072,C104,Kitchen,2024-07-06,2025-07-15,Delayed,3558723
PROJ00318,CUS003395,DES111,C087,Office,2024-12-17,2025-11-09,completed,4561488
PROJ00319,CUS003617,DES052,C088,3BHK,2024-12-10,2025-05-16,completed,600322
PROJ00320,CUS003105,DES099,C143,2BHK,2024-01-20,2025-02-14,Installation,1068834
PROJ00321,CUS004291,DES090,C101,Villa,2024-03-13,,completed,3627736
PROJ00322,CUS003931,DES144,C076,2BHK,2024-05-04,2025-02-20,Completed,2242196
PROJ00323,CUS000856,DES069,C051,Kitchen,2024-05-25,2025-05-06,Design Phase,4242304
PROJ00324,CUS004874,DES105,C139,Villa,2024-09-10,2025-06-24,Design Phase,1895940
PROJ00325,CUS003729,DES052,C170,Office,2024-02-13,2025-08-23,Design Phase,4880427
PROJ00326,CUS004432,DES021,C081,3BHK,2024-04-05,2025-10-18,Installation,1954060
PROJ00327,CUS004102,DES003,C169,Kitchen,2024-01-16,2025-06-04,Installation,1452851
PROJ00328,CUS001027,DES064,C078,Kitchen,2024-12-09,,Delayed,2294081
PROJ00329,CUS004036,DES014,C090,Kitchen,2024-05-22,2025-02-15,completed,3125142
PROJ00330,CUS001600,DES057,C215,3BHK,24/11/2024,2025-01-11,Completed,4989773
PROJ00331,CUS004426,DES076,C236,Kitchen,2024-08-11,2025-08-16,Design Phase,4137676
PROJ00332,CUS003255,DES041,C003,3BHK,2024-04-17,2025-01-19,Design Phase,3896123
PROJ00333,CUS001794,DES052,C048,3BHK,2024-06-12,2025-03-25,Design Phase,1530151
PROJ00334,CUS003467,DES122,C229,3BHK,2024-11-26,2025-03-27,Delayed,2165844
PROJ00335,CUS002819,DES021,C089,Kitchen,2024-04-05,2025-08-25,Installation,1447445
PROJ00336,CUS002954,DES068,C007,3BHK,2024-05-12,2025-06-01,Completed,3068689
PROJ00337,CUS002407,DES135,C193,2BHK,2024-08-14,2025-10-10,Delayed,3346657
PROJ00338,CUS003334,DES076,C210,2BHK,2024-04-20,2025-09-15,Design Phase,3885721
PROJ00339,CUS001581,DES126,C123,3BHK,2024-10-02,2025-09-11,Delayed,4496268
PROJ00340,CUS002710,DES071,C220,Villa,2024-02-28,2025-11-08,completed,1567734
PROJ00341,CUS003715,DES029,C120,Villa,2024-11-17,2025-07-25,Installation,1779359
PROJ00342,CUS000318,DES103,C089,Office,2024-10-10,2025-04-18,Installation,4932635
PROJ00343,CUS003431,DES039,C037,2BHK,2024-05-14,2025-09-17,Design Phase,876151
PROJ00344,CUS001326,DES095,C047,Kitchen,2024-08-21,2025-08-07,Completed,632337
PROJ00345,CUS002671,DES016,C047,2BHK,2024-07-19,2025-10-03,Completed,2183685
PROJ00346,CUS001227,DES107,C193,Kitchen,2024-02-25,,Completed,1945508
PROJ00347,CUS003938,DES013,C147,2BHK,2024-12-02,2025-12-15,completed,3042429
PROJ00348,CUS001344,DES039,C249,Villa,2024-09-26,2025-04-25,Planning,923707
PROJ00349,CUS002893,DES063,C076,2BHK,2024-01-02,2025-09-23,Delayed,2517148
PROJ00350,CUS000506,DES056,C199,Kitchen,2024-10-23,2025-05-13,completed,4775777
PROJ00351,CUS001061,DES050,C105,3BHK,2024-08-15,,Planning,276389
PROJ00352,CUS001743,DES001,C248,Kitchen,2024-03-12,2025-08-20,Completed,3404538
PROJ00353,CUS001014,DES105,C127,2BHK,2024-10-04,2025-06-02,Planning,3895706
PROJ00354,CUS003074,DES004,C199,3BHK,2024-04-21,2025-10-11,completed,875365
PROJ00355,CUS000845,DES020,C109,Villa,2024-02-21,,completed,2515083
PROJ00356,CUS003554,DES144,C159,Office,2024-05-08,2025-06-09,Delayed,1113811
PROJ00357,CUS000967,DES038,C027,Villa,2024-09-04,2025-01-23,Delayed,679967
PROJ00358,CUS000783,DES025,C163,3BHK,2024-06-12,2025-01-07,Design Phase,4520018
PROJ00359,CUS000240,DES150,C104,Kitchen,2024-12-09,2025-10-21,Delayed,278372
PROJ00360,CUS003745,DES093,C239,Villa,19/08/2024,2025-09-18,Delayed,3508697
PROJ00361,CUS001486,DES125,C081,2BHK,2024-12-12,2025-05-20,completed,3536206
PROJ00362,CUS003899,DES074,C153,2BHK,2024-11-19,,Delayed,2935949
PROJ00363,CUS001512,DES114,C213,Office,2024-09-03,2025-12-15,completed,1562808
PROJ00364,CUS001475,DES132,C192,2BHK,2024-12-18,2025-03-11,completed,4555483
PROJ00365,CUS001563,DES119,C094,Kitchen,2024-11-01,2025-06-12,Design Phase,2878090
PROJ00366,CUS001908,DES050,C110,Kitchen,2024-10-04,2025-01-12,Design Phase,2810271
PROJ00367,CUS002563,DES101,C136,2BHK,2024-06-08,2025-08-20,Installation,792683
PROJ00368,CUS000552,DES025,C203,3BHK,2024-11-16,2025-02-06,Planning,872284
PROJ00369,CUS004692,DES078,C176,Kitchen,2024-06-25,2025-12-22,Completed,3964572
PROJ00370,CUS001315,DES117,C177,Villa,2024-03-08,2025-07-03,Design Phase,944592
PROJ00371,CUS002244,DES077,C014,Kitchen,2024-09-11,2025-04-01,Planning,3111388
PROJ00372,CUS001409,DES125,C114,Kitchen,2024-11-25,2025-02-24,Planning,238466
PROJ00373,CUS004064,DES045,C048,Office,2024-07-11,2025-11-23,Design Phase,4772150
PROJ00374,CUS000903,DES145,C048,3BHK,2024-02-06,2025-05-25,Planning,3399172
PROJ00375,CUS000161,DES055,C170,Villa,2024-05-10,2025-08-08,completed,4353800
PROJ00376,CUS001746,DES144,C170,Villa,2024-12-24,2025-10-16,Delayed,2504469
PROJ00377,CUS003016,DES060,C050,Villa,2024-08-08,2025-12-10,completed,3113750
PROJ00378,CUS004876,DES001,C004,2BHK,2024-02-27,2025-05-16,completed,402529
PROJ00379,CUS001287,DES147,C049,Office,2024-09-06,2025-05-13,Design Phase,4551531
PROJ00380,CUS002070,DES059,C121,Office,2024-08-19,2025-01-14,Delayed,3618643
PROJ00381,CUS000942,DES108,C210,2BHK,2024-03-05,2025-09-10,Planning,4911985
PROJ00382,CUS000109,DES122,C033,Kitchen,2024-08-16,2025-10-23,Installation,3142168
PROJ00383,CUS003810,DES109,C038,Villa,2024-11-07,2025-10-07,Design Phase,1196239
PROJ00384,CUS004417,DES021,C133,2BHK,2024-08-09,2025-03-07,Design Phase,4150629
PROJ00385,CUS003608,DES126,C205,Office,2024-05-06,2025-03-08,Design Phase,2263356
PROJ00386,CUS002668,DES107,C198,2BHK,2024-10-26,2025-11-06,Delayed,3310172
PROJ00387,CUS004869,DES085,C242,2BHK,2024-10-03,2025-12-15,Delayed,3828700
PROJ00388,CUS000803,DES086,C238,Office,2024-11-01,2025-12-24,completed,332607
PROJ00389,CUS003551,DES138,C153,Villa,2024-02-21,2025-06-26,Design Phase,1135794
PROJ00390,CUS004766,DES134,C102,Kitchen,07/03/2024,2025-06-28,Design Phase,1619916
PROJ00391,CUS002460,DES093,C036,2BHK,2024-10-12,2025-12-05,completed,4886990
PROJ00392,CUS001003,DES048,C224,2BHK,2024-09-28,2025-03-22,Planning,1777606
PROJ00393,CUS004301,DES045,C062,Kitchen,2024-11-11,2025-02-22,Installation,3176994
PROJ00394,CUS004447,DES143,C107,Office,2024-10-18,2025-02-08,Completed,973943
PROJ00395,CUS002711,DES146,C151,3BHK,2024-11-09,2025-10-02,Planning,1901421
PROJ00396,CUS004871,DES098,C182,3BHK,2024-08-05,2025-12-17,Delayed,3694298
PROJ00397,CUS002292,DES037,C120,2BHK,2024-12-01,2025-10-26,Completed,3679795
PROJ00398,CUS001839,DES132,C226,3BHK,2024-04-11,2025-02-18,completed,764260
PROJ00399,CUS002450,DES033,C049,3BHK,2024-05-04,2025-08-19,Design Phase,2572332
PROJ00400,CUS004641,DES106,C148,Villa,2024-10-06,2025-05-03,Design Phase,3072361
PROJ00401,CUS000804,DES125,C147,2BHK,2024-09-05,2025-11-01,Installation,281854
PROJ00402,CUS000771,DES017,C168,Kitchen,2024-01-28,2025-03-18,Planning,1463282
PROJ00403,CUS001536,DES003,C122,3BHK,2024-09-24,2025-06-01,Delayed,2517153
PROJ00404,CUS000917,DES031,C089,Villa,2024-05-26,,Completed,1601215
PROJ00405,CUS001238,DES015,C165,Villa,2024-07-20,2025-08-21,Delayed,1184505
PROJ00406,CUS000113,DES017,C111,2BHK,2024-08-15,2025-07-04,Planning,2831504
PROJ00407,CUS002980,DES065,C249,Office,2024-02-16,2025-12-11,Design Phase,4235936
PROJ00408,CUS002568,DES123,C113,Kitchen,2024-11-01,,Installation,4777299
PROJ00409,CUS001412,DES056,C042,Office,2024-04-11,,Planning,2620405
PROJ00410,CUS003775,DES072,C005,Kitchen,2024-10-23,2025-02-20,Installation,3521672
PROJ00411,CUS000683,DES046,C121,Villa,2024-07-13,,Planning,277330
PROJ00412,CUS001973,DES076,C016,Villa,2024-08-13,2025-11-23,Delayed,2465850
PROJ00413,CUS003446,DES050,C077,Office,2024-09-27,2025-07-24,Completed,3002814
PROJ00414,CUS001242,DES059,C114,3BHK,2024-02-03,,Installation,4628021
PROJ00415,CUS000110,DES030,C008,3BHK,2024-07-23,2025-02-05,completed,2122148
PROJ00416,CUS003106,DES049,C087,3BHK,2024-02-22,2025-03-04,Planning,1142810
PROJ00417,CUS001720,DES117,C102,3BHK,2024-12-28,,Planning,259209
PROJ00418,CUS000682,DES012,C119,3BHK,2024-06-19,2025-03-11,Completed,3444285
PROJ00419,CUS003097,DES098,C243,Kitchen,2024-02-05,2025-11-23,Design Phase,1896066
PROJ00420,CUS003123,DES148,C226,Villa,11/11/2024,2025-11-12,Completed,1492047
PROJ00421,CUS003134,DES055,C222,Office,2024-03-16,2025-02-14,Installation,3242311
PROJ00422,CUS003997,DES093,C086,Office,2024-01-08,2025-04-16,Installation,1059672
PROJ00423,CUS000609,DES126,C111,Villa,2024-03-23,2025-04-28,completed,3264720
PROJ00424,CUS000188,DES071,C033,Kitchen,2024-09-20,,Design Phase,1302358
PROJ00425,CUS001741,DES043,C096,Villa,2024-03-03,2025-02-21,Installation,1246603
PROJ00426,CUS003532,DES138,C047,Office,2024-01-22,2025-05-12,Design Phase,1998092
PROJ00427,CUS000103,DES132,C106,3BHK,2024-12-28,2025-03-18,Completed,3251835
PROJ00428,CUS003966,DES117,C215,2BHK,2024-07-07,2025-12-17,Design Phase,1908979
PROJ00429,CUS001863,DES004,C113,Kitchen,2024-12-11,2025-02-21,Installation,3430661
PROJ00430,CUS003665,DES130,C226,Kitchen,2024-06-06,2025-12-13,Design Phase,596834
PROJ00431,CUS004842,DES071,C117,Kitchen,2024-11-08,2025-07-05,Planning,3815574
PROJ00432,CUS003719,DES017,C024,2BHK,2024-02-20,,Delayed,4931252
PROJ00433,CUS004416,DES016,C218,Kitchen,2024-09-16,2025-06-07,completed,1543268
PROJ00434,CUS004639,DES086,C005,3BHK,2024-02-15,2025-10-17,completed,2243132
PROJ00435,CUS001798,DES082,C163,2BHK,2024-11-18,2025-08-14,Installation,2215597
PROJ00436,CUS000429,DES007,C153,Villa,2024-06-03,,completed,3441455
PROJ00437,CUS000138,DES118,C150,2BHK,2024-02-04,2025-06-17,Completed,2590153
PROJ00438,CUS001958,DES009,C234,Office,2024-01-03,2025-06-16,Design Phase,4375100
PROJ00439,CUS002249,DES109,C245,Kitchen,2024-05-16,2025-03-24,completed,2072819
PROJ00440,CUS000662,DES076,C175,3BHK,2024-09-15,2025-10-03,completed,3547943
PROJ00441,CUS001471,DES140,C210,Villa,2024-07-21,2025-09-16,Planning,1055551
PROJ00442,CUS002329,DES102,C043,Villa,2024-01-24,2025-03-24,Installation,3338942
PROJ00443,CUS002469,DES105,C219,Kitchen,2024-02-27,2025-07-24,Planning,2231087
PROJ00444,CUS002659,DES069,C004,Kitchen,2024-06-08,2025-08-04,Design Phase,1133223
PROJ00445,CUS001384,DES084,C099,Office,2024-09-13,2025-09-12,completed,3655018
PROJ00446,CUS001003,DES064,C090,3BHK,2024-11-19,2025-12-13,Completed,3503902
PROJ00447,CUS004757,DES133,C152,3BHK,2024-10-27,2025-07-27,Delayed,1236229
PROJ00448,CUS003477,DES009,C176,3BHK,2024-10-22,2025-05-26,Completed,698230
PROJ00449,CUS002166,DES078,C095,Kitchen,2024-05-04,2025-09-13,completed,1907709
PROJ00450,CUS000258,DES099,C006,2BHK,11/02/2024,,Installation,2881729
PROJ00451,CUS004448,DES131,C162,Villa,2024-04-17,2025-07-22,Design Phase,1194849
PROJ00452,CUS003581,DES023,C086,Office,2024-08-12,,Completed,752698
PROJ00453,CUS001079,DES109,C159,2BHK,2024-06-21,,Installation,2224494
PROJ00454,CUS000045,DES071,C026,3BHK,2024-10-26,2025-07-09,completed,4139499
PROJ00455,CUS001799,DES093,C243,Villa,2024-03-20,2025-04-15,completed,2942219
PROJ00456,CUS004056,DES039,C182,2BHK,2024-05-19,2025-12-02,Delayed,222578
PROJ00457,CUS003256,DES044,C155,Office,2024-09-23,2025-02-23,Delayed,983168
PROJ00458,CUS000563,DES105,C027,3BHK,2024-07-24,2025-07-12,completed,1602416
PROJ00459,CUS004934,DES048,C036,2BHK,2024-08-28,2025-05-06,completed,4529370
PROJ00460,CUS002318,DES067,C082,2BHK,2024-09-16,2025-08-23,Delayed,4875240
PROJ00461,CUS002726,DES087,C164,Office,2024-12-06,2025-04-20,Design Phase,1672177
PROJ00462,CUS004157,DES145,C231,2BHK,2024-07-01,2025-04-15,completed,2614718
PROJ00463,CUS000816,DES106,C225,2BHK,2024-03-22,2025-02-12,Installation,3715922
PROJ00464,CUS002196,DES043,C245,3BHK,2024-10-27,2025-08-09,Delayed,3375514
PROJ00465,CUS001516,DES045,C239,2BHK,2024-08-10,2025-09-27,Completed,4825813
PROJ00466,CUS003363,DES076,C078,Office,2024-09-03,2025-07-03,Completed,1898491
PROJ00467,CUS002622,DES109,C176,Office,2024-05-26,2025-03-06,Design Phase,4585026
PROJ00468,CUS003892,DES039,C040,Office,2024-09-13,2025-10-23,completed,2159719
PROJ00469,CUS003529,DES061,C037,Office,2024-10-10,2025-04-26,Delayed,2472834
PROJ00470,CUS000395,DES098,C116,Kitchen,2024-06-21,2025-04-27,Delayed,2812083
PROJ00471,CUS000142,DES138,C057,Kitchen,2024-09-19,2025-02-21,completed,3894598
PROJ00472,CUS001663,DES118,C129,2BHK,2024-11-09,2025-08-22,Planning,436115
PROJ00473,CUS002288,DES069,C018,Office,2024-02-15,2025-02-28,Design Phase,1610431
PROJ00474,CUS002212,DES089,C079,3BHK,2024-01-07,2025-06-25,Delayed,3395198
PROJ00475,CUS004291,DES015,C082,Villa,2024-12-12,2025-06-28,Installation,290702
PROJ00476,CUS001080,DES036,C128,3BHK,2024-10-16,2025-06-28,Planning,4536501
PROJ00477,CUS004037,DES017,C131,Kitchen,2024-09-15,2025-10-23,Completed,418162
PROJ00478,CUS002049,DES026,C030,3BHK,2024-08-27,2025-11-02,completed,2658065
PROJ00479,CUS000144,DES039,C194,2BHK,2024-07-23,2025-11-09,Planning,3335302
PROJ00480,CUS002329,DES141,C076,Villa,10/01/2024,2025-09-21,Installation,3457314
PROJ00481,CUS004107,DES084,C094,Office,2024-04-28,2025-06-22,Installation,1897238
PROJ00482,CUS003654,DES006,C171,2BHK,2024-10-03,2025-02-21,completed,3878668
PROJ00483,CUS003601,DES066,C236,Villa,2024-11-06,2025-04-21,Planning,4514715
PROJ00484,CUS004622,DES024,C180,Office,2024-04-04,,Installation,1921778
PROJ00485,CUS001992,DES143,C004,Kitchen,2024-08-16,2025-07-09,Completed,4575882
PROJ00486,CUS000286,DES135,C148,2BHK,2024-03-10,2025-01-11,Design Phase,1439535
PROJ00487,CUS000798,DES035,C068,Villa,2024-03-17,,Installation,1987363
PROJ00488,CUS003199,DES090,C099,Villa,2024-09-22,2025-05-10,Delayed,1690629
PROJ00489,CUS004893,DES128,C138,2BHK,2024-07-07,,Design Phase,245335
PROJ00490,CUS001204,DES090,C016,2BHK,2024-01-21,2025-02-21,completed,770827
PROJ00491,CUS002234,DES012,C080,3BHK,2024-01-23,2025-04-20,Design Phase,2266357
PROJ00492,CUS002613,DES147,C166,2BHK,2024-05-06,2025-09-19,Delayed,2306058
PROJ00493,CUS001924,DES106,C019,Villa,2024-11-15,2025-12-09,completed,2327437
PROJ00494,CUS000552,DES098,C086,Villa,2024-05-28,,Planning,4009804
PROJ00495,CUS003361,DES031,C141,3BHK,2024-01-12,2025-01-26,Completed,2746268
PROJ00496,CUS004488,DES005,C015,Villa,2024-07-24,2025-08-20,Completed,650442
PROJ00497,CUS003388,DES146,C079,2BHK,2024-12-08,,Delayed,1085323
PROJ00498,CUS002397,DES129,C044,Villa,2024-09-25,2025-03-15,Planning,4331386
PROJ00499,CUS004164,DES130,C017,Kitchen,2024-11-05,2025-07-20,completed,1013211
PROJ00500,CUS001253,DES085,C109,Office,2024-01-26,2025-11-17,Installation,1192716
PROJ00501,CUS003732,DES045,C074,3BHK,2024-05-21,2025-11-21,Design Phase,3006494
PROJ00502,CUS001654,DES077,C182,2BHK,2024-03-22,2025-07-15,Completed,419074
PROJ00503,CUS001580,DES028,C100,Kitchen,2024-08-13,2025-04-13,Planning,4950729
PROJ00504,CUS003328,DES028,C041,3BHK,2024-01-13,2025-01-18,Planning,2423433
PROJ00505,CUS003333,DES045,C204,Office,2024-03-05,2025-08-18,completed,616199
PROJ00506,CUS003231,DES027,C038,Office,2024-03-06,2025-03-23,completed,572259
PROJ00507,CUS001606,DES002,C023,3BHK,2024-10-18,,Delayed,4872563
PROJ00508,CUS004287,DES002,C190,2BHK,2024-03-21,2025-05-08,Completed,3458432
PROJ00509,CUS001801,DES012,C098,Kitchen,2024-11-06,2025-11-11,Design Phase,3055279
PROJ00510,CUS001696,DES058,C076,3BHK,27/01/2024,2025-03-27,Installation,1214633
PROJ00511,CUS001508,DES127,C130,3BHK,2024-01-20,2025-12-22,completed,3696406
PROJ00512,CUS001404,DES046,C061,3BHK,2024-04-10,2025-05-12,Delayed,3190721
PROJ00513,CUS000689,DES044,C141,2BHK,2024-02-01,2025-03-01,Design Phase,1866680
PROJ00514,CUS001274,DES039,C153,Office,2024-05-04,2025-02-09,completed,2769598
PROJ00515,CUS000146,DES061,C114,2BHK,2024-09-11,2025-09-12,Completed,468673
PROJ00516,CUS001132,DES054,C002,Villa,2024-05-03,2025-10-22,Planning,4063866
PROJ00517,CUS002990,DES118,C133,2BHK,2024-07-20,2025-01-22,Delayed,4894936
PROJ00518,CUS001981,DES139,C197,Villa,2024-07-22,2025-04-02,Delayed,3185448
PROJ00519,CUS002016,DES144,C243,Villa,2024-08-21,2025-10-05,Completed,573299
PROJ00520,CUS004829,DES034,C018,Villa,2024-07-27,2025-07-03,Installation,488187
PROJ00521,CUS001885,DES093,C149,Kitchen,2024-04-11,,Delayed,1748870
PROJ00522,CUS002908,DES046,C010,Office,2024-01-24,2025-09-07,Design Phase,2634473
PROJ00523,CUS002462,DES013,C109,3BHK,2024-05-18,2025-06-18,Planning,2837271
PROJ00524,CUS000327,DES046,C022,Kitchen,2024-03-27,2025-09-20,Completed,2089322
PROJ00525,CUS001987,DES009,C061,Villa,2024-06-01,2025-10-11,Design Phase,486539
PROJ00526,CUS001007,DES135,C060,3BHK,2024-04-16,2025-12-19,Installation,1627693
PROJ00527,CUS000547,DES087,C084,3BHK,2024-06-21,2025-12-02,completed,2043526
PROJ00528,CUS004559,DES021,C061,3BHK,2024-08-27,2025-12-27,Completed,3321502
PROJ00529,CUS004402,DES044,C198,3BHK,2024-12-24,2025-12-24,Delayed,1967311
PROJ00530,CUS003971,DES053,C125,Office,2024-12-05,2025-03-12,Planning,3896130
PROJ00531,CUS001970,DES036,C116,Kitchen,2024-12-07,2025-04-08,Delayed,1698817
PROJ00532,CUS000808,DES094,C233,Kitchen,2024-12-07,2025-06-27,Planning,4433572
PROJ00533,CUS004307,DES004,C151,2BHK,2024-02-09,2025-06-09,Completed,2118512
PROJ00534,CUS004089,DES075,C179,Kitchen,2024-11-04,2025-11-03,completed,2541805
PROJ00535,CUS001081,DES106,C062,Kitchen,2024-11-26,2025-10-15,completed,3699013
PROJ00536,CUS002531,DES004,C048,Villa,2024-02-28,2025-05-07,completed,4043692
PROJ00537,CUS000454,DES012,C046,Kitchen,2024-08-16,,Installation,2021995
PROJ00538,CUS003023,DES122,C245,Office,2024-11-09,2025-07-01,Design Phase,4700321
PROJ00539,CUS003952,DES097,C169,3BHK,2024-12-22,2025-01-28,Design Phase,4884759
PROJ00540,CUS003681,DES083,C015,2BHK,23/11/2024,2025-12-09,Design Phase,2109919
PROJ00541,CUS002094,DES131,C180,2BHK,2024-08-01,2025-04-18,Installation,486696
PROJ00542,CUS004591,DES114,C204,Kitchen,2024-04-21,,Delayed,4594023
PROJ00543,CUS003612,DES105,C031,Office,2024-09-21,2025-05-19,Planning,1529773
PROJ00544,CUS004589,DES116,C025,2BHK,2024-08-23,2025-09-19,Design Phase,2631475
PROJ00545,CUS001107,DES026,C041,Villa,2024-08-10,2025-04-26,Delayed,1025384
PROJ00546,CUS001056,DES076,C160,Villa,2024-03-20,,Planning,763180
PROJ00547,CUS000994,DES142,C122,Office,2024-01-10,2025-11-28,Design Phase,2218832
PROJ00548,CUS004885,DES044,C160,2BHK,2024-08-24,2025-04-14,completed,3638863
PROJ00549,CUS004162,DES002,C238,2BHK,2024-11-05,,Delayed,2123935
PROJ00550,CUS003504,DES083,C202,3BHK,2024-12-26,2025-02-04,Completed,2811599
PROJ00551,CUS001673,DES134,C243,2BHK,2024-08-18,2025-08-12,Planning,3492067
PROJ00552,CUS000753,DES078,C016,3BHK,2024-03-02,2025-12-18,Planning,205422
PROJ00553,CUS004436,DES112,C208,2BHK,2024-07-27,2025-02-01,Completed,4284730
PROJ00554,CUS003100,DES104,C015,2BHK,2024-02-25,2025-01-12,Installation,1646439
PROJ00555,CUS001440,DES010,C101,Kitchen,2024-12-06,,Design Phase,3261876
PROJ00556,CUS002352,DES025,C022,2BHK,2024-09-09,2025-05-17,Design Phase,2319885
PROJ00557,CUS002174,DES147,C087,3BHK,2024-02-14,2025-10-26,Planning,1142605
PROJ00558,CUS004550,DES067,C061,Kitchen,2024-02-22,2025-01-05,completed,1271686
PROJ00559,CUS003560,DES072,C218,3BHK,2024-07-08,2025-06-04,Design Phase,2489101
PROJ00560,CUS001723,DES116,C245,Villa,2024-10-22,2025-11-19,Planning,2730834
PROJ00561,CUS004498,DES090,C175,2BHK,2024-08-26,,Delayed,4543496
PROJ00562,CUS001550,DES051,C222,Office,2024-08-18,,Installation,2184794
PROJ00563,CUS000412,DES140,C190,Kitchen,2024-05-23,2025-03-02,completed,702554
PROJ00564,CUS001199,DES043,C235,2BHK,2024-11-14,2025-10-11,Delayed,3565320
PROJ00565,CUS003089,DES051,C033,Office,2024-11-02,2025-01-21,completed,1079878
PROJ00566,CUS000112,DES125,C189,2BHK,2024-03-26,,Installation,238179
PROJ00567,CUS004060,DES117,C004,3BHK,2024-01-14,2025-10-25,Installation,2330857
PROJ00568,CUS002926,DES098,C166,Villa,2024-12-26,2025-01-13,Delayed,4829797
PROJ00569,CUS002828,DES010,C108,2BHK,2024-02-08,,Completed,1537379
PROJ00570,CUS001864,DES089,C100,2BHK,01/02/2024,,Design Phase,4713395
PROJ00571,CUS000381,DES133,C038,3BHK,2024-02-22,2025-08-10,Completed,2067910
PROJ00572,CUS002456,DES007,C076,3BHK,2024-09-08,2025-08-17,completed,2112023
PROJ00573,CUS001600,DES135,C162,Kitchen,2024-07-27,2025-08-12,Delayed,655173
PROJ00574,CUS004738,DES011,C198,Villa,2024-10-07,2025-02-19,Delayed,4610480
PROJ00575,CUS000329,DES144,C210,Office,2024-01-01,,completed,4852142
PROJ00576,CUS001267,DES107,C210,3BHK,2024-01-21,2025-11-25,Delayed,1492480
PROJ00577,CUS000682,DES150,C090,Office,2024-02-02,2025-05-08,Planning,2072476
PROJ00578,CUS000517,DES084,C247,3BHK,2024-04-16,2025-06-20,Installation,4913126
PROJ00579,CUS003071,DES134,C231,2BHK,2024-06-08,2025-01-22,Completed,4258411
PROJ00580,CUS001538,DES139,C072,Kitchen,2024-03-02,2025-11-09,Completed,745754
PROJ00581,CUS001849,DES138,C167,3BHK,2024-11-17,2025-05-19,completed,3371426
PROJ00582,CUS004351,DES031,C241,Kitchen,2024-03-04,2025-01-26,Design Phase,3341278
PROJ00583,CUS000556,DES099,C065,Office,2024-04-26,2025-12-09,Design Phase,2829285
PROJ00584,CUS003909,DES056,C021,3BHK,2024-06-18,2025-07-14,Planning,4508365
PROJ00585,CUS004624,DES065,C053,Villa,2024-07-26,,Planning,585195
PROJ00586,CUS000138,DES053,C159,Office,2024-03-27,2025-03-25,Installation,1793012
PROJ00587,CUS001265,DES007,C232,3BHK,2024-11-19,2025-07-27,Completed,1659380
PROJ00588,CUS002860,DES133,C172,3BHK,2024-01-15,2025-09-03,Delayed,1762865
PROJ00589,CUS003219,DES003,C109,Kitchen,2024-09-11,2025-02-02,Delayed,1606048
PROJ00590,CUS004873,DES043,C231,Kitchen,2024-02-03,2025-12-04,Delayed,544802
PROJ00591,CUS000606,DES045,C248,Villa,2024-09-05,2025-02-20,Design Phase,4531814
PROJ00592,CUS002917,DES009,C073,Villa,2024-01-26,2025-12-21,Installation,3449720
PROJ00593,CUS000093,DES148,C105,Office,2024-03-16,,Design Phase,4440451
PROJ00594,CUS002787,DES034,C016,2BHK,2024-04-22,2025-08-19,completed,3091928
PROJ00595,CUS001312,DES067,C099,Villa,2024-06-16,2025-01-03,Planning,417813
PROJ00596,CUS004922,DES131,C222,2BHK,2024-04-12,2025-02-28,Completed,4837402
PROJ00597,CUS000213,DES136,C016,Office,2024-01-09,2025-09-23,Completed,4156719
PROJ00598,CUS001400,DES047,C063,3BHK,2024-05-21,2025-03-14,Delayed,4995707
PROJ00599,CUS000405,DES035,C171,Kitchen,2024-12-22,2025-07-02,Installation,1576566
PROJ00600,CUS004084,DES015,C126,2BHK,13/12/2024,2025-02-14,completed,1268344
PROJ00601,CUS004301,DES119,C226,3BHK,2024-08-24,2025-03-02,Completed,463318
PROJ00602,CUS001520,DES129,C195,Office,2024-04-20,2025-07-15,completed,3293024
PROJ00603,CUS003571,DES049,C225,2BHK,2024-06-15,2025-07-28,Installation,4460711
PROJ00604,CUS001329,DES128,C086,Villa,2024-12-15,2025-12-16,Delayed,2525142
PROJ00605,CUS000746,DES023,C044,Kitchen,2024-05-15,2025-01-07,Completed,2104563
PROJ00606,CUS000346,DES128,C026,2BHK,2024-09-24,2025-10-07,Completed,3174327
PROJ00607,CUS003436,DES068,C141,3BHK,2024-05-09,2025-11-09,Installation,3006832
PROJ00608,CUS003089,DES122,C018,3BHK,2024-02-13,2025-06-03,Installation,1754565
PROJ00609,CUS003266,DES055,C163,2BHK,2024-09-04,2025-01-22,Design Phase,4442253
PROJ00610,CUS001555,DES087,C024,Kitchen,2024-04-23,,Planning,4774742
PROJ00611,CUS003885,DES142,C180,Villa,2024-02-02,2025-02-05,Completed,1626586
PROJ00612,CUS004396,DES085,C189,Office,2024-03-10,2025-04-02,Planning,649442
PROJ00613,CUS001039,DES095,C196,Office,2024-09-09,2025-04-12,Completed,969916
PROJ00614,CUS002511,DES142,C139,Kitchen,2024-09-08,2025-02-08,Design Phase,302444
PROJ00615,CUS001985,DES092,C005,2BHK,2024-07-24,2025-04-21,Installation,3854319
PROJ00616,CUS000708,DES015,C079,Office,2024-04-17,2025-02-07,Completed,2600843
PROJ00617,CUS000768,DES146,C224,2BHK,2024-07-05,2025-11-02,Delayed,2673363
PROJ00618,CUS004797,DES111,C001,2BHK,2024-11-02,2025-01-07,Completed,3654444
PROJ00619,CUS002034,DES137,C112,2BHK,2024-09-19,2025-11-14,Completed,228295
PROJ00620,CUS001578,DES080,C049,3BHK,2024-11-26,,Planning,2649848
PROJ00621,CUS001861,DES103,C156,3BHK,2024-09-17,2025-08-09,Design Phase,2663401
PROJ00622,CUS003011,DES092,C243,2BHK,2024-02-09,2025-10-10,completed,4964823
PROJ00623,CUS004520,DES042,C071,2BHK,2024-12-07,2025-01-16,Planning,1706477
PROJ00624,CUS003735,DES049,C218,3BHK,2024-03-11,2025-06-01,Installation,4789500
PROJ00625,CUS003031,DES135,C102,Office,2024-08-25,2025-11-21,Completed,2410874
PROJ00626,CUS004923,DES073,C090,Kitchen,2024-11-28,2025-02-27,Design Phase,4195166
PROJ00627,CUS002617,DES041,C097,2BHK,2024-02-22,2025-01-22,completed,3862327
PROJ00628,CUS004054,DES054,C009,Office,2024-01-03,2025-12-14,Design Phase,2696584
PROJ00629,CUS002784,DES039,C036,Kitchen,2024-02-11,2025-07-24,Planning,1898924
PROJ00630,CUS001622,DES065,C010,Villa,15/11/2024,2025-12-21,Installation,2575055
PROJ00631,CUS001518,DES039,C119,3BHK,2024-05-02,2025-01-13,Completed,2318492
PROJ00632,CUS001133,DES009,C113,Villa,2024-10-27,2025-03-25,Design Phase,3658160
PROJ00633,CUS003226,DES086,C001,Villa,2024-07-09,2025-02-15,Planning,1108897
PROJ00634,CUS002978,DES038,C030,3BHK,2024-05-05,2025-02-03,Planning,2938388
PROJ00635,CUS000003,DES106,C083,2BHK,2024-12-22,2025-06-27,Delayed,498931
PROJ00636,CUS004212,DES016,C086,2BHK,2024-09-04,2025-11-14,Installation,2424935
PROJ00637,CUS000678,DES057,C180,Kitchen,2024-02-10,2025-04-02,Installation,4718493
PROJ00638,CUS001211,DES124,C135,Villa,2024-03-07,,Design Phase,4693290
PROJ00639,CUS002881,DES150,C055,Villa,2024-05-20,2025-03-14,Planning,987621
PROJ00640,CUS001249,DES144,C058,2BHK,2024-04-15,2025-11-21,completed,1577136
PROJ00641,CUS002405,DES013,C246,Villa,2024-06-17,2025-05-05,Planning,1219842
PROJ00642,CUS000604,DES140,C220,2BHK,2024-08-26,2025-08-12,Delayed,916086
PROJ00643,CUS001088,DES112,C133,2BHK,2024-04-28,2025-08-01,Delayed,2871410
PROJ00644,CUS000155,DES004,C031,2BHK,2024-10-23,,Completed,1408852
PROJ00645,CUS004342,DES054,C163,Office,2024-09-25,,Design Phase,3599208
PROJ00646,CUS001302,DES111,C006,Office,2024-09-23,2025-02-26,Completed,1385743
PROJ00647,CUS000531,DES108,C078,2BHK,2024-02-17,2025-03-26,Planning,1024948
PROJ00648,CUS004670,DES027,C230,Villa,2024-05-25,2025-12-17,Completed,1147384
PROJ00649,CUS003152,DES031,C226,Villa,2024-01-25,2025-09-10,Delayed,4417839
PROJ00650,CUS000720,DES069,C248,Office,2024-04-15,2025-02-12,Design Phase,3691686
PROJ00651,CUS004211,DES014,C213,2BHK,2024-07-22,,Delayed,3259171
PROJ00652,CUS002293,DES017,C050,Office,2024-01-19,2025-04-15,Delayed,4796998
PROJ00653,CUS001468,DES113,C150,Kitchen,2024-11-25,2025-05-15,Design Phase,1590125
PROJ00654,CUS000991,DES128,C211,Kitchen,2024-11-12,2025-03-04,Planning,917634
PROJ00655,CUS000488,DES035,C059,Villa,2024-11-07,2025-07-27,completed,4388728
PROJ00656,CUS000091,DES070,C005,2BHK,2024-05-11,2025-07-18,Planning,1557013
PROJ00657,CUS003307,DES118,C086,3BHK,2024-02-11,2025-02-05,Planning,2996861
PROJ00658,CUS002555,DES062,C184,Kitchen,2024-10-11,2025-06-19,Delayed,1203659
PROJ00659,CUS001269,DES045,C201,Villa,2024-05-06,2025-07-13,Design Phase,1611784
PROJ00660,CUS003657,DES149,C136,2BHK,22/04/2024,2025-10-13,completed,1532473
PROJ00661,CUS003278,DES027,C135,Villa,2024-09-12,2025-01-17,Delayed,1748254
PROJ00662,CUS000649,DES018,C184,2BHK,2024-09-24,,Design Phase,557291
PROJ00663,CUS000396,DES128,C042,2BHK,2024-02-20,2025-06-18,Delayed,3287554
PROJ00664,CUS001848,DES106,C065,Office,2024-06-01,2025-05-14,completed,617897
PROJ00665,CUS000399,DES121,C022,Kitchen,2024-10-10,2025-06-08,Design Phase,3912713
PROJ00666,CUS003006,DES117,C204,Villa,2024-06-14,2025-10-11,Design Phase,1732907
PROJ00667,CUS003496,DES030,C236,Kitchen,2024-07-23,2025-07-27,Planning,2533989
PROJ00668,CUS003967,DES060,C248,3BHK,2024-09-18,2025-10-14,Installation,2529148
PROJ00669,CUS001071,DES012,C118,2BHK,2024-02-03,2025-10-24,completed,1242061
PROJ00670,CUS003447,DES064,C031,3BHK,2024-01-11,2025-12-09,completed,2749827
PROJ00671,CUS002394,DES061,C019,Kitchen,2024-12-02,,Completed,1029099
PROJ00672,CUS003477,DES052,C201,Villa,2024-09-24,2025-04-13,Design Phase,3632478
PROJ00673,CUS004190,DES041,C077,3BHK,2024-01-19,,Completed,2060365
PROJ00674,CUS004216,DES092,C217,Villa,2024-02-27,2025-01-03,Delayed,1435780
PROJ00675,CUS003678,DES110,C048,Villa,2024-06-28,,Planning,4185346
PROJ00676,CUS004908,DES142,C118,Villa,2024-07-14,2025-12-17,Installation,1931448
PROJ00677,CUS001078,DES088,C214,2BHK,2024-07-26,2025-02-12,Delayed,2599910
PROJ00678,CUS001704,DES037,C066,2BHK,2024-06-01,2025-05-14,Installation,3527421
PROJ00679,CUS002460,DES034,C056,2BHK,2024-04-08,2025-11-04,Delayed,3748560
PROJ00680,CUS000362,DES004,C205,Office,2024-05-21,2025-11-28,Installation,3772721
PROJ00681,CUS001954,DES080,C217,Kitchen,2024-09-14,2025-08-01,completed,2336917
PROJ00682,CUS003914,DES122,C052,Villa,2024-01-26,2025-03-06,Design Phase,3966032
PROJ00683,CUS000386,DES099,C035,Kitchen,2024-06-25,,Installation,2198418
PROJ00684,CUS000887,DES016,C213,3BHK,2024-06-20,,Installation,4893699
PROJ00685,CUS001886,DES055,C100,3BHK,2024-07-17,2025-05-14,Design Phase,3199794
PROJ00686,CUS003702,DES125,C063,Office,2024-11-21,2025-08-14,Installation,2722419
PROJ00687,CUS003255,DES141,C134,Office,2024-11-13,,Installation,2410362
PROJ00688,CUS003729,DES122,C018,3BHK,2024-09-24,2025-08-16,Installation,3451077
PROJ00689,CUS003626,DES031,C126,3BHK,2024-07-01,,Completed,2429880
PROJ00690,CUS004109,DES079,C112,3BHK,27/09/2024,2025-01-11,Design Phase,2377442
PROJ00691,CUS002586,DES058,C024,2BHK,2024-08-27,2025-09-12,Planning,2805472
PROJ00692,CUS000434,DES120,C053,Kitchen,2024-10-18,2025-01-07,Delayed,1236052
PROJ00693,CUS001823,DES136,C134,Office,2024-05-26,2025-12-06,Installation,1665491
PROJ00694,CUS004234,DES019,C095,3BHK,2024-01-07,,Planning,430998
PROJ00695,CUS000440,DES028,C231,Kitchen,2024-12-23,2025-05-03,Delayed,745768
PROJ00696,CUS000054,DES106,C143,Office,2024-02-06,2025-12-15,Installation,2411378
PROJ00697,CUS001888,DES021,C033,2BHK,2024-08-26,2025-10-28,Delayed,3442696
PROJ00698,CUS000981,DES118,C114,Kitchen,2024-09-11,2025-08-26,Design Phase,536610
PROJ00699,CUS001035,DES092,C061,3BHK,2024-08-26,2025-07-15,Completed,2408172
PROJ00700,CUS000622,DES114,C089,Villa,2024-10-22,2025-05-21,completed,2720004
PROJ00701,CUS000225,DES120,C004,3BHK,2024-03-11,2025-12-09,Completed,1142410
PROJ00702,CUS003995,DES054,C170,Office,2024-06-10,2025-01-12,Planning,1832261
PROJ00703,CUS000390,DES103,C088,Villa,2024-05-24,2025-09-28,Planning,2877788
PROJ00704,CUS000214,DES039,C169,2BHK,2024-04-28,,completed,4315056
PROJ00705,CUS000811,DES093,C164,Office,2024-10-13,2025-09-19,Completed,3506197
PROJ00706,CUS004053,DES091,C240,Kitchen,2024-01-01,2025-12-04,completed,1625695
PROJ00707,CUS003704,DES131,C012,3BHK,2024-02-24,,Completed,4945390
PROJ00708,CUS001955,DES004,C170,Kitchen,2024-10-11,2025-07-02,Planning,3540187
PROJ00709,CUS003502,DES014,C246,Office,2024-09-03,2025-06-20,Planning,2227105
PROJ00710,CUS001340,DES103,C013,2BHK,2024-08-06,2025-08-27,Design Phase,3698172
PROJ00711,CUS001919,DES060,C045,3BHK,2024-12-04,2025-08-08,Design Phase,3043333
PROJ00712,CUS003836,DES108,C186,2BHK,2024-04-11,2025-09-11,Installation,1508053
PROJ00713,CUS004156,DES001,C082,Office,2024-04-02,2025-10-09,Installation,1000949
PROJ00714,CUS002213,DES144,C026,2BHK,2024-06-06,2025-03-16,completed,2255344
PROJ00715,CUS000726,DES017,C209,Villa,2024-10-20,2025-03-14,Installation,3662384
PROJ00716,CUS002795,DES049,C009,2BHK,2024-10-01,2025-08-28,Design Phase,3759116
PROJ00717,CUS004389,DES098,C076,2BHK,2024-02-21,2025-06-15,Completed,3879920
PROJ00718,CUS001462,DES122,C081,Office,2024-06-11,2025-01-04,completed,3318997
PROJ00719,CUS001397,DES005,C013,3BHK,2024-10-19,,Completed,3667383
PROJ00720,CUS002553,DES102,C151,Villa,08/04/2024,,Installation,3133396
PROJ00721,CUS004302,DES036,C179,Office,2024-02-24,2025-03-09,Delayed,2036337
PROJ00722,CUS001155,DES047,C033,Office,2024-04-11,2025-10-05,Delayed,2370095
PROJ00723,CUS001274,DES111,C157,Kitchen,2024-10-26,,Delayed,4419107
PROJ00724,CUS003875,DES128,C246,Villa,2024-09-01,2025-12-05,Installation,3675591
PROJ00725,CUS004166,DES147,C001,2BHK,2024-08-15,2025-05-24,Delayed,1546831
PROJ00726,CUS003547,DES012,C037,2BHK,2024-07-26,2025-03-19,Delayed,4333010
PROJ00727,CUS000630,DES076,C199,3BHK,2024-12-11,2025-04-26,Completed,212548
PROJ00728,CUS003167,DES090,C125,Office,2024-09-08,,Planning,268642
PROJ00729,CUS002333,DES067,C243,Kitchen,2024-10-03,2025-03-25,completed,289531
PROJ00730,CUS003523,DES118,C151,3BHK,2024-03-26,,completed,1392647
PROJ00731,CUS000025,DES085,C170,Office,2024-04-18,2025-10-17,Completed,4739349
PROJ00732,CUS000813,DES119,C009,Villa,2024-04-04,2025-07-12,completed,1306104
PROJ00733,CUS004829,DES097,C111,Office,2024-02-18,2025-12-10,completed,3082210
PROJ00734,CUS003337,DES116,C092,Villa,2024-09-14,2025-09-11,Planning,1564832
PROJ00735,CUS002088,DES111,C017,2BHK,2024-09-28,2025-08-11,Completed,4078902
PROJ00736,CUS002351,DES054,C088,Villa,2024-04-12,2025-08-16,Installation,3037245
PROJ00737,CUS002543,DES128,C012,3BHK,2024-05-01,2025-01-13,Installation,2746666
PROJ00738,CUS003243,DES131,C003,Kitchen,2024-04-01,2025-02-13,Delayed,1546154
PROJ00739,CUS001672,DES146,C188,Office,2024-09-05,2025-11-24,Planning,3215410
PROJ00740,CUS003681,DES038,C228,Office,2024-11-24,2025-08-02,Completed,1716393
PROJ00741,CUS004399,DES133,C190,Office,2024-01-17,2025-12-25,Installation,1787692
PROJ00742,CUS001612,DES118,C166,Kitchen,2024-03-02,2025-03-06,completed,2978901
PROJ00743,CUS004732,DES079,C050,Villa,2024-01-03,2025-07-11,Design Phase,3035075
PROJ00744,CUS001130,DES039,C203,3BHK,2024-07-15,2025-01-04,completed,1553458
PROJ00745,CUS001282,DES105,C217,Office,2024-03-21,2025-08-04,Planning,922447
PROJ00746,CUS004460,DES143,C110,Villa,2024-07-14,,Completed,4654398
PROJ00747,CUS003819,DES053,C226,Kitchen,2024-09-10,,Completed,2761780
PROJ00748,CUS002798,DES123,C018,Office,2024-09-07,2025-05-18,Design Phase,1142980
PROJ00749,CUS003171,DES008,C189,3BHK,2024-04-22,,Delayed,1300938
PROJ00750,CUS000277,DES125,C181,2BHK,14/11/2024,2025-05-25,Delayed,1474803
PROJ00751,CUS002619,DES043,C151,2BHK,2024-10-19,2025-09-18,Delayed,2648987
PROJ00752,CUS002724,DES016,C125,2BHK,2024-09-20,2025-07-20,Installation,3575949
PROJ00753,CUS001245,DES093,C200,Kitchen,2024-08-04,2025-08-06,Delayed,388738
PROJ00754,CUS003080,DES136,C051,3BHK,2024-03-10,2025-05-07,completed,320235
PROJ00755,CUS001438,DES018,C046,Kitchen,2024-08-19,2025-05-26,Delayed,3646403
PROJ00756,CUS000189,DES032,C040,Villa,2024-01-08,,Delayed,3392039
PROJ00757,CUS004001,DES124,C202,Kitchen,2024-06-12,2025-03-06,Design Phase,3900192
PROJ00758,CUS003442,DES011,C050,2BHK,2024-02-22,,Installation,2019431
PROJ00759,CUS002421,DES037,C004,2BHK,2024-12-18,2025-01-07,completed,2079472
PROJ00760,CUS003239,DES137,C202,Office,2024-03-28,2025-08-11,Delayed,3931558
PROJ00761,CUS004377,DES001,C192,3BHK,2024-01-04,2025-02-03,Design Phase,1373420
PROJ00762,CUS003580,DES075,C111,Villa,2024-09-28,2025-05-16,Delayed,2227894
PROJ00763,CUS004015,DES120,C201,Office,2024-09-02,2025-01-10,Design Phase,1118534
PROJ00764,CUS000359,DES128,C122,Office,2024-12-28,2025-06-14,Design Phase,466940
PROJ00765,CUS004196,DES083,C153,Kitchen,2024-09-21,2025-11-11,Planning,1184726
PROJ00766,CUS004999,DES116,C189,2BHK,2024-04-07,2025-05-05,Planning,2316154
PROJ00767,CUS002104,DES083,C001,Office,2024-01-17,2025-11-14,Planning,2848270
PROJ00768,CUS002259,DES095,C220,Office,2024-03-09,2025-06-09,Design Phase,4272921
PROJ00769,CUS003278,DES048,C012,Villa,2024-11-05,2025-10-26,Completed,4492304
PROJ00770,CUS003875,DES079,C170,Kitchen,2024-02-20,2025-11-22,Design Phase,4553390
PROJ00771,CUS000625,DES148,C060,2BHK,2024-12-20,2025-02-03,Delayed,288957
PROJ00772,CUS004616,DES090,C189,2BHK,2024-02-02,2025-10-24,completed,624691
PROJ00773,CUS004177,DES080,C081,Kitchen,2024-04-10,,Design Phase,653403
PROJ00774,CUS003033,DES065,C186,Kitchen,2024-07-14,2025-02-09,Design Phase,2659522
PROJ00775,CUS001041,DES074,C061,Kitchen,2024-02-05,2025-01-13,Completed,1609499
PROJ00776,CUS002720,DES086,C099,Kitchen,2024-04-09,2025-01-17,completed,3943549
PROJ00777,CUS004874,DES120,C186,Villa,2024-08-25,2025-07-12,Completed,4711966
PROJ00778,CUS004448,DES075,C027,Kitchen,2024-12-23,2025-10-10,Delayed,770487
PROJ00779,CUS004105,DES069,C201,3BHK,2024-07-05,2025-06-23,Planning,4842138
PROJ00780,CUS002488,DES133,C199,3BHK,14/02/2024,2025-08-06,Installation,2343221
PROJ00781,CUS003810,DES006,C094,2BHK,2024-11-02,2025-03-04,Installation,2036893
PROJ00782,CUS003868,DES084,C100,2BHK,2024-06-05,2025-07-20,Installation,1563474
PROJ00783,CUS003842,DES005,C136,Kitchen,2024-09-08,2025-12-11,Completed,1140326
PROJ00784,CUS001035,DES142,C235,Villa,2024-05-22,2025-10-05,Delayed,4430235
PROJ00785,CUS000996,DES047,C212,Office,2024-01-20,,Installation,552824
PROJ00786,CUS001705,DES042,C163,2BHK,2024-03-24,2025-06-11,Planning,726953
PROJ00787,CUS003766,DES091,C014,Kitchen,2024-01-23,,Delayed,4221524
PROJ00788,CUS002272,DES137,C015,Kitchen,2024-05-09,2025-05-03,Installation,410084
PROJ00789,CUS002294,DES145,C186,3BHK,2024-07-12,,Installation,2803263
PROJ00790,CUS003723,DES142,C112,Villa,2024-07-21,2025-07-03,Design Phase,3356456
PROJ00791,CUS002582,DES053,C126,Villa,2024-02-20,2025-12-25,completed,4624013
PROJ00792,CUS001837,DES056,C204,Office,2024-08-10,2025-05-19,completed,939442
PROJ00793,CUS004532,DES090,C229,Villa,2024-12-21,2025-03-03,Installation,3283131
PROJ00794,CUS001012,DES147,C120,Kitchen,2024-01-24,2025-05-07,Completed,1197374
PROJ00795,CUS002402,DES073,C137,Villa,2024-06-08,2025-11-05,Design Phase,4320893
PROJ00796,CUS002381,DES123,C033,Office,2024-01-10,,Completed,4540184
PROJ00797,CUS003079,DES149,C181,Kitchen,2024-05-10,2025-10-09,Delayed,4373057
PROJ00798,CUS004970,DES039,C225,3BHK,2024-11-12,2025-03-27,Design Phase,2321989
PROJ00799,CUS000690,DES027,C064,Villa,2024-12-15,2025-06-14,Planning,1074240
PROJ00800,CUS002673,DES140,C099,Villa,2024-10-03,2025-04-14,Delayed,1144756
PROJ00801,CUS002148,DES065,C127,3BHK,2024-02-19,2025-08-20,Design Phase,993717
PROJ00802,CUS004703,DES062,C086,Office,2024-10-16,2025-02-17,Design Phase,1758920
PROJ00803,CUS004982,DES136,C213,Villa,2024-10-21,2025-09-08,Delayed,2325377
PROJ00804,CUS001341,DES008,C155,Office,2024-05-12,2025-03-19,Design Phase,3044609
PROJ00805,CUS002176,DES093,C146,3BHK,2024-10-04,2025-05-24,Design Phase,2522450
PROJ00806,CUS002921,DES126,C208,Kitchen,2024-07-18,2025-07-03,Planning,3802893
PROJ00807,CUS004036,DES017,C139,3BHK,2024-05-28,2025-08-14,Design Phase,1463880
PROJ00808,CUS002194,DES094,C081,3BHK,2024-01-27,,completed,3910317
PROJ00809,CUS001186,DES037,C195,Villa,2024-01-15,2025-12-27,completed,2286373
PROJ00810,CUS003432,DES133,C124,Kitchen,26/03/2024,2025-12-02,Completed,4049306
PROJ00811,CUS004681,DES046,C034,2BHK,2024-04-02,,completed,2274535
PROJ00812,CUS000634,DES083,C099,Villa,2024-09-19,2025-11-13,Installation,2238037
PROJ00813,CUS002189,DES119,C015,3BHK,2024-04-16,2025-12-25,Planning,4018644
PROJ00814,CUS001242,DES066,C106,Office,2024-12-04,,completed,3545795
PROJ00815,CUS004871,DES058,C069,3BHK,2024-07-12,2025-02-17,Design Phase,1711749
PROJ00816,CUS001735,DES099,C243,Office,2024-08-27,2025-12-11,Planning,3904130
PROJ00817,CUS003166,DES028,C067,Kitchen,2024-03-08,2025-10-14,Design Phase,526858
PROJ00818,CUS001062,DES058,C184,Villa,2024-03-17,2025-10-03,Delayed,806929
PROJ00819,CUS001513,DES060,C127,2BHK,2024-07-01,2025-01-26,Installation,3375642
PROJ00820,CUS002432,DES150,C109,Office,2024-07-03,2025-05-20,completed,1317130
PROJ00821,CUS004773,DES050,C077,Villa,2024-07-09,2025-04-17,Installation,4797219
PROJ00822,CUS003137,DES062,C226,Villa,2024-01-20,2025-07-19,Design Phase,4975472
PROJ00823,CUS003619,DES090,C022,2BHK,2024-03-19,2025-03-15,Installation,2518660
PROJ00824,CUS004012,DES074,C219,3BHK,2024-07-13,,Design Phase,4336223
PROJ00825,CUS001946,DES131,C027,Villa,2024-07-11,2025-12-04,completed,1095815
PROJ00826,CUS003098,DES036,C246,Kitchen,2024-02-24,2025-04-27,completed,912166
PROJ00827,CUS004724,DES044,C058,Office,2024-06-21,,Delayed,1137637
PROJ00828,CUS003414,DES103,C131,2BHK,2024-10-12,2025-04-25,Completed,2226252
PROJ00829,CUS004486,DES030,C230,Office,2024-02-28,2025-06-18,completed,466733
PROJ00830,CUS004349,DES075,C032,Office,2024-09-10,2025-08-17,completed,615200
PROJ00831,CUS002141,DES142,C248,2BHK,2024-08-03,2025-06-22,Installation,2501538
PROJ00832,CUS001383,DES038,C097,3BHK,2024-04-02,2025-06-20,completed,1296353
PROJ00833,CUS002160,DES058,C245,Villa,2024-01-18,2025-07-10,Completed,2662381
PROJ00834,CUS001980,DES148,C250,Office,2024-03-01,2025-01-20,Planning,4297299
PROJ00835,CUS004245,DES020,C095,2BHK,2024-07-15,2025-04-24,completed,4282600
PROJ00836,CUS004212,DES070,C011,Office,2024-03-14,2025-01-20,Planning,1574062
PROJ00837,CUS003304,DES084,C071,Villa,2024-12-14,2025-09-24,Delayed,4391173
PROJ00838,CUS004466,DES117,C212,Office,2024-11-07,2025-02-08,Completed,1066150
PROJ00839,CUS000267,DES089,C072,2BHK,2024-10-10,2025-08-14,Delayed,911390
PROJ00840,CUS001676,DES098,C175,3BHK,09/05/2024,2025-07-07,completed,1837679
PROJ00841,CUS001631,DES115,C042,3BHK,2024-02-14,2025-09-14,Planning,2576206
PROJ00842,CUS002352,DES112,C142,Kitchen,2024-02-21,2025-03-14,Planning,3699078
PROJ00843,CUS003513,DES112,C247,Villa,2024-12-21,2025-08-07,completed,3586001
PROJ00844,CUS001680,DES083,C003,Kitchen,2024-02-01,2025-02-27,completed,3816896
PROJ00845,CUS004500,DES041,C191,Villa,2024-03-15,,Installation,3867100
PROJ00846,CUS001937,DES123,C131,Villa,2024-01-28,2025-04-24,Completed,3979112
PROJ00847,CUS001306,DES071,C147,3BHK,2024-08-28,2025-03-09,Design Phase,4126385
PROJ00848,CUS003154,DES025,C052,Office,2024-11-27,2025-11-17,Design Phase,3582721
PROJ00849,CUS004336,DES010,C109,3BHK,2024-08-13,2025-04-18,Delayed,4957831
PROJ00850,CUS003256,DES069,C118,Kitchen,2024-06-01,2025-09-06,Design Phase,920055
PROJ00851,CUS000409,DES087,C220,3BHK,2024-02-04,,Planning,495731
PROJ00852,CUS000144,DES017,C064,Villa,2024-06-14,2025-10-02,Planning,2394546
PROJ00853,CUS002941,DES056,C093,Villa,2024-12-23,2025-09-11,Delayed,2559782
PROJ00854,CUS000931,DES103,C029,Office,2024-05-26,2025-09-16,Design Phase,2376365
PROJ00855,CUS001194,DES068,C063,Kitchen,2024-10-18,2025-02-18,Planning,4422374
PROJ00856,CUS003606,DES120,C126,3BHK,2024-01-21,,Delayed,4089682
PROJ00857,CUS001521,DES014,C161,3BHK,2024-02-14,2025-12-02,completed,3708542
PROJ00858,CUS000532,DES028,C055,3BHK,2024-06-01,2025-12-18,Planning,3657692
PROJ00859,CUS000264,DES126,C108,3BHK,2024-02-01,2025-01-02,Planning,2888628
PROJ00860,CUS003152,DES018,C021,2BHK,2024-07-25,2025-06-10,Installation,606657
PROJ00861,CUS000883,DES111,C020,Kitchen,2024-08-09,,Design Phase,4798951
PROJ00862,CUS002064,DES106,C019,Villa,2024-05-26,,Completed,2612761
PROJ00863,CUS002584,DES028,C138,3BHK,2024-11-12,2025-06-26,Completed,1510453
PROJ00864,CUS002460,DES050,C016,Office,2024-07-26,2025-01-26,Delayed,1675920
PROJ00865,CUS004497,DES026,C048,Kitchen,2024-05-21,2025-02-15,Installation,2082497
PROJ00866,CUS000973,DES088,C021,Kitchen,2024-01-08,2025-02-28,completed,4978498
PROJ00867,CUS001864,DES111,C008,Office,2024-12-08,2025-01-18,Planning,3787115
PROJ00868,CUS000316,DES128,C062,Office,2024-04-09,2025-04-13,Planning,1711961
PROJ00869,CUS004939,DES056,C031,Villa,2024-04-01,2025-11-18,Installation,992456
PROJ00870,CUS001345,DES129,C076,3BHK,16/09/2024,2025-09-11,completed,4693200
PROJ00871,CUS003844,DES137,C061,Kitchen,2024-11-04,2025-07-27,Completed,887917
PROJ00872,CUS002461,DES005,C073,2BHK,2024-10-15,2025-09-06,Delayed,2638192
PROJ00873,CUS001004,DES038,C227,Kitchen,2024-02-07,2025-07-21,Planning,4800874
PROJ00874,CUS001327,DES018,C208,2BHK,2024-01-22,2025-10-27,completed,4931880
PROJ00875,CUS003155,DES125,C229,Villa,2024-01-17,,Planning,1415870
PROJ00876,CUS000921,DES098,C021,2BHK,2024-08-23,2025-08-15,Design Phase,4234429
PROJ00877,CUS000693,DES005,C217,Kitchen,2024-09-07,2025-05-19,Completed,1545002
PROJ00878,CUS001893,DES076,C076,Villa,2024-01-14,2025-08-18,Planning,3025554
PROJ00879,CUS003691,DES083,C178,2BHK,2024-02-25,2025-12-22,Installation,422151
PROJ00880,CUS000497,DES115,C212,Office,2024-08-24,2025-10-05,Planning,4362200
PROJ00881,CUS003942,DES085,C175,Villa,2024-05-27,2025-10-16,Delayed,3431020
PROJ00882,CUS001848,DES084,C011,Villa,2024-12-24,2025-11-12,Planning,3131883
PROJ00883,CUS000108,DES090,C191,2BHK,2024-08-20,2025-05-21,Planning,4652528
PROJ00884,CUS000596,DES055,C002,Office,2024-01-02,2025-09-08,Design Phase,4562313
PROJ00885,CUS000763,DES099,C069,3BHK,2024-06-27,2025-05-03,Completed,1837703
PROJ00886,CUS004859,DES096,C033,Office,2024-04-20,2025-03-22,Planning,2404978
PROJ00887,CUS002612,DES136,C221,2BHK,2024-06-10,2025-01-17,Design Phase,447100
PROJ00888,CUS002930,DES141,C154,Villa,2024-03-27,2025-01-23,Delayed,4468291
PROJ00889,CUS001484,DES003,C156,Villa,2024-01-09,2025-05-19,Planning,4882259
PROJ00890,CUS003601,DES053,C075,2BHK,2024-12-20,,Completed,2584027
PROJ00891,CUS001193,DES118,C112,Villa,2024-01-18,,Installation,3780270
PROJ00892,CUS000019,DES044,C062,Villa,2024-09-27,2025-02-17,Design Phase,302691
PROJ00893,CUS004168,DES128,C133,3BHK,2024-11-21,2025-11-09,Installation,1569248
PROJ00894,CUS000994,DES025,C154,2BHK,2024-02-15,2025-04-13,Planning,3525897
PROJ00895,CUS003190,DES017,C090,Villa,2024-06-25,,Design Phase,397062
PROJ00896,CUS003818,DES020,C241,Villa,2024-12-20,2025-08-23,Delayed,4821691
PROJ00897,CUS000578,DES086,C205,3BHK,2024-10-15,2025-12-17,Design Phase,2810615
PROJ00898,CUS002269,DES031,C041,Office,2024-11-21,2025-11-15,Design Phase,4800446
PROJ00899,CUS004790,DES129,C143,Villa,2024-06-23,2025-05-08,Installation,1104808
PROJ00900,CUS000646,DES003,C174,2BHK,23/06/2024,2025-03-07,Installation,4400604
PROJ00901,CUS003171,DES103,C143,3BHK,2024-10-08,2025-10-12,Planning,872079
PROJ00902,CUS003663,DES002,C137,Villa,2024-05-21,2025-12-22,completed,3383151
PROJ00903,CUS002222,DES105,C095,2BHK,2024-10-23,2025-04-01,Completed,3461986
PROJ00904,CUS003544,DES018,C068,3BHK,2024-05-20,2025-02-19,Planning,2937685
PROJ00905,CUS001201,DES009,C217,Villa,2024-12-12,2025-04-18,Design Phase,4070318
PROJ00906,CUS002209,DES148,C102,Kitchen,2024-08-21,2025-02-09,Installation,3081448
PROJ00907,CUS003905,DES077,C177,Villa,2024-04-27,2025-08-19,Design Phase,4704524
PROJ00908,CUS002257,DES071,C204,3BHK,2024-12-15,2025-11-16,Design Phase,4616268
PROJ00909,CUS001362,DES123,C140,Office,2024-10-21,2025-07-06,Delayed,975288
PROJ00910,CUS004515,DES146,C202,Office,2024-09-14,2025-09-09,Design Phase,775233
PROJ00911,CUS004997,DES070,C047,Office,2024-06-25,,Design Phase,2525971
PROJ00912,CUS003677,DES087,C226,Villa,2024-07-28,2025-01-19,Design Phase,3384960
PROJ00913,CUS003441,DES009,C092,2BHK,2024-04-18,2025-10-01,Installation,3261389
PROJ00914,CUS002002,DES063,C131,Villa,2024-12-05,2025-08-09,completed,4011885
PROJ00915,CUS000217,DES010,C029,3BHK,2024-11-13,2025-01-03,Installation,2565736
PROJ00916,CUS004739,DES011,C105,2BHK,2024-09-24,2025-09-03,Design Phase,4875793
PROJ00917,CUS004397,DES081,C216,Villa,2024-06-19,,Planning,1972296
PROJ00918,CUS004128,DES052,C249,Office,2024-02-27,2025-10-05,Installation,3309542
PROJ00919,CUS001411,DES015,C195,Office,2024-07-03,2025-06-01,Planning,1744242
PROJ00920,CUS001337,DES052,C230,Villa,2024-10-27,2025-05-05,Planning,3373561
PROJ00921,CUS002075,DES112,C053,3BHK,2024-01-15,2025-11-25,completed,234869
PROJ00922,CUS000401,DES054,C222,Kitchen,2024-07-10,,Delayed,3678368
PROJ00923,CUS000094,DES137,C067,Kitchen,2024-03-28,2025-07-25,Delayed,4110488
PROJ00924,CUS004715,DES068,C186,Villa,2024-06-04,2025-08-05,Installation,3945918
PROJ00925,CUS002747,DES126,C140,Office,2024-01-25,2025-01-11,completed,1243229
PROJ00926,CUS001506,DES122,C113,3BHK,2024-06-23,2025-11-08,Installation,934971
PROJ00927,CUS004117,DES050,C059,Villa,2024-06-28,2025-05-04,Delayed,1829814
PROJ00928,CUS000006,DES066,C067,3BHK,2024-05-15,,Delayed,2324451
PROJ00929,CUS000462,DES090,C035,Villa,2024-04-20,2025-10-08,Installation,4357521
PROJ00930,CUS002593,DES047,C182,Villa,12/03/2024,2025-02-24,Delayed,2648768
PROJ00931,CUS000387,DES140,C010,Kitchen,2024-11-10,2025-07-27,Design Phase,2094508
PROJ00932,CUS004525,DES005,C106,2BHK,2024-10-05,2025-02-04,Planning,3613568
PROJ00933,CUS004452,DES089,C104,Kitchen,2024-02-04,2025-01-03,Design Phase,2643388
PROJ00934,CUS002429,DES054,C164,2BHK,2024-01-18,2025-07-03,completed,2098642
PROJ00935,CUS003940,DES123,C230,Kitchen,2024-10-15,2025-08-12,Installation,2221644
PROJ00936,CUS002239,DES088,C184,2BHK,2024-10-13,2025-12-09,Design Phase,3904906
PROJ00937,CUS003927,DES015,C045,3BHK,2024-05-02,,Delayed,2000679
PROJ00938,CUS001054,DES080,C201,Villa,2024-05-12,2025-02-18,completed,3088264
PROJ00939,CUS001427,DES062,C073,3BHK,2024-07-17,2025-07-13,Installation,3287059
PROJ00940,CUS002654,DES031,C046,3BHK,2024-07-09,,completed,4221939
PROJ00941,CUS003097,DES081,C151,Kitchen,2024-06-06,,Planning,2136858
PROJ00942,CUS002652,DES130,C121,2BHK,2024-05-10,2025-01-15,Planning,2638768
PROJ00943,CUS002736,DES116,C235,3BHK,2024-10-09,,Delayed,2825143
PROJ00944,CUS003000,DES121,C162,3BHK,2024-01-04,2025-02-08,Delayed,926975
PROJ00945,CUS004679,DES106,C158,Office,2024-11-04,2025-01-16,Installation,2519971
PROJ00946,CUS004666,DES086,C229,Villa,2024-09-10,,Completed,1586071
PROJ00947,CUS003739,DES068,C090,Villa,2024-10-19,2025-02-03,Completed,3948271
PROJ00948,CUS003477,DES072,C104,2BHK,2024-12-22,2025-04-10,Completed,2142759
PROJ00949,CUS000707,DES129,C240,Kitchen,2024-03-13,2025-12-09,Design Phase,3113925
PROJ00950,CUS002903,DES122,C016,Kitchen,2024-10-04,2025-11-06,Delayed,4313235
PROJ00951,CUS002298,DES060,C119,Villa,2024-10-13,2025-06-22,Planning,2829208
PROJ00952,CUS001200,DES024,C138,3BHK,2024-04-08,2025-02-02,Installation,747512
PROJ00953,CUS003154,DES047,C020,Office,2024-03-04,2025-06-21,Completed,2424919
PROJ00954,CUS003967,DES138,C123,Kitchen,2024-06-13,,Completed,4349005
PROJ00955,CUS000565,DES106,C227,3BHK,2024-03-23,2025-08-10,Delayed,3979345
PROJ00956,CUS001703,DES094,C170,Villa,2024-03-03,2025-03-22,Planning,1847941
PROJ00957,CUS000110,DES095,C177,Kitchen,2024-06-28,2025-04-21,Completed,3328107
PROJ00958,CUS002867,DES056,C137,Villa,2024-06-23,2025-05-21,Completed,4829100
PROJ00959,CUS002984,DES030,C182,3BHK,2024-06-17,2025-01-03,Installation,2715739
PROJ00960,CUS001703,DES049,C012,Office,07/09/2024,2025-04-05,Delayed,4804401
PROJ00961,CUS003597,DES149,C118,Villa,2024-02-15,2025-02-11,Installation,1462381
PROJ00962,CUS003217,DES076,C044,3BHK,2024-09-28,2025-11-23,Design Phase,4080513
PROJ00963,CUS001377,DES074,C190,Office,2024-10-25,2025-11-23,Installation,756340
PROJ00964,CUS002521,DES038,C139,Villa,2024-04-20,2025-03-27,Delayed,2736436
PROJ00965,CUS000987,DES147,C210,3BHK,2024-11-11,2025-05-18,Installation,2995242
PROJ00966,CUS002174,DES024,C118,Kitchen,2024-07-03,2025-12-11,Design Phase,4864063
PROJ00967,CUS004912,DES100,C004,Villa,2024-05-11,2025-03-11,completed,3090021
PROJ00968,CUS004643,DES092,C029,3BHK,2024-02-04,2025-11-14,Planning,2729005
PROJ00969,CUS000429,DES024,C159,2BHK,2024-06-28,2025-01-08,Planning,2420862
PROJ00970,CUS004643,DES036,C172,Office,2024-01-01,2025-07-05,Planning,3640510
PROJ00971,CUS003982,DES089,C139,Kitchen,2024-07-22,2025-04-11,Delayed,4343606
PROJ00972,CUS002242,DES085,C232,Office,2024-05-11,2025-12-07,Installation,2739391
PROJ00973,CUS004855,DES140,C138,2BHK,2024-03-02,2025-06-18,Delayed,3251393
PROJ00974,CUS004347,DES126,C199,Villa,2024-05-07,2025-02-05,Design Phase,2584672
PROJ00975,CUS003127,DES007,C141,Office,2024-08-04,2025-10-07,completed,391357
PROJ00976,CUS004193,DES105,C017,Office,2024-04-02,2025-10-15,Planning,3022917
PROJ00977,CUS004743,DES126,C061,3BHK,2024-02-15,2025-08-26,Design Phase,2040605
PROJ00978,CUS002876,DES013,C225,Office,2024-05-25,2025-04-10,Design Phase,997034
PROJ00979,CUS001206,DES031,C069,Villa,2024-09-18,2025-12-11,Installation,307515
PROJ00980,CUS003639,DES139,C020,Villa,2024-12-13,2025-12-12,Design Phase,4300722
PROJ00981,CUS001267,DES014,C132,Kitchen,2024-09-17,2025-08-18,Installation,3436102
PROJ00982,CUS000202,DES034,C009,Villa,2024-03-28,2025-10-12,Delayed,4125083
PROJ00983,CUS004209,DES137,C107,3BHK,2024-03-24,2025-04-16,Completed,3951101
PROJ00984,CUS004330,DES089,C057,Office,2024-01-12,,Installation,2143047
PROJ00985,CUS002224,DES143,C028,3BHK,2024-04-28,2025-08-23,completed,2892939
PROJ00986,CUS000375,DES048,C197,Villa,2024-02-13,2025-12-24,Design Phase,2249992
PROJ00987,CUS001938,DES031,C161,Kitchen,2024-10-12,2025-03-08,Completed,3111193
PROJ00988,CUS001304,DES031,C214,3BHK,2024-11-09,2025-05-07,Installation,1295438
PROJ00989,CUS001821,DES106,C036,3BHK,2024-10-21,2025-01-27,Planning,4680980
PROJ00990,CUS002674,DES027,C077,2BHK,06/08/2024,2025-01-08,completed,4354866
PROJ00991,CUS003265,DES135,C162,2BHK,2024-12-18,2025-03-27,Completed,1056426
PROJ00992,CUS004376,DES019,C200,Kitchen,2024-08-24,2025-01-23,Design Phase,889611
PROJ00993,CUS001937,DES013,C092,Office,2024-05-08,2025-03-20,completed,570891
PROJ00994,CUS000701,DES110,C144,Kitchen,2024-02-20,2025-08-05,Installation,255212
PROJ00995,CUS002536,DES055,C191,3BHK,2024-01-03,2025-07-11,Design Phase,2163399
PROJ00996,CUS003692,DES055,C173,Kitchen,2024-06-04,,Planning,4174174
PROJ00997,CUS004956,DES062,C151,2BHK,2024-03-15,2025-04-05,Installation,3210506
PROJ00998,CUS000274,DES041,C249,2BHK,2024-06-17,2025-08-12,Planning,548156
PROJ00999,CUS002336,DES096,C205,Kitchen,2024-11-16,,Design Phase,1162795
PROJ01000,CUS004286,DES001,C043,3BHK,2024-08-14,2025-03-18,Delayed,1439974
PROJ01001,CUS003518,DES061,C061,2BHK,2024-11-23,2025-01-21,completed,1283620
PROJ01002,CUS001737,DES039,C039,Office,2024-03-23,,Installation,4764061
PROJ01003,CUS003396,DES080,C014,2BHK,2024-10-27,2025-07-26,Design Phase,1216057
PROJ01004,CUS001973,DES126,C135,Villa,2024-03-08,2025-04-11,Delayed,4263633
PROJ01005,CUS003526,DES026,C113,Office,2024-04-23,2025-08-03,Design Phase,216213
PROJ01006,CUS001560,DES013,C172,3BHK,2024-01-04,2025-08-05,completed,3796801
PROJ01007,CUS000396,DES063,C250,3BHK,2024-10-02,2025-03-23,Design Phase,481637
PROJ01008,CUS002014,DES126,C125,Villa,2024-02-08,2025-11-04,Completed,4176547
PROJ01009,CUS000857,DES044,C007,Villa,2024-07-02,2025-03-01,Design Phase,263945
PROJ01010,CUS004331,DES110,C166,3BHK,2024-07-22,2025-10-05,Installation,968337
PROJ01011,CUS002230,DES078,C200,Villa,2024-04-03,,completed,2769784
PROJ01012,CUS002543,DES143,C037,Kitchen,2024-10-02,2025-12-04,Design Phase,4270380
PROJ01013,CUS004808,DES141,C006,Kitchen,2024-09-03,2025-03-11,Planning,3245191
PROJ01014,CUS002332,DES030,C031,Kitchen,2024-04-22,2025-02-22,Installation,1957470
PROJ01015,CUS001146,DES057,C031,Office,2024-03-09,,Delayed,1872720
PROJ01016,CUS001533,DES111,C214,2BHK,2024-03-27,2025-04-01,Delayed,827278
PROJ01017,CUS002796,DES060,C221,Villa,2024-08-07,2025-10-12,Delayed,4336054
PROJ01018,CUS003401,DES102,C126,Villa,2024-09-01,2025-06-25,Delayed,3874248
PROJ01019,CUS002142,DES048,C219,2BHK,2024-11-23,2025-03-23,Planning,2847141
PROJ01020,CUS003274,DES023,C159,Kitchen,24/08/2024,2025-01-04,completed,1703437
PROJ01021,CUS003411,DES040,C032,3BHK,2024-12-05,2025-04-11,completed,741405
PROJ01022,CUS004622,DES128,C164,Kitchen,2024-03-03,2025-07-13,completed,2470221
PROJ01023,CUS004561,DES013,C245,Kitchen,2024-01-08,2025-02-22,completed,2921018
PROJ01024,CUS004895,DES012,C069,Villa,2024-06-19,2025-09-17,Delayed,2220908
PROJ01025,CUS003450,DES072,C101,Villa,2024-06-22,2025-03-02,Installation,2950863
PROJ01026,CUS001015,DES086,C231,Office,2024-03-14,2025-11-03,Delayed,506814
PROJ01027,CUS002219,DES085,C155,Villa,2024-11-17,2025-12-05,Design Phase,2915303
PROJ01028,CUS004821,DES006,C007,Villa,2024-12-27,2025-07-21,Completed,1546173
PROJ01029,CUS000145,DES045,C184,Kitchen,2024-05-21,2025-01-25,Delayed,1562891
PROJ01030,CUS004853,DES103,C114,Office,2024-11-03,2025-11-25,Completed,4541546
PROJ01031,CUS004447,DES118,C039,2BHK,2024-12-09,2025-03-17,completed,2690232
PROJ01032,CUS004663,DES095,C049,Office,2024-02-17,2025-08-12,Design Phase,2027838
PROJ01033,CUS004646,DES142,C087,2BHK,2024-09-02,2025-01-27,Design Phase,3661806
PROJ01034,CUS002247,DES018,C085,Villa,2024-10-09,2025-09-24,Delayed,1859464
PROJ01035,CUS004512,DES106,C177,2BHK,2024-04-16,2025-06-01,Design Phase,3151365
PROJ01036,CUS004738,DES047,C201,2BHK,2024-10-17,2025-06-12,Planning,4775671
PROJ01037,CUS003506,DES101,C067,3BHK,2024-12-11,2025-03-23,Planning,3978956
PROJ01038,CUS001857,DES009,C027,Kitchen,2024-05-19,2025-09-08,Design Phase,4885951
PROJ01039,CUS000286,DES146,C122,3BHK,2024-03-15,2025-12-17,Installation,4574809
PROJ01040,CUS000404,DES120,C036,Villa,2024-07-14,2025-12-13,Planning,3615128
PROJ01041,CUS004683,DES063,C014,2BHK,2024-11-26,,completed,4564854
PROJ01042,CUS002435,DES124,C240,2BHK,2024-04-17,,Installation,3894370
PROJ01043,CUS002292,DES009,C165,2BHK,2024-03-24,,Design Phase,2109783
PROJ01044,CUS004096,DES113,C191,Villa,2024-07-24,2025-08-20,Design Phase,676975
PROJ01045,CUS001305,DES117,C043,Office,2024-09-20,2025-07-14,Delayed,1487820
PROJ01046,CUS001599,DES101,C208,Kitchen,2024-11-24,2025-07-20,Design Phase,1900564
PROJ01047,CUS002184,DES001,C108,Office,2024-11-22,2025-08-09,Installation,2490134
PROJ01048,CUS001486,DES085,C210,Office,2024-06-25,2025-08-14,Completed,4630269
PROJ01049,CUS002348,DES003,C216,2BHK,2024-07-03,2025-04-04,Installation,3063851
PROJ01050,CUS003571,DES135,C090,Villa,15/10/2024,2025-04-05,Installation,1201836
PROJ01051,CUS003654,DES109,C165,Villa,2024-10-11,2025-08-08,Design Phase,3361222
PROJ01052,CUS001589,DES066,C132,Villa,2024-11-07,2025-11-21,Design Phase,2894527
PROJ01053,CUS004674,DES035,C193,2BHK,2024-08-25,2025-04-21,Planning,3975135
PROJ01054,CUS001563,DES024,C205,Kitchen,2024-06-01,2025-10-05,Installation,1853142
PROJ01055,CUS000654,DES010,C127,Villa,2024-03-26,2025-04-27,Planning,2882616
PROJ01056,CUS004552,DES056,C017,3BHK,2024-07-03,2025-02-10,Design Phase,4270623
PROJ01057,CUS000621,DES079,C038,Office,2024-03-01,2025-05-22,Delayed,389063
PROJ01058,CUS003537,DES079,C199,3BHK,2024-09-01,,Planning,4492721
PROJ01059,CUS003707,DES072,C173,3BHK,2024-12-24,2025-05-21,Planning,3880283
PROJ01060,CUS004160,DES109,C114,3BHK,2024-12-20,2025-04-15,Completed,2258376
PROJ01061,CUS003417,DES016,C155,Office,2024-09-26,2025-01-11,Planning,1577445
PROJ01062,CUS002725,DES096,C107,2BHK,2024-09-02,2025-04-20,Completed,3230343
PROJ01063,CUS001907,DES025,C228,Office,2024-01-28,,Planning,2207291
PROJ01064,CUS003432,DES077,C010,Office,2024-09-25,2025-04-17,Delayed,250409
PROJ01065,CUS002125,DES050,C142,Villa,2024-11-21,2025-05-25,Planning,3522717
PROJ01066,CUS002278,DES073,C230,Kitchen,2024-03-13,2025-12-09,Installation,4542541
PROJ01067,CUS002506,DES042,C085,Office,2024-12-25,2025-10-12,Installation,2196528
PROJ01068,CUS001398,DES010,C179,Office,2024-10-09,2025-06-01,completed,4459461
PROJ01069,CUS001638,DES017,C067,3BHK,2024-07-18,2025-12-20,Completed,2328247
PROJ01070,CUS000889,DES001,C142,3BHK,2024-10-14,2025-08-16,Planning,2582210
PROJ01071,CUS002882,DES059,C029,Kitchen,2024-12-05,2025-02-08,Design Phase,1926817
PROJ01072,CUS000359,DES033,C085,2BHK,2024-11-01,2025-02-14,Design Phase,1914119
PROJ01073,CUS001054,DES092,C007,Kitchen,2024-07-01,2025-06-06,Delayed,2197710
PROJ01074,CUS000202,DES136,C114,Office,2024-04-01,2025-04-14,Completed,3412118
PROJ01075,CUS002540,DES146,C080,3BHK,2024-12-11,2025-07-04,Delayed,2924567
PROJ01076,CUS004540,DES148,C151,3BHK,2024-03-28,2025-03-19,completed,4155907
PROJ01077,CUS002899,DES097,C227,Kitchen,2024-02-20,,Completed,2899290
PROJ01078,CUS003253,DES120,C035,Office,2024-06-08,2025-09-19,Completed,3295088
PROJ01079,CUS004509,DES135,C076,Office,2024-03-07,,Delayed,3873296
PROJ01080,CUS000124,DES100,C075,Office,25/08/2024,2025-08-04,completed,2820796
PROJ01081,CUS003283,DES132,C227,Villa,2024-12-16,2025-07-04,Installation,3451522
PROJ01082,CUS003584,DES057,C049,Kitchen,2024-12-05,2025-12-19,Completed,3162336
PROJ01083,CUS003293,DES139,C083,Villa,2024-12-01,2025-03-10,Completed,2779821
PROJ01084,CUS001232,DES063,C128,Kitchen,2024-09-25,,Planning,2470488
PROJ01085,CUS003498,DES049,C173,3BHK,2024-02-24,2025-05-06,Planning,3612123
PROJ01086,CUS004161,DES051,C207,Villa,2024-06-22,,Completed,624825
PROJ01087,CUS003119,DES114,C231,Office,2024-05-10,,completed,1247465
PROJ01088,CUS000647,DES066,C017,3BHK,2024-12-28,,Delayed,500686
PROJ01089,CUS000590,DES006,C136,Office,2024-11-06,2025-01-12,Installation,2290545
PROJ01090,CUS002162,DES098,C024,Kitchen,2024-06-10,,Delayed,1109862
PROJ01091,CUS002608,DES019,C073,Kitchen,2024-07-24,2025-02-05,Planning,3146243
PROJ01092,CUS004394,DES062,C136,2BHK,2024-10-08,2025-05-16,Design Phase,4528170
PROJ01093,CUS003233,DES113,C051,2BHK,2024-12-17,2025-04-20,Completed,3870067
PROJ01094,CUS001237,DES008,C105,3BHK,2024-01-07,2025-10-27,Design Phase,1616299
PROJ01095,CUS004325,DES112,C102,3BHK,2024-10-08,2025-01-17,completed,907699
PROJ01096,CUS002981,DES146,C142,Villa,2024-01-19,2025-05-08,Completed,1005251
PROJ01097,CUS004705,DES048,C097,Kitchen,2024-04-07,2025-02-12,Installation,1719497
PROJ01098,CUS004464,DES049,C060,2BHK,2024-10-08,2025-07-01,Completed,1099802
PROJ01099,CUS004467,DES086,C230,Kitchen,2024-08-11,2025-06-02,Completed,959730
PROJ01100,CUS002456,DES025,C002,Office,2024-03-17,2025-04-07,Completed,532711
PROJ01101,CUS002603,DES029,C206,3BHK,2024-09-06,2025-10-14,Installation,3544363
PROJ01102,CUS002163,DES129,C243,2BHK,2024-05-11,2025-01-08,completed,3185700
PROJ01103,CUS002398,DES083,C015,3BHK,2024-10-10,2025-11-22,Planning,240950
PROJ01104,CUS003003,DES082,C203,Office,2024-06-06,2025-09-26,Design Phase,707152
PROJ01105,CUS000420,DES052,C084,Villa,2024-01-17,2025-01-15,Installation,2702158
PROJ01106,CUS001142,DES011,C006,Kitchen,2024-11-27,2025-07-18,Installation,4549197
PROJ01107,CUS001887,DES137,C056,2BHK,2024-10-02,,completed,2975310
PROJ01108,CUS002201,DES098,C178,2BHK,2024-04-04,,Completed,3631327
PROJ01109,CUS002994,DES115,C143,Kitchen,2024-09-11,,Delayed,2384102
PROJ01110,CUS004861,DES057,C021,2BHK,27/06/2024,2025-12-25,Planning,4555985
PROJ01111,CUS002792,DES053,C057,2BHK,2024-12-09,2025-10-27,Installation,1405572
PROJ01112,CUS000492,DES065,C181,Office,2024-04-27,2025-08-27,Installation,532292
PROJ01113,CUS004778,DES096,C238,Villa,2024-07-21,2025-10-01,Completed,4038377
PROJ01114,CUS004807,DES041,C187,3BHK,2024-07-02,2025-10-11,Design Phase,1989942
PROJ01115,CUS004307,DES122,C049,3BHK,2024-08-01,2025-07-22,Completed,4745067
PROJ01116,CUS004183,DES111,C083,Office,2024-07-23,2025-07-07,completed,3315430
PROJ01117,CUS001403,DES118,C091,Kitchen,2024-07-06,2025-12-20,Installation,3468900
PROJ01118,CUS001642,DES111,C238,Kitchen,2024-05-14,2025-04-26,completed,2497921
PROJ01119,CUS000966,DES051,C042,Kitchen,2024-01-24,2025-10-19,Delayed,3082595
PROJ01120,CUS002338,DES123,C198,2BHK,2024-01-17,2025-05-20,completed,944112
PROJ01121,CUS004459,DES063,C145,3BHK,2024-12-22,2025-01-25,Completed,3646063
PROJ01122,CUS001534,DES050,C097,Office,2024-12-16,2025-05-26,Installation,1937957
PROJ01123,CUS004059,DES091,C194,Office,2024-08-02,2025-11-23,Delayed,1013747
PROJ01124,CUS002704,DES001,C065,Kitchen,2024-11-28,2025-06-12,Completed,4611278
PROJ01125,CUS001619,DES132,C021,Kitchen,2024-01-05,,Planning,3158099
PROJ01126,CUS003092,DES116,C148,Kitchen,2024-01-23,2025-02-07,Planning,1461521
PROJ01127,CUS003693,DES133,C177,Office,2024-08-04,2025-12-27,Delayed,4806484
PROJ01128,CUS003600,DES133,C041,Office,2024-09-23,,Design Phase,3662689
PROJ01129,CUS003396,DES105,C079,Kitchen,2024-05-21,2025-07-18,Completed,2866520
PROJ01130,CUS004360,DES020,C157,2BHK,2024-11-16,2025-06-18,Installation,1819756
PROJ01131,CUS003939,DES105,C053,3BHK,2024-01-04,2025-02-09,Completed,1437981
PROJ01132,CUS000061,DES046,C009,3BHK,2024-03-20,2025-08-26,Completed,3211288
PROJ01133,CUS002231,DES127,C004,Office,2024-08-18,2025-02-23,Completed,2068611
PROJ01134,CUS001685,DES103,C113,Kitchen,2024-10-17,2025-03-18,Design Phase,3011937
PROJ01135,CUS000388,DES105,C026,3BHK,2024-10-19,2025-06-26,Planning,2530660
PROJ01136,CUS000273,DES123,C083,Office,2024-10-05,2025-12-04,completed,4015217
PROJ01137,CUS001111,DES095,C111,Office,2024-05-08,2025-04-11,Delayed,1639154
PROJ01138,CUS000942,DES095,C224,Villa,2024-10-28,2025-09-12,Design Phase,1160737
PROJ01139,CUS002902,DES053,C039,2BHK,2024-12-09,2025-05-16,Completed,305771
PROJ01140,CUS001573,DES083,C039,2BHK,10/03/2024,2025-04-02,Delayed,716380
PROJ01141,CUS003405,DES046,C062,2BHK,2024-09-23,2025-03-11,Design Phase,2677662
PROJ01142,CUS002625,DES016,C040,Kitchen,2024-08-02,2025-07-04,Planning,2704694
PROJ01143,CUS003865,DES019,C045,Office,2024-10-05,2025-07-15,Installation,4584509
PROJ01144,CUS001281,DES041,C023,2BHK,2024-07-11,2025-06-20,Delayed,1288958
PROJ01145,CUS003562,DES058,C034,3BHK,2024-07-23,2025-08-12,Completed,3534063
PROJ01146,CUS002366,DES063,C241,2BHK,2024-03-03,,Planning,1721189
PROJ01147,CUS003515,DES142,C136,3BHK,2024-06-28,,Planning,4674640
PROJ01148,CUS003090,DES044,C054,3BHK,2024-04-05,2025-07-07,Delayed,2567380
PROJ01149,CUS003558,DES023,C155,Office,2024-12-01,2025-03-18,completed,1345577
PROJ01150,CUS000524,DES023,C088,2BHK,2024-06-15,2025-10-05,Design Phase,3469896
PROJ01151,CUS004985,DES078,C028,3BHK,2024-04-14,2025-06-21,Installation,1859447
PROJ01152,CUS004627,DES113,C037,Kitchen,2024-08-20,2025-11-13,Installation,4697050
PROJ01153,CUS000575,DES108,C245,2BHK,2024-04-20,,Planning,1644236
PROJ01154,CUS003448,DES127,C196,Office,2024-10-23,2025-03-10,Installation,2665877
PROJ01155,CUS002808,DES054,C222,3BHK,2024-07-21,,Planning,1205444
PROJ01156,CUS000377,DES042,C060,Office,2024-10-11,2025-08-11,Design Phase,1871474
PROJ01157,CUS003487,DES134,C215,Office,2024-03-12,,Delayed,4205431
PROJ01158,CUS001636,DES134,C080,2BHK,2024-01-16,2025-12-05,Delayed,4411547
PROJ01159,CUS002403,DES115,C050,2BHK,2024-10-06,2025-09-21,Installation,316814
PROJ01160,CUS002093,DES142,C073,Kitchen,2024-08-27,2025-03-11,Planning,295655
PROJ01161,CUS004174,DES138,C169,Kitchen,2024-06-05,2025-09-05,Design Phase,4738299
PROJ01162,CUS004665,DES118,C223,Villa,2024-01-28,2025-10-03,Planning,4213393
PROJ01163,CUS004560,DES070,C136,Villa,2024-03-08,2025-12-06,completed,2803061
PROJ01164,CUS002254,DES013,C157,Villa,2024-02-12,2025-03-22,completed,3207358
PROJ01165,CUS004977,DES090,C001,2BHK,2024-02-25,,Installation,4385458
PROJ01166,CUS003725,DES053,C149,3BHK,2024-01-05,2025-01-18,Design Phase,621100
PROJ01167,CUS003589,DES058,C169,3BHK,2024-09-11,,Installation,2004075
PROJ01168,CUS000942,DES028,C184,Office,2024-08-21,2025-03-19,Design Phase,1412740
PROJ01169,CUS002396,DES107,C041,2BHK,2024-04-11,2025-12-22,completed,3601843
PROJ01170,CUS003334,DES070,C222,Office,04/04/2024,2025-07-09,Delayed,3436695
PROJ01171,CUS004490,DES005,C216,Kitchen,2024-01-02,2025-07-05,completed,463315
PROJ01172,CUS002438,DES042,C207,3BHK,2024-09-01,2025-08-15,Completed,1544765
PROJ01173,CUS001242,DES007,C159,2BHK,2024-06-06,2025-12-04,Design Phase,4484253
PROJ01174,CUS001269,DES037,C203,2BHK,2024-12-07,2025-06-13,Design Phase,2019062
PROJ01175,CUS002702,DES125,C042,2BHK,2024-07-06,2025-08-13,completed,3507448
PROJ01176,CUS002937,DES072,C025,Office,2024-12-14,2025-09-19,Planning,3213489
PROJ01177,CUS003483,DES044,C210,Office,2024-05-06,2025-12-21,Planning,2108414
PROJ01178,CUS001112,DES062,C175,2BHK,2024-12-23,2025-06-07,completed,3883020
PROJ01179,CUS001467,DES113,C250,2BHK,2024-02-15,2025-02-12,Delayed,2890595
PROJ01180,CUS004938,DES140,C166,Office,2024-01-06,2025-09-07,Delayed,2447754
PROJ01181,CUS001701,DES011,C234,Villa,2024-10-23,2025-01-09,Installation,2418845
PROJ01182,CUS004171,DES022,C132,Kitchen,2024-09-03,2025-09-02,Design Phase,893517
PROJ01183,CUS001749,DES093,C209,Office,2024-06-03,2025-05-03,Design Phase,3108862
PROJ01184,CUS004608,DES071,C199,Villa,2024-10-21,2025-12-02,completed,3764006
PROJ01185,CUS004797,DES120,C009,2BHK,2024-10-25,2025-12-09,Planning,2831219
PROJ01186,CUS001073,DES015,C071,3BHK,2024-09-18,2025-08-18,Planning,453759
PROJ01187,CUS001160,DES039,C039,Kitchen,2024-09-26,2025-11-16,Planning,2029015
PROJ01188,CUS004644,DES133,C178,Office,2024-07-03,,Planning,3975784
PROJ01189,CUS003011,DES147,C118,Kitchen,2024-10-22,2025-05-16,Planning,3049683
PROJ01190,CUS004267,DES132,C165,2BHK,2024-06-17,2025-05-18,Completed,4566874
PROJ01191,CUS004767,DES043,C006,2BHK,2024-05-03,2025-08-12,Planning,3070413
PROJ01192,CUS001942,DES108,C145,Office,2024-02-23,2025-05-23,Planning,3178974
PROJ01193,CUS002679,DES008,C084,Villa,2024-08-01,2025-04-26,completed,1216085
PROJ01194,CUS002837,DES113,C222,2BHK,2024-08-17,2025-10-18,Installation,3854412
PROJ01195,CUS002180,DES047,C103,2BHK,2024-03-10,2025-10-26,Completed,3943403
PROJ01196,CUS002595,DES074,C094,3BHK,2024-04-05,,completed,4232122
PROJ01197,CUS002558,DES008,C040,Office,2024-11-10,2025-04-06,Delayed,3838500
PROJ01198,CUS003344,DES004,C193,Kitchen,2024-10-16,2025-12-26,Delayed,3248632
PROJ01199,CUS004403,DES052,C181,Office,2024-02-14,2025-02-02,Planning,2210671
PROJ01200,CUS004401,DES031,C159,Villa,08/05/2024,2025-02-07,Installation,516764
PROJ01201,CUS001808,DES057,C131,Villa,2024-12-03,2025-07-10,Planning,256535
PROJ01202,CUS001864,DES115,C162,Office,2024-06-05,2025-07-03,completed,3012463
PROJ01203,CUS000195,DES024,C205,3BHK,2024-10-01,,Delayed,3765056
PROJ01204,CUS003803,DES006,C212,Office,2024-04-10,2025-08-07,Design Phase,3731900
PROJ01205,CUS000695,DES086,C170,2BHK,2024-01-04,2025-12-06,Delayed,304458
PROJ01206,CUS004306,DES111,C023,3BHK,2024-04-06,2025-01-14,completed,531631
PROJ01207,CUS003060,DES135,C213,3BHK,2024-03-01,2025-11-16,Completed,4568278
PROJ01208,CUS000671,DES072,C162,Office,2024-11-28,2025-04-24,Completed,399557
PROJ01209,CUS001188,DES139,C235,Kitchen,2024-07-19,2025-09-06,Installation,4375359
PROJ01210,CUS001924,DES150,C109,2BHK,2024-03-25,2025-10-25,Planning,1407617
PROJ01211,CUS002808,DES045,C079,2BHK,2024-09-06,2025-03-11,Planning,1780190
PROJ01212,CUS002437,DES134,C092,2BHK,2024-12-09,2025-02-11,Planning,3648639
PROJ01213,CUS000124,DES042,C017,Office,2024-10-23,2025-08-23,completed,1363759
PROJ01214,CUS002499,DES022,C166,Office,2024-10-17,2025-06-03,completed,4596115
PROJ01215,CUS000629,DES064,C156,Office,2024-11-22,2025-07-23,completed,1831676
PROJ01216,CUS002196,DES068,C211,3BHK,2024-01-06,2025-05-10,Design Phase,3002453
PROJ01217,CUS000323,DES046,C159,2BHK,2024-10-11,2025-09-15,Completed,3541909
PROJ01218,CUS002683,DES098,C175,3BHK,2024-08-12,,Completed,4020331
PROJ01219,CUS004676,DES013,C248,Villa,2024-10-09,2025-02-04,Installation,3330636
PROJ01220,CUS000755,DES091,C042,2BHK,2024-01-20,2025-10-20,Completed,2727175
PROJ01221,CUS001430,DES057,C194,Kitchen,2024-11-13,,completed,1876985
PROJ01222,CUS003461,DES097,C090,3BHK,2024-05-11,2025-10-16,Delayed,2448883
PROJ01223,CUS003028,DES133,C027,Kitchen,2024-07-24,2025-07-20,Design Phase,2479341
PROJ01224,CUS000035,DES033,C047,3BHK,2024-06-26,2025-04-18,Installation,2504475
PROJ01225,CUS002453,DES126,C015,2BHK,2024-06-01,,Planning,4962529
PROJ01226,CUS004507,DES040,C123,2BHK,2024-06-18,,completed,959299
PROJ01227,CUS001526,DES064,C070,Kitchen,2024-05-18,2025-05-28,Installation,3063917
PROJ01228,CUS000853,DES105,C201,3BHK,2024-03-03,2025-01-17,Completed,4825034
PROJ01229,CUS001797,DES011,C149,Villa,2024-05-22,2025-01-22,Installation,4258492
PROJ01230,CUS004042,DES123,C052,Office,08/10/2024,2025-09-20,Planning,4762914
PROJ01231,CUS000971,DES107,C102,Office,2024-09-01,2025-04-23,Planning,4468324
PROJ01232,CUS001894,DES115,C079,Office,2024-05-21,2025-10-16,Planning,4961926
PROJ01233,CUS000149,DES130,C120,Kitchen,2024-06-20,2025-06-17,Completed,4506183
PROJ01234,CUS004586,DES115,C153,3BHK,2024-06-03,2025-05-27,Planning,2479454
PROJ01235,CUS001937,DES041,C181,Villa,2024-12-03,2025-04-24,Installation,963199
PROJ01236,CUS004741,DES093,C210,2BHK,2024-06-20,,Delayed,2779426
PROJ01237,CUS004646,DES044,C005,Office,2024-07-19,,Delayed,2345072
PROJ01238,CUS002602,DES093,C158,Kitchen,2024-06-05,,completed,2700958
PROJ01239,CUS002387,DES038,C079,3BHK,2024-11-23,2025-08-09,Installation,4256737
PROJ01240,CUS000611,DES078,C244,3BHK,2024-10-17,2025-03-17,Planning,2791889
PROJ01241,CUS004905,DES095,C219,2BHK,2024-01-14,2025-07-01,Planning,1327969
PROJ01242,CUS004285,DES015,C116,Office,2024-02-14,2025-03-09,Installation,3314455
PROJ01243,CUS002792,DES063,C003,Office,2024-07-07,2025-08-03,Design Phase,2335735
PROJ01244,CUS001282,DES060,C201,Office,2024-09-18,2025-09-23,Installation,2516570
PROJ01245,CUS003601,DES045,C139,Office,2024-11-21,,Installation,1539319
PROJ01246,CUS002523,DES136,C055,2BHK,2024-09-06,2025-01-22,Delayed,4290783
PROJ01247,CUS004923,DES021,C158,3BHK,2024-03-16,2025-03-26,Installation,1028977
PROJ01248,CUS001844,DES104,C008,Office,2024-03-24,2025-08-03,Planning,3090939
PROJ01249,CUS000426,DES126,C171,Kitchen,2024-03-23,2025-04-01,Delayed,3204922
PROJ01250,CUS003013,DES053,C050,Kitchen,2024-12-04,2025-04-13,Delayed,2009945
PROJ01251,CUS004505,DES024,C238,2BHK,2024-03-05,,Planning,2812319
PROJ01252,CUS000932,DES018,C098,Villa,2024-09-06,2025-03-18,Installation,1483641
PROJ01253,CUS004161,DES150,C168,Kitchen,2024-04-03,,completed,1471389
PROJ01254,CUS004185,DES050,C018,Kitchen,2024-05-02,2025-07-26,Design Phase,2339730
PROJ01255,CUS003652,DES019,C086,Office,2024-01-20,2025-01-14,completed,2130497
PROJ01256,CUS000834,DES001,C053,3BHK,2024-04-06,2025-11-14,Delayed,1491948
PROJ01257,CUS001073,DES061,C001,3BHK,2024-01-16,2025-03-05,completed,4094045
PROJ01258,CUS003790,DES049,C118,2BHK,2024-01-03,2025-04-04,completed,4573531
PROJ01259,CUS002242,DES094,C186,3BHK,2024-08-27,2025-02-12,completed,1092654
PROJ01260,CUS001874,DES120,C116,Villa,03/12/2024,2025-01-14,completed,2626277
PROJ01261,CUS002559,DES079,C192,Villa,2024-04-13,2025-02-21,Design Phase,2198097
PROJ01262,CUS002278,DES135,C135,2BHK,2024-10-10,,Design Phase,3251207
PROJ01263,CUS000587,DES078,C192,Office,2024-11-08,2025-05-05,Design Phase,786836
PROJ01264,CUS000987,DES015,C055,3BHK,2024-06-15,2025-08-06,Planning,3933412
PROJ01265,CUS003902,DES134,C225,3BHK,2024-06-17,2025-09-04,Delayed,4152732
PROJ01266,CUS004113,DES012,C187,Villa,2024-01-14,2025-03-22,Completed,4257337
PROJ01267,CUS000567,DES132,C140,Villa,2024-08-19,,Completed,4059527
PROJ01268,CUS004668,DES083,C060,2BHK,2024-09-20,2025-12-19,Completed,1892675
PROJ01269,CUS000331,DES024,C216,Villa,2024-03-15,2025-07-23,completed,391076
PROJ01270,CUS001963,DES033,C199,3BHK,2024-09-03,2025-10-10,Installation,1375478
PROJ01271,CUS003325,DES135,C195,3BHK,2024-10-03,2025-09-01,Planning,2362613
PROJ01272,CUS001529,DES058,C065,Villa,2024-08-05,2025-07-02,Design Phase,1246511
PROJ01273,CUS004905,DES071,C072,2BHK,2024-02-20,2025-10-14,Installation,4040535
PROJ01274,CUS000124,DES059,C004,Kitchen,2024-07-16,2025-12-02,completed,1391802
PROJ01275,CUS003764,DES009,C119,3BHK,2024-04-06,2025-02-17,Design Phase,2752910
PROJ01276,CUS002254,DES008,C089,2BHK,2024-03-11,2025-08-02,Installation,3365110
PROJ01277,CUS004337,DES067,C215,2BHK,2024-10-06,2025-02-17,Installation,2398267
PROJ01278,CUS002961,DES091,C064,Villa,2024-04-05,,Design Phase,1859315
PROJ01279,CUS002016,DES059,C098,Office,2024-04-21,2025-06-25,Installation,1078635
PROJ01280,CUS001926,DES118,C198,3BHK,2024-08-01,2025-04-23,Planning,3712796
PROJ01281,CUS003207,DES144,C187,Kitchen,2024-01-13,2025-05-16,Design Phase,3086658
PROJ01282,CUS001600,DES135,C010,2BHK,2024-08-05,2025-02-19,Installation,2512032
PROJ01283,CUS004355,DES142,C011,2BHK,2024-10-01,2025-06-20,completed,1836788
PROJ01284,CUS003875,DES043,C086,Kitchen,2024-12-18,2025-07-06,Completed,2041365
PROJ01285,CUS001759,DES058,C239,Office,2024-11-01,2025-02-16,Delayed,705016
PROJ01286,CUS003854,DES018,C207,Office,2024-07-20,2025-03-07,Planning,3783769
PROJ01287,CUS002476,DES060,C063,3BHK,2024-05-17,2025-05-05,Planning,4544939
PROJ01288,CUS004865,DES029,C086,2BHK,2024-04-13,,Delayed,1175231
PROJ01289,CUS002793,DES108,C161,Office,2024-09-14,2025-07-06,Design Phase,4283345
PROJ01290,CUS004480,DES106,C247,Office,02/01/2024,2025-06-11,Planning,2745113
PROJ01291,CUS000849,DES099,C248,3BHK,2024-02-15,2025-07-03,Delayed,1156147
PROJ01292,CUS003243,DES144,C086,Kitchen,2024-08-03,,Planning,3252052
PROJ01293,CUS001260,DES048,C140,Kitchen,2024-07-09,,Design Phase,2196476
PROJ01294,CUS000643,DES043,C023,2BHK,2024-04-07,,Delayed,3517567
PROJ01295,CUS001495,DES001,C241,3BHK,2024-03-06,2025-04-27,Delayed,3562862
PROJ01296,CUS000255,DES147,C233,2BHK,2024-01-06,2025-04-12,Planning,635865
PROJ01297,CUS000782,DES032,C173,Villa,2024-05-06,2025-05-05,completed,1826452
PROJ01298,CUS003503,DES082,C024,3BHK,2024-02-06,,Completed,328047
PROJ01299,CUS003836,DES058,C054,Villa,2024-09-19,,Completed,765183
PROJ01300,CUS002137,DES058,C109,3BHK,2024-08-16,2025-10-27,Planning,533900
PROJ01301,CUS000747,DES043,C200,Villa,2024-04-17,,completed,3928335
PROJ01302,CUS001809,DES027,C081,Kitchen,2024-12-13,2025-05-01,Design Phase,3875446
PROJ01303,CUS000391,DES094,C071,Kitchen,2024-07-14,2025-09-19,Design Phase,883584
PROJ01304,CUS000703,DES078,C238,Villa,2024-01-10,,Completed,4718453
PROJ01305,CUS003280,DES135,C178,3BHK,2024-04-10,2025-03-07,Design Phase,4266420
PROJ01306,CUS004841,DES014,C222,2BHK,2024-06-17,2025-05-10,Planning,3523008
PROJ01307,CUS002878,DES066,C128,Villa,2024-05-07,,Delayed,2545866
PROJ01308,CUS000254,DES018,C049,Villa,2024-08-25,2025-07-18,Planning,1741648
PROJ01309,CUS002538,DES123,C071,3BHK,2024-07-19,,Design Phase,650044
PROJ01310,CUS002017,DES068,C236,3BHK,2024-03-23,2025-04-08,Design Phase,2000594
PROJ01311,CUS000007,DES102,C032,2BHK,2024-09-05,2025-05-01,Completed,897870
PROJ01312,CUS002321,DES140,C118,Kitchen,2024-11-20,2025-11-03,completed,1064759
PROJ01313,CUS001758,DES094,C177,Office,2024-10-08,2025-09-04,Installation,647172
PROJ01314,CUS001070,DES100,C076,3BHK,2024-08-20,2025-05-04,Delayed,526586
PROJ01315,CUS001086,DES148,C082,2BHK,2024-04-09,2025-02-22,Completed,4332863
PROJ01316,CUS001988,DES111,C106,Kitchen,2024-07-28,2025-05-05,Delayed,3103479
PROJ01317,CUS003053,DES024,C235,Villa,2024-06-06,2025-08-23,Planning,3235086
PROJ01318,CUS004037,DES149,C194,Office,2024-05-18,2025-02-27,completed,3806080
PROJ01319,CUS003648,DES063,C164,3BHK,2024-02-12,2025-03-06,Design Phase,1758039
PROJ01320,CUS004310,DES144,C235,Kitchen,17/07/2024,,Completed,3060539
PROJ01321,CUS002476,DES087,C193,Kitchen,2024-11-15,2025-08-22,Completed,4205408
PROJ01322,CUS001385,DES124,C058,2BHK,2024-04-01,2025-03-23,Delayed,3568839
PROJ01323,CUS000570,DES142,C081,2BHK,2024-09-27,2025-07-06,Design Phase,2574456
PROJ01324,CUS001363,DES021,C159,Kitchen,2024-04-08,2025-06-15,completed,2023537
PROJ01325,CUS002399,DES013,C173,2BHK,2024-01-18,2025-11-24,Completed,3666236
PROJ01326,CUS002043,DES138,C157,2BHK,2024-05-02,2025-04-27,Installation,2247280
PROJ01327,CUS004245,DES149,C110,Office,2024-07-23,2025-11-17,Completed,3237958
PROJ01328,CUS000591,DES133,C146,Kitchen,2024-11-05,2025-11-27,Completed,4282743
PROJ01329,CUS003975,DES024,C244,Kitchen,2024-12-07,2025-01-17,Design Phase,723156
PROJ01330,CUS004183,DES111,C162,Villa,2024-02-05,2025-08-04,Delayed,3426362
PROJ01331,CUS002747,DES011,C205,2BHK,2024-10-21,2025-07-23,Delayed,1103208
PROJ01332,CUS001589,DES047,C054,Villa,2024-12-07,2025-02-25,Installation,1156728
PROJ01333,CUS000868,DES036,C236,2BHK,2024-06-26,2025-03-18,Installation,342551
PROJ01334,CUS000202,DES040,C134,2BHK,2024-12-10,2025-05-20,Installation,1147693
PROJ01335,CUS003062,DES022,C053,2BHK,2024-10-25,2025-05-08,Installation,3982372
PROJ01336,CUS003901,DES132,C056,2BHK,2024-05-12,2025-12-27,Completed,2332292
PROJ01337,CUS001803,DES091,C093,3BHK,2024-08-15,2025-10-16,Planning,1610886
PROJ01338,CUS003225,DES017,C061,2BHK,2024-04-22,2025-08-01,Delayed,1054701
PROJ01339,CUS003279,DES141,C175,Kitchen,2024-06-21,2025-06-15,Design Phase,689787
PROJ01340,CUS000842,DES008,C132,Office,2024-10-06,2025-07-05,Planning,4852535
PROJ01341,CUS003896,DES133,C180,3BHK,2024-04-23,2025-02-22,Installation,1204388
PROJ01342,CUS004129,DES042,C096,Office,2024-12-15,,Delayed,780485
PROJ01343,CUS004511,DES096,C033,Villa,2024-09-09,2025-03-25,Completed,655839
PROJ01344,CUS001349,DES114,C096,Kitchen,2024-10-20,2025-05-20,Design Phase,4866776
PROJ01345,CUS002609,DES104,C113,Office,2024-01-12,,Installation,3100549
PROJ01346,CUS002631,DES061,C100,Office,2024-08-07,2025-07-09,Installation,3000309
PROJ01347,CUS002893,DES075,C171,Office,2024-06-28,2025-06-06,Completed,207494
PROJ01348,CUS003212,DES037,C239,Kitchen,2024-01-23,2025-11-26,Completed,2026989
PROJ01349,CUS003589,DES073,C199,Kitchen,2024-06-12,,Design Phase,2813381
PROJ01350,CUS000369,DES072,C134,Villa,07/10/2024,2025-04-03,Installation,286143
PROJ01351,CUS000688,DES092,C038,Office,2024-06-17,,Design Phase,4027800
PROJ01352,CUS003477,DES114,C195,Office,2024-05-17,2025-07-17,Delayed,351955
PROJ01353,CUS002874,DES077,C066,3BHK,2024-05-06,2025-09-26,Design Phase,3807988
PROJ01354,CUS004443,DES146,C052,3BHK,2024-09-01,2025-04-16,Planning,1510856
PROJ01355,CUS000762,DES143,C038,Office,2024-09-24,2025-12-09,Planning,3568161
PROJ01356,CUS004006,DES029,C148,2BHK,2024-08-24,2025-01-12,Planning,2318564
PROJ01357,CUS004749,DES059,C035,Office,2024-07-04,,completed,3110042
PROJ01358,CUS003792,DES037,C057,Villa,2024-08-03,,completed,2392416
PROJ01359,CUS001544,DES102,C161,2BHK,2024-10-19,2025-12-13,completed,1996018
PROJ01360,CUS000100,DES069,C011,2BHK,2024-12-03,2025-07-04,Design Phase,3667513
PROJ01361,CUS000421,DES002,C044,Office,2024-04-01,2025-06-16,Installation,4504094
PROJ01362,CUS003854,DES049,C099,2BHK,2024-08-27,,Delayed,2497982
PROJ01363,CUS002748,DES077,C114,2BHK,2024-01-26,2025-07-05,Delayed,1446341
PROJ01364,CUS000279,DES055,C136,2BHK,2024-05-04,2025-11-21,Planning,3888811
PROJ01365,CUS004765,DES140,C155,Kitchen,2024-10-02,,completed,2062499
PROJ01366,CUS004905,DES140,C133,3BHK,2024-12-12,2025-02-02,Delayed,4594616
PROJ01367,CUS002745,DES138,C211,Office,2024-06-16,,completed,611334
PROJ01368,CUS004378,DES117,C086,Kitchen,2024-11-04,2025-10-13,Completed,2207026
PROJ01369,CUS001452,DES059,C133,Office,2024-04-20,2025-11-05,Design Phase,3674621
PROJ01370,CUS001826,DES074,C071,3BHK,2024-02-20,2025-07-17,Completed,4908512
PROJ01371,CUS003267,DES097,C005,Office,2024-03-28,2025-10-12,Design Phase,1356457
PROJ01372,CUS001195,DES086,C092,Office,2024-09-28,2025-09-01,Planning,461209
PROJ01373,CUS003427,DES054,C119,Kitchen,2024-04-27,2025-06-23,completed,3928920
PROJ01374,CUS004447,DES150,C157,Villa,2024-05-11,2025-10-13,Design Phase,3263766
PROJ01375,CUS004140,DES026,C047,2BHK,2024-04-25,2025-01-07,Completed,2666576
PROJ01376,CUS004124,DES100,C144,Villa,2024-06-27,2025-09-09,completed,1894098
PROJ01377,CUS002578,DES060,C102,2BHK,2024-10-01,,Planning,2101670
PROJ01378,CUS003906,DES015,C203,Office,2024-05-28,2025-02-27,Completed,955706
PROJ01379,CUS001051,DES127,C095,2BHK,2024-05-05,2025-02-01,Completed,2632355
PROJ01380,CUS002742,DES037,C095,Villa,22/07/2024,,Completed,2965332
PROJ01381,CUS001289,DES098,C118,2BHK,2024-01-06,2025-12-08,completed,2013622
PROJ01382,CUS001580,DES138,C181,Kitchen,2024-07-27,2025-12-28,Installation,3585814
PROJ01383,CUS001851,DES131,C165,Office,2024-07-02,2025-05-27,Completed,577033
PROJ01384,CUS003019,DES024,C089,2BHK,2024-06-26,2025-06-07,completed,3053944
PROJ01385,CUS002527,DES093,C064,2BHK,2024-07-03,2025-12-20,Planning,4410067
PROJ01386,CUS003276,DES109,C159,Office,2024-09-07,2025-05-28,Completed,1851159
PROJ01387,CUS003671,DES061,C089,Kitchen,2024-09-17,2025-11-24,Delayed,4320963
PROJ01388,CUS003134,DES048,C155,2BHK,2024-08-11,2025-06-17,completed,2597496
PROJ01389,CUS000116,DES067,C091,3BHK,2024-10-22,2025-04-27,completed,4400732
PROJ01390,CUS004970,DES112,C074,Kitchen,2024-09-11,2025-03-16,Installation,934732
PROJ01391,CUS000345,DES042,C051,2BHK,2024-06-25,2025-11-12,Installation,479210
PROJ01392,CUS004770,DES024,C199,Kitchen,2024-03-15,2025-11-15,Design Phase,4768747
PROJ01393,CUS000044,DES068,C228,Office,2024-01-04,2025-05-25,Installation,2023922
PROJ01394,CUS001539,DES037,C034,3BHK,2024-09-16,2025-02-06,Installation,4282766
PROJ01395,CUS004916,DES128,C052,3BHK,2024-06-04,2025-01-28,Design Phase,764164
PROJ01396,CUS004094,DES031,C092,2BHK,2024-05-04,2025-02-10,Delayed,2394512
PROJ01397,CUS002956,DES090,C075,Kitchen,2024-03-28,2025-11-16,Delayed,4228459
PROJ01398,CUS001354,DES006,C108,3BHK,2024-05-05,2025-04-25,Completed,4939848
PROJ01399,CUS004841,DES138,C024,3BHK,2024-02-06,2025-02-04,Delayed,747042
PROJ01400,CUS003867,DES119,C044,Kitchen,2024-10-05,2025-12-11,Design Phase,1660887
PROJ01401,CUS001149,DES136,C065,Office,2024-06-01,2025-06-20,Delayed,2176792
PROJ01402,CUS001547,DES079,C174,Office,2024-11-06,2025-08-10,completed,4717739
PROJ01403,CUS002839,DES125,C153,Villa,2024-06-03,2025-03-06,Completed,2564208
PROJ01404,CUS004017,DES024,C115,2BHK,2024-08-25,2025-01-22,Installation,3975213
PROJ01405,CUS001103,DES048,C240,2BHK,2024-10-24,2025-08-01,Design Phase,4485330
PROJ01406,CUS003318,DES019,C224,Kitchen,2024-03-11,2025-10-11,Design Phase,3602316
PROJ01407,CUS000267,DES125,C203,Office,2024-01-12,2025-03-28,Planning,2242462
PROJ01408,CUS004971,DES078,C055,Villa,2024-03-26,2025-05-10,completed,1076503
PROJ01409,CUS004531,DES139,C067,3BHK,2024-10-21,2025-06-03,completed,1591995
PROJ01410,CUS003314,DES006,C008,2BHK,07/11/2024,2025-05-19,Design Phase,4061935
PROJ01411,CUS004101,DES106,C157,Villa,2024-08-23,2025-10-20,Installation,3004388
PROJ01412,CUS001017,DES132,C181,2BHK,2024-10-26,2025-08-06,Design Phase,3393215
PROJ01413,CUS003705,DES023,C234,Villa,2024-09-19,,Completed,3126970
PROJ01414,CUS000181,DES042,C046,3BHK,2024-10-24,2025-03-27,Delayed,3346476
PROJ01415,CUS002120,DES059,C212,Kitchen,2024-11-05,2025-12-20,completed,3790176
PROJ01416,CUS003632,DES010,C122,Villa,2024-04-01,2025-02-15,Completed,4518845
PROJ01417,CUS004530,DES108,C027,Villa,2024-06-13,2025-11-07,Delayed,2091424
PROJ01418,CUS002396,DES049,C247,Kitchen,2024-09-02,2025-01-02,Design Phase,4656979
PROJ01419,CUS003419,DES082,C054,Office,2024-09-01,2025-12-27,Design Phase,3020611
PROJ01420,CUS003021,DES118,C039,Kitchen,2024-01-08,,Completed,1755364
PROJ01421,CUS003538,DES085,C174,3BHK,2024-01-08,2025-03-25,completed,487579
PROJ01422,CUS000378,DES107,C167,Office,2024-01-22,2025-08-23,Design Phase,1602808
PROJ01423,CUS002211,DES126,C123,2BHK,2024-01-02,,Design Phase,1229345
PROJ01424,CUS000904,DES034,C218,2BHK,2024-01-16,2025-04-22,Design Phase,2754001
PROJ01425,CUS004841,DES012,C020,Villa,2024-10-02,2025-01-13,completed,3227173
PROJ01426,CUS000450,DES107,C086,3BHK,2024-06-03,2025-04-19,Delayed,1416907
PROJ01427,CUS000353,DES104,C054,Villa,2024-06-05,2025-11-16,Delayed,3377554
PROJ01428,CUS000788,DES124,C151,Villa,2024-03-06,2025-02-21,Completed,4251439
PROJ01429,CUS004781,DES009,C085,3BHK,2024-08-01,2025-02-02,completed,2333705
PROJ01430,CUS001668,DES089,C063,2BHK,2024-09-04,2025-01-12,Delayed,219763
PROJ01431,CUS001900,DES137,C069,2BHK,2024-04-17,2025-02-06,completed,4798960
PROJ01432,CUS000400,DES119,C190,Villa,2024-06-15,2025-05-15,Completed,1193380
PROJ01433,CUS002566,DES011,C198,2BHK,2024-12-03,,completed,2481346
PROJ01434,CUS004359,DES035,C234,2BHK,2024-06-07,2025-08-07,Delayed,1160398
PROJ01435,CUS004890,DES120,C208,2BHK,2024-03-20,2025-04-15,Installation,3222017
PROJ01436,CUS002261,DES030,C197,2BHK,2024-05-27,2025-10-01,Completed,791396
PROJ01437,CUS004304,DES057,C096,Villa,2024-01-21,2025-01-23,Completed,4395058
PROJ01438,CUS001563,DES026,C157,Office,2024-03-23,2025-05-27,Delayed,4220815
PROJ01439,CUS002628,DES004,C099,Kitchen,2024-07-05,,completed,1185283
PROJ01440,CUS001451,DES110,C022,3BHK,05/08/2024,2025-09-04,completed,1251798
PROJ01441,CUS001405,DES006,C131,Villa,2024-06-08,2025-06-12,Completed,2034325
PROJ01442,CUS004133,DES066,C006,Villa,2024-04-20,2025-09-23,completed,1486247
PROJ01443,CUS002187,DES029,C184,3BHK,2024-01-27,2025-02-13,Design Phase,3468335
PROJ01444,CUS000417,DES011,C054,Villa,2024-09-04,2025-09-11,Completed,3282060
PROJ01445,CUS003411,DES132,C076,2BHK,2024-03-18,2025-12-11,Design Phase,535698
PROJ01446,CUS002677,DES003,C113,Kitchen,2024-03-28,2025-09-11,Delayed,2394239
PROJ01447,CUS001266,DES146,C234,Office,2024-12-22,2025-07-04,Installation,797779
PROJ01448,CUS003045,DES125,C051,3BHK,2024-01-22,2025-10-17,Design Phase,728829
PROJ01449,CUS001138,DES111,C110,2BHK,2024-08-11,2025-11-19,Completed,2645737
PROJ01450,CUS002221,DES110,C135,2BHK,2024-03-07,2025-07-18,Completed,2311401
PROJ01451,CUS003134,DES054,C140,Villa,2024-10-08,2025-02-04,Planning,2463444
PROJ01452,CUS003792,DES095,C178,2BHK,2024-07-14,2025-01-19,Delayed,1942386
PROJ01453,CUS003155,DES076,C091,3BHK,2024-10-12,,Design Phase,926037
PROJ01454,CUS003781,DES150,C218,2BHK,2024-05-01,2025-12-18,Completed,1683044
PROJ01455,CUS003226,DES020,C123,3BHK,2024-02-25,2025-03-04,Design Phase,1521132
PROJ01456,CUS002298,DES023,C212,2BHK,2024-11-18,2025-04-09,Design Phase,3377319
PROJ01457,CUS000569,DES129,C008,Office,2024-12-18,2025-01-16,Planning,659620
PROJ01458,CUS000310,DES019,C086,Kitchen,2024-11-22,2025-04-22,Design Phase,1595056
PROJ01459,CUS002550,DES082,C219,Villa,2024-12-25,2025-11-11,Delayed,2304267
PROJ01460,CUS002211,DES092,C201,2BHK,2024-10-08,2025-01-27,completed,1092287
PROJ01461,CUS004914,DES110,C020,Villa,2024-03-11,2025-05-22,Planning,4158284
PROJ01462,CUS003284,DES053,C117,Kitchen,2024-11-27,2025-12-03,Completed,3994961
PROJ01463,CUS002961,DES001,C238,3BHK,2024-05-21,2025-11-03,Planning,2848087
PROJ01464,CUS003653,DES107,C233,Office,2024-10-09,2025-11-17,Delayed,2703910
PROJ01465,CUS004654,DES129,C231,2BHK,2024-02-09,2025-02-15,Delayed,3769334
PROJ01466,CUS003848,DES013,C154,2BHK,2024-08-21,2025-05-28,Delayed,3487213
PROJ01467,CUS001845,DES145,C187,Villa,2024-06-09,2025-06-09,Design Phase,1894230
PROJ01468,CUS001916,DES012,C020,3BHK,2024-12-13,2025-05-17,Installation,2007936
PROJ01469,CUS004888,DES032,C157,Office,2024-02-12,2025-04-26,Delayed,3032539
PROJ01470,CUS000156,DES139,C196,Villa,23/02/2024,2025-09-03,Planning,754417
PROJ01471,CUS003470,DES140,C089,Office,2024-07-04,2025-07-03,completed,2819759
PROJ01472,CUS004124,DES142,C116,3BHK,2024-08-03,,Planning,2743647
PROJ01473,CUS003114,DES021,C033,Office,2024-06-10,2025-07-10,Installation,411694
PROJ01474,CUS002258,DES027,C032,3BHK,2024-01-10,2025-02-27,Design Phase,1750605
PROJ01475,CUS002532,DES129,C212,3BHK,2024-09-13,2025-12-02,Installation,4200041
PROJ01476,CUS000191,DES123,C041,Villa,2024-11-12,2025-12-23,Planning,553736
PROJ01477,CUS000265,DES049,C130,Villa,2024-05-09,,Delayed,2402484
PROJ01478,CUS002351,DES122,C169,Kitchen,2024-01-04,2025-04-27,Design Phase,2648831
PROJ01479,CUS000459,DES064,C046,Villa,2024-03-01,2025-10-01,completed,1085526
PROJ01480,CUS001387,DES054,C173,Kitchen,2024-08-16,2025-11-24,Completed,3210922
PROJ01481,CUS004061,DES140,C181,Office,2024-11-22,,Installation,1579955
PROJ01482,CUS004862,DES102,C132,Office,2024-10-01,2025-05-26,Delayed,3431135
PROJ01483,CUS000300,DES143,C040,2BHK,2024-08-04,,Completed,2077758
PROJ01484,CUS003028,DES067,C017,Office,2024-10-24,2025-03-26,Completed,1800913
PROJ01485,CUS001714,DES117,C177,Villa,2024-09-24,2025-07-17,Completed,4124702
PROJ01486,CUS000173,DES013,C180,Kitchen,2024-10-18,2025-07-08,Completed,3038532
PROJ01487,CUS004672,DES014,C109,Kitchen,2024-09-02,2025-07-06,Planning,1340845
PROJ01488,CUS004964,DES043,C234,Kitchen,2024-12-13,2025-05-03,Completed,3060114
PROJ01489,CUS002020,DES029,C056,Office,2024-10-09,2025-08-04,Planning,1205552
PROJ01490,CUS000561,DES138,C023,2BHK,2024-09-24,2025-09-04,Delayed,1920206
PROJ01491,CUS000889,DES032,C226,Office,2024-04-19,2025-12-10,Design Phase,2397223
PROJ01492,CUS002416,DES014,C161,2BHK,2024-03-10,2025-05-27,completed,3608739
PROJ01493,CUS000895,DES103,C143,Kitchen,2024-10-08,2025-12-21,Planning,1498815
PROJ01494,CUS002578,DES006,C017,Office,2024-08-10,,Installation,4046596
PROJ01495,CUS004492,DES083,C003,3BHK,2024-10-11,2025-11-10,Delayed,3810586
PROJ01496,CUS000036,DES067,C108,2BHK,2024-06-08,2025-09-11,Delayed,2004191
PROJ01497,CUS003225,DES039,C075,Villa,2024-07-08,2025-11-02,Design Phase,2664548
PROJ01498,CUS004026,DES005,C200,3BHK,2024-10-24,2025-06-02,Design Phase,4757734
PROJ01499,CUS002173,DES012,C028,2BHK,2024-04-07,,completed,4193902
PROJ01500,CUS002464,DES086,C089,Kitchen,04/12/2024,2025-02-28,Design Phase,1398872
PROJ01501,CUS003712,DES043,C055,Kitchen,2024-02-25,2025-04-09,Installation,4150460
PROJ01502,CUS004068,DES144,C120,Villa,2024-04-05,2025-11-07,completed,3708943
PROJ01503,CUS004592,DES057,C081,3BHK,2024-01-25,2025-07-12,Design Phase,3326354
PROJ01504,CUS002680,DES103,C124,2BHK,2024-01-01,2025-05-08,Installation,593817
PROJ01505,CUS002770,DES122,C010,Villa,2024-05-02,,Planning,3463058
PROJ01506,CUS003724,DES018,C094,3BHK,2024-02-15,2025-04-14,completed,3580290
PROJ01507,CUS002681,DES105,C037,Villa,2024-02-05,2025-08-27,Delayed,1366388
PROJ01508,CUS002945,DES044,C016,Kitchen,2024-06-08,2025-09-05,Design Phase,4081088
PROJ01509,CUS000264,DES137,C125,Villa,2024-04-04,2025-01-08,Installation,3760300
PROJ01510,CUS002254,DES132,C171,Kitchen,2024-12-08,2025-08-01,Delayed,2307206
PROJ01511,CUS000694,DES117,C132,2BHK,2024-06-15,2025-09-17,Delayed,1793926
PROJ01512,CUS003828,DES107,C084,Kitchen,2024-11-26,2025-09-21,Design Phase,618865
PROJ01513,CUS002334,DES060,C173,Office,2024-06-23,2025-11-23,Planning,4627217
PROJ01514,CUS003245,DES096,C081,Kitchen,2024-11-07,2025-02-06,Installation,1836955
PROJ01515,CUS000532,DES126,C048,Kitchen,2024-09-11,2025-10-03,Completed,4830780
PROJ01516,CUS004155,DES128,C180,3BHK,2024-01-19,2025-03-17,completed,2390846
PROJ01517,CUS004805,DES108,C238,3BHK,2024-03-05,2025-03-23,Completed,3226710
PROJ01518,CUS004863,DES044,C102,Villa,2024-08-18,2025-06-06,completed,1655488
PROJ01519,CUS003126,DES078,C143,2BHK,2024-01-03,2025-06-03,Design Phase,3297728
PROJ01520,CUS003088,DES022,C246,2BHK,2024-06-05,2025-08-24,Design Phase,3749753
PROJ01521,CUS000015,DES038,C169,3BHK,2024-10-16,2025-12-15,completed,764557
PROJ01522,CUS003679,DES124,C158,2BHK,2024-10-14,2025-04-09,Planning,4914403
PROJ01523,CUS000144,DES013,C220,3BHK,2024-07-24,,completed,4476110
PROJ01524,CUS004219,DES058,C047,Villa,2024-11-21,2025-11-20,Completed,4486031
PROJ01525,CUS000448,DES077,C179,Kitchen,2024-06-06,2025-12-14,completed,1151807
PROJ01526,CUS004164,DES044,C120,Office,2024-12-20,2025-07-15,Installation,3377997
PROJ01527,CUS003495,DES091,C124,Kitchen,2024-04-05,2025-02-25,Delayed,3377195
PROJ01528,CUS004336,DES052,C181,Kitchen,2024-03-12,2025-05-02,Delayed,3456293
PROJ01529,CUS004013,DES047,C062,Kitchen,2024-10-06,2025-09-02,Installation,4388957
PROJ01530,CUS004515,DES051,C019,3BHK,11/10/2024,2025-06-14,Design Phase,1769696
PROJ01531,CUS003481,DES145,C153,Kitchen,2024-09-28,2025-05-14,Planning,1138748
PROJ01532,CUS003360,DES112,C143,Office,2024-10-23,2025-01-18,Design Phase,4803876
PROJ01533,CUS004437,DES136,C012,3BHK,2024-12-05,2025-05-25,Installation,4308085
PROJ01534,CUS001440,DES026,C024,Kitchen,2024-02-17,2025-07-11,Delayed,2501919
PROJ01535,CUS001785,DES050,C239,3BHK,2024-03-05,2025-06-08,completed,4830145
PROJ01536,CUS000642,DES149,C186,3BHK,2024-08-18,,completed,1804928
PROJ01537,CUS001374,DES019,C120,2BHK,2024-07-10,2025-09-01,Planning,1655428
PROJ01538,CUS001631,DES143,C220,Kitchen,2024-10-25,2025-10-05,Delayed,4902118
PROJ01539,CUS002292,DES100,C014,3BHK,2024-03-01,2025-11-03,Design Phase,4192032
PROJ01540,CUS004849,DES111,C117,Kitchen,2024-04-04,2025-11-09,completed,2402940
PROJ01541,CUS002945,DES081,C135,Villa,2024-02-20,2025-06-22,Completed,3919765
PROJ01542,CUS003092,DES120,C026,2BHK,2024-01-24,2025-05-08,Delayed,4733032
PROJ01543,CUS001879,DES062,C071,2BHK,2024-05-12,2025-07-15,Design Phase,4601989
PROJ01544,CUS002628,DES121,C235,2BHK,2024-12-25,2025-08-23,completed,2964083
PROJ01545,CUS000910,DES024,C192,2BHK,2024-04-08,2025-01-25,Completed,1937990
PROJ01546,CUS002803,DES146,C065,2BHK,2024-10-21,2025-02-23,Planning,630882
PROJ01547,CUS003669,DES050,C050,Kitchen,2024-04-10,2025-07-18,Design Phase,1951527
PROJ01548,CUS003885,DES002,C061,3BHK,2024-06-23,2025-10-17,Delayed,3109002
PROJ01549,CUS000173,DES070,C216,Kitchen,2024-10-07,,Design Phase,1255075
PROJ01550,CUS000897,DES012,C056,Kitchen,2024-09-20,2025-08-20,Completed,2656185
PROJ01551,CUS002946,DES115,C052,Villa,2024-05-21,2025-11-24,Installation,4064118
PROJ01552,CUS000562,DES084,C220,2BHK,2024-02-20,2025-10-06,Completed,934233
PROJ01553,CUS002758,DES029,C245,2BHK,2024-12-08,2025-07-13,Design Phase,2828544
PROJ01554,CUS002012,DES078,C123,Villa,2024-03-14,2025-12-25,Design Phase,823777
PROJ01555,CUS001584,DES051,C140,Kitchen,2024-09-02,2025-11-03,Design Phase,3939513
PROJ01556,CUS003710,DES037,C063,Office,2024-07-22,2025-01-07,Delayed,488840
PROJ01557,CUS001669,DES050,C149,Kitchen,2024-10-18,2025-07-21,Completed,4835712
PROJ01558,CUS001860,DES136,C188,2BHK,2024-10-22,2025-09-12,Planning,2695210
PROJ01559,CUS001767,DES104,C172,Kitchen,2024-02-11,2025-01-02,completed,3609475
PROJ01560,CUS004770,DES144,C130,3BHK,05/10/2024,2025-02-13,Planning,2145624
PROJ01561,CUS002961,DES069,C151,Villa,2024-12-18,2025-11-15,Design Phase,2845915
PROJ01562,CUS000285,DES031,C036,Kitchen,2024-01-09,2025-03-21,Installation,327754
PROJ01563,CUS003107,DES017,C095,Kitchen,2024-03-09,2025-05-09,Completed,2360880
PROJ01564,CUS004118,DES118,C235,Villa,2024-06-23,2025-12-15,Completed,2116096
PROJ01565,CUS003856,DES024,C064,Office,2024-07-26,2025-11-02,Delayed,297774
PROJ01566,CUS003870,DES026,C205,2BHK,2024-10-01,2025-02-25,Delayed,2200980
PROJ01567,CUS000365,DES069,C113,3BHK,2024-05-10,2025-12-03,Installation,2795858
PROJ01568,CUS004015,DES094,C107,2BHK,2024-05-06,2025-01-05,Completed,3853673
PROJ01569,CUS000580,DES142,C194,3BHK,2024-09-19,2025-09-10,completed,1124953
PROJ01570,CUS000119,DES059,C006,Kitchen,2024-10-04,2025-11-09,Delayed,2329719
PROJ01571,CUS000394,DES137,C113,Kitchen,2024-08-25,2025-07-08,Delayed,642111
PROJ01572,CUS001833,DES041,C179,Kitchen,2024-04-11,2025-07-15,Delayed,1442556
PROJ01573,CUS003399,DES123,C157,Villa,2024-07-21,2025-07-05,Planning,3287965
PROJ01574,CUS000426,DES078,C093,2BHK,2024-11-14,,Completed,3526508
PROJ01575,CUS001803,DES077,C004,2BHK,2024-05-02,,Planning,4361095
PROJ01576,CUS002448,DES004,C030,Villa,2024-10-25,2025-01-17,Installation,3291923
PROJ01577,CUS001319,DES128,C033,Office,2024-11-18,,Installation,2628678
PROJ01578,CUS000892,DES102,C204,2BHK,2024-12-06,2025-10-11,Planning,1434037
PROJ01579,CUS003949,DES011,C216,Office,2024-06-09,2025-03-10,Delayed,3822574
PROJ01580,CUS002552,DES110,C213,Villa,2024-06-27,2025-10-20,Installation,2043359
PROJ01581,CUS002553,DES024,C192,Office,2024-04-15,2025-11-07,Design Phase,3886804
PROJ01582,CUS002919,DES056,C075,2BHK,2024-04-08,2025-09-04,Delayed,4791351
PROJ01583,CUS002615,DES064,C120,2BHK,2024-11-13,2025-06-22,Delayed,2760636
PROJ01584,CUS004870,DES089,C171,Kitchen,2024-02-24,2025-12-15,Design Phase,3147440
PROJ01585,CUS003332,DES016,C063,2BHK,2024-10-28,,Planning,2403814
PROJ01586,CUS004338,DES062,C177,2BHK,2024-05-11,,Installation,4227130
PROJ01587,CUS004653,DES078,C163,2BHK,2024-06-05,2025-02-10,Delayed,2967041
PROJ01588,CUS002869,DES010,C089,Kitchen,2024-06-14,2025-03-03,Design Phase,3999741
PROJ01589,CUS002356,DES122,C150,Villa,2024-05-13,2025-07-08,Design Phase,1971242
PROJ01590,CUS004660,DES112,C234,Villa,27/05/2024,2025-02-27,Delayed,3961475
PROJ01591,CUS004182,DES131,C201,3BHK,2024-02-14,2025-04-28,Completed,2205432
PROJ01592,CUS001860,DES020,C116,Villa,2024-08-20,,completed,4306441
PROJ01593,CUS000643,DES002,C181,3BHK,2024-08-13,,completed,1122309
PROJ01594,CUS002399,DES109,C141,3BHK,2024-11-25,2025-12-25,completed,1526023
PROJ01595,CUS000444,DES106,C083,3BHK,2024-12-01,2025-12-17,Delayed,552351
PROJ01596,CUS000827,DES061,C091,Office,2024-12-27,2025-11-26,Delayed,3140092
PROJ01597,CUS000155,DES094,C185,Villa,2024-11-24,2025-09-13,Planning,3245312
PROJ01598,CUS000845,DES132,C007,Office,2024-05-07,2025-08-16,Completed,4055001
PROJ01599,CUS002907,DES009,C074,Villa,2024-02-13,2025-08-01,Installation,1132008
PROJ01600,CUS002380,DES109,C246,2BHK,2024-01-26,2025-05-18,completed,1079226
PROJ01601,CUS001251,DES096,C231,Office,2024-12-14,2025-01-10,Installation,1627748
PROJ01602,CUS002605,DES010,C078,Office,2024-07-28,2025-09-06,Design Phase,2970855
PROJ01603,CUS003134,DES033,C198,3BHK,2024-05-15,2025-06-12,Planning,251603
PROJ01604,CUS000952,DES121,C227,Kitchen,2024-09-17,2025-04-01,completed,745250
PROJ01605,CUS001751,DES108,C109,Office,2024-04-20,2025-06-13,Design Phase,1720839
PROJ01606,CUS000360,DES007,C107,Office,2024-01-22,2025-06-06,Completed,610030
PROJ01607,CUS004453,DES143,C210,Office,2024-09-20,2025-06-12,Installation,3700582
PROJ01608,CUS003678,DES061,C041,Kitchen,2024-05-16,2025-02-11,Planning,2236315
PROJ01609,CUS003385,DES144,C150,2BHK,2024-03-27,2025-10-05,Design Phase,4202945
PROJ01610,CUS000821,DES027,C096,Kitchen,2024-06-07,2025-12-01,Completed,1927000
PROJ01611,CUS003646,DES036,C048,Kitchen,2024-01-14,2025-02-26,Planning,793948
PROJ01612,CUS002412,DES045,C240,3BHK,2024-12-28,,Planning,2376276
PROJ01613,CUS001758,DES058,C135,Villa,2024-05-25,2025-05-05,Completed,2093144
PROJ01614,CUS002355,DES150,C063,Kitchen,2024-01-28,,Installation,4551708
PROJ01615,CUS002277,DES020,C172,Villa,2024-04-25,2025-03-23,completed,934780
PROJ01616,CUS004551,DES047,C079,Villa,2024-05-20,2025-09-26,Installation,400671
PROJ01617,CUS002967,DES133,C005,Villa,2024-06-04,2025-08-09,completed,4845228
PROJ01618,CUS001933,DES129,C132,Office,2024-08-15,2025-12-07,completed,2774826
PROJ01619,CUS001864,DES100,C172,3BHK,2024-09-28,2025-06-16,Delayed,2021130
PROJ01620,CUS001537,DES009,C012,3BHK,11/12/2024,2025-04-13,completed,4467698
PROJ01621,CUS003188,DES083,C180,Villa,2024-06-07,2025-03-28,Completed,2716003
PROJ01622,CUS000290,DES103,C197,Kitchen,2024-06-18,,Installation,2181631
PROJ01623,CUS002616,DES143,C052,Villa,2024-08-11,2025-04-22,Design Phase,4053449
PROJ01624,CUS002127,DES145,C037,3BHK,2024-07-18,2025-09-04,Delayed,2590612
PROJ01625,CUS001264,DES065,C087,2BHK,2024-06-26,2025-02-02,Completed,704672
PROJ01626,CUS001794,DES145,C218,2BHK,2024-07-23,2025-06-05,Design Phase,2151404
PROJ01627,CUS003555,DES023,C212,3BHK,2024-09-01,2025-05-16,Planning,2003041
PROJ01628,CUS004012,DES062,C034,3BHK,2024-09-03,2025-03-10,completed,3866132
PROJ01629,CUS002507,DES085,C240,2BHK,2024-10-15,2025-08-27,completed,2084637
PROJ01630,CUS003756,DES002,C151,Kitchen,2024-06-10,2025-11-28,Installation,507712
PROJ01631,CUS004523,DES010,C075,Office,2024-01-21,2025-12-02,Completed,3078605
PROJ01632,CUS001761,DES146,C206,Kitchen,2024-06-20,2025-10-05,Design Phase,3528618
PROJ01633,CUS000206,DES091,C171,Office,2024-02-06,2025-09-04,Installation,3158425
PROJ01634,CUS001595,DES002,C214,Villa,2024-09-18,2025-09-09,Design Phase,2678733
PROJ01635,CUS004831,DES126,C026,2BHK,2024-01-26,2025-08-03,Planning,1994358
PROJ01636,CUS000748,DES146,C076,3BHK,2024-11-26,2025-10-13,Completed,2226474
PROJ01637,CUS001620,DES076,C203,Kitchen,2024-11-01,2025-08-20,Delayed,2669874
PROJ01638,CUS000455,DES071,C181,Villa,2024-09-12,2025-06-06,Completed,703641
PROJ01639,CUS001543,DES120,C008,Kitchen,2024-01-11,2025-03-10,Planning,4196598
PROJ01640,CUS002358,DES037,C142,3BHK,2024-07-03,2025-11-10,Installation,2770144
PROJ01641,CUS001520,DES037,C162,Villa,2024-06-17,2025-09-11,Design Phase,3626802
PROJ01642,CUS000561,DES073,C232,Kitchen,2024-03-28,2025-11-04,Design Phase,1011010
PROJ01643,CUS004480,DES131,C015,Villa,2024-10-06,,Design Phase,1878322
PROJ01644,CUS004594,DES134,C199,Kitchen,2024-10-14,2025-02-25,Design Phase,1179707
PROJ01645,CUS001256,DES039,C125,2BHK,2024-01-06,2025-11-25,Completed,1607138
PROJ01646,CUS000730,DES011,C007,Office,2024-12-20,,Delayed,1696713
PROJ01647,CUS000158,DES089,C101,3BHK,2024-03-21,2025-05-02,completed,4678430
PROJ01648,CUS000320,DES142,C044,Kitchen,2024-03-24,2025-10-17,Installation,1464429
PROJ01649,CUS000904,DES145,C055,Villa,2024-02-25,,completed,212710
PROJ01650,CUS004624,DES052,C226,Villa,01/05/2024,2025-07-20,Installation,739382
PROJ01651,CUS000568,DES038,C069,3BHK,2024-02-20,2025-10-10,completed,4327734
PROJ01652,CUS003021,DES103,C089,Villa,2024-07-27,2025-12-28,Planning,3010226
PROJ01653,CUS001199,DES017,C244,3BHK,2024-05-14,,Design Phase,725343
PROJ01654,CUS001082,DES138,C089,3BHK,2024-07-12,2025-04-20,completed,3763127
PROJ01655,CUS000492,DES135,C162,2BHK,2024-03-22,2025-01-11,Delayed,2308317
PROJ01656,CUS002114,DES142,C199,2BHK,2024-09-24,2025-06-28,Installation,1986500
PROJ01657,CUS000376,DES111,C002,3BHK,2024-03-12,2025-02-04,completed,465846
PROJ01658,CUS001389,DES094,C235,Villa,2024-12-21,2025-09-18,Design Phase,4532275
PROJ01659,CUS004492,DES012,C229,Villa,2024-04-26,,completed,2483955
PROJ01660,CUS000882,DES119,C236,3BHK,2024-09-25,2025-07-17,Delayed,697916
PROJ01661,CUS001603,DES122,C223,3BHK,2024-04-01,2025-02-17,Delayed,4212031
PROJ01662,CUS004776,DES035,C119,3BHK,2024-04-12,2025-11-06,Completed,1926246
PROJ01663,CUS003219,DES018,C051,Kitchen,2024-07-10,2025-01-18,Design Phase,4599879
PROJ01664,CUS002229,DES121,C232,2BHK,2024-04-24,2025-08-08,Installation,687150
PROJ01665,CUS001941,DES136,C012,Office,2024-11-05,2025-06-27,Design Phase,2326746
PROJ01666,CUS000991,DES109,C039,3BHK,2024-04-24,2025-02-16,Planning,2760378
PROJ01667,CUS002840,DES145,C138,Office,2024-11-14,2025-10-08,Installation,207391
PROJ01668,CUS001997,DES118,C158,Office,2024-11-03,2025-05-28,Design Phase,1361908
PROJ01669,CUS004661,DES071,C007,3BHK,2024-04-09,2025-01-02,Planning,2705170
PROJ01670,CUS001765,DES060,C137,3BHK,2024-05-15,2025-09-11,Delayed,3318473
PROJ01671,CUS002975,DES100,C222,Kitchen,2024-07-12,,Delayed,4834227
PROJ01672,CUS000557,DES064,C035,Office,2024-12-18,2025-06-02,Planning,1795300
PROJ01673,CUS002843,DES146,C154,Office,2024-03-19,2025-03-13,Planning,981228
PROJ01674,CUS000308,DES002,C127,Villa,2024-05-03,2025-10-26,Completed,2039974
PROJ01675,CUS001249,DES050,C066,2BHK,2024-07-23,2025-01-05,completed,4726804
PROJ01676,CUS002976,DES001,C065,Office,2024-11-12,2025-02-26,Installation,3091213
PROJ01677,CUS002264,DES111,C188,Office,2024-09-03,2025-08-17,completed,592275
PROJ01678,CUS001960,DES142,C084,Office,2024-09-20,2025-02-13,Completed,807840
PROJ01679,CUS004496,DES092,C234,Office,2024-05-10,2025-01-16,Completed,1696114
PROJ01680,CUS002666,DES110,C021,2BHK,14/11/2024,2025-10-12,Planning,2705859
PROJ01681,CUS002148,DES040,C160,Kitchen,2024-07-09,2025-07-15,Delayed,4914954
PROJ01682,CUS002400,DES028,C020,3BHK,2024-05-02,2025-05-28,Planning,4318081
PROJ01683,CUS000301,DES106,C041,Villa,2024-04-18,2025-09-16,Delayed,1878594
PROJ01684,CUS000250,DES075,C115,2BHK,2024-03-18,,Installation,664941
PROJ01685,CUS001867,DES096,C072,3BHK,2024-02-25,2025-07-28,Planning,1616141
PROJ01686,CUS003640,DES080,C005,Office,2024-12-09,2025-10-07,Completed,1619230
PROJ01687,CUS000922,DES023,C215,Office,2024-06-05,2025-05-09,Delayed,2437565
PROJ01688,CUS001528,DES023,C163,2BHK,2024-01-28,2025-11-24,Planning,620515
PROJ01689,CUS000445,DES110,C001,Kitchen,2024-03-03,2025-03-27,Installation,551568
PROJ01690,CUS000398,DES047,C068,Kitchen,2024-07-08,2025-01-19,Planning,4582963
PROJ01691,CUS001379,DES106,C210,3BHK,2024-01-15,2025-06-06,completed,1849230
PROJ01692,CUS003910,DES078,C144,3BHK,2024-07-08,2025-08-07,Design Phase,884302
PROJ01693,CUS003956,DES115,C006,3BHK,2024-08-10,,completed,4064450
PROJ01694,CUS001352,DES043,C155,3BHK,2024-03-17,2025-03-12,Design Phase,1062193
PROJ01695,CUS004484,DES106,C116,Villa,2024-02-01,2025-08-17,Design Phase,1562639
PROJ01696,CUS000285,DES108,C117,Office,2024-01-16,,Planning,277196
PROJ01697,CUS002737,DES146,C074,Villa,2024-09-11,2025-10-23,Planning,2852470
PROJ01698,CUS003009,DES031,C003,Kitchen,2024-05-27,2025-11-14,Planning,3594028
PROJ01699,CUS003593,DES073,C241,Villa,2024-03-21,2025-05-15,Installation,4333377
PROJ01700,CUS004949,DES066,C044,Office,2024-08-15,2025-05-23,Planning,3894647
PROJ01701,CUS003923,DES030,C054,3BHK,2024-01-28,,Design Phase,2399032
PROJ01702,CUS001842,DES076,C018,Office,2024-01-16,2025-07-18,Completed,4338437
PROJ01703,CUS001091,DES064,C068,2BHK,2024-09-03,2025-05-03,Completed,2229621
PROJ01704,CUS004920,DES032,C188,Kitchen,2024-02-07,2025-09-28,completed,3448789
PROJ01705,CUS002770,DES094,C138,3BHK,2024-01-26,2025-08-17,Delayed,1669515
PROJ01706,CUS001165,DES146,C057,Kitchen,2024-06-25,2025-10-14,Delayed,2541754
PROJ01707,CUS002555,DES025,C043,Office,2024-04-24,2025-07-09,Planning,3184488
PROJ01708,CUS001255,DES092,C128,2BHK,2024-02-27,2025-03-15,Delayed,4202885
PROJ01709,CUS000524,DES009,C171,3BHK,2024-01-27,2025-03-06,Planning,341921
PROJ01710,CUS002137,DES137,C124,Office,11/02/2024,2025-05-19,Planning,3615429
PROJ01711,CUS002199,DES064,C045,3BHK,2024-07-09,2025-10-24,Completed,838422
PROJ01712,CUS003569,DES124,C138,Villa,2024-10-16,2025-07-25,Completed,3885644
PROJ01713,CUS001374,DES139,C237,Villa,2024-04-11,2025-06-11,completed,1952300
PROJ01714,CUS004227,DES038,C002,3BHK,2024-03-19,2025-02-08,completed,2505056
PROJ01715,CUS000890,DES090,C170,Office,2024-01-06,2025-11-01,Delayed,2453112
PROJ01716,CUS003686,DES009,C112,Office,2024-08-06,2025-01-25,completed,650482
PROJ01717,CUS001871,DES077,C095,Kitchen,2024-10-26,2025-03-24,completed,1926672
PROJ01718,CUS004090,DES136,C012,Villa,2024-08-15,2025-06-21,Installation,1369946
PROJ01719,CUS000294,DES072,C092,2BHK,2024-02-22,2025-03-27,Design Phase,4964469
PROJ01720,CUS004814,DES084,C077,Kitchen,2024-02-12,2025-12-05,Delayed,2506471
PROJ01721,CUS002488,DES006,C017,2BHK,2024-08-24,2025-12-20,Completed,4374963
PROJ01722,CUS001537,DES111,C182,Kitchen,2024-11-07,2025-12-23,Delayed,1518405
PROJ01723,CUS002400,DES073,C237,Villa,2024-07-18,2025-10-21,Installation,3865263
PROJ01724,CUS004489,DES073,C091,Villa,2024-08-25,2025-04-28,Delayed,4425427
PROJ01725,CUS003867,DES034,C179,3BHK,2024-04-18,2025-08-20,completed,676293
PROJ01726,CUS002623,DES149,C245,Kitchen,2024-07-02,2025-09-24,completed,2233012
PROJ01727,CUS004146,DES017,C200,Villa,2024-03-23,2025-11-20,Planning,4804275
PROJ01728,CUS001974,DES090,C130,3BHK,2024-12-03,2025-01-16,completed,4755905
PROJ01729,CUS001726,DES065,C102,Kitchen,2024-10-01,2025-08-14,Installation,3277027
PROJ01730,CUS002911,DES085,C159,2BHK,2024-05-09,2025-12-02,Design Phase,4703957
PROJ01731,CUS004113,DES142,C030,2BHK,2024-03-02,2025-10-08,Installation,1727732
PROJ01732,CUS001107,DES058,C153,Villa,2024-07-11,2025-06-18,Design Phase,898975
PROJ01733,CUS001137,DES073,C137,Villa,2024-04-27,2025-01-04,Delayed,2557684
PROJ01734,CUS001851,DES130,C070,Office,2024-02-19,,Design Phase,251710
PROJ01735,CUS000122,DES044,C139,Office,2024-01-09,2025-09-14,Design Phase,3519840
PROJ01736,CUS004905,DES142,C204,Office,2024-10-05,2025-11-12,Completed,627709
PROJ01737,CUS003731,DES037,C046,2BHK,2024-10-14,2025-06-25,Planning,3282089
PROJ01738,CUS002621,DES101,C101,3BHK,2024-05-11,2025-02-07,Planning,3242983
PROJ01739,CUS003525,DES044,C083,2BHK,2024-09-14,2025-10-14,Design Phase,1274524
PROJ01740,CUS003801,DES102,C157,2BHK,13/02/2024,2025-05-15,completed,2238824
PROJ01741,CUS000052,DES068,C248,Office,2024-07-23,2025-06-09,Completed,619857
PROJ01742,CUS003624,DES055,C049,3BHK,2024-12-17,2025-02-12,Completed,4162752
PROJ01743,CUS000155,DES097,C106,Kitchen,2024-05-16,2025-10-20,Planning,3778622
PROJ01744,CUS000100,DES078,C239,Office,2024-02-01,,completed,3373893
PROJ01745,CUS001823,DES092,C182,3BHK,2024-11-23,,Installation,4492175
PROJ01746,CUS002074,DES044,C015,2BHK,2024-07-25,2025-01-11,Delayed,1807604
PROJ01747,CUS002014,DES040,C233,Villa,2024-01-01,2025-02-21,Planning,834998
PROJ01748,CUS000933,DES092,C006,Kitchen,2024-08-18,2025-03-22,Planning,1729804
PROJ01749,CUS004014,DES129,C066,2BHK,2024-05-03,2025-08-21,Completed,2013218
PROJ01750,CUS001947,DES012,C218,Kitchen,2024-10-23,2025-02-06,Installation,4367218
PROJ01751,CUS001455,DES145,C160,Office,2024-12-09,2025-08-11,Installation,4260788
PROJ01752,CUS004321,DES092,C126,Kitchen,2024-06-25,2025-07-14,Completed,3418570
PROJ01753,CUS000699,DES049,C082,Kitchen,2024-03-19,,completed,3006740
PROJ01754,CUS003506,DES139,C132,Office,2024-10-23,2025-01-24,Design Phase,4419550
PROJ01755,CUS004228,DES020,C054,Kitchen,2024-09-05,,Completed,3165908
PROJ01756,CUS002050,DES143,C111,2BHK,2024-09-27,2025-01-13,Design Phase,2446563
PROJ01757,CUS003873,DES033,C226,Villa,2024-08-07,2025-09-03,Design Phase,1724855
PROJ01758,CUS001571,DES103,C240,Office,2024-11-27,2025-01-07,Planning,4860343
PROJ01759,CUS000263,DES139,C081,2BHK,2024-05-16,2025-08-16,Installation,2675588
PROJ01760,CUS002588,DES132,C022,Kitchen,2024-04-19,2025-05-22,Completed,1201115
PROJ01761,CUS002442,DES012,C067,Villa,2024-08-14,2025-05-21,completed,2157605
PROJ01762,CUS001652,DES092,C066,2BHK,2024-09-06,2025-03-06,Completed,2362150
PROJ01763,CUS000628,DES050,C175,Villa,2024-11-10,2025-11-23,Planning,2275147
PROJ01764,CUS002582,DES010,C156,Villa,2024-10-19,2025-08-06,Delayed,1249766
PROJ01765,CUS003671,DES052,C238,Office,2024-09-02,2025-11-20,Design Phase,3611354
PROJ01766,CUS002439,DES108,C205,Office,2024-02-06,2025-11-17,Design Phase,1848335
PROJ01767,CUS004887,DES145,C249,Kitchen,2024-05-16,,Installation,4819631
PROJ01768,CUS001449,DES134,C010,2BHK,2024-08-08,2025-06-26,Completed,4261091
PROJ01769,CUS004643,DES096,C027,2BHK,2024-04-16,2025-01-26,Installation,3244352
PROJ01770,CUS003550,DES082,C097,Villa,09/03/2024,2025-05-11,Completed,440168
PROJ01771,CUS004638,DES038,C157,2BHK,2024-10-10,2025-11-02,Planning,2335718
PROJ01772,CUS000526,DES016,C195,3BHK,2024-03-22,2025-05-23,Completed,4509393
PROJ01773,CUS004021,DES054,C073,2BHK,2024-08-21,2025-06-03,Delayed,1000686
PROJ01774,CUS002273,DES042,C080,Kitchen,2024-10-25,2025-02-26,Installation,1706555
PROJ01775,CUS001244,DES025,C234,Office,2024-05-21,2025-10-02,Installation,332756
PROJ01776,CUS004824,DES120,C022,Kitchen,2024-05-01,2025-09-20,completed,2756709
PROJ01777,CUS004420,DES117,C083,2BHK,2024-10-21,2025-02-10,Design Phase,1802241
PROJ01778,CUS000944,DES029,C096,Villa,2024-04-28,2025-02-21,Design Phase,430000
PROJ01779,CUS002350,DES006,C217,Villa,2024-05-18,2025-12-15,Design Phase,2341038
PROJ01780,CUS003413,DES112,C246,Kitchen,2024-07-25,2025-05-22,Installation,3585343
PROJ01781,CUS003448,DES062,C084,Kitchen,2024-08-24,2025-04-22,Delayed,827405
PROJ01782,CUS004760,DES124,C079,3BHK,2024-06-23,2025-06-22,Completed,1342833
PROJ01783,CUS001103,DES087,C219,Villa,2024-07-05,2025-08-13,Delayed,825539
PROJ01784,CUS002619,DES025,C219,3BHK,2024-10-09,2025-08-17,Design Phase,2446767
PROJ01785,CUS004278,DES096,C234,3BHK,2024-05-22,2025-01-03,Completed,992320
PROJ01786,CUS004830,DES081,C167,Villa,2024-03-10,2025-06-28,Completed,1393056
PROJ01787,CUS002520,DES029,C101,2BHK,2024-11-06,2025-03-03,Design Phase,4703922
PROJ01788,CUS003447,DES004,C162,Kitchen,2024-02-20,2025-11-02,completed,2553171
PROJ01789,CUS003214,DES094,C166,Villa,2024-04-01,2025-02-15,Delayed,3589632
PROJ01790,CUS000502,DES040,C156,Office,2024-08-03,2025-01-15,Completed,4399518
PROJ01791,CUS002357,DES003,C036,2BHK,2024-02-23,2025-04-20,completed,1458546
PROJ01792,CUS004908,DES085,C053,Office,2024-08-20,2025-07-11,Delayed,1110967
PROJ01793,CUS000785,DES054,C050,3BHK,2024-02-28,2025-04-05,Installation,3816251
PROJ01794,CUS000715,DES123,C216,3BHK,2024-12-18,2025-12-12,Completed,3633081
PROJ01795,CUS000529,DES065,C147,Office,2024-01-21,2025-01-19,Planning,444469
PROJ01796,CUS002737,DES149,C074,3BHK,2024-08-20,2025-12-12,Delayed,3311951
PROJ01797,CUS003001,DES084,C163,Villa,2024-10-19,2025-02-06,Installation,3896807
PROJ01798,CUS000396,DES030,C113,2BHK,2024-05-03,,Planning,659384
PROJ01799,CUS001576,DES142,C180,Kitchen,2024-07-08,2025-07-11,completed,3448795
PROJ01800,CUS003547,DES003,C085,2BHK,22/04/2024,2025-10-07,Planning,4468871
PROJ01801,CUS004725,DES051,C049,Kitchen,2024-07-25,,Planning,576175
PROJ01802,CUS000955,DES007,C164,Office,2024-04-16,2025-06-23,Completed,4264895
PROJ01803,CUS000764,DES083,C154,2BHK,2024-11-20,2025-09-21,Completed,2535621
PROJ01804,CUS004217,DES083,C067,Kitchen,2024-09-21,,Planning,4570635
PROJ01805,CUS004670,DES033,C240,Villa,2024-01-24,2025-03-06,Planning,1164225
PROJ01806,CUS003760,DES031,C123,Villa,2024-02-26,2025-04-14,Installation,591921
PROJ01807,CUS001302,DES041,C032,Kitchen,2024-07-18,2025-05-19,Planning,3585479
PROJ01808,CUS000695,DES047,C057,Villa,2024-07-17,2025-11-16,Planning,1824770
PROJ01809,CUS003147,DES103,C213,Office,2024-12-02,2025-08-15,Installation,1544177
PROJ01810,CUS004470,DES105,C081,Villa,2024-02-10,2025-10-20,Planning,3219287
PROJ01811,CUS004007,DES136,C201,3BHK,2024-05-28,,Delayed,4369961
PROJ01812,CUS000164,DES124,C127,3BHK,2024-08-09,,Installation,1106742
PROJ01813,CUS004655,DES105,C193,2BHK,2024-09-02,2025-06-02,Installation,248588
PROJ01814,CUS000181,DES084,C124,2BHK,2024-12-16,2025-11-16,Installation,4824105
PROJ01815,CUS000992,DES145,C247,3BHK,2024-06-10,2025-03-09,Planning,2069893
PROJ01816,CUS000961,DES108,C085,2BHK,2024-01-07,2025-10-28,Completed,3525738
PROJ01817,CUS000971,DES091,C057,3BHK,2024-11-07,2025-12-10,Delayed,1800056
PROJ01818,CUS000877,DES096,C110,3BHK,2024-06-07,2025-03-21,Installation,4422061
PROJ01819,CUS004979,DES070,C055,2BHK,2024-05-17,2025-09-12,Design Phase,2164563
PROJ01820,CUS001278,DES035,C122,2BHK,2024-12-01,2025-08-11,Delayed,1894852
PROJ01821,CUS000853,DES083,C169,2BHK,2024-08-21,2025-05-08,Completed,3374776
PROJ01822,CUS003310,DES049,C195,Office,2024-12-07,,Design Phase,2262783
PROJ01823,CUS004950,DES076,C121,Office,2024-12-27,2025-10-02,Delayed,4812726
PROJ01824,CUS002502,DES139,C172,3BHK,2024-09-03,2025-04-23,completed,267284
PROJ01825,CUS003542,DES091,C122,Office,2024-05-21,,Design Phase,4788384
PROJ01826,CUS003109,DES044,C212,Villa,2024-05-02,2025-11-28,completed,3523545
PROJ01827,CUS002548,DES011,C122,3BHK,2024-08-11,2025-09-25,Installation,2071665
PROJ01828,CUS002810,DES008,C014,Office,2024-07-03,2025-11-22,Delayed,2145964
PROJ01829,CUS001842,DES117,C107,Office,2024-05-10,2025-05-19,Installation,749626
PROJ01830,CUS003845,DES068,C218,Office,15/08/2024,2025-11-05,Design Phase,394625
PROJ01831,CUS004020,DES050,C078,Office,2024-06-27,,Completed,2851436
PROJ01832,CUS002658,DES128,C053,Kitchen,2024-09-12,2025-07-16,Completed,3316609
PROJ01833,CUS004956,DES150,C230,3BHK,2024-07-14,2025-11-26,Installation,4025864
PROJ01834,CUS004635,DES120,C165,Office,2024-07-13,2025-02-03,Completed,3058494
PROJ01835,CUS003075,DES009,C018,Office,2024-06-01,2025-04-22,Planning,2339024
PROJ01836,CUS002780,DES029,C234,3BHK,2024-09-27,2025-04-20,Installation,1942025
PROJ01837,CUS004413,DES133,C182,3BHK,2024-06-07,2025-08-03,Completed,4274050
PROJ01838,CUS000459,DES107,C015,2BHK,2024-01-21,2025-10-08,Installation,3139023
PROJ01839,CUS004170,DES028,C202,Office,2024-12-25,2025-12-17,completed,1465080
PROJ01840,CUS001268,DES102,C031,3BHK,2024-04-28,2025-07-01,Planning,4457583
PROJ01841,CUS002713,DES077,C086,2BHK,2024-08-05,2025-12-23,completed,3494648
PROJ01842,CUS004757,DES148,C218,Office,2024-12-27,2025-06-07,Planning,2077049
PROJ01843,CUS002322,DES135,C056,Villa,2024-01-18,,Planning,242230
PROJ01844,CUS004293,DES036,C128,3BHK,2024-08-17,2025-03-04,Design Phase,3889274
PROJ01845,CUS001244,DES052,C037,Kitchen,2024-05-25,2025-03-12,Planning,1974400
PROJ01846,CUS003140,DES010,C014,Office,2024-01-26,2025-01-25,completed,2998136
PROJ01847,CUS002650,DES141,C244,2BHK,2024-05-08,2025-02-10,Delayed,3093808
PROJ01848,CUS002926,DES064,C064,2BHK,2024-05-23,2025-01-16,completed,1278897
PROJ01849,CUS003626,DES041,C020,2BHK,2024-11-11,2025-05-25,Installation,4130070
PROJ01850,CUS004634,DES027,C179,Kitchen,2024-01-10,2025-03-28,Installation,4245374
PROJ01851,CUS001148,DES130,C013,Kitchen,2024-05-23,2025-02-25,Delayed,2543488
PROJ01852,CUS004564,DES140,C168,Office,2024-09-02,2025-01-23,completed,3518051
PROJ01853,CUS004321,DES025,C133,Kitchen,2024-10-22,2025-02-14,Planning,2034679
PROJ01854,CUS004191,DES070,C039,Office,2024-11-20,2025-04-16,completed,4064873
PROJ01855,CUS004781,DES136,C125,Kitchen,2024-03-05,2025-04-21,Completed,2774649
PROJ01856,CUS004076,DES140,C038,3BHK,2024-10-20,2025-10-05,Installation,4108032
PROJ01857,CUS000199,DES110,C097,Kitchen,2024-01-02,2025-05-09,Planning,1063459
PROJ01858,CUS002816,DES111,C234,Kitchen,2024-09-17,2025-04-16,Installation,2791840
PROJ01859,CUS003870,DES130,C053,Office,2024-12-15,2025-07-14,Design Phase,2968558
PROJ01860,CUS001318,DES011,C020,Villa,04/06/2024,2025-08-02,Installation,4300811
PROJ01861,CUS002618,DES097,C215,Office,2024-08-05,2025-04-13,Planning,2105514
PROJ01862,CUS003747,DES150,C011,3BHK,2024-08-26,2025-06-01,Completed,2954498
PROJ01863,CUS001261,DES075,C136,Villa,2024-03-05,2025-05-22,Completed,3770011
PROJ01864,CUS001093,DES096,C105,3BHK,2024-06-17,2025-11-11,Completed,2666255
PROJ01865,CUS004299,DES032,C147,Kitchen,2024-09-25,2025-03-16,completed,836853
PROJ01866,CUS004178,DES047,C202,2BHK,2024-05-28,,Delayed,4267813
PROJ01867,CUS001597,DES144,C044,Kitchen,2024-12-21,2025-10-03,Delayed,226891
PROJ01868,CUS003110,DES057,C155,2BHK,2024-06-17,2025-04-06,Planning,3075326
PROJ01869,CUS001904,DES071,C033,3BHK,2024-03-11,,Design Phase,2819378
PROJ01870,CUS000344,DES042,C182,Kitchen,2024-06-15,2025-07-28,Design Phase,421351
PROJ01871,CUS002960,DES014,C041,Villa,2024-02-18,2025-03-27,Completed,2394229
PROJ01872,CUS000455,DES053,C082,2BHK,2024-08-18,2025-07-01,Delayed,1324644
PROJ01873,CUS001767,DES009,C160,Kitchen,2024-05-15,2025-11-19,Planning,3885682
PROJ01874,CUS002006,DES053,C062,3BHK,2024-02-08,2025-02-05,completed,1332088
PROJ01875,CUS003913,DES030,C123,Kitchen,2024-04-26,2025-07-16,Completed,344156
PROJ01876,CUS003581,DES146,C125,3BHK,2024-09-15,2025-02-18,Installation,1956363
PROJ01877,CUS001916,DES084,C033,Office,2024-08-07,2025-02-23,completed,595908
PROJ01878,CUS000019,DES074,C022,Kitchen,2024-08-27,2025-09-22,Delayed,1912867
PROJ01879,CUS002924,DES043,C158,Office,2024-11-07,2025-06-01,Delayed,2005426
PROJ01880,CUS003375,DES126,C063,2BHK,2024-01-21,2025-03-22,Installation,1763530
PROJ01881,CUS002562,DES134,C124,Villa,2024-07-23,2025-08-09,Installation,3171696
PROJ01882,CUS004085,DES045,C128,2BHK,2024-03-25,2025-04-26,Delayed,1847088
PROJ01883,CUS002186,DES024,C181,Office,2024-09-25,,Completed,1655181
PROJ01884,CUS004503,DES060,C159,Office,2024-04-20,2025-10-24,Design Phase,3716466
PROJ01885,CUS002813,DES112,C144,3BHK,2024-11-07,2025-07-01,Installation,2187692
PROJ01886,CUS002484,DES005,C103,Villa,2024-09-20,2025-08-26,completed,491579
PROJ01887,CUS003633,DES006,C095,2BHK,2024-09-19,,Planning,4634513
PROJ01888,CUS004781,DES130,C140,3BHK,2024-11-27,2025-02-18,Installation,1403644
PROJ01889,CUS001085,DES008,C217,Villa,2024-03-13,2025-12-15,Design Phase,4117943
PROJ01890,CUS003572,DES048,C141,3BHK,25/01/2024,2025-04-24,Delayed,4105968
PROJ01891,CUS002910,DES075,C091,Office,2024-11-26,2025-09-16,completed,4788718
PROJ01892,CUS004988,DES125,C166,3BHK,2024-05-19,2025-11-17,Planning,4971057
PROJ01893,CUS002849,DES121,C186,2BHK,2024-03-07,2025-02-03,Planning,1234765
PROJ01894,CUS002886,DES062,C134,2BHK,2024-10-24,2025-03-09,Delayed,3049734
PROJ01895,CUS001183,DES075,C007,Kitchen,2024-08-03,,completed,2987975
PROJ01896,CUS000321,DES130,C017,3BHK,2024-11-26,,Design Phase,3507058
PROJ01897,CUS002144,DES093,C145,2BHK,2024-03-12,2025-01-05,Design Phase,3425767
PROJ01898,CUS002360,DES120,C114,Villa,2024-12-05,2025-07-16,Design Phase,4771568
PROJ01899,CUS000985,DES148,C192,Office,2024-09-26,2025-04-24,Planning,2253866
PROJ01900,CUS004660,DES006,C197,Villa,2024-11-07,2025-06-09,Delayed,4137056
PROJ01901,CUS003893,DES139,C013,2BHK,2024-05-15,2025-04-01,Design Phase,2403133
PROJ01902,CUS001759,DES071,C141,Office,2024-10-13,2025-10-14,Completed,2025620
PROJ01903,CUS002840,DES129,C160,Kitchen,2024-01-07,2025-06-03,Installation,2580872
PROJ01904,CUS002189,DES086,C188,Villa,2024-11-03,2025-04-13,Design Phase,3310652
PROJ01905,CUS002793,DES007,C119,3BHK,2024-09-26,2025-08-16,Planning,3229216
PROJ01906,CUS001152,DES006,C236,3BHK,2024-12-13,2025-02-02,Delayed,1058505
PROJ01907,CUS001218,DES118,C124,Office,2024-11-12,2025-12-01,completed,1156787
PROJ01908,CUS000410,DES056,C035,3BHK,2024-01-20,2025-08-22,Completed,1769570
PROJ01909,CUS001135,DES061,C081,Office,2024-03-20,2025-07-09,Installation,4600271
PROJ01910,CUS002597,DES068,C100,3BHK,2024-08-26,2025-12-13,Design Phase,4132560
PROJ01911,CUS002428,DES122,C083,3BHK,2024-08-15,2025-09-04,Delayed,2693763
PROJ01912,CUS004583,DES127,C068,2BHK,2024-01-13,2025-04-04,Design Phase,486336
PROJ01913,CUS000545,DES105,C135,3BHK,2024-11-06,2025-10-03,Planning,4183863
PROJ01914,CUS004474,DES093,C010,Kitchen,2024-10-14,2025-11-14,completed,3370755
PROJ01915,CUS003984,DES014,C250,2BHK,2024-11-14,2025-07-10,completed,4217447
PROJ01916,CUS003234,DES106,C045,Office,2024-10-24,2025-06-17,Planning,2057193
PROJ01917,CUS004060,DES061,C108,3BHK,2024-07-14,2025-04-14,Design Phase,3809560
PROJ01918,CUS002271,DES043,C199,Villa,2024-04-22,2025-01-16,Design Phase,4964654
PROJ01919,CUS003770,DES055,C220,2BHK,2024-08-01,2025-07-09,Planning,1078449
PROJ01920,CUS000965,DES052,C066,Kitchen,08/04/2024,2025-07-25,Design Phase,2772707
PROJ01921,CUS004953,DES062,C145,Office,2024-04-23,2025-12-12,Delayed,2839952
PROJ01922,CUS003486,DES084,C040,2BHK,2024-04-23,2025-01-04,Installation,4157224
PROJ01923,CUS002183,DES146,C176,3BHK,2024-08-02,2025-12-28,completed,3651227
PROJ01924,CUS003555,DES039,C217,2BHK,2024-07-12,2025-07-18,Installation,2707621
PROJ01925,CUS004680,DES055,C181,2BHK,2024-03-15,2025-06-18,Installation,4446477
PROJ01926,CUS002980,DES005,C156,Office,2024-10-08,2025-07-28,Design Phase,4290093
PROJ01927,CUS001460,DES020,C033,Kitchen,2024-10-04,2025-10-09,completed,1502406
PROJ01928,CUS002823,DES083,C215,2BHK,2024-02-02,2025-02-20,Installation,2776080
PROJ01929,CUS001378,DES098,C030,Kitchen,2024-05-27,2025-05-20,completed,643932
PROJ01930,CUS004975,DES043,C084,Office,2024-12-19,2025-09-18,Completed,2864414
PROJ01931,CUS003461,DES016,C238,Office,2024-04-07,,Planning,3961277
PROJ01932,CUS001742,DES101,C142,2BHK,2024-03-15,2025-11-23,Installation,2680397
PROJ01933,CUS001837,DES037,C006,3BHK,2024-12-02,2025-11-09,Installation,3130515
PROJ01934,CUS001001,DES133,C216,2BHK,2024-06-22,2025-09-18,Installation,1158183
PROJ01935,CUS004340,DES058,C069,Kitchen,2024-06-06,2025-01-17,Completed,626406
PROJ01936,CUS001944,DES003,C164,2BHK,2024-12-01,2025-07-27,Installation,625741
PROJ01937,CUS000324,DES134,C147,Office,2024-03-18,2025-07-24,Design Phase,2599343
PROJ01938,CUS003964,DES115,C180,Office,2024-11-17,2025-01-02,Completed,4773780
PROJ01939,CUS003076,DES066,C166,Office,2024-09-14,,Installation,852536
PROJ01940,CUS000272,DES132,C111,3BHK,2024-01-19,2025-09-16,Design Phase,4107137
PROJ01941,CUS002085,DES002,C204,2BHK,2024-02-05,,Installation,1008705
PROJ01942,CUS002487,DES081,C032,3BHK,2024-10-23,2025-12-26,Delayed,2201694
PROJ01943,CUS001723,DES149,C135,3BHK,2024-11-24,2025-04-22,completed,3051019
PROJ01944,CUS002475,DES099,C202,3BHK,2024-02-12,2025-02-08,completed,509136
PROJ01945,CUS000156,DES043,C073,3BHK,2024-08-27,2025-03-21,Completed,1066682
PROJ01946,CUS000984,DES055,C081,3BHK,2024-12-24,,Planning,3727038
PROJ01947,CUS003726,DES081,C199,Kitchen,2024-05-04,2025-05-06,Completed,4806726
PROJ01948,CUS003044,DES073,C095,Office,2024-12-21,,Delayed,3686562
PROJ01949,CUS001362,DES084,C031,Villa,2024-08-15,2025-04-04,Completed,650250
PROJ01950,CUS000113,DES102,C132,Villa,01/02/2024,2025-06-10,Design Phase,4092691
PROJ01951,CUS001514,DES079,C048,3BHK,2024-12-25,2025-08-24,Completed,3771770
PROJ01952,CUS001388,DES124,C017,Office,2024-10-22,2025-09-11,Design Phase,594956
PROJ01953,CUS001879,DES146,C196,Kitchen,2024-08-24,2025-01-15,Delayed,611487
PROJ01954,CUS002919,DES054,C011,Office,2024-11-27,2025-07-17,completed,2823181
PROJ01955,CUS004423,DES058,C054,3BHK,2024-12-11,2025-11-22,Installation,3541635
PROJ01956,CUS003710,DES080,C063,Kitchen,2024-08-09,2025-06-20,Design Phase,2376544
PROJ01957,CUS003144,DES016,C134,2BHK,2024-09-06,2025-11-17,Installation,1810508
PROJ01958,CUS000423,DES123,C151,Office,2024-10-20,2025-08-03,Design Phase,1487919
PROJ01959,CUS001909,DES102,C202,3BHK,2024-04-28,2025-04-16,Planning,2816894
PROJ01960,CUS002673,DES098,C067,Kitchen,2024-09-14,2025-01-17,completed,3161237
PROJ01961,CUS001509,DES006,C036,Office,2024-11-25,2025-04-05,Design Phase,3541360
PROJ01962,CUS003754,DES120,C211,2BHK,2024-12-08,2025-12-12,Completed,4290730
PROJ01963,CUS001709,DES014,C056,Villa,2024-12-28,2025-09-17,completed,1695515
PROJ01964,CUS004315,DES129,C131,Office,2024-01-24,2025-02-26,Installation,4507271
PROJ01965,CUS002660,DES058,C040,2BHK,2024-12-28,2025-11-25,Installation,1659543
PROJ01966,CUS001247,DES092,C111,Office,2024-10-14,2025-01-24,Design Phase,3712777
PROJ01967,CUS002682,DES056,C040,Kitchen,2024-08-04,2025-05-20,Planning,2317013
PROJ01968,CUS001612,DES048,C161,2BHK,2024-10-12,2025-01-27,Delayed,3416770
PROJ01969,CUS004138,DES111,C191,2BHK,2024-11-01,,Installation,914481
PROJ01970,CUS001797,DES034,C232,Villa,2024-06-14,,Delayed,3073380
PROJ01971,CUS001204,DES046,C147,Office,2024-05-04,,Completed,910800
PROJ01972,CUS003112,DES061,C071,3BHK,2024-06-02,2025-10-27,Delayed,2232781
PROJ01973,CUS004798,DES079,C045,Office,2024-02-22,2025-08-02,Completed,4874308
PROJ01974,CUS003229,DES025,C115,Office,2024-07-18,2025-02-13,completed,4813331
PROJ01975,CUS000188,DES118,C013,Office,2024-12-17,2025-05-15,completed,4073541
PROJ01976,CUS004139,DES034,C177,3BHK,2024-08-06,2025-01-08,completed,4223901
PROJ01977,CUS004222,DES041,C010,3BHK,2024-06-26,,Planning,3104502
PROJ01978,CUS002246,DES144,C022,3BHK,2024-06-20,2025-11-01,Completed,3544829
PROJ01979,CUS004755,DES116,C016,3BHK,2024-04-22,2025-06-28,Completed,3042841
PROJ01980,CUS004579,DES003,C096,Office,15/09/2024,,Installation,312489
PROJ01981,CUS003773,DES073,C190,3BHK,2024-06-02,2025-11-28,completed,2982297
PROJ01982,CUS000874,DES057,C062,3BHK,2024-09-15,2025-01-25,Planning,3945603
PROJ01983,CUS003993,DES011,C025,Office,2024-04-22,,completed,1656657
PROJ01984,CUS000367,DES097,C058,Office,2024-11-24,,Planning,2643941
PROJ01985,CUS004388,DES024,C024,Office,2024-05-28,2025-03-03,Delayed,2550426
PROJ01986,CUS000481,DES082,C151,Kitchen,2024-05-12,2025-12-17,Planning,2146903
PROJ01987,CUS002276,DES146,C022,Kitchen,2024-12-10,2025-02-21,Design Phase,4001482
PROJ01988,CUS003406,DES093,C102,Kitchen,2024-05-16,2025-01-09,Design Phase,687530
PROJ01989,CUS004099,DES045,C129,3BHK,2024-06-19,,Installation,4763680
PROJ01990,CUS002520,DES050,C129,2BHK,2024-09-10,2025-10-11,Completed,1853452
PROJ01991,CUS001639,DES088,C214,Villa,2024-05-19,2025-09-06,Delayed,3106792
PROJ01992,CUS004186,DES057,C212,Kitchen,2024-09-21,2025-11-24,Design Phase,2569327
PROJ01993,CUS001334,DES105,C077,Kitchen,2024-05-11,2025-01-04,Installation,1844071
PROJ01994,CUS002311,DES040,C196,Villa,2024-03-25,2025-10-20,Completed,1768258
PROJ01995,CUS003481,DES004,C140,3BHK,2024-09-05,2025-09-22,Completed,4396007
PROJ01996,CUS000154,DES085,C132,Office,2024-07-02,2025-01-06,Design Phase,1240139
PROJ01997,CUS004352,DES146,C016,2BHK,2024-02-10,2025-09-22,Delayed,2022420
PROJ01998,CUS002340,DES091,C222,2BHK,2024-07-23,2025-02-17,Delayed,2109522
PROJ01999,CUS004654,DES020,C226,2BHK,2024-04-11,2025-03-26,Delayed,4301211
PROJ02000,CUS004416,DES142,C153,3BHK,2024-06-16,2025-12-25,Installation,2106021
PROJ02001,CUS000563,DES073,C053,2BHK,2024-02-15,,Planning,846154
PROJ02002,CUS002953,DES115,C232,2BHK,2024-12-25,2025-03-01,completed,3339992
PROJ02003,CUS003493,DES030,C141,2BHK,2024-09-18,2025-12-27,Planning,2066596
PROJ02004,CUS000075,DES082,C236,3BHK,2024-10-14,,Completed,2056788
PROJ02005,CUS003843,DES070,C023,Villa,2024-03-24,2025-11-05,Design Phase,828598
PROJ02006,CUS000733,DES115,C185,3BHK,2024-10-26,,Planning,3418234
PROJ02007,CUS001669,DES132,C176,Villa,2024-01-07,2025-04-19,Completed,423778
PROJ02008,CUS002885,DES055,C191,2BHK,2024-07-02,2025-12-04,Planning,1374507
PROJ02009,CUS003138,DES001,C099,Villa,2024-03-19,2025-07-01,Delayed,2998315
PROJ02010,CUS002907,DES075,C246,Office,20/02/2024,2025-10-03,Installation,3021931
PROJ02011,CUS000420,DES002,C004,2BHK,2024-09-25,2025-03-17,Design Phase,1676036
PROJ02012,CUS000939,DES073,C207,Villa,2024-07-07,2025-09-10,Installation,4959582
PROJ02013,CUS002054,DES026,C163,3BHK,2024-01-24,,Installation,1641583
PROJ02014,CUS000669,DES142,C192,2BHK,2024-11-27,,Planning,3124976
PROJ02015,CUS001443,DES107,C104,Villa,2024-02-21,2025-07-12,Design Phase,2293871
PROJ02016,CUS002400,DES030,C050,3BHK,2024-06-12,2025-03-07,Design Phase,489539
PROJ02017,CUS001800,DES149,C211,3BHK,2024-12-15,2025-07-19,completed,3939643
PROJ02018,CUS002933,DES064,C017,2BHK,2024-01-04,2025-05-23,completed,4915772
PROJ02019,CUS003054,DES132,C149,Office,2024-09-13,2025-02-06,Design Phase,3445000
PROJ02020,CUS004319,DES110,C225,3BHK,2024-05-05,,Delayed,2082166
PROJ02021,CUS004522,DES051,C020,Kitchen,2024-03-08,2025-07-25,Planning,3552067
PROJ02022,CUS001857,DES037,C200,2BHK,2024-01-15,2025-01-15,Delayed,1197622
PROJ02023,CUS000788,DES064,C128,2BHK,2024-01-05,2025-07-02,Installation,3348654
PROJ02024,CUS001718,DES146,C144,2BHK,2024-03-17,2025-07-12,Delayed,4260016
PROJ02025,CUS003964,DES105,C215,3BHK,2024-09-16,,Planning,2366631
PROJ02026,CUS001483,DES018,C163,Kitchen,2024-01-16,2025-03-06,Design Phase,752237
PROJ02027,CUS001074,DES134,C132,3BHK,2024-09-19,2025-08-26,Planning,1222011
PROJ02028,CUS000880,DES086,C193,3BHK,2024-12-11,2025-04-19,Installation,2059583
PROJ02029,CUS001726,DES008,C211,2BHK,2024-06-15,2025-06-09,Completed,3734338
PROJ02030,CUS001661,DES103,C171,Villa,2024-08-09,2025-10-09,Planning,3083999
PROJ02031,CUS004155,DES018,C119,2BHK,2024-12-26,2025-11-28,Design Phase,1950119
PROJ02032,CUS003074,DES137,C209,Kitchen,2024-03-18,,Completed,1822124
PROJ02033,CUS004692,DES070,C029,2BHK,2024-01-14,2025-01-17,Planning,489773
PROJ02034,CUS000304,DES075,C015,3BHK,2024-12-07,2025-05-09,completed,4414914
PROJ02035,CUS003866,DES040,C097,Kitchen,2024-12-08,2025-02-06,Planning,4499052
PROJ02036,CUS001934,DES074,C185,3BHK,2024-08-18,2025-02-14,Completed,3937171
PROJ02037,CUS003241,DES077,C102,2BHK,2024-07-12,,Installation,1003608
PROJ02038,CUS004395,DES002,C116,Kitchen,2024-11-20,2025-09-09,Delayed,3254491
PROJ02039,CUS003390,DES040,C105,Kitchen,2024-12-07,2025-11-16,Design Phase,4284747
PROJ02040,CUS000304,DES147,C246,Office,12/08/2024,2025-07-22,Design Phase,4527360
PROJ02041,CUS004628,DES095,C235,Villa,2024-09-14,2025-08-25,Completed,1081944
PROJ02042,CUS002531,DES098,C220,Kitchen,2024-08-20,2025-10-13,completed,1415610
PROJ02043,CUS000971,DES084,C200,3BHK,2024-11-05,2025-10-21,Planning,4799320
PROJ02044,CUS003619,DES109,C011,2BHK,2024-10-26,2025-04-09,Delayed,1613683
PROJ02045,CUS001202,DES119,C137,Kitchen,2024-03-01,2025-01-11,Completed,3348208
PROJ02046,CUS003001,DES135,C118,Kitchen,2024-12-03,2025-02-25,Planning,2136270
PROJ02047,CUS001030,DES134,C016,3BHK,2024-03-20,2025-11-01,Completed,4968817
PROJ02048,CUS001109,DES102,C137,Villa,2024-05-23,2025-11-17,Installation,2262951
PROJ02049,CUS004296,DES039,C224,3BHK,2024-07-09,2025-12-11,Delayed,4291005
PROJ02050,CUS001915,DES066,C011,Villa,2024-05-21,2025-12-08,Installation,669515
PROJ02051,CUS003928,DES121,C044,Office,2024-02-04,2025-01-15,Planning,4414886
PROJ02052,CUS003671,DES145,C063,Kitchen,2024-09-08,2025-04-12,Delayed,4451257
PROJ02053,CUS000207,DES141,C060,Villa,2024-02-12,2025-12-14,completed,1621754
PROJ02054,CUS004174,DES029,C234,Office,2024-10-23,2025-10-26,Planning,2808372
PROJ02055,CUS001507,DES114,C006,2BHK,2024-02-24,2025-10-10,Design Phase,772154
PROJ02056,CUS001672,DES094,C050,Office,2024-05-01,2025-08-09,Planning,1680573
PROJ02057,CUS001104,DES091,C098,2BHK,2024-07-07,2025-07-17,completed,803040
PROJ02058,CUS001067,DES135,C085,Villa,2024-05-11,2025-08-18,Completed,2097026
PROJ02059,CUS004822,DES077,C172,3BHK,2024-02-17,2025-10-06,Installation,1399759
PROJ02060,CUS004360,DES116,C066,Kitchen,2024-06-18,2025-01-28,Installation,3550661
PROJ02061,CUS000960,DES097,C048,Kitchen,2024-01-11,2025-01-27,Completed,2386918
PROJ02062,CUS000616,DES023,C165,Villa,2024-05-13,2025-07-28,Delayed,1395831
PROJ02063,CUS001167,DES032,C153,Office,2024-09-13,2025-02-24,Planning,3526175
PROJ02064,CUS002328,DES046,C020,Office,2024-04-23,2025-08-28,Planning,4756377
PROJ02065,CUS000256,DES142,C161,Office,2024-01-03,2025-03-22,Delayed,3841833
PROJ02066,CUS004038,DES123,C015,2BHK,2024-11-09,2025-08-24,Delayed,443661
PROJ02067,CUS002815,DES111,C005,3BHK,2024-01-14,2025-11-18,Installation,1660742
PROJ02068,CUS002985,DES145,C041,2BHK,2024-06-05,2025-10-07,Installation,355487
PROJ02069,CUS000888,DES110,C234,2BHK,2024-03-12,2025-10-15,Delayed,4541123
PROJ02070,CUS004101,DES055,C059,Villa,11/12/2024,,Design Phase,1131558
PROJ02071,CUS001601,DES085,C156,Office,2024-04-08,2025-01-01,Design Phase,1824247
PROJ02072,CUS000659,DES032,C002,2BHK,2024-07-07,2025-03-16,Design Phase,643821
PROJ02073,CUS001115,DES121,C124,Kitchen,2024-02-13,2025-06-11,Delayed,1792752
PROJ02074,CUS000084,DES102,C226,2BHK,2024-12-23,2025-12-26,Installation,3172664
PROJ02075,CUS003039,DES088,C018,Villa,2024-05-03,2025-06-01,Planning,4917042
PROJ02076,CUS003041,DES027,C101,Kitchen,2024-10-12,2025-02-10,Design Phase,899290
PROJ02077,CUS004393,DES039,C064,3BHK,2024-10-03,2025-01-26,Installation,3224290
PROJ02078,CUS001140,DES001,C224,2BHK,2024-07-20,2025-02-22,Completed,1739965
PROJ02079,CUS002693,DES056,C185,2BHK,2024-11-15,2025-08-24,completed,4274281
PROJ02080,CUS004823,DES021,C192,Office,2024-02-05,2025-11-28,completed,3981852
PROJ02081,CUS001273,DES131,C192,Office,2024-09-05,2025-02-28,Planning,2497589
PROJ02082,CUS001728,DES072,C191,2BHK,2024-07-12,2025-04-21,Delayed,575784
PROJ02083,CUS001399,DES018,C249,Office,2024-09-14,2025-11-06,Planning,1243454
PROJ02084,CUS001900,DES017,C022,3BHK,2024-02-17,2025-08-22,Installation,1197054
PROJ02085,CUS000892,DES150,C192,3BHK,2024-08-14,,Completed,912603
PROJ02086,CUS003714,DES090,C226,3BHK,2024-06-28,,completed,4581600
PROJ02087,CUS002089,DES139,C126,Kitchen,2024-09-25,2025-05-01,completed,4947906
PROJ02088,CUS000895,DES067,C015,Office,2024-07-21,2025-08-14,Planning,564658
PROJ02089,CUS004599,DES012,C044,Villa,2024-01-26,2025-12-04,Delayed,891250
PROJ02090,CUS000754,DES025,C038,Villa,2024-01-12,2025-09-22,Design Phase,4868320
PROJ02091,CUS001972,DES028,C174,Kitchen,2024-11-02,2025-04-10,Delayed,2140900
PROJ02092,CUS002565,DES055,C151,Kitchen,2024-10-10,2025-11-03,Completed,4076223
PROJ02093,CUS004866,DES062,C079,Kitchen,2024-10-20,2025-01-09,completed,1697870
PROJ02094,CUS001582,DES074,C010,Kitchen,2024-05-10,2025-02-17,completed,2113420
PROJ02095,CUS004696,DES089,C143,Office,2024-02-16,2025-07-19,Planning,1453337
PROJ02096,CUS000944,DES015,C248,Office,2024-04-14,2025-01-14,completed,3203566
PROJ02097,CUS003181,DES031,C186,Villa,2024-04-01,2025-05-22,Design Phase,4372594
PROJ02098,CUS003286,DES026,C048,Office,2024-07-24,2025-01-24,Design Phase,1782721
PROJ02099,CUS002017,DES010,C047,Office,2024-09-26,2025-04-17,completed,2595568
PROJ02100,CUS002975,DES081,C152,2BHK,02/06/2024,2025-01-09,Design Phase,3033304
PROJ02101,CUS002492,DES115,C225,2BHK,2024-10-11,2025-06-07,Completed,4230460
PROJ02102,CUS002091,DES003,C091,Kitchen,2024-02-11,2025-07-19,Installation,1842812
PROJ02103,CUS003298,DES069,C022,Kitchen,2024-11-10,2025-08-18,Installation,780394
PROJ02104,CUS002596,DES139,C239,3BHK,2024-07-10,2025-06-28,completed,4262871
PROJ02105,CUS000189,DES004,C053,3BHK,2024-06-13,2025-01-04,Delayed,1127949
PROJ02106,CUS002565,DES052,C163,Office,2024-10-07,,Installation,4020100
PROJ02107,CUS001136,DES035,C030,2BHK,2024-09-08,2025-11-19,Completed,474487
PROJ02108,CUS000614,DES038,C228,3BHK,2024-08-05,2025-10-24,Installation,4612107
PROJ02109,CUS003159,DES121,C059,Office,2024-03-09,2025-06-01,Delayed,2297649
PROJ02110,CUS002820,DES136,C147,3BHK,2024-06-09,2025-11-20,Design Phase,3121505
PROJ02111,CUS002038,DES054,C077,2BHK,2024-04-23,2025-04-25,Planning,3612706
PROJ02112,CUS001624,DES129,C051,Kitchen,2024-01-09,2025-07-12,Design Phase,3973937
PROJ02113,CUS001243,DES076,C063,Office,2024-10-09,2025-03-28,Delayed,251537
PROJ02114,CUS002686,DES051,C223,Villa,2024-02-13,2025-05-02,completed,2202496
PROJ02115,CUS000075,DES139,C190,2BHK,2024-09-01,2025-03-02,Installation,1593239
PROJ02116,CUS002103,DES023,C250,Villa,2024-11-18,2025-06-17,Delayed,1648557
PROJ02117,CUS002150,DES016,C004,Kitchen,2024-04-27,2025-11-09,completed,1143508
PROJ02118,CUS000742,DES066,C127,Kitchen,2024-07-14,2025-01-19,Completed,3942841
PROJ02119,CUS004612,DES048,C156,3BHK,2024-03-10,2025-03-15,Completed,3077571
PROJ02120,CUS003356,DES095,C213,2BHK,2024-12-17,2025-12-07,Planning,3753160
PROJ02121,CUS004854,DES023,C006,3BHK,2024-08-21,2025-08-06,Delayed,4983131
PROJ02122,CUS002965,DES119,C054,Office,2024-04-26,2025-09-19,Completed,4305047
PROJ02123,CUS001078,DES100,C097,Kitchen,2024-10-21,2025-12-19,Design Phase,2483677
PROJ02124,CUS001082,DES004,C072,2BHK,2024-09-25,2025-02-15,Design Phase,4054677
PROJ02125,CUS003554,DES049,C029,2BHK,2024-07-01,,Completed,3369396
PROJ02126,CUS001509,DES066,C191,Kitchen,2024-02-20,,Planning,3656841
PROJ02127,CUS003484,DES059,C007,Office,2024-09-13,2025-09-07,Installation,4950036
PROJ02128,CUS001183,DES027,C113,3BHK,2024-09-16,2025-05-14,Completed,4654410
PROJ02129,CUS000982,DES114,C092,2BHK,2024-07-03,2025-02-08,Design Phase,492071
PROJ02130,CUS001447,DES026,C113,Villa,15/12/2024,2025-10-20,Design Phase,4045030
PROJ02131,CUS000986,DES112,C046,2BHK,2024-12-09,,Completed,651611
PROJ02132,CUS004717,DES102,C088,Kitchen,2024-08-24,2025-02-16,Design Phase,2164777
PROJ02133,CUS001400,DES114,C149,2BHK,2024-05-15,2025-03-14,Design Phase,2281849
PROJ02134,CUS001355,DES011,C211,3BHK,2024-09-27,2025-07-07,Delayed,3701328
PROJ02135,CUS001906,DES009,C203,3BHK,2024-05-19,2025-01-01,Design Phase,603856
PROJ02136,CUS002472,DES066,C190,3BHK,2024-09-23,2025-02-19,completed,2905458
PROJ02137,CUS000934,DES095,C049,2BHK,2024-06-08,2025-03-14,Planning,740610
PROJ02138,CUS000773,DES011,C212,Office,2024-10-02,2025-01-28,Installation,4346958
PROJ02139,CUS002448,DES090,C175,Villa,2024-11-14,2025-11-05,Completed,1653552
PROJ02140,CUS000226,DES127,C066,Villa,2024-07-16,2025-05-15,Design Phase,3077378
PROJ02141,CUS000102,DES008,C094,Villa,2024-06-22,2025-06-06,Design Phase,1118457
PROJ02142,CUS002138,DES051,C159,Kitchen,2024-08-23,2025-07-21,Completed,4581041
PROJ02143,CUS000597,DES089,C148,Villa,2024-12-16,2025-09-20,Installation,4459885
PROJ02144,CUS002295,DES043,C199,2BHK,2024-02-19,,completed,1314084
PROJ02145,CUS001457,DES147,C235,2BHK,2024-11-21,,Completed,4890846
PROJ02146,CUS004488,DES113,C216,Villa,2024-10-04,2025-12-11,Planning,3655796
PROJ02147,CUS000087,DES136,C082,Office,2024-03-20,,Design Phase,2575825
PROJ02148,CUS003439,DES132,C108,3BHK,2024-09-21,2025-09-19,Completed,2678322
PROJ02149,CUS003559,DES022,C136,2BHK,2024-05-04,2025-06-11,Delayed,1605738
PROJ02150,CUS000216,DES133,C143,Villa,2024-07-08,2025-01-04,Installation,2386172
PROJ02151,CUS004081,DES028,C236,2BHK,2024-03-25,2025-01-11,Delayed,4464135
PROJ02152,CUS004770,DES085,C072,3BHK,2024-11-02,2025-09-19,Design Phase,1793222
PROJ02153,CUS002026,DES069,C143,Villa,2024-10-03,2025-01-20,Delayed,1024830
PROJ02154,CUS003076,DES032,C171,Office,2024-04-18,2025-04-13,Delayed,1412057
PROJ02155,CUS004022,DES057,C223,2BHK,2024-10-13,2025-07-09,Completed,1033848
PROJ02156,CUS004928,DES071,C145,Office,2024-10-27,2025-10-11,Completed,3830653
PROJ02157,CUS000939,DES055,C229,3BHK,2024-02-28,2025-07-04,completed,2311863
PROJ02158,CUS004178,DES041,C214,Kitchen,2024-05-13,2025-03-23,completed,3281825
PROJ02159,CUS003930,DES029,C125,3BHK,2024-04-12,2025-06-21,Delayed,3172318
PROJ02160,CUS000977,DES074,C045,2BHK,20/01/2024,2025-07-25,Planning,3882333
PROJ02161,CUS002733,DES109,C168,Villa,2024-11-16,2025-04-27,Design Phase,3376089
PROJ02162,CUS000407,DES145,C213,Kitchen,2024-05-24,2025-03-06,Delayed,2648782
PROJ02163,CUS000805,DES061,C030,Kitchen,2024-01-07,2025-05-21,Delayed,3532251
PROJ02164,CUS001850,DES015,C129,2BHK,2024-10-03,2025-11-17,Installation,3040680
PROJ02165,CUS004386,DES139,C020,3BHK,2024-10-16,2025-04-27,Completed,2607316
PROJ02166,CUS003444,DES039,C228,Kitchen,2024-06-09,2025-03-05,Design Phase,3523491
PROJ02167,CUS004837,DES053,C107,Villa,2024-06-19,2025-09-16,Completed,2877526
PROJ02168,CUS000440,DES050,C027,Office,2024-12-24,2025-07-12,Installation,3385907
PROJ02169,CUS003306,DES060,C102,2BHK,2024-01-13,2025-11-16,Planning,1975835
PROJ02170,CUS001697,DES131,C208,Kitchen,2024-02-12,2025-10-22,Installation,840804
PROJ02171,CUS001580,DES009,C153,Office,2024-08-11,2025-12-26,Design Phase,1491491
PROJ02172,CUS001959,DES089,C014,2BHK,2024-10-05,2025-06-12,Completed,4720540
PROJ02173,CUS003061,DES131,C250,2BHK,2024-08-15,2025-03-17,Delayed,4862789
PROJ02174,CUS003860,DES043,C196,Villa,2024-06-17,2025-09-28,Completed,2517888
PROJ02175,CUS004655,DES068,C112,2BHK,2024-09-11,2025-02-03,Design Phase,1332551
PROJ02176,CUS004225,DES064,C093,Office,2024-11-22,,Delayed,3009628
PROJ02177,CUS004228,DES049,C139,Office,2024-10-18,2025-03-04,completed,3545091
PROJ02178,CUS002762,DES090,C208,2BHK,2024-07-25,2025-02-16,Delayed,3974771
PROJ02179,CUS002803,DES096,C097,3BHK,2024-09-17,2025-02-21,Delayed,2314780
PROJ02180,CUS004744,DES077,C177,Office,2024-05-13,2025-06-28,Delayed,3561512
PROJ02181,CUS002739,DES106,C071,Office,2024-03-12,2025-06-11,Planning,2097998
PROJ02182,CUS004910,DES133,C131,2BHK,2024-12-24,2025-03-05,Installation,3739097
PROJ02183,CUS001082,DES002,C089,Office,2024-05-23,2025-01-19,Design Phase,4488137
PROJ02184,CUS002302,DES007,C189,3BHK,2024-10-26,2025-04-09,completed,2454218
PROJ02185,CUS003754,DES064,C206,3BHK,2024-01-25,2025-02-28,Installation,3172686
PROJ02186,CUS002336,DES062,C030,3BHK,2024-05-23,,Planning,4312914
PROJ02187,CUS002283,DES047,C171,3BHK,2024-01-02,2025-01-12,Delayed,544664
PROJ02188,CUS003974,DES124,C176,Kitchen,2024-01-02,2025-01-05,Design Phase,3682842
PROJ02189,CUS000839,DES081,C211,Kitchen,2024-12-06,2025-09-04,completed,1214331
PROJ02190,CUS002284,DES028,C046,Office,16/12/2024,2025-07-06,Completed,1928849
PROJ02191,CUS003981,DES006,C182,Kitchen,2024-06-24,2025-07-07,Planning,608258
PROJ02192,CUS002100,DES094,C230,3BHK,2024-06-28,2025-08-04,Design Phase,4195895
PROJ02193,CUS003869,DES060,C150,2BHK,2024-05-16,,Completed,3826397
PROJ02194,CUS002904,DES054,C201,Office,2024-02-15,2025-09-04,Design Phase,4193691
PROJ02195,CUS002634,DES098,C207,2BHK,2024-04-26,2025-06-09,completed,4270536
PROJ02196,CUS002527,DES082,C018,Kitchen,2024-08-13,2025-10-27,Installation,2629331
PROJ02197,CUS001429,DES051,C183,Kitchen,2024-04-14,2025-01-13,Installation,3931238
PROJ02198,CUS004821,DES063,C072,3BHK,2024-08-20,2025-06-06,Delayed,1171695
PROJ02199,CUS002449,DES026,C006,Villa,2024-08-12,2025-04-19,Delayed,4680635
PROJ02200,CUS003700,DES012,C087,Office,2024-10-24,2025-06-23,Delayed,1176296
PROJ02201,CUS004347,DES105,C051,Villa,2024-09-12,,Delayed,362977
PROJ02202,CUS002517,DES041,C133,2BHK,2024-05-03,2025-03-10,Design Phase,3659177
PROJ02203,CUS000025,DES060,C170,2BHK,2024-09-07,2025-05-06,Design Phase,1802874
PROJ02204,CUS000803,DES075,C055,Office,2024-01-02,,completed,2671205
PROJ02205,CUS001664,DES102,C230,Villa,2024-05-04,2025-07-24,Installation,1183965
PROJ02206,CUS002271,DES062,C197,3BHK,2024-02-21,2025-05-19,Planning,2711593
PROJ02207,CUS002724,DES093,C106,Office,2024-11-06,2025-12-02,Completed,453091
PROJ02208,CUS003134,DES072,C099,3BHK,2024-12-25,2025-02-04,Planning,2312139
PROJ02209,CUS004207,DES076,C131,2BHK,2024-03-05,2025-03-26,completed,4125302
PROJ02210,CUS003395,DES049,C056,Office,2024-07-24,2025-08-21,completed,244175
PROJ02211,CUS002956,DES104,C158,Kitchen,2024-10-18,2025-03-28,Delayed,3432494
PROJ02212,CUS002871,DES024,C193,Villa,2024-10-01,2025-02-22,Design Phase,1643806
PROJ02213,CUS002811,DES062,C130,2BHK,2024-06-03,,Completed,279618
PROJ02214,CUS004470,DES094,C249,Kitchen,2024-08-27,2025-04-03,Delayed,4476755
PROJ02215,CUS004233,DES127,C102,Kitchen,2024-06-14,2025-04-07,Delayed,3536369
PROJ02216,CUS001217,DES092,C010,Villa,2024-12-09,,Delayed,1592470
PROJ02217,CUS000928,DES137,C163,Villa,2024-03-06,2025-05-22,Design Phase,1041573
PROJ02218,CUS004558,DES067,C083,Office,2024-02-19,2025-05-07,Planning,3961780
PROJ02219,CUS002038,DES019,C103,Office,2024-09-07,2025-07-24,Completed,2734065
PROJ02220,CUS003182,DES106,C047,Villa,26/04/2024,2025-01-07,Delayed,798885
PROJ02221,CUS004526,DES032,C077,3BHK,2024-02-24,2025-04-27,Installation,3535931
PROJ02222,CUS001781,DES058,C051,2BHK,2024-04-19,2025-11-11,Completed,3496960
PROJ02223,CUS000814,DES039,C025,2BHK,2024-12-01,2025-05-13,Installation,4414413
PROJ02224,CUS002146,DES124,C049,2BHK,2024-09-24,2025-04-20,Installation,1096114
PROJ02225,CUS002445,DES039,C053,Kitchen,2024-02-27,2025-12-18,Delayed,3272194
PROJ02226,CUS000460,DES055,C195,3BHK,2024-03-05,2025-02-10,Delayed,3100237
PROJ02227,CUS004666,DES080,C207,Office,2024-09-12,2025-08-22,Delayed,2610167
PROJ02228,CUS003015,DES011,C095,Office,2024-05-10,2025-12-06,Completed,3585726
PROJ02229,CUS002980,DES028,C092,3BHK,2024-12-16,2025-01-03,Delayed,3292975
PROJ02230,CUS000838,DES056,C166,Office,2024-12-08,2025-03-28,Design Phase,314802
PROJ02231,CUS003628,DES074,C159,Kitchen,2024-12-17,2025-05-21,Delayed,2103791
PROJ02232,CUS002882,DES123,C057,Office,2024-05-06,2025-11-14,Installation,2065926
PROJ02233,CUS001432,DES001,C005,Kitchen,2024-12-03,2025-04-18,Design Phase,2801660
PROJ02234,CUS001723,DES039,C183,Kitchen,2024-01-16,2025-09-14,completed,3698786
PROJ02235,CUS000279,DES049,C012,2BHK,2024-05-10,2025-12-23,Completed,1407423
PROJ02236,CUS003722,DES097,C235,Villa,2024-02-10,2025-02-07,Installation,4068668
PROJ02237,CUS000751,DES147,C172,2BHK,2024-04-13,2025-05-23,Installation,546938
PROJ02238,CUS004519,DES112,C082,2BHK,2024-07-05,,Installation,4193689
PROJ02239,CUS001676,DES014,C013,2BHK,2024-04-28,2025-02-24,Installation,4541406
PROJ02240,CUS004828,DES113,C078,Office,2024-03-10,2025-01-08,Installation,1812037
PROJ02241,CUS001380,DES015,C130,2BHK,2024-01-05,,Completed,512202
PROJ02242,CUS003305,DES075,C033,Kitchen,2024-12-04,2025-09-27,Completed,205328
PROJ02243,CUS001153,DES071,C166,2BHK,2024-09-03,2025-07-20,Installation,3841958
PROJ02244,CUS000677,DES007,C246,Office,2024-05-01,2025-07-11,Design Phase,3537076
PROJ02245,CUS004014,DES003,C005,Villa,2024-06-01,2025-09-21,Delayed,2716818
PROJ02246,CUS000270,DES022,C132,Kitchen,2024-11-16,2025-05-03,Delayed,4721181
PROJ02247,CUS002237,DES024,C087,Kitchen,2024-07-15,2025-03-10,completed,4928561
PROJ02248,CUS004833,DES093,C105,3BHK,2024-04-17,2025-06-13,completed,3197016
PROJ02249,CUS000881,DES060,C115,Office,2024-05-26,2025-07-17,Delayed,2519065
PROJ02250,CUS003310,DES002,C076,2BHK,10/10/2024,2025-06-27,Delayed,3175172
PROJ02251,CUS004545,DES128,C073,Kitchen,2024-09-27,2025-08-05,Delayed,1421929
PROJ02252,CUS002925,DES020,C224,Office,2024-10-13,2025-10-04,Completed,347285
PROJ02253,CUS003003,DES046,C046,Office,2024-05-02,2025-02-02,Delayed,1623396
PROJ02254,CUS002822,DES142,C053,2BHK,2024-03-28,2025-09-08,completed,3635499
PROJ02255,CUS004907,DES144,C204,2BHK,2024-11-25,2025-03-15,Delayed,901788
PROJ02256,CUS004324,DES013,C148,Office,2024-06-16,2025-07-06,Delayed,2589460
PROJ02257,CUS001165,DES066,C195,Kitchen,2024-04-05,2025-07-15,Installation,894323
PROJ02258,CUS001049,DES075,C116,3BHK,2024-03-13,2025-09-13,Planning,849523
PROJ02259,CUS000738,DES021,C103,Office,2024-02-15,2025-04-03,Design Phase,3711897
PROJ02260,CUS001637,DES079,C160,Kitchen,2024-01-04,2025-12-11,completed,4617546
PROJ02261,CUS002507,DES089,C250,3BHK,2024-11-24,,Delayed,205357
PROJ02262,CUS000150,DES004,C072,Office,2024-04-25,,Design Phase,4365407
PROJ02263,CUS004549,DES037,C238,Office,2024-05-04,,Delayed,1904320
PROJ02264,CUS004128,DES008,C145,2BHK,2024-12-08,2025-11-14,Planning,1215569
PROJ02265,CUS002748,DES062,C189,Office,2024-02-13,2025-08-07,Design Phase,3687329
PROJ02266,CUS002026,DES129,C172,2BHK,2024-02-19,2025-04-07,Planning,2901539
PROJ02267,CUS000578,DES005,C029,2BHK,2024-04-10,2025-09-18,completed,3831446
PROJ02268,CUS000334,DES106,C076,Office,2024-02-14,,Delayed,3689465
PROJ02269,CUS001431,DES116,C026,Villa,2024-02-18,2025-02-17,Design Phase,1353597
PROJ02270,CUS001525,DES150,C152,Kitchen,2024-12-04,2025-02-03,Design Phase,1026115
PROJ02271,CUS002768,DES133,C037,3BHK,2024-06-12,2025-07-05,Planning,974799
PROJ02272,CUS000262,DES145,C225,3BHK,2024-01-24,2025-10-18,Completed,1016650
PROJ02273,CUS000091,DES076,C120,2BHK,2024-05-16,2025-03-15,completed,4055111
PROJ02274,CUS001523,DES003,C120,Kitchen,2024-04-22,2025-06-22,Planning,4077172
PROJ02275,CUS000911,DES067,C225,3BHK,2024-07-05,2025-05-26,Planning,4962924
PROJ02276,CUS003892,DES148,C131,3BHK,2024-05-24,2025-12-25,Delayed,3616318
PROJ02277,CUS002229,DES074,C061,Kitchen,2024-07-17,2025-12-03,Planning,3374575
PROJ02278,CUS000496,DES125,C198,2BHK,2024-04-04,,completed,4479077
PROJ02279,CUS000657,DES018,C198,Villa,2024-06-27,,Design Phase,4079699
PROJ02280,CUS000230,DES145,C219,Villa,19/05/2024,2025-08-05,Installation,2538109
PROJ02281,CUS002497,DES049,C243,2BHK,2024-03-16,2025-11-01,Installation,4003578
PROJ02282,CUS001462,DES026,C052,Office,2024-09-10,2025-06-11,Planning,1621375
PROJ02283,CUS004224,DES079,C171,Villa,2024-04-06,2025-04-07,Installation,2917753
PROJ02284,CUS001223,DES128,C009,Kitchen,2024-03-04,2025-06-17,Installation,3671794
PROJ02285,CUS000052,DES105,C234,Villa,2024-03-07,2025-05-07,Delayed,3787134
PROJ02286,CUS003137,DES093,C250,Kitchen,2024-03-15,2025-05-26,Installation,2742159
PROJ02287,CUS003898,DES139,C235,Villa,2024-11-17,2025-08-16,completed,3273393
PROJ02288,CUS000435,DES001,C084,3BHK,2024-08-12,2025-04-17,Design Phase,1523514
PROJ02289,CUS002020,DES080,C023,Kitchen,2024-11-28,2025-08-03,Design Phase,3328998
PROJ02290,CUS004929,DES030,C001,Kitchen,2024-02-15,2025-03-08,completed,1106768
PROJ02291,CUS004544,DES077,C176,Kitchen,2024-10-19,2025-03-22,Installation,379852
PROJ02292,CUS002249,DES016,C201,3BHK,2024-09-28,2025-03-04,Completed,2940889
PROJ02293,CUS000903,DES002,C150,Villa,2024-11-19,2025-07-21,Planning,1190346
PROJ02294,CUS003007,DES065,C208,3BHK,2024-10-07,2025-04-04,Delayed,3229564
PROJ02295,CUS003544,DES003,C198,2BHK,2024-11-08,,Design Phase,3743611
PROJ02296,CUS003100,DES068,C239,Villa,2024-01-23,2025-06-14,Planning,1228805
PROJ02297,CUS003300,DES016,C071,Office,2024-03-09,2025-10-03,Design Phase,2716760
PROJ02298,CUS004370,DES120,C014,2BHK,2024-06-12,,completed,4543353
PROJ02299,CUS002979,DES139,C032,Office,2024-09-21,2025-01-24,Design Phase,476635
PROJ02300,CUS003051,DES119,C201,3BHK,2024-10-08,2025-01-03,Delayed,4117597
PROJ02301,CUS004076,DES061,C020,Office,2024-09-11,,Completed,1511974
PROJ02302,CUS004106,DES087,C013,Office,2024-03-11,2025-02-16,Design Phase,648290
PROJ02303,CUS004404,DES015,C213,3BHK,2024-04-10,,Installation,1936443
PROJ02304,CUS000859,DES013,C230,Kitchen,2024-01-25,2025-08-25,Delayed,3406036
PROJ02305,CUS001956,DES106,C178,3BHK,2024-01-25,2025-05-12,Delayed,2690531
PROJ02306,CUS004594,DES092,C220,Office,2024-08-10,2025-04-12,completed,1451000
PROJ02307,CUS002561,DES009,C047,3BHK,2024-07-15,,Installation,1869358
PROJ02308,CUS003006,DES073,C031,Villa,2024-11-21,2025-05-12,Design Phase,1012658
PROJ02309,CUS004589,DES008,C039,Kitchen,2024-11-13,2025-11-23,Planning,2139898
PROJ02310,CUS003861,DES043,C210,2BHK,14/02/2024,2025-07-15,Completed,2757701
PROJ02311,CUS002414,DES009,C112,2BHK,2024-03-17,2025-06-09,Design Phase,2580602
PROJ02312,CUS003731,DES085,C241,2BHK,2024-08-17,2025-08-25,Installation,4954458
PROJ02313,CUS001766,DES002,C163,Office,2024-06-07,2025-09-19,Completed,2107657
PROJ02314,CUS001111,DES131,C002,Villa,2024-05-10,2025-04-22,Planning,2656456
PROJ02315,CUS000222,DES032,C020,3BHK,2024-03-06,,Planning,4171526
PROJ02316,CUS000567,DES083,C126,Villa,2024-08-06,2025-09-08,Installation,2879189
PROJ02317,CUS000194,DES023,C166,2BHK,2024-02-12,2025-05-15,Completed,3143127
PROJ02318,CUS001808,DES015,C030,Kitchen,2024-09-22,2025-07-11,Delayed,1094671
PROJ02319,CUS004526,DES104,C010,Villa,2024-11-18,2025-02-20,Design Phase,1064234
PROJ02320,CUS004928,DES138,C102,Office,2024-07-03,2025-10-17,Planning,3360759
PROJ02321,CUS001359,DES035,C179,Office,2024-08-08,2025-01-13,Installation,1264191
PROJ02322,CUS004167,DES149,C195,3BHK,2024-10-25,2025-10-08,completed,914442
PROJ02323,CUS004758,DES042,C104,Office,2024-12-05,2025-08-05,Design Phase,560261
PROJ02324,CUS000957,DES120,C191,2BHK,2024-09-22,,Installation,3882034
PROJ02325,CUS002341,DES081,C060,Kitchen,2024-08-25,2025-06-11,Delayed,3730212
PROJ02326,CUS004229,DES090,C095,Office,2024-02-20,2025-02-13,completed,2619319
PROJ02327,CUS000695,DES121,C219,Office,2024-05-18,2025-10-26,Completed,780235
PROJ02328,CUS002607,DES146,C170,Office,2024-08-26,2025-07-12,Completed,2378221
PROJ02329,CUS001316,DES047,C004,Villa,2024-03-17,2025-07-25,Design Phase,4568655
PROJ02330,CUS004920,DES046,C023,Kitchen,2024-01-05,2025-06-12,Installation,3889438
PROJ02331,CUS003980,DES115,C014,2BHK,2024-03-04,2025-09-10,Planning,4104328
PROJ02332,CUS002076,DES049,C243,Kitchen,2024-02-06,2025-07-23,Installation,1085924
PROJ02333,CUS003485,DES087,C057,Villa,2024-01-24,2025-08-28,Installation,3449036
PROJ02334,CUS001092,DES062,C134,Kitchen,2024-05-10,2025-09-09,Completed,4062827
PROJ02335,CUS003441,DES119,C182,Office,2024-12-16,,Installation,1401016
PROJ02336,CUS004584,DES120,C094,Office,2024-02-18,2025-09-01,Delayed,4386647
PROJ02337,CUS002794,DES007,C121,3BHK,2024-11-28,2025-07-18,Delayed,1074291
PROJ02338,CUS004406,DES103,C138,3BHK,2024-11-07,2025-06-08,Installation,1398768
PROJ02339,CUS001990,DES001,C143,Kitchen,2024-08-16,2025-01-19,Installation,2624305
PROJ02340,CUS003946,DES132,C084,Office,06/07/2024,2025-02-23,completed,1899835
PROJ02341,CUS004755,DES113,C049,2BHK,2024-09-10,2025-04-12,completed,4280829
PROJ02342,CUS004716,DES040,C138,Kitchen,2024-03-04,2025-10-26,Installation,3024092
PROJ02343,CUS003566,DES020,C160,3BHK,2024-07-05,2025-12-11,Installation,3606898
PROJ02344,CUS004642,DES044,C053,Office,2024-08-10,2025-11-25,Design Phase,942089
PROJ02345,CUS003513,DES131,C134,2BHK,2024-10-25,2025-08-28,Completed,2613982
PROJ02346,CUS000541,DES073,C134,3BHK,2024-10-25,2025-03-05,Design Phase,2587476
PROJ02347,CUS000924,DES007,C168,Kitchen,2024-02-15,2025-08-02,Design Phase,1886436
PROJ02348,CUS004989,DES054,C040,Office,2024-06-10,2025-08-17,Delayed,4275018
PROJ02349,CUS004176,DES125,C123,3BHK,2024-04-28,2025-06-01,Installation,1340733
PROJ02350,CUS001829,DES132,C151,Office,2024-05-01,2025-02-12,Completed,663321
PROJ02351,CUS001546,DES026,C106,2BHK,2024-01-17,,Installation,3702333
PROJ02352,CUS004611,DES136,C039,3BHK,2024-07-12,2025-04-06,Design Phase,601913
PROJ02353,CUS003109,DES027,C028,3BHK,2024-04-17,2025-03-18,Installation,3443919
PROJ02354,CUS000402,DES124,C140,Villa,2024-05-22,2025-03-26,Installation,2084144
PROJ02355,CUS004563,DES147,C144,3BHK,2024-07-02,,completed,539640
PROJ02356,CUS000160,DES139,C170,2BHK,2024-01-16,2025-05-21,Delayed,4759906
PROJ02357,CUS003525,DES116,C149,2BHK,2024-10-23,,Delayed,4810062
PROJ02358,CUS003865,DES034,C102,3BHK,2024-07-03,2025-04-13,Installation,2660494
PROJ02359,CUS004418,DES077,C008,2BHK,2024-09-18,,Completed,4592621
PROJ02360,CUS002046,DES112,C066,Villa,2024-12-24,2025-07-02,Design Phase,2139846
PROJ02361,CUS001679,DES088,C186,Villa,2024-06-18,2025-12-24,Planning,1623968
PROJ02362,CUS004671,DES114,C084,Kitchen,2024-09-13,2025-08-02,Installation,2978234
PROJ02363,CUS000711,DES099,C129,Villa,2024-12-22,,completed,2401730
PROJ02364,CUS004754,DES115,C167,3BHK,2024-02-06,2025-09-04,Planning,1161365
PROJ02365,CUS002636,DES076,C246,Office,2024-07-17,2025-02-11,Installation,1740384
PROJ02366,CUS000527,DES077,C004,2BHK,2024-09-23,2025-05-28,Installation,1936980
PROJ02367,CUS002492,DES125,C050,Office,2024-07-07,2025-07-18,Delayed,3614059
PROJ02368,CUS002155,DES057,C167,Villa,2024-06-17,2025-04-01,Design Phase,3418519
PROJ02369,CUS001860,DES130,C201,Office,2024-11-07,,Installation,3300160
PROJ02370,CUS004509,DES105,C222,Kitchen,15/04/2024,2025-03-12,Installation,3027376
PROJ02371,CUS003509,DES123,C121,3BHK,2024-01-18,2025-07-03,Completed,1781712
PROJ02372,CUS004562,DES013,C150,Kitchen,2024-04-24,2025-11-14,Design Phase,1904203
PROJ02373,CUS004240,DES003,C080,Villa,2024-06-14,2025-02-28,completed,971825
PROJ02374,CUS004331,DES020,C231,Villa,2024-05-24,2025-10-01,Planning,4258431
PROJ02375,CUS002830,DES029,C143,Villa,2024-06-19,,Installation,2978360
PROJ02376,CUS004962,DES133,C237,3BHK,2024-06-02,2025-09-14,Installation,3667301
PROJ02377,CUS002848,DES071,C021,3BHK,2024-08-07,,completed,508773
PROJ02378,CUS003239,DES141,C238,3BHK,2024-12-17,2025-02-26,Design Phase,3384599
PROJ02379,CUS003292,DES117,C098,Villa,2024-10-25,2025-06-22,Completed,911626
PROJ02380,CUS002663,DES037,C215,Villa,2024-03-27,2025-08-20,Installation,2392556
PROJ02381,CUS004101,DES038,C230,2BHK,2024-04-15,2025-05-15,completed,651677
PROJ02382,CUS004214,DES096,C170,Villa,2024-02-05,2025-07-02,Completed,3913920
PROJ02383,CUS004596,DES035,C109,Office,2024-10-11,2025-06-25,Design Phase,623770
PROJ02384,CUS004177,DES016,C203,Office,2024-04-23,2025-07-22,completed,1168660
PROJ02385,CUS004497,DES097,C081,Villa,2024-12-19,2025-12-07,completed,2035495
PROJ02386,CUS001507,DES076,C029,2BHK,2024-06-22,2025-09-03,Installation,2720927
PROJ02387,CUS002506,DES047,C034,Office,2024-07-17,2025-02-14,Design Phase,3138860
PROJ02388,CUS000145,DES106,C248,3BHK,2024-02-18,2025-05-21,completed,868567
PROJ02389,CUS002297,DES076,C063,3BHK,2024-05-25,2025-06-23,Planning,4405761
PROJ02390,CUS001269,DES016,C175,Villa,2024-02-20,2025-12-10,completed,3134265
PROJ02391,CUS002317,DES013,C088,2BHK,2024-09-21,2025-03-18,Completed,2117539
PROJ02392,CUS002838,DES117,C051,3BHK,2024-05-28,2025-10-14,Delayed,1064505
PROJ02393,CUS003573,DES085,C020,2BHK,2024-05-09,2025-03-05,Completed,3327331
PROJ02394,CUS000479,DES143,C114,Kitchen,2024-04-17,2025-05-03,Delayed,1910698
PROJ02395,CUS003711,DES092,C025,3BHK,2024-09-19,2025-07-21,completed,3347960
PROJ02396,CUS003914,DES081,C162,Office,2024-01-25,2025-01-28,Installation,2033568
PROJ02397,CUS000272,DES040,C173,2BHK,2024-09-02,2025-07-15,Delayed,2193998
PROJ02398,CUS003677,DES138,C147,Office,2024-02-17,2025-07-22,Installation,1344949
PROJ02399,CUS004035,DES102,C062,Kitchen,2024-02-28,2025-12-09,Design Phase,2329547
PROJ02400,CUS004184,DES047,C142,Villa,15/03/2024,2025-02-09,Delayed,2785550
PROJ02401,CUS000360,DES125,C054,Villa,2024-08-24,2025-02-06,Completed,1198033
PROJ02402,CUS004463,DES092,C033,2BHK,2024-11-21,,Planning,1516329
PROJ02403,CUS003647,DES087,C239,Villa,2024-07-18,2025-12-28,completed,1843981
PROJ02404,CUS003175,DES004,C081,Office,2024-03-26,2025-10-20,Delayed,786150
PROJ02405,CUS003483,DES024,C189,Villa,2024-05-16,2025-04-09,completed,4592331
PROJ02406,CUS000706,DES135,C047,3BHK,2024-04-22,,completed,2791410
PROJ02407,CUS003619,DES109,C042,Villa,2024-10-23,2025-04-20,Planning,1804747
PROJ02408,CUS001884,DES148,C241,Kitchen,2024-11-06,2025-04-10,completed,3000548
PROJ02409,CUS001645,DES123,C189,Kitchen,2024-04-14,,Installation,4329921
PROJ02410,CUS001415,DES019,C222,2BHK,2024-12-27,2025-12-20,completed,782550
PROJ02411,CUS000534,DES101,C245,Office,2024-02-27,,Planning,481256
PROJ02412,CUS000570,DES106,C095,Kitchen,2024-07-07,2025-12-12,Completed,320329
PROJ02413,CUS002386,DES124,C093,Office,2024-07-25,2025-12-26,Installation,2941359
PROJ02414,CUS002463,DES029,C058,Office,2024-07-05,2025-03-24,Completed,2785948
PROJ02415,CUS004097,DES035,C040,Kitchen,2024-09-27,,Completed,3504880
PROJ02416,CUS002140,DES119,C054,3BHK,2024-05-09,2025-03-08,Planning,4191763
PROJ02417,CUS004483,DES074,C089,Office,2024-06-11,2025-05-08,Installation,1275195
PROJ02418,CUS002334,DES010,C224,Villa,2024-01-13,2025-12-15,Installation,2229637
PROJ02419,CUS003572,DES043,C179,Kitchen,2024-01-04,2025-01-04,Delayed,3007154
PROJ02420,CUS003007,DES149,C020,3BHK,2024-07-19,2025-02-27,Planning,903389
PROJ02421,CUS004551,DES110,C025,Office,2024-09-24,2025-10-03,completed,3030386
PROJ02422,CUS002399,DES136,C156,Office,2024-04-20,2025-12-23,completed,1744111
PROJ02423,CUS000822,DES050,C099,3BHK,2024-11-23,2025-04-06,Delayed,3152678
PROJ02424,CUS004321,DES031,C107,Villa,2024-01-17,,completed,3165749
PROJ02425,CUS002845,DES128,C097,Kitchen,2024-12-03,2025-11-24,Planning,2514796
PROJ02426,CUS003309,DES103,C138,Kitchen,2024-07-17,2025-07-04,Planning,2631974
PROJ02427,CUS002185,DES086,C198,2BHK,2024-12-17,2025-05-19,Design Phase,735959
PROJ02428,CUS000621,DES078,C154,Kitchen,2024-06-09,2025-02-09,Delayed,3626465
PROJ02429,CUS000212,DES098,C202,Villa,2024-01-13,2025-07-10,Completed,1822786
PROJ02430,CUS002010,DES013,C076,2BHK,13/05/2024,2025-07-17,Planning,2298868
PROJ02431,CUS001215,DES016,C201,Kitchen,2024-04-18,2025-09-25,Design Phase,4188804
PROJ02432,CUS000886,DES120,C211,Kitchen,2024-03-15,,Design Phase,2980342
PROJ02433,CUS001657,DES123,C151,2BHK,2024-12-28,2025-05-07,Delayed,994684
PROJ02434,CUS003855,DES057,C038,Kitchen,2024-12-25,2025-05-10,Installation,236396
PROJ02435,CUS004404,DES137,C246,2BHK,2024-03-04,2025-01-01,Delayed,2994575
PROJ02436,CUS002899,DES102,C007,Office,2024-06-22,2025-01-19,Installation,3213507
PROJ02437,CUS004553,DES110,C157,Office,2024-09-15,2025-01-12,completed,2221519
PROJ02438,CUS003435,DES105,C071,3BHK,2024-03-17,2025-09-24,Completed,3930076
PROJ02439,CUS000094,DES029,C191,Villa,2024-12-09,2025-07-20,Completed,4721839
PROJ02440,CUS001726,DES022,C197,Kitchen,2024-11-10,2025-03-07,Design Phase,4504345
PROJ02441,CUS004010,DES048,C186,Office,2024-07-19,,Completed,4272530
PROJ02442,CUS004899,DES057,C004,2BHK,2024-09-01,,Installation,3301932
PROJ02443,CUS003785,DES051,C110,Kitchen,2024-08-11,2025-02-12,Installation,3360532
PROJ02444,CUS003096,DES137,C194,Villa,2024-01-08,2025-04-19,Delayed,4096591
PROJ02445,CUS001431,DES117,C015,3BHK,2024-06-08,2025-11-04,Planning,340185
PROJ02446,CUS002342,DES117,C070,Villa,2024-02-08,2025-02-03,completed,1893192
PROJ02447,CUS004429,DES139,C223,Kitchen,2024-11-01,2025-12-28,Delayed,1497236
PROJ02448,CUS000385,DES114,C046,Villa,2024-04-11,2025-08-24,Delayed,4321604
PROJ02449,CUS000539,DES043,C160,Office,2024-09-14,,Design Phase,1444008
PROJ02450,CUS002350,DES038,C161,Office,2024-10-10,2025-12-18,Delayed,3940415
PROJ02451,CUS004509,DES040,C214,Villa,2024-07-10,,Completed,1884615
PROJ02452,CUS001736,DES015,C189,Office,2024-10-21,2025-04-03,Delayed,2597595
PROJ02453,CUS002215,DES009,C182,2BHK,2024-11-04,,Installation,3626386
PROJ02454,CUS000336,DES104,C199,Kitchen,2024-10-28,2025-04-04,Design Phase,1235898
PROJ02455,CUS002143,DES063,C199,Kitchen,2024-01-11,2025-10-16,completed,3185036
PROJ02456,CUS000596,DES014,C025,Office,2024-02-26,2025-09-18,Completed,2935543
PROJ02457,CUS003005,DES113,C041,3BHK,2024-02-22,2025-01-23,Design Phase,1422172
PROJ02458,CUS004825,DES145,C085,Villa,2024-05-18,2025-11-23,Completed,4318186
PROJ02459,CUS003612,DES084,C044,Office,2024-09-18,,Planning,3739096
PROJ02460,CUS004507,DES004,C159,Kitchen,08/12/2024,2025-03-05,Delayed,3020520
PROJ02461,CUS002842,DES101,C215,2BHK,2024-09-17,2025-05-18,Delayed,1234063
PROJ02462,CUS003211,DES069,C215,Kitchen,2024-12-20,2025-01-03,completed,935097
PROJ02463,CUS000107,DES019,C003,Villa,2024-03-26,2025-10-17,Delayed,4280458
PROJ02464,CUS000697,DES094,C043,2BHK,2024-06-08,2025-02-24,Planning,3346344
PROJ02465,CUS002671,DES054,C164,2BHK,2024-04-06,2025-07-15,Design Phase,1477720
PROJ02466,CUS003032,DES006,C226,Kitchen,2024-11-11,2025-12-26,Completed,1823923
PROJ02467,CUS002200,DES073,C028,Office,2024-02-24,2025-07-09,Delayed,3651279
PROJ02468,CUS004136,DES131,C015,3BHK,2024-12-23,,Delayed,1102672
PROJ02469,CUS003548,DES117,C004,Office,2024-03-19,2025-04-15,Installation,3554862
PROJ02470,CUS003907,DES018,C139,2BHK,2024-08-14,2025-04-18,Planning,4274073
PROJ02471,CUS001182,DES105,C230,2BHK,2024-02-16,2025-05-12,Installation,3330545
PROJ02472,CUS004201,DES147,C035,2BHK,2024-07-07,2025-11-02,Delayed,2257259
PROJ02473,CUS000231,DES100,C134,Kitchen,2024-10-14,2025-09-04,Installation,3663822
PROJ02474,CUS003881,DES150,C038,Kitchen,2024-10-20,2025-05-06,Installation,3769634
PROJ02475,CUS001126,DES132,C055,2BHK,2024-09-25,2025-03-01,completed,2249596
PROJ02476,CUS002271,DES034,C230,3BHK,2024-05-05,2025-07-28,Planning,2864870
PROJ02477,CUS001906,DES109,C141,2BHK,2024-05-15,2025-05-08,Completed,1777391
PROJ02478,CUS002266,DES073,C053,Villa,2024-02-07,2025-07-11,Design Phase,3879612
PROJ02479,CUS001205,DES012,C039,Kitchen,2024-01-23,2025-02-23,Installation,1098432
PROJ02480,CUS000664,DES046,C188,2BHK,2024-12-18,2025-03-08,Delayed,1780949
PROJ02481,CUS003777,DES056,C130,3BHK,2024-04-04,2025-01-21,Delayed,3417708
PROJ02482,CUS003218,DES021,C209,Villa,2024-04-22,2025-12-16,Planning,1019583
PROJ02483,CUS002214,DES031,C196,Kitchen,2024-01-15,2025-01-01,completed,4237022
PROJ02484,CUS003009,DES128,C029,3BHK,2024-01-15,2025-01-19,Design Phase,2470911
PROJ02485,CUS001057,DES039,C070,Kitchen,2024-12-08,2025-07-19,Planning,3046703
PROJ02486,CUS002443,DES102,C068,Villa,2024-09-28,2025-09-14,Installation,3606327
PROJ02487,CUS004604,DES034,C009,Kitchen,2024-04-23,2025-02-24,Installation,1118007
PROJ02488,CUS002065,DES055,C013,Villa,2024-07-14,2025-12-27,completed,3500091
PROJ02489,CUS002579,DES128,C062,Kitchen,2024-12-13,2025-01-14,Delayed,4176203
PROJ02490,CUS004680,DES072,C084,3BHK,27/01/2024,2025-01-02,Design Phase,2426537
PROJ02491,CUS001123,DES010,C186,3BHK,2024-06-22,2025-11-05,Design Phase,2270361
PROJ02492,CUS004417,DES103,C017,Villa,2024-12-21,2025-05-05,completed,4935894
PROJ02493,CUS004429,DES142,C057,Villa,2024-08-22,2025-05-04,Completed,3262148
PROJ02494,CUS003689,DES139,C205,3BHK,2024-02-01,2025-05-12,Planning,4232407
PROJ02495,CUS003254,DES124,C155,Kitchen,2024-02-03,2025-11-19,Completed,1936588
PROJ02496,CUS004723,DES004,C164,2BHK,2024-03-02,2025-05-03,Design Phase,4337908
PROJ02497,CUS000600,DES056,C017,Office,2024-02-01,2025-04-14,Installation,3452777
PROJ02498,CUS002498,DES022,C031,Kitchen,2024-08-03,,completed,4144404
PROJ02499,CUS000129,DES005,C218,Villa,2024-07-21,2025-09-05,Design Phase,2407219
PROJ02500,CUS002994,DES006,C226,3BHK,2024-01-07,2025-03-06,Planning,387395
PROJ02501,CUS003864,DES002,C068,3BHK,2024-07-10,2025-07-04,Delayed,2660432
PROJ02502,CUS003610,DES062,C081,Villa,2024-06-16,2025-11-17,Installation,3047122
PROJ02503,CUS001412,DES067,C091,Kitchen,2024-05-03,2025-04-20,completed,839592
PROJ02504,CUS001263,DES065,C183,Villa,2024-06-21,2025-07-10,Installation,1538318
PROJ02505,CUS000419,DES080,C097,Kitchen,2024-07-18,2025-12-21,Delayed,3137610
PROJ02506,CUS003312,DES149,C001,2BHK,2024-02-24,2025-06-19,Planning,4302820
PROJ02507,CUS000613,DES094,C192,Villa,2024-06-15,2025-09-03,Planning,3239288
PROJ02508,CUS003007,DES039,C202,Office,2024-12-13,2025-09-16,Installation,3640130
PROJ02509,CUS000356,DES046,C041,3BHK,2024-11-12,2025-10-10,Installation,3605006
PROJ02510,CUS004172,DES005,C154,3BHK,2024-07-03,,Delayed,2864546
PROJ02511,CUS002671,DES039,C175,Office,2024-09-17,2025-10-06,completed,4369863
PROJ02512,CUS003909,DES093,C221,Kitchen,2024-03-13,2025-08-24,Planning,2510115
PROJ02513,CUS000369,DES149,C241,Office,2024-02-10,2025-02-19,completed,2046123
PROJ02514,CUS002287,DES061,C213,3BHK,2024-05-10,2025-02-24,Installation,2027978
PROJ02515,CUS004650,DES096,C182,3BHK,2024-08-13,2025-07-18,completed,2761336
PROJ02516,CUS002467,DES131,C113,Kitchen,2024-03-15,2025-09-16,Planning,3257940
PROJ02517,CUS004741,DES133,C230,2BHK,2024-09-22,2025-10-02,Delayed,1620166
PROJ02518,CUS001077,DES123,C096,Office,2024-12-04,2025-12-18,Installation,2737750
PROJ02519,CUS002611,DES100,C071,Office,2024-08-19,,completed,4985999
PROJ02520,CUS001236,DES123,C089,Office,18/03/2024,2025-09-04,Delayed,4521125
PROJ02521,CUS002374,DES038,C037,2BHK,2024-07-12,2025-09-15,Delayed,828617
PROJ02522,CUS001158,DES010,C012,2BHK,2024-11-20,2025-08-15,Delayed,2783913
PROJ02523,CUS004424,DES090,C151,Villa,2024-12-14,2025-03-20,completed,3319761
PROJ02524,CUS002629,DES095,C154,2BHK,2024-12-10,2025-12-20,completed,4099976
PROJ02525,CUS000821,DES031,C207,Office,2024-10-13,2025-03-17,Completed,233815
PROJ02526,CUS004789,DES142,C221,Kitchen,2024-02-07,2025-10-05,Delayed,819036
PROJ02527,CUS000560,DES115,C153,Kitchen,2024-08-15,2025-12-19,Design Phase,619297
PROJ02528,CUS000227,DES014,C201,Kitchen,2024-10-04,2025-02-11,Design Phase,2088255
PROJ02529,CUS001162,DES130,C100,Office,2024-05-14,2025-04-02,Completed,3018799
PROJ02530,CUS002848,DES139,C124,3BHK,2024-10-17,2025-09-07,Design Phase,419781
PROJ02531,CUS001994,DES029,C049,3BHK,2024-02-13,2025-03-09,Completed,1775482
PROJ02532,CUS000841,DES120,C060,3BHK,2024-11-09,2025-02-11,Completed,1293365
PROJ02533,CUS001171,DES089,C214,2BHK,2024-09-15,2025-02-21,Installation,1098770
PROJ02534,CUS003458,DES024,C149,Kitchen,2024-06-13,2025-06-26,completed,880608
PROJ02535,CUS000399,DES136,C123,Villa,2024-05-19,,Planning,3657566
PROJ02536,CUS002179,DES097,C233,Office,2024-02-24,2025-11-27,completed,362943
PROJ02537,CUS000598,DES049,C155,2BHK,2024-06-07,,Completed,1117761
PROJ02538,CUS003823,DES117,C215,3BHK,2024-08-27,2025-07-06,Completed,3816891
PROJ02539,CUS000178,DES077,C042,2BHK,2024-04-27,,Completed,4428349
PROJ02540,CUS001270,DES149,C121,Kitchen,2024-05-27,,Completed,4534412
PROJ02541,CUS004180,DES014,C250,Kitchen,2024-12-15,,Planning,1931507
PROJ02542,CUS000253,DES104,C018,Kitchen,2024-05-14,2025-02-18,Planning,2444611
PROJ02543,CUS000738,DES146,C026,3BHK,2024-08-28,2025-03-12,Delayed,3909946
PROJ02544,CUS004046,DES147,C153,3BHK,2024-03-11,2025-05-14,Design Phase,1725190
PROJ02545,CUS000021,DES084,C039,Villa,2024-06-15,2025-08-11,Planning,3421850
PROJ02546,CUS001427,DES042,C133,3BHK,2024-04-18,2025-03-02,Design Phase,4067875
PROJ02547,CUS003953,DES002,C170,Office,2024-10-23,2025-03-20,Completed,3843400
PROJ02548,CUS004383,DES060,C062,Office,2024-07-04,2025-09-15,Design Phase,3267950
PROJ02549,CUS001276,DES135,C073,3BHK,2024-03-23,,Installation,2357598
PROJ02550,CUS000659,DES039,C208,Villa,01/12/2024,,Completed,1834382
PROJ02551,CUS002802,DES086,C069,3BHK,2024-02-04,2025-07-15,Planning,455375
PROJ02552,CUS003197,DES074,C211,Kitchen,2024-10-17,2025-09-01,Design Phase,1378228
PROJ02553,CUS002860,DES008,C130,3BHK,2024-04-25,2025-11-27,Completed,248147
PROJ02554,CUS003012,DES074,C064,2BHK,2024-03-06,2025-12-27,Completed,1574110
PROJ02555,CUS004433,DES090,C201,Kitchen,2024-02-10,2025-07-18,Installation,1789443
PROJ02556,CUS001539,DES138,C245,Villa,2024-10-04,,Planning,345347
PROJ02557,CUS003383,DES050,C036,Office,2024-09-27,2025-08-27,Delayed,4836544
PROJ02558,CUS002684,DES014,C171,Kitchen,2024-09-15,2025-09-03,Delayed,3115704
PROJ02559,CUS002659,DES096,C029,Office,2024-11-25,,Delayed,4043037
PROJ02560,CUS003016,DES094,C033,2BHK,2024-04-18,2025-09-21,Design Phase,2156960
PROJ02561,CUS000680,DES144,C005,Office,2024-02-06,2025-11-27,Delayed,2915282
PROJ02562,CUS003101,DES100,C069,Villa,2024-06-14,2025-06-14,Planning,267583
PROJ02563,CUS003991,DES060,C243,Kitchen,2024-10-20,2025-03-17,Design Phase,735261
PROJ02564,CUS001464,DES108,C022,Villa,2024-07-11,2025-11-05,completed,757506
PROJ02565,CUS002615,DES101,C037,2BHK,2024-03-22,2025-07-15,Installation,4513171
PROJ02566,CUS002271,DES055,C024,2BHK,2024-05-06,2025-01-20,Completed,2098380
PROJ02567,CUS002038,DES103,C093,2BHK,2024-03-20,2025-01-24,Installation,2442322
PROJ02568,CUS004285,DES032,C146,3BHK,2024-02-08,2025-07-18,Delayed,4940136
PROJ02569,CUS004935,DES127,C053,Office,2024-06-15,2025-02-08,Delayed,3857810
PROJ02570,CUS004115,DES107,C097,Kitchen,2024-03-07,2025-11-08,Planning,4309364
PROJ02571,CUS004858,DES121,C064,3BHK,2024-07-02,2025-05-28,Delayed,3190198
PROJ02572,CUS000370,DES095,C153,Kitchen,2024-02-19,2025-04-19,completed,4994003
PROJ02573,CUS004609,DES150,C211,2BHK,2024-08-14,2025-08-06,Delayed,1767894
PROJ02574,CUS001313,DES119,C010,Office,2024-08-28,2025-02-02,Design Phase,1745158
PROJ02575,CUS004501,DES048,C016,Villa,2024-11-20,2025-11-07,completed,1455306
PROJ02576,CUS002604,DES032,C111,3BHK,2024-10-13,2025-04-04,Design Phase,3036387
PROJ02577,CUS003711,DES130,C176,Kitchen,2024-11-02,2025-03-11,Design Phase,836868
PROJ02578,CUS002943,DES082,C077,Office,2024-09-09,2025-12-02,Design Phase,4031235
PROJ02579,CUS004994,DES009,C217,3BHK,2024-02-12,2025-06-18,Design Phase,2379446
PROJ02580,CUS000582,DES132,C112,Office,23/07/2024,2025-06-22,Design Phase,2274455
PROJ02581,CUS003699,DES103,C101,Office,2024-08-12,2025-06-19,Planning,650719
PROJ02582,CUS003523,DES102,C058,Office,2024-05-12,2025-03-14,Design Phase,4058297
PROJ02583,CUS000252,DES023,C133,3BHK,2024-07-19,2025-12-23,Delayed,3773031
PROJ02584,CUS003568,DES030,C081,Villa,2024-09-04,,Planning,4305825
PROJ02585,CUS001179,DES015,C130,2BHK,2024-10-10,2025-10-24,Completed,1763880
PROJ02586,CUS001122,DES095,C131,2BHK,2024-12-03,2025-09-22,Completed,3326723
PROJ02587,CUS000720,DES064,C085,Office,2024-07-03,2025-11-18,Design Phase,3564232
PROJ02588,CUS002302,DES105,C237,Office,2024-12-04,2025-09-26,Installation,1209496
PROJ02589,CUS000157,DES148,C185,Office,2024-07-21,2025-01-05,Installation,441260
PROJ02590,CUS001492,DES048,C083,3BHK,2024-09-14,2025-08-14,Installation,269281
PROJ02591,CUS001985,DES130,C018,Kitchen,2024-09-03,2025-01-05,Completed,568322
PROJ02592,CUS001409,DES006,C150,2BHK,2024-03-21,2025-02-24,Completed,341853
PROJ02593,CUS003860,DES111,C227,Office,2024-04-24,2025-05-26,Completed,505416
PROJ02594,CUS000334,DES023,C168,Office,2024-01-13,2025-08-01,completed,3577540
PROJ02595,CUS003859,DES011,C184,3BHK,2024-06-02,2025-07-25,Installation,3669784
PROJ02596,CUS001612,DES113,C075,Villa,2024-03-02,2025-10-07,Installation,4273075
PROJ02597,CUS002997,DES015,C167,2BHK,2024-11-16,2025-12-04,Design Phase,3811451
PROJ02598,CUS004201,DES033,C073,3BHK,2024-01-05,2025-11-22,Installation,249956
PROJ02599,CUS003394,DES069,C032,2BHK,2024-12-23,,completed,820932
PROJ02600,CUS001905,DES024,C218,Office,2024-04-11,2025-12-25,completed,1196508
PROJ02601,CUS003605,DES135,C010,Villa,2024-06-13,2025-11-17,Design Phase,1358000
PROJ02602,CUS002698,DES029,C095,3BHK,2024-06-16,2025-05-25,Delayed,4314402
PROJ02603,CUS004703,DES021,C128,Office,2024-02-12,,Delayed,977490
PROJ02604,CUS004414,DES047,C209,3BHK,2024-06-07,2025-08-05,completed,4284167
PROJ02605,CUS001841,DES121,C166,Office,2024-05-26,2025-02-05,completed,2228729
PROJ02606,CUS004623,DES070,C138,Office,2024-02-13,,Installation,3803235
PROJ02607,CUS003029,DES008,C250,3BHK,2024-02-20,2025-06-21,Delayed,1238808
PROJ02608,CUS003344,DES054,C218,Villa,2024-05-19,2025-09-20,Completed,2684542
PROJ02609,CUS001099,DES099,C054,Villa,2024-04-27,,Design Phase,1277271
PROJ02610,CUS001346,DES040,C127,3BHK,22/02/2024,,Planning,222241
PROJ02611,CUS001627,DES084,C036,Villa,2024-08-15,2025-01-06,Completed,3506661
PROJ02612,CUS002363,DES140,C167,Kitchen,2024-05-09,2025-04-26,Completed,2985684
PROJ02613,CUS003572,DES112,C232,Office,2024-02-15,2025-07-10,Planning,4193690
PROJ02614,CUS003474,DES064,C136,3BHK,2024-07-03,2025-01-16,Installation,2033431
PROJ02615,CUS001420,DES020,C245,Villa,2024-05-28,2025-06-19,Installation,2152424
PROJ02616,CUS001248,DES085,C106,Villa,2024-11-01,2025-05-06,Completed,3808365
PROJ02617,CUS004601,DES032,C113,3BHK,2024-10-13,2025-04-11,Planning,1721448
PROJ02618,CUS002149,DES135,C027,2BHK,2024-10-18,2025-04-21,Design Phase,926388
PROJ02619,CUS000971,DES033,C148,3BHK,2024-03-05,2025-10-20,Completed,3507377
PROJ02620,CUS002129,DES038,C098,Office,2024-06-09,2025-03-13,completed,2135005
PROJ02621,CUS003562,DES036,C179,3BHK,2024-11-18,,Completed,4865884
PROJ02622,CUS002346,DES052,C094,3BHK,2024-06-01,2025-06-06,Completed,4561995
PROJ02623,CUS003907,DES113,C121,Kitchen,2024-02-05,2025-05-08,Delayed,1510757
PROJ02624,CUS000536,DES088,C157,3BHK,2024-10-25,2025-05-04,Delayed,236671
PROJ02625,CUS001997,DES129,C224,3BHK,2024-05-16,2025-09-18,Delayed,337780
PROJ02626,CUS001349,DES037,C156,3BHK,2024-08-01,2025-04-13,Design Phase,719478
PROJ02627,CUS002328,DES138,C214,Kitchen,2024-07-06,2025-08-12,Delayed,202657
PROJ02628,CUS001950,DES091,C029,Kitchen,2024-10-15,,Planning,385821
PROJ02629,CUS001381,DES103,C015,Villa,2024-10-01,2025-07-16,Design Phase,2257155
PROJ02630,CUS000665,DES048,C113,Office,2024-05-10,,completed,3929207
PROJ02631,CUS002746,DES102,C165,Villa,2024-06-09,2025-01-04,Completed,1138369
PROJ02632,CUS003595,DES035,C047,Kitchen,2024-02-23,2025-09-26,Delayed,293650
PROJ02633,CUS002659,DES107,C196,2BHK,2024-02-14,2025-05-08,completed,3596630
PROJ02634,CUS003868,DES005,C098,Office,2024-09-26,,Design Phase,2278076
PROJ02635,CUS000886,DES148,C037,Kitchen,2024-07-21,2025-09-02,Installation,1045811
PROJ02636,CUS001554,DES039,C026,3BHK,2024-10-25,2025-08-28,Delayed,385666
PROJ02637,CUS001991,DES102,C198,2BHK,2024-06-14,2025-07-17,Delayed,2858626
PROJ02638,CUS004097,DES087,C140,3BHK,2024-09-26,2025-04-15,Delayed,1299509
PROJ02639,CUS000588,DES130,C226,2BHK,2024-04-28,2025-06-20,completed,3107876
PROJ02640,CUS004641,DES131,C209,2BHK,12/10/2024,2025-06-15,Installation,3883502
PROJ02641,CUS003205,DES128,C206,3BHK,2024-10-24,2025-12-24,Installation,925587
PROJ02642,CUS003943,DES060,C013,3BHK,2024-09-16,2025-02-16,Installation,2801989
PROJ02643,CUS002667,DES035,C152,Office,2024-01-23,2025-02-04,completed,268148
PROJ02644,CUS002668,DES107,C147,2BHK,2024-11-08,2025-02-09,Design Phase,3684170
PROJ02645,CUS003389,DES038,C080,Villa,2024-03-07,2025-05-15,Delayed,4739536
PROJ02646,CUS004539,DES083,C119,2BHK,2024-01-10,2025-01-28,Planning,4571021
PROJ02647,CUS000940,DES111,C215,Office,2024-03-04,2025-05-04,Planning,2596475
PROJ02648,CUS000394,DES030,C014,2BHK,2024-12-03,2025-07-11,Planning,4484340
PROJ02649,CUS003491,DES028,C081,Villa,2024-09-12,2025-11-21,Design Phase,2818258
PROJ02650,CUS000049,DES032,C130,3BHK,2024-02-03,2025-05-27,Planning,2382343
PROJ02651,CUS001124,DES035,C155,Villa,2024-11-25,2025-10-06,Completed,3192943
PROJ02652,CUS000630,DES006,C159,Kitchen,2024-08-19,2025-03-03,Completed,242073
PROJ02653,CUS003769,DES070,C085,3BHK,2024-08-03,2025-03-03,completed,1237862
PROJ02654,CUS003679,DES007,C249,Kitchen,2024-04-28,,Delayed,4355076
PROJ02655,CUS000890,DES050,C091,Villa,2024-07-28,2025-07-17,Design Phase,914113
PROJ02656,CUS003443,DES103,C132,2BHK,2024-12-06,2025-06-05,Installation,1499648
PROJ02657,CUS000475,DES057,C205,3BHK,2024-10-18,2025-08-02,Installation,1407689
PROJ02658,CUS001434,DES086,C035,Office,2024-04-26,2025-11-05,Completed,675878
PROJ02659,CUS004529,DES016,C099,3BHK,2024-06-05,2025-10-01,Planning,3922292
PROJ02660,CUS004417,DES008,C086,2BHK,2024-01-19,2025-11-09,Design Phase,4343000
PROJ02661,CUS002411,DES085,C049,Office,2024-06-17,2025-04-27,completed,1906642
PROJ02662,CUS001258,DES049,C187,Kitchen,2024-03-26,2025-05-24,completed,1009646
PROJ02663,CUS001757,DES017,C240,Office,2024-04-15,2025-02-22,Completed,690746
PROJ02664,CUS003730,DES001,C183,Kitchen,2024-10-11,2025-08-17,Planning,2933994
PROJ02665,CUS004743,DES056,C164,Villa,2024-01-25,2025-09-22,Completed,3502914
PROJ02666,CUS003442,DES144,C138,Kitchen,2024-02-16,2025-07-20,Design Phase,2756459
PROJ02667,CUS002747,DES127,C053,2BHK,2024-08-14,,Planning,461909
PROJ02668,CUS001045,DES095,C237,Kitchen,2024-06-06,,Planning,4733943
PROJ02669,CUS000749,DES059,C067,Villa,2024-08-02,2025-08-08,Completed,3639468
PROJ02670,CUS000089,DES025,C214,Kitchen,18/03/2024,2025-04-07,Delayed,4259525
PROJ02671,CUS004701,DES013,C071,2BHK,2024-08-05,,Installation,3093152
PROJ02672,CUS002360,DES044,C180,Kitchen,2024-11-17,2025-08-21,Completed,3616703
PROJ02673,CUS000237,DES055,C210,2BHK,2024-08-20,2025-09-28,Planning,4148937
PROJ02674,CUS001495,DES140,C237,Kitchen,2024-12-03,,completed,721538
PROJ02675,CUS003917,DES013,C031,Office,2024-10-03,2025-05-21,Planning,4446516
PROJ02676,CUS003421,DES083,C232,3BHK,2024-10-05,2025-09-12,Installation,3280550
PROJ02677,CUS001522,DES021,C239,3BHK,2024-11-16,2025-10-22,completed,4343282
PROJ02678,CUS000256,DES139,C032,Office,2024-10-09,2025-01-20,Planning,694815
PROJ02679,CUS001185,DES024,C183,Villa,2024-08-02,2025-04-19,completed,1044103
PROJ02680,CUS002099,DES002,C032,3BHK,2024-07-28,2025-06-05,Installation,809907
PROJ02681,CUS004510,DES005,C071,3BHK,2024-01-24,2025-03-25,Planning,480448
PROJ02682,CUS001400,DES027,C161,Kitchen,2024-06-18,2025-04-23,Delayed,717864
PROJ02683,CUS003277,DES141,C101,2BHK,2024-07-28,2025-09-26,completed,664171
PROJ02684,CUS002374,DES051,C174,Kitchen,2024-08-27,2025-05-13,completed,3937596
PROJ02685,CUS002214,DES037,C096,3BHK,2024-07-03,2025-04-10,completed,1495763
PROJ02686,CUS000706,DES016,C042,Kitchen,2024-10-28,2025-05-17,completed,637800
PROJ02687,CUS002087,DES032,C014,3BHK,2024-12-07,2025-10-18,completed,2006367
PROJ02688,CUS001075,DES145,C246,Kitchen,2024-04-08,2025-10-22,Planning,2806389
PROJ02689,CUS002082,DES060,C132,Villa,2024-06-02,2025-04-19,Installation,2659295
PROJ02690,CUS002474,DES003,C101,Office,2024-01-11,2025-01-10,Design Phase,1800125
PROJ02691,CUS001366,DES079,C181,3BHK,2024-02-12,2025-09-06,Design Phase,1331855
PROJ02692,CUS000467,DES148,C151,Kitchen,2024-01-17,2025-03-11,Installation,4290769
PROJ02693,CUS002851,DES047,C216,Kitchen,2024-07-19,,Completed,3766176
PROJ02694,CUS002402,DES019,C213,3BHK,2024-07-13,,Planning,3521521
PROJ02695,CUS000049,DES010,C195,Kitchen,2024-06-27,2025-11-07,Installation,975930
PROJ02696,CUS001526,DES131,C121,3BHK,2024-12-16,2025-08-02,Delayed,866794
PROJ02697,CUS000538,DES126,C187,Kitchen,2024-09-28,2025-09-15,Completed,2993982
PROJ02698,CUS004475,DES033,C101,Villa,2024-10-25,2025-04-28,Design Phase,3419601
PROJ02699,CUS000994,DES109,C097,Office,2024-02-06,2025-04-24,Planning,2568820
PROJ02700,CUS004891,DES085,C074,Office,08/01/2024,,Installation,1273793
PROJ02701,CUS002934,DES141,C196,3BHK,2024-06-24,2025-09-20,Installation,1754963
PROJ02702,CUS004665,DES124,C243,Villa,2024-01-10,2025-09-25,Delayed,3653439
PROJ02703,CUS002543,DES087,C169,Villa,2024-02-18,,completed,4298513
PROJ02704,CUS002286,DES048,C203,Office,2024-07-08,2025-10-10,Installation,2373879
PROJ02705,CUS004901,DES001,C037,3BHK,2024-03-25,2025-06-25,Installation,4513859
PROJ02706,CUS002259,DES069,C163,Villa,2024-11-17,2025-02-25,Design Phase,4178105
PROJ02707,CUS001919,DES109,C046,Kitchen,2024-11-04,2025-03-03,Planning,3633730
PROJ02708,CUS000719,DES014,C205,Office,2024-08-08,2025-05-13,Design Phase,1677327
PROJ02709,CUS000858,DES008,C224,3BHK,2024-04-27,,Completed,4938386
PROJ02710,CUS001303,DES032,C247,Kitchen,2024-06-18,2025-10-10,Completed,2498593
PROJ02711,CUS002830,DES087,C108,3BHK,2024-12-10,,completed,286202
PROJ02712,CUS003189,DES111,C097,3BHK,2024-09-12,2025-03-15,completed,4143085
PROJ02713,CUS002132,DES086,C027,2BHK,2024-10-03,2025-03-01,Completed,3398869
PROJ02714,CUS001327,DES053,C021,2BHK,2024-09-16,2025-08-23,completed,4976705
PROJ02715,CUS001882,DES026,C064,Villa,2024-11-12,2025-06-07,Design Phase,1439919
PROJ02716,CUS000826,DES070,C230,2BHK,2024-09-24,,completed,765492
PROJ02717,CUS000806,DES042,C142,Villa,2024-08-22,2025-12-13,Delayed,225009
PROJ02718,CUS004273,DES017,C026,Kitchen,2024-09-05,2025-07-11,Delayed,1828098
PROJ02719,CUS000446,DES138,C080,Office,2024-08-09,2025-10-20,Installation,4090524
PROJ02720,CUS002230,DES146,C140,Office,2024-02-20,2025-06-19,Planning,1595553
PROJ02721,CUS001986,DES055,C098,Villa,2024-12-08,2025-11-04,completed,1824027
PROJ02722,CUS001760,DES095,C013,3BHK,2024-12-08,2025-10-11,completed,4713393
PROJ02723,CUS004435,DES117,C190,2BHK,2024-04-23,,Installation,1345787
PROJ02724,CUS001929,DES145,C024,Villa,2024-10-01,,Completed,3603650
PROJ02725,CUS004920,DES133,C086,3BHK,2024-08-01,2025-01-05,Planning,997675
PROJ02726,CUS004651,DES054,C153,Villa,2024-02-03,2025-10-12,Completed,4587428
PROJ02727,CUS001109,DES037,C179,Kitchen,2024-10-07,2025-05-10,Planning,4337136
PROJ02728,CUS003536,DES131,C064,Villa,2024-07-01,2025-01-06,completed,1524500
PROJ02729,CUS001120,DES008,C032,Office,2024-01-07,2025-11-04,Delayed,3152901
PROJ02730,CUS004960,DES035,C017,Villa,18/09/2024,2025-03-25,Completed,2679525
PROJ02731,CUS003383,DES108,C155,Office,2024-12-21,2025-09-22,Design Phase,3919492
PROJ02732,CUS001797,DES088,C226,Office,2024-09-27,2025-09-19,Design Phase,305643
PROJ02733,CUS004477,DES049,C112,Kitchen,2024-11-22,2025-11-25,Installation,632270
PROJ02734,CUS000647,DES003,C134,Kitchen,2024-05-17,2025-08-02,Planning,2319016
PROJ02735,CUS003927,DES034,C150,2BHK,2024-08-10,,Installation,3012608
PROJ02736,CUS003486,DES029,C135,Villa,2024-12-14,2025-10-26,Installation,2972423
PROJ02737,CUS002906,DES035,C024,Kitchen,2024-06-21,2025-11-12,Delayed,2168230
PROJ02738,CUS002324,DES095,C097,Villa,2024-11-20,2025-03-20,Design Phase,986237
PROJ02739,CUS004453,DES017,C175,3BHK,2024-11-13,2025-08-11,completed,1212101
PROJ02740,CUS001219,DES148,C101,Kitchen,2024-10-03,,completed,3658329
PROJ02741,CUS004656,DES010,C046,3BHK,2024-01-11,2025-10-19,Delayed,2785953
PROJ02742,CUS001560,DES136,C074,Office,2024-11-13,2025-01-28,Installation,1994733
PROJ02743,CUS000921,DES028,C153,2BHK,2024-05-05,2025-11-06,Delayed,1795178
PROJ02744,CUS002086,DES145,C065,2BHK,2024-08-08,2025-04-24,Delayed,2243488
PROJ02745,CUS002610,DES030,C249,Villa,2024-06-01,2025-08-01,completed,4996083
PROJ02746,CUS001802,DES117,C192,Villa,2024-07-01,2025-05-12,Planning,2670026
PROJ02747,CUS003839,DES034,C053,Office,2024-06-15,2025-06-16,Planning,910343
PROJ02748,CUS000371,DES141,C141,2BHK,2024-04-08,2025-05-17,Design Phase,2363079
PROJ02749,CUS004757,DES056,C176,3BHK,2024-02-15,2025-08-09,Delayed,2407956
PROJ02750,CUS002426,DES072,C063,Kitchen,2024-06-11,2025-04-13,completed,3594070
PROJ02751,CUS002407,DES144,C130,Kitchen,2024-01-10,,Completed,2484787
PROJ02752,CUS002439,DES120,C019,Kitchen,2024-11-24,2025-04-04,completed,4228046
PROJ02753,CUS003207,DES086,C048,2BHK,2024-02-08,2025-07-09,Completed,2019393
PROJ02754,CUS002639,DES037,C037,2BHK,2024-10-16,2025-12-20,Planning,2136223
PROJ02755,CUS004965,DES049,C213,3BHK,2024-02-04,2025-01-13,completed,705790
PROJ02756,CUS003937,DES150,C008,2BHK,2024-02-15,2025-05-25,Completed,4421778
PROJ02757,CUS004936,DES009,C044,3BHK,2024-02-26,,Design Phase,1016256
PROJ02758,CUS000724,DES147,C011,Kitchen,2024-09-19,,completed,3237649
PROJ02759,CUS000839,DES102,C229,3BHK,2024-12-09,2025-12-22,Installation,3900100
PROJ02760,CUS004176,DES043,C022,Kitchen,11/11/2024,,completed,2477582
PROJ02761,CUS001782,DES015,C142,Kitchen,2024-05-25,2025-01-10,completed,2952335
PROJ02762,CUS002820,DES054,C157,3BHK,2024-12-21,2025-05-15,Completed,4862452
PROJ02763,CUS004873,DES097,C021,2BHK,2024-12-02,2025-07-17,completed,263096
PROJ02764,CUS003259,DES054,C144,Kitchen,2024-06-06,2025-01-25,completed,4736516
PROJ02765,CUS000541,DES074,C136,Villa,2024-07-28,,completed,3055920
PROJ02766,CUS004331,DES086,C135,Office,2024-02-23,,Planning,2302739
PROJ02767,CUS000324,DES023,C072,2BHK,2024-06-18,2025-12-26,Design Phase,2503435
PROJ02768,CUS002470,DES142,C069,Villa,2024-04-04,2025-07-03,Planning,4239722
PROJ02769,CUS002204,DES075,C065,Kitchen,2024-12-21,2025-03-14,Planning,311894
PROJ02770,CUS000909,DES004,C164,Kitchen,2024-03-19,2025-04-25,Completed,4558066
PROJ02771,CUS003495,DES001,C074,Office,2024-05-06,2025-04-19,completed,1189796
PROJ02772,CUS000992,DES104,C192,3BHK,2024-01-26,2025-09-13,Planning,1521110
PROJ02773,CUS001410,DES119,C048,Villa,2024-12-26,2025-12-23,Completed,3228952
PROJ02774,CUS003567,DES026,C006,2BHK,2024-11-12,2025-06-23,Delayed,4121291
PROJ02775,CUS000629,DES118,C045,Villa,2024-11-16,2025-06-25,Completed,1165298
PROJ02776,CUS004930,DES082,C233,2BHK,2024-02-14,,Completed,2384681
PROJ02777,CUS002031,DES073,C220,Office,2024-06-12,2025-07-02,Installation,3861902
PROJ02778,CUS003632,DES082,C035,Kitchen,2024-02-12,2025-07-23,Delayed,297629
PROJ02779,CUS000124,DES069,C091,Kitchen,2024-06-05,,Design Phase,3319475
PROJ02780,CUS001925,DES130,C061,Kitchen,2024-08-02,2025-02-22,Installation,1399811
PROJ02781,CUS000850,DES087,C058,Office,2024-11-23,,completed,2402858
PROJ02782,CUS001535,DES041,C013,3BHK,2024-02-08,2025-01-26,Completed,2719296
PROJ02783,CUS002919,DES060,C119,Office,2024-02-23,2025-10-20,Completed,4094040
PROJ02784,CUS003575,DES070,C213,2BHK,2024-10-04,2025-12-18,Design Phase,3070763
PROJ02785,CUS002646,DES075,C014,2BHK,2024-02-03,2025-08-26,completed,1048478
PROJ02786,CUS002299,DES144,C073,Villa,2024-10-08,2025-05-21,completed,1167764
PROJ02787,CUS002624,DES036,C172,Villa,2024-07-28,2025-08-15,Planning,265495
PROJ02788,CUS000762,DES150,C069,Kitchen,2024-04-06,2025-02-22,Design Phase,1565767
PROJ02789,CUS004854,DES148,C163,Villa,2024-02-24,2025-12-03,Delayed,911306
PROJ02790,CUS003154,DES104,C232,Kitchen,19/10/2024,,Planning,4472745
PROJ02791,CUS002652,DES119,C122,2BHK,2024-12-08,2025-08-14,Design Phase,4099919
PROJ02792,CUS001633,DES026,C090,3BHK,2024-02-02,2025-05-25,Design Phase,1137064
PROJ02793,CUS001819,DES087,C085,Kitchen,2024-10-03,2025-02-22,Delayed,768569
PROJ02794,CUS004182,DES145,C056,Villa,2024-10-24,2025-02-08,completed,3244116
PROJ02795,CUS000584,DES063,C235,2BHK,2024-11-27,,Delayed,4067199
PROJ02796,CUS004406,DES139,C150,Office,2024-04-28,2025-04-17,Installation,3474497
PROJ02797,CUS002943,DES043,C060,Kitchen,2024-10-12,2025-05-13,Planning,421022
PROJ02798,CUS002702,DES020,C008,2BHK,2024-12-21,2025-06-06,Design Phase,489429
PROJ02799,CUS002596,DES120,C179,Kitchen,2024-09-20,,Planning,4290672
PROJ02800,CUS000111,DES073,C139,Villa,2024-05-04,,completed,3965324
PROJ02801,CUS004339,DES026,C139,Kitchen,2024-07-16,2025-05-10,completed,3188483
PROJ02802,CUS000915,DES073,C086,Kitchen,2024-06-21,2025-06-10,Completed,3113158
PROJ02803,CUS001017,DES002,C152,Office,2024-05-11,2025-06-18,Completed,890131
PROJ02804,CUS000091,DES048,C094,2BHK,2024-07-19,2025-01-04,Installation,816875
PROJ02805,CUS003901,DES112,C233,Villa,2024-05-04,2025-03-27,Delayed,4792745
PROJ02806,CUS003589,DES089,C197,Office,2024-02-06,2025-08-11,Delayed,4275750
PROJ02807,CUS004268,DES148,C165,2BHK,2024-08-12,2025-01-22,completed,1106531
PROJ02808,CUS004889,DES081,C024,3BHK,2024-02-28,2025-09-13,Installation,4506670
PROJ02809,CUS002578,DES098,C017,Office,2024-01-20,2025-06-18,Design Phase,3116964
PROJ02810,CUS004956,DES022,C010,Office,2024-12-26,2025-02-05,completed,3517365
PROJ02811,CUS000570,DES125,C085,3BHK,2024-09-18,2025-02-07,Installation,3348473
PROJ02812,CUS004201,DES055,C055,2BHK,2024-07-19,2025-11-28,Planning,3065980
PROJ02813,CUS001302,DES093,C217,Office,2024-03-19,2025-06-15,Completed,2933307
PROJ02814,CUS004635,DES123,C029,2BHK,2024-07-05,2025-01-18,Design Phase,3964528
PROJ02815,CUS003530,DES084,C107,Kitchen,2024-05-09,,Planning,1482695
PROJ02816,CUS004401,DES027,C230,Office,2024-08-16,2025-04-21,completed,3315518
PROJ02817,CUS003162,DES146,C170,Kitchen,2024-06-21,2025-11-17,Design Phase,1718446
PROJ02818,CUS001094,DES006,C201,3BHK,2024-12-15,2025-01-09,Delayed,1739670
PROJ02819,CUS003352,DES032,C203,Kitchen,2024-02-23,2025-02-22,Delayed,4001887
PROJ02820,CUS001328,DES116,C243,Villa,05/02/2024,2025-10-05,completed,1907706
PROJ02821,CUS000238,DES065,C149,Office,2024-11-15,2025-11-22,Installation,4174680
PROJ02822,CUS003537,DES098,C158,Villa,2024-04-25,2025-10-02,Planning,3738306
PROJ02823,CUS003482,DES017,C212,Villa,2024-09-22,2025-11-21,Delayed,3142026
PROJ02824,CUS004634,DES061,C182,Office,2024-05-10,,Delayed,4597491
PROJ02825,CUS002951,DES061,C081,Office,2024-11-08,2025-06-11,Design Phase,758389
PROJ02826,CUS003154,DES026,C223,Office,2024-10-02,,Completed,889364
PROJ02827,CUS003007,DES098,C060,Villa,2024-04-09,2025-02-14,Planning,1148070
PROJ02828,CUS001939,DES099,C238,3BHK,2024-11-06,2025-04-16,Installation,4545069
PROJ02829,CUS002249,DES040,C139,Kitchen,2024-08-08,2025-01-13,Planning,3275774
PROJ02830,CUS004397,DES084,C193,3BHK,2024-04-22,2025-04-10,Delayed,3791102
PROJ02831,CUS003638,DES087,C226,Kitchen,2024-01-14,2025-04-02,Delayed,3870743
PROJ02832,CUS004327,DES012,C214,Villa,2024-09-27,2025-02-19,Planning,2897160
PROJ02833,CUS004616,DES014,C077,Office,2024-03-05,2025-12-09,Installation,2489715
PROJ02834,CUS000215,DES130,C234,2BHK,2024-09-06,2025-03-11,Planning,2660363
PROJ02835,CUS001334,DES081,C146,Office,2024-12-10,,completed,4597486
PROJ02836,CUS003563,DES142,C198,Office,2024-11-01,2025-01-21,Installation,1566256
PROJ02837,CUS001212,DES042,C063,2BHK,2024-06-16,2025-09-23,Planning,3856266
PROJ02838,CUS004994,DES003,C082,2BHK,2024-05-24,,Design Phase,3785022
PROJ02839,CUS003393,DES087,C196,3BHK,2024-08-10,2025-06-10,completed,4380943
PROJ02840,CUS002885,DES028,C059,Villa,2024-06-15,2025-01-01,Installation,1639765
PROJ02841,CUS004316,DES047,C008,Kitchen,2024-05-17,2025-11-20,completed,1244338
PROJ02842,CUS000983,DES025,C186,Kitchen,2024-10-19,2025-04-27,Installation,1799000
PROJ02843,CUS004138,DES119,C229,2BHK,2024-07-19,2025-03-20,Design Phase,428563
PROJ02844,CUS000822,DES076,C130,3BHK,2024-07-27,,Planning,1451632
PROJ02845,CUS002326,DES115,C051,Office,2024-08-25,2025-12-16,completed,1162542
PROJ02846,CUS004868,DES070,C024,Villa,2024-07-24,2025-10-28,Planning,1071243
PROJ02847,CUS001766,DES019,C232,Villa,2024-12-04,2025-12-15,Completed,4569912
PROJ02848,CUS000693,DES017,C002,Kitchen,2024-10-20,2025-08-23,Completed,306180
PROJ02849,CUS003167,DES031,C166,3BHK,2024-03-16,2025-10-09,Delayed,665736
PROJ02850,CUS003021,DES070,C036,Office,24/05/2024,2025-09-12,Installation,3051532
PROJ02851,CUS004417,DES008,C066,3BHK,2024-05-03,2025-07-20,Planning,355700
PROJ02852,CUS002067,DES014,C062,Office,2024-06-15,2025-07-25,completed,2932807
PROJ02853,CUS003514,DES045,C242,3BHK,2024-05-08,2025-11-17,Planning,4269234
PROJ02854,CUS000517,DES094,C176,2BHK,2024-02-01,2025-11-15,Installation,966335
PROJ02855,CUS001792,DES060,C025,Office,2024-05-26,2025-01-18,Design Phase,242646
PROJ02856,CUS003226,DES081,C210,Villa,2024-04-08,2025-06-21,Design Phase,746262
PROJ02857,CUS000567,DES058,C112,Villa,2024-08-06,2025-08-27,Installation,3505335
PROJ02858,CUS001321,DES149,C108,3BHK,2024-11-14,2025-02-01,Installation,588500
PROJ02859,CUS003288,DES035,C084,Villa,2024-11-13,2025-03-07,Completed,2258215
PROJ02860,CUS002701,DES130,C043,2BHK,2024-06-11,,Installation,2636413
PROJ02861,CUS004935,DES143,C097,2BHK,2024-02-16,2025-02-28,Planning,1917831
PROJ02862,CUS002259,DES011,C048,Villa,2024-01-08,2025-11-02,Design Phase,489905
PROJ02863,CUS004815,DES109,C120,2BHK,2024-10-05,2025-02-15,Design Phase,1076878
PROJ02864,CUS000661,DES096,C198,3BHK,2024-11-20,2025-05-25,Design Phase,2516270
PROJ02865,CUS002254,DES022,C117,Kitchen,2024-09-02,,Design Phase,1348506
PROJ02866,CUS000465,DES001,C060,Kitchen,2024-05-03,2025-01-07,Completed,1057169
PROJ02867,CUS003746,DES043,C151,Villa,2024-08-14,2025-07-20,Delayed,701033
PROJ02868,CUS003250,DES069,C234,3BHK,2024-02-16,2025-09-01,Delayed,1594538
PROJ02869,CUS001020,DES005,C149,3BHK,2024-07-18,2025-02-21,Completed,1718355
PROJ02870,CUS003869,DES089,C225,Office,2024-08-05,2025-02-12,completed,2794498
PROJ02871,CUS002255,DES048,C132,Office,2024-10-24,2025-04-28,completed,259040
PROJ02872,CUS001130,DES066,C152,Villa,2024-06-25,2025-11-28,Installation,3953354
PROJ02873,CUS001296,DES102,C215,Villa,2024-02-06,,completed,3321185
PROJ02874,CUS002773,DES017,C180,Villa,2024-05-22,2025-07-12,Delayed,1913333
PROJ02875,CUS002957,DES064,C172,Kitchen,2024-09-06,,Completed,2670582
PROJ02876,CUS001511,DES101,C042,Office,2024-10-01,2025-04-18,completed,1710812
PROJ02877,CUS002886,DES005,C006,Villa,2024-09-09,2025-06-17,Design Phase,2830880
PROJ02878,CUS003401,DES058,C132,3BHK,2024-10-25,2025-04-11,completed,510360
PROJ02879,CUS004615,DES062,C170,Office,2024-08-06,2025-12-16,Design Phase,4410826
PROJ02880,CUS002766,DES028,C137,3BHK,17/11/2024,2025-07-26,Design Phase,3802872
PROJ02881,CUS003681,DES029,C076,3BHK,2024-02-15,2025-02-20,Planning,3118821
PROJ02882,CUS002749,DES027,C161,2BHK,2024-11-08,2025-04-12,Delayed,804345
PROJ02883,CUS002609,DES108,C111,Office,2024-12-08,2025-04-09,Installation,2203089
PROJ02884,CUS001358,DES114,C013,Office,2024-06-17,2025-06-03,completed,614815
PROJ02885,CUS002633,DES039,C177,Office,2024-01-07,2025-11-17,Completed,4135549
PROJ02886,CUS000133,DES010,C177,2BHK,2024-09-12,2025-11-20,completed,4418354
PROJ02887,CUS003237,DES143,C118,2BHK,2024-09-01,2025-06-16,Installation,543360
PROJ02888,CUS002828,DES055,C090,Office,2024-08-14,2025-02-28,Installation,580200
PROJ02889,CUS003085,DES053,C226,3BHK,2024-11-01,2025-08-22,Completed,1591241
PROJ02890,CUS001910,DES032,C063,Office,2024-04-04,2025-12-23,Completed,1258015
PROJ02891,CUS004591,DES022,C235,Kitchen,2024-11-03,2025-07-10,Completed,4129869
PROJ02892,CUS004954,DES112,C049,Villa,2024-08-11,2025-07-13,completed,3387747
PROJ02893,CUS002318,DES057,C033,2BHK,2024-06-21,2025-08-12,Delayed,1662318
PROJ02894,CUS003165,DES092,C211,Villa,2024-12-22,2025-02-28,Planning,2350314
PROJ02895,CUS004968,DES038,C184,2BHK,2024-11-01,2025-03-03,Delayed,3620703
PROJ02896,CUS003519,DES078,C201,2BHK,2024-02-09,2025-06-26,Completed,4733612
PROJ02897,CUS004332,DES082,C124,3BHK,2024-10-10,2025-02-10,Delayed,3220190
PROJ02898,CUS003306,DES034,C242,Office,2024-05-08,,Design Phase,3054566
PROJ02899,CUS000244,DES048,C141,2BHK,2024-07-08,2025-10-22,Planning,4890888
PROJ02900,CUS004114,DES008,C188,2BHK,2024-12-14,2025-04-19,completed,2795955
PROJ02901,CUS002447,DES031,C065,Office,2024-02-27,2025-06-24,Design Phase,3777176
PROJ02902,CUS004169,DES119,C223,Kitchen,2024-01-09,2025-07-10,Completed,1359459
PROJ02903,CUS004766,DES113,C142,3BHK,2024-10-24,,completed,2025662
PROJ02904,CUS001949,DES072,C112,Office,2024-11-28,2025-02-13,Delayed,212021
PROJ02905,CUS003402,DES039,C036,3BHK,2024-12-02,2025-01-08,Completed,1065129
PROJ02906,CUS000353,DES062,C030,Villa,2024-01-11,2025-06-20,completed,1989961
PROJ02907,CUS003368,DES009,C077,Villa,2024-11-01,2025-08-23,Design Phase,1858910
PROJ02908,CUS001406,DES016,C113,Kitchen,2024-02-27,2025-08-19,Installation,2759521
PROJ02909,CUS000199,DES059,C100,2BHK,2024-03-24,,Completed,2683431
PROJ02910,CUS004316,DES006,C126,2BHK,16/10/2024,2025-01-16,Design Phase,2151269
PROJ02911,CUS001742,DES085,C178,3BHK,2024-05-16,2025-07-13,Installation,1574112
PROJ02912,CUS004662,DES038,C001,Villa,2024-07-22,2025-08-21,Installation,4300547
PROJ02913,CUS004077,DES024,C196,Villa,2024-07-21,2025-12-25,Installation,3211653
PROJ02914,CUS002358,DES118,C055,3BHK,2024-07-20,2025-02-16,Planning,3896176
PROJ02915,CUS000962,DES150,C024,Office,2024-01-28,2025-11-22,completed,1134048
PROJ02916,CUS003584,DES144,C051,2BHK,2024-02-10,,completed,684219
PROJ02917,CUS001039,DES044,C140,Office,2024-05-02,2025-01-04,Delayed,4666178
PROJ02918,CUS004817,DES017,C045,3BHK,2024-05-02,2025-04-26,Delayed,3590004
PROJ02919,CUS000429,DES147,C158,Kitchen,2024-01-06,2025-01-12,Completed,2043031
PROJ02920,CUS001820,DES112,C035,Kitchen,2024-08-04,2025-11-28,Installation,1154516
PROJ02921,CUS002766,DES042,C003,3BHK,2024-08-25,2025-07-06,Installation,3833069
PROJ02922,CUS002036,DES075,C074,Villa,2024-05-15,2025-07-01,Delayed,1865084
PROJ02923,CUS002924,DES033,C051,Kitchen,2024-06-22,2025-01-02,Design Phase,1568623
PROJ02924,CUS003583,DES040,C248,3BHK,2024-10-23,2025-10-19,Installation,2553430
PROJ02925,CUS004635,DES078,C103,2BHK,2024-01-27,2025-04-16,completed,1513110
PROJ02926,CUS002170,DES060,C048,Office,2024-07-26,2025-12-14,Completed,3276094
PROJ02927,CUS003123,DES108,C003,2BHK,2024-09-25,2025-06-07,Delayed,481976
PROJ02928,CUS001070,DES110,C181,2BHK,2024-04-02,2025-07-03,Completed,2114754
PROJ02929,CUS004181,DES047,C114,Office,2024-04-14,2025-05-10,Design Phase,219165
PROJ02930,CUS001166,DES113,C127,Office,2024-08-01,2025-02-24,Installation,4236271
PROJ02931,CUS001787,DES009,C089,2BHK,2024-09-17,2025-09-28,Design Phase,3013013
PROJ02932,CUS004962,DES048,C143,Kitchen,2024-08-19,2025-03-21,completed,1878104
PROJ02933,CUS004367,DES029,C088,3BHK,2024-04-18,,Design Phase,2817554
PROJ02934,CUS000685,DES086,C124,2BHK,2024-11-17,2025-03-23,Installation,1252747
PROJ02935,CUS000902,DES099,C066,Villa,2024-08-06,2025-06-01,completed,3359430
PROJ02936,CUS000130,DES082,C089,Villa,2024-11-13,2025-08-12,Installation,4153727
PROJ02937,CUS000331,DES055,C249,Kitchen,2024-06-27,2025-12-14,completed,2948286
PROJ02938,CUS002117,DES006,C118,Office,2024-07-22,2025-12-09,Installation,271190
PROJ02939,CUS004876,DES128,C091,Villa,2024-11-14,2025-12-15,completed,4587973
PROJ02940,CUS000038,DES022,C020,Kitchen,12/04/2024,2025-06-22,Planning,4804519
PROJ02941,CUS002085,DES081,C117,Office,2024-06-06,,completed,4912667
PROJ02942,CUS001572,DES075,C147,Villa,2024-06-16,2025-04-10,completed,4382282
PROJ02943,CUS001044,DES048,C037,Kitchen,2024-09-19,2025-12-12,Delayed,1991796
PROJ02944,CUS000064,DES064,C007,3BHK,2024-05-17,,Completed,1290961
PROJ02945,CUS002670,DES056,C178,2BHK,2024-03-25,2025-02-01,Installation,3517688
PROJ02946,CUS003891,DES104,C220,Kitchen,2024-07-06,2025-08-23,Design Phase,4825598
PROJ02947,CUS004508,DES024,C220,Kitchen,2024-04-20,2025-10-11,Design Phase,2191441
PROJ02948,CUS003927,DES146,C015,2BHK,2024-07-27,2025-06-07,Design Phase,1110144
PROJ02949,CUS000693,DES046,C219,2BHK,2024-06-01,,Completed,4582410
PROJ02950,CUS000017,DES040,C241,Office,2024-02-27,,Completed,3605205
PROJ02951,CUS001629,DES146,C171,Office,2024-02-23,2025-01-08,completed,4840313
PROJ02952,CUS000960,DES036,C140,Villa,2024-08-15,2025-03-21,Completed,4915784
PROJ02953,CUS004697,DES076,C101,3BHK,2024-01-02,2025-10-04,Installation,4088462
PROJ02954,CUS001989,DES031,C189,2BHK,2024-03-19,2025-12-12,Completed,2339828
PROJ02955,CUS003856,DES059,C220,Kitchen,2024-11-12,2025-12-12,Design Phase,3999324
PROJ02956,CUS003842,DES035,C111,Kitchen,2024-12-17,2025-05-20,Design Phase,1041595
PROJ02957,CUS000568,DES025,C206,Villa,2024-05-12,2025-08-21,completed,2769051
PROJ02958,CUS001261,DES015,C212,3BHK,2024-07-23,2025-09-11,Installation,1665254
PROJ02959,CUS000614,DES051,C071,Office,2024-02-10,,Completed,3577231
PROJ02960,CUS000593,DES090,C181,Office,2024-08-15,2025-05-07,Delayed,1191143
PROJ02961,CUS003909,DES065,C170,Villa,2024-05-25,,Delayed,2579984
PROJ02962,CUS002760,DES023,C097,3BHK,2024-07-11,2025-12-17,completed,2812725
PROJ02963,CUS000056,DES044,C247,Office,2024-01-28,2025-01-19,Installation,2572327
PROJ02964,CUS000025,DES014,C064,Office,2024-10-23,2025-06-01,Completed,662693
PROJ02965,CUS004195,DES070,C076,3BHK,2024-07-17,2025-07-13,Completed,1485181
PROJ02966,CUS004432,DES123,C242,3BHK,2024-05-22,2025-03-05,completed,221358
PROJ02967,CUS000756,DES014,C151,Villa,2024-06-26,2025-03-05,Design Phase,4980477
PROJ02968,CUS002808,DES135,C068,2BHK,2024-08-22,2025-07-20,Completed,2784985
PROJ02969,CUS002522,DES113,C048,Office,2024-05-08,2025-11-14,Installation,2013065
PROJ02970,CUS003826,DES100,C173,Office,01/05/2024,2025-09-16,Delayed,4383446
PROJ02971,CUS003368,DES085,C085,3BHK,2024-04-03,2025-03-15,Completed,4782966
PROJ02972,CUS001610,DES044,C023,3BHK,2024-06-17,,completed,4273374
PROJ02973,CUS000523,DES068,C249,2BHK,2024-12-14,2025-02-24,completed,3496473
PROJ02974,CUS003500,DES024,C246,Kitchen,2024-02-06,2025-03-01,Delayed,1339181
PROJ02975,CUS001248,DES012,C225,Kitchen,2024-06-24,2025-11-16,Delayed,2724700
PROJ02976,CUS003957,DES029,C008,Kitchen,2024-11-16,2025-09-02,Completed,3810784
PROJ02977,CUS003150,DES087,C008,Kitchen,2024-12-23,2025-11-08,Delayed,3029870
PROJ02978,CUS002886,DES107,C043,3BHK,2024-05-28,2025-02-26,Design Phase,1919820
PROJ02979,CUS001106,DES080,C184,3BHK,2024-10-28,,Installation,4823251
PROJ02980,CUS004491,DES088,C143,3BHK,2024-12-23,2025-08-20,Design Phase,3091922
PROJ02981,CUS001792,DES144,C052,Kitchen,2024-11-11,,Delayed,1404618
PROJ02982,CUS004679,DES076,C243,Kitchen,2024-06-05,2025-12-24,Installation,909413
PROJ02983,CUS000365,DES142,C020,Kitchen,2024-07-22,,completed,4986439
PROJ02984,CUS004921,DES140,C101,2BHK,2024-09-02,2025-11-22,Planning,1787855
PROJ02985,CUS002797,DES133,C249,2BHK,2024-01-20,2025-07-19,Delayed,629064
PROJ02986,CUS000821,DES139,C014,Office,2024-09-25,2025-01-09,Completed,268051
PROJ02987,CUS000967,DES019,C107,Kitchen,2024-02-08,2025-04-26,Installation,3518566
PROJ02988,CUS003261,DES123,C037,Kitchen,2024-11-19,2025-02-19,Installation,2155851
PROJ02989,CUS004397,DES084,C018,3BHK,2024-03-04,,Planning,3750720
PROJ02990,CUS004317,DES138,C138,Villa,2024-12-10,2025-05-07,Installation,2878606
PROJ02991,CUS003769,DES096,C191,2BHK,2024-12-28,2025-07-28,completed,2279853
PROJ02992,CUS001465,DES014,C172,2BHK,2024-04-24,,Installation,4041001
PROJ02993,CUS002319,DES075,C143,Office,2024-10-28,2025-07-14,completed,1719874
PROJ02994,CUS002922,DES134,C247,Office,2024-04-12,2025-12-28,Completed,3400939
PROJ02995,CUS002927,DES116,C220,Kitchen,2024-04-18,2025-06-26,Planning,3772945
PROJ02996,CUS001597,DES055,C040,Kitchen,2024-12-28,2025-02-05,Planning,1616395
PROJ02997,CUS002087,DES054,C079,Kitchen,2024-10-28,,Installation,2348302
PROJ02998,CUS000296,DES138,C206,Office,2024-03-16,,Planning,3243460
PROJ02999,CUS003473,DES017,C250,Kitchen,2024-02-16,2025-06-16,Delayed,3170251
PROJ03000,CUS002395,DES125,C165,Villa,13/08/2024,,Delayed,4396122
PROJ03001,CUS002230,DES086,C230,3BHK,2024-12-27,2025-01-28,Delayed,4133980
PROJ03002,CUS004277,DES085,C229,Kitchen,2024-06-07,2025-09-17,completed,3021462
PROJ03003,CUS004403,DES093,C008,Office,2024-09-19,2025-07-24,Design Phase,1838866
PROJ03004,CUS004084,DES125,C097,Villa,2024-03-18,2025-07-10,completed,4281399
PROJ03005,CUS000176,DES062,C208,3BHK,2024-02-09,2025-04-08,Installation,2460798
PROJ03006,CUS000753,DES016,C080,Villa,2024-11-08,2025-12-21,Installation,320067
PROJ03007,CUS000148,DES131,C032,2BHK,2024-10-09,2025-04-11,Planning,303334
PROJ03008,CUS004481,DES015,C238,3BHK,2024-03-04,2025-02-17,completed,1705414
PROJ03009,CUS004538,DES009,C066,Office,2024-10-25,2025-05-08,Planning,1987920
PROJ03010,CUS001688,DES019,C087,Office,2024-07-09,2025-01-26,Planning,456104
PROJ03011,CUS001375,DES035,C037,3BHK,2024-10-19,2025-12-07,Delayed,4987171
PROJ03012,CUS002309,DES127,C161,Kitchen,2024-01-16,,Delayed,2674787
PROJ03013,CUS001103,DES044,C001,3BHK,2024-02-13,2025-11-15,completed,3276544
PROJ03014,CUS000065,DES102,C108,2BHK,2024-08-26,2025-09-21,Design Phase,4542005
PROJ03015,CUS004662,DES011,C250,2BHK,2024-05-14,2025-08-15,Planning,4252895
PROJ03016,CUS004416,DES099,C187,Kitchen,2024-04-03,2025-10-03,Installation,4138394
PROJ03017,CUS004912,DES093,C202,Villa,2024-08-13,2025-06-27,Completed,2669379
PROJ03018,CUS001909,DES128,C087,3BHK,2024-05-25,2025-07-28,Planning,2776365
PROJ03019,CUS004566,DES132,C101,Office,2024-07-25,2025-03-05,Completed,2077848
PROJ03020,CUS003097,DES139,C186,3BHK,2024-08-28,2025-07-09,completed,2747172
PROJ03021,CUS001478,DES130,C204,Office,2024-03-02,2025-11-10,Planning,4992055
PROJ03022,CUS004711,DES145,C185,Villa,2024-06-12,2025-09-16,Completed,4634003
PROJ03023,CUS001266,DES006,C167,Villa,2024-08-17,2025-05-04,Delayed,2043599
PROJ03024,CUS002081,DES096,C165,3BHK,2024-05-05,,Completed,3692786
PROJ03025,CUS002095,DES053,C032,Kitchen,2024-06-17,2025-12-06,Installation,3090969
PROJ03026,CUS000113,DES021,C240,Office,2024-11-09,,completed,1110099
PROJ03027,CUS001583,DES077,C017,Villa,2024-02-15,2025-02-11,completed,900201
PROJ03028,CUS000134,DES051,C218,Villa,2024-12-28,2025-08-26,Completed,2241685
PROJ03029,CUS003793,DES115,C080,3BHK,2024-02-18,,Delayed,4578629
PROJ03030,CUS001379,DES104,C083,Office,07/06/2024,2025-06-12,Delayed,349152
PROJ03031,CUS003675,DES104,C132,2BHK,2024-09-26,,Installation,2886854
PROJ03032,CUS000153,DES038,C161,Kitchen,2024-05-16,2025-05-28,Planning,4339998
PROJ03033,CUS002903,DES043,C062,Villa,2024-09-24,2025-04-27,completed,1388988
PROJ03034,CUS000438,DES018,C194,2BHK,2024-12-19,2025-05-06,completed,1058145
PROJ03035,CUS003885,DES007,C155,Villa,2024-07-15,2025-10-09,Delayed,1963551
PROJ03036,CUS002480,DES091,C186,Kitchen,2024-01-11,2025-07-07,Delayed,3127598
PROJ03037,CUS004303,DES021,C187,3BHK,2024-11-18,2025-08-23,Completed,4059048
PROJ03038,CUS001228,DES084,C247,Kitchen,2024-01-01,2025-10-02,completed,1518535
PROJ03039,CUS002507,DES082,C049,Office,2024-12-22,2025-12-07,Completed,439099
PROJ03040,CUS003037,DES018,C141,Office,2024-01-18,2025-10-02,Installation,1955463
PROJ03041,CUS003803,DES013,C159,2BHK,2024-03-04,2025-02-09,Delayed,4409960
PROJ03042,CUS001375,DES027,C065,3BHK,2024-10-25,2025-09-23,Delayed,3334989
PROJ03043,CUS002124,DES030,C063,Kitchen,2024-01-06,2025-08-12,Planning,363688
PROJ03044,CUS003557,DES134,C087,Villa,2024-11-04,2025-03-10,Design Phase,2562313
PROJ03045,CUS002306,DES041,C247,Office,2024-03-15,2025-05-21,Delayed,877011
PROJ03046,CUS002190,DES135,C232,2BHK,2024-10-13,,Delayed,4821562
PROJ03047,CUS002986,DES068,C011,2BHK,2024-10-14,,Completed,2674610
PROJ03048,CUS001125,DES117,C231,Villa,2024-04-10,,Installation,3936630
PROJ03049,CUS003622,DES089,C215,3BHK,2024-12-19,2025-06-22,Design Phase,4959444
PROJ03050,CUS000162,DES079,C182,Kitchen,2024-01-18,2025-10-11,Design Phase,4506943
PROJ03051,CUS002840,DES099,C238,Office,2024-01-09,2025-07-26,Design Phase,3088237
PROJ03052,CUS004490,DES019,C135,Villa,2024-09-17,2025-02-23,completed,815923
PROJ03053,CUS000884,DES063,C088,Office,2024-03-03,2025-02-04,Completed,4740596
PROJ03054,CUS002399,DES051,C194,2BHK,2024-10-24,2025-08-26,Planning,1910008
PROJ03055,CUS002939,DES117,C056,2BHK,2024-04-12,2025-11-25,Planning,1463266
PROJ03056,CUS004714,DES080,C003,Villa,2024-08-10,2025-03-09,completed,2663797
PROJ03057,CUS000398,DES021,C014,Office,2024-09-28,2025-06-08,Planning,1510385
PROJ03058,CUS002965,DES022,C213,Office,2024-10-13,2025-01-18,Design Phase,478122
PROJ03059,CUS000846,DES072,C062,3BHK,2024-08-22,2025-02-25,Installation,2627420
PROJ03060,CUS001572,DES069,C220,2BHK,24/02/2024,2025-06-21,Design Phase,3532069
PROJ03061,CUS001147,DES083,C133,Kitchen,2024-03-15,2025-05-03,Design Phase,3110731
PROJ03062,CUS001528,DES129,C150,Office,2024-09-07,2025-03-03,Delayed,2580933
PROJ03063,CUS001196,DES083,C156,Villa,2024-01-10,2025-01-15,Completed,907679
PROJ03064,CUS001458,DES092,C098,3BHK,2024-07-23,2025-06-05,Planning,1128801
PROJ03065,CUS004921,DES128,C166,2BHK,2024-06-27,2025-05-07,Installation,3435277
PROJ03066,CUS001195,DES064,C015,Office,2024-12-24,2025-03-11,completed,1713783
PROJ03067,CUS002382,DES090,C073,Villa,2024-11-25,2025-07-24,Completed,3678421
PROJ03068,CUS001361,DES011,C115,3BHK,2024-11-12,2025-02-07,Installation,3640473
PROJ03069,CUS004648,DES121,C228,Villa,2024-10-26,2025-05-26,Installation,3933889
PROJ03070,CUS004766,DES095,C179,2BHK,2024-05-03,2025-06-07,Completed,4073982
PROJ03071,CUS002957,DES020,C093,Villa,2024-11-26,2025-09-10,Design Phase,4237594
PROJ03072,CUS003151,DES021,C165,2BHK,2024-05-11,2025-04-15,Design Phase,4820390
PROJ03073,CUS000382,DES130,C040,2BHK,2024-08-11,,Design Phase,641314
PROJ03074,CUS000031,DES082,C149,Villa,2024-10-02,2025-03-16,Completed,3890674
PROJ03075,CUS004502,DES051,C056,Kitchen,2024-01-02,2025-07-15,Delayed,2961483
PROJ03076,CUS002930,DES001,C049,Office,2024-05-05,2025-02-21,Delayed,2295225
PROJ03077,CUS003829,DES107,C148,Office,2024-06-10,2025-02-08,Installation,1835944
PROJ03078,CUS004499,DES044,C239,Office,2024-12-28,2025-08-18,Delayed,3848589
PROJ03079,CUS001915,DES003,C213,2BHK,2024-12-23,2025-12-19,completed,1685553
PROJ03080,CUS004393,DES067,C170,2BHK,2024-10-12,2025-05-03,completed,4631730
PROJ03081,CUS002765,DES056,C248,Office,2024-07-26,,Completed,2182418
PROJ03082,CUS000640,DES100,C113,Villa,2024-05-04,2025-02-18,Design Phase,4364651
PROJ03083,CUS004220,DES045,C137,Kitchen,2024-06-26,2025-03-19,Planning,2119090
PROJ03084,CUS004348,DES058,C202,Kitchen,2024-01-13,2025-10-10,Delayed,1379022
PROJ03085,CUS000058,DES004,C223,3BHK,2024-07-18,2025-07-12,Completed,2060816
PROJ03086,CUS001840,DES136,C096,Kitchen,2024-08-10,2025-09-28,Planning,1622049
PROJ03087,CUS000772,DES104,C052,Kitchen,2024-06-01,2025-08-13,Design Phase,2731105
PROJ03088,CUS000009,DES037,C080,2BHK,2024-08-07,2025-11-28,Delayed,4838040
PROJ03089,CUS002140,DES109,C009,3BHK,2024-10-04,2025-10-16,completed,4509911
PROJ03090,CUS002086,DES120,C124,Office,23/06/2024,2025-09-24,Completed,1441150
PROJ03091,CUS000403,DES022,C046,Office,2024-04-12,2025-11-26,Installation,3628823
PROJ03092,CUS000619,DES082,C236,Villa,2024-03-26,2025-06-11,Completed,4490194
PROJ03093,CUS000382,DES025,C250,2BHK,2024-04-16,2025-05-26,Installation,1531040
PROJ03094,CUS004300,DES036,C165,Villa,2024-07-04,2025-05-26,Delayed,4988497
PROJ03095,CUS000895,DES044,C171,3BHK,2024-06-26,,completed,4768692
PROJ03096,CUS004198,DES132,C102,Kitchen,2024-04-03,2025-11-06,Planning,2262445
PROJ03097,CUS004661,DES035,C104,Office,2024-04-11,2025-10-09,Design Phase,2718413
PROJ03098,CUS001549,DES150,C055,3BHK,2024-03-09,2025-07-16,Installation,2009617
PROJ03099,CUS004482,DES061,C195,Office,2024-03-13,2025-07-27,completed,1497015
PROJ03100,CUS000393,DES071,C184,2BHK,2024-08-17,2025-04-09,Design Phase,3676345
PROJ03101,CUS003686,DES056,C100,3BHK,2024-02-20,2025-06-25,completed,1390333
PROJ03102,CUS004861,DES036,C159,3BHK,2024-03-06,,Completed,2522596
PROJ03103,CUS004874,DES102,C123,3BHK,2024-08-22,2025-08-12,Completed,1484969
PROJ03104,CUS003447,DES055,C094,2BHK,2024-08-24,,Completed,1516352
PROJ03105,CUS001008,DES088,C080,Kitchen,2024-10-03,2025-05-13,Completed,2065612
PROJ03106,CUS003785,DES145,C236,Villa,2024-10-12,2025-11-16,Planning,544675
PROJ03107,CUS000767,DES072,C134,2BHK,2024-04-28,,completed,4848077
PROJ03108,CUS000807,DES055,C243,Kitchen,2024-07-15,2025-02-21,completed,1390326
PROJ03109,CUS001086,DES043,C127,Office,2024-02-17,2025-07-05,Planning,4817849
PROJ03110,CUS001976,DES039,C094,3BHK,2024-10-28,2025-12-22,Completed,2916942
PROJ03111,CUS002656,DES014,C240,Villa,2024-03-20,,Planning,3940570
PROJ03112,CUS000687,DES033,C015,2BHK,2024-10-08,2025-08-10,completed,2384345
PROJ03113,CUS000113,DES039,C023,Kitchen,2024-01-19,2025-11-07,Installation,251623
PROJ03114,CUS002088,DES049,C147,Office,2024-08-03,2025-03-28,Planning,2166473
PROJ03115,CUS003614,DES076,C160,Office,2024-01-08,2025-09-09,Installation,797915
PROJ03116,CUS001239,DES006,C154,Kitchen,2024-07-24,2025-09-01,Design Phase,3334254
PROJ03117,CUS002963,DES139,C024,2BHK,2024-12-08,2025-06-12,completed,4705431
PROJ03118,CUS002374,DES123,C178,Kitchen,2024-03-26,2025-03-05,Completed,371691
PROJ03119,CUS004129,DES119,C152,Villa,2024-05-20,2025-01-17,Completed,2727102
PROJ03120,CUS003974,DES085,C215,Office,18/02/2024,2025-08-27,Installation,4065419
PROJ03121,CUS003641,DES143,C118,2BHK,2024-09-12,,Completed,2386789
PROJ03122,CUS001103,DES124,C020,Villa,2024-08-18,2025-07-14,Completed,3839920
PROJ03123,CUS003146,DES014,C031,3BHK,2024-11-15,,Installation,1961216
PROJ03124,CUS001197,DES043,C223,2BHK,2024-12-09,2025-04-26,Design Phase,3681595
PROJ03125,CUS001769,DES019,C113,2BHK,2024-03-25,2025-12-22,Completed,4633830
PROJ03126,CUS000236,DES020,C129,Villa,2024-07-02,2025-02-18,Planning,3105150
PROJ03127,CUS002523,DES072,C132,Kitchen,2024-01-07,2025-09-12,Delayed,757148
PROJ03128,CUS002000,DES060,C122,Kitchen,2024-10-01,2025-10-04,Design Phase,1534971
PROJ03129,CUS001799,DES141,C091,3BHK,2024-01-10,,Delayed,2688255
PROJ03130,CUS003828,DES114,C063,Villa,2024-12-24,2025-01-24,completed,1695187
PROJ03131,CUS003474,DES064,C004,Kitchen,2024-02-02,2025-03-06,Installation,3995784
PROJ03132,CUS001309,DES128,C022,2BHK,2024-08-28,2025-10-08,completed,4529075
PROJ03133,CUS004329,DES030,C128,3BHK,2024-11-15,,Delayed,4609779
PROJ03134,CUS004286,DES140,C182,Villa,2024-05-21,2025-03-03,Delayed,3700974
PROJ03135,CUS004233,DES120,C207,Kitchen,2024-04-04,2025-05-01,Completed,3901846
PROJ03136,CUS000804,DES089,C147,Villa,2024-05-24,2025-09-23,completed,292913
PROJ03137,CUS001542,DES018,C119,Kitchen,2024-12-06,2025-07-26,Installation,3048037
PROJ03138,CUS001552,DES082,C054,Office,2024-08-21,2025-07-25,Planning,4908077
PROJ03139,CUS003756,DES024,C190,Kitchen,2024-09-10,,Completed,4959652
PROJ03140,CUS003510,DES106,C090,2BHK,2024-10-27,2025-08-22,Completed,3296467
PROJ03141,CUS000035,DES043,C034,Office,2024-05-26,,Planning,4713642
PROJ03142,CUS002818,DES062,C213,Kitchen,2024-06-23,2025-11-02,Design Phase,3770280
PROJ03143,CUS000803,DES140,C174,Villa,2024-11-10,,Design Phase,4636035
PROJ03144,CUS000788,DES040,C016,3BHK,2024-04-09,2025-07-17,Planning,3754890
PROJ03145,CUS001632,DES037,C210,Office,2024-08-08,2025-11-27,completed,1260444
PROJ03146,CUS000014,DES131,C218,3BHK,2024-09-23,2025-02-12,Installation,2326921
PROJ03147,CUS001502,DES114,C189,Kitchen,2024-07-26,,Delayed,1968923
PROJ03148,CUS002668,DES067,C016,2BHK,2024-12-27,2025-08-08,Design Phase,3210456
PROJ03149,CUS000682,DES044,C182,2BHK,2024-05-07,2025-04-26,Planning,3558104
PROJ03150,CUS000586,DES118,C209,3BHK,23/06/2024,2025-06-27,Completed,2908328
PROJ03151,CUS004343,DES138,C138,2BHK,2024-05-08,2025-08-07,Planning,3350894
PROJ03152,CUS002212,DES114,C167,Kitchen,2024-09-16,2025-04-20,Planning,4555370
PROJ03153,CUS000038,DES091,C004,2BHK,2024-05-01,2025-07-28,Planning,1559643
PROJ03154,CUS003472,DES026,C201,Kitchen,2024-08-22,2025-08-05,Planning,1648657
PROJ03155,CUS002256,DES061,C090,Office,2024-03-22,2025-11-09,Completed,1718719
PROJ03156,CUS000025,DES118,C047,2BHK,2024-04-22,2025-08-04,completed,2596400
PROJ03157,CUS003105,DES047,C152,Kitchen,2024-01-03,2025-07-12,Delayed,1612728
PROJ03158,CUS001419,DES022,C032,2BHK,2024-07-22,,Installation,4148397
PROJ03159,CUS000586,DES062,C099,2BHK,2024-06-16,2025-03-05,Planning,4918407
PROJ03160,CUS003644,DES055,C089,Office,2024-05-22,,completed,3819730
PROJ03161,CUS002600,DES028,C239,3BHK,2024-10-20,2025-04-04,completed,1282165
PROJ03162,CUS003471,DES110,C095,2BHK,2024-05-05,2025-01-16,completed,2809037
PROJ03163,CUS002049,DES001,C159,Office,2024-05-13,2025-08-11,Planning,2137731
PROJ03164,CUS004930,DES039,C200,3BHK,2024-09-06,2025-04-19,Installation,3436594
PROJ03165,CUS002553,DES045,C215,Villa,2024-06-22,2025-02-04,Installation,935371
PROJ03166,CUS000566,DES095,C076,Kitchen,2024-10-08,,Delayed,2882847
PROJ03167,CUS002662,DES087,C086,Office,2024-05-24,2025-02-28,Completed,4498291
PROJ03168,CUS002180,DES058,C122,Villa,2024-07-17,2025-07-13,completed,1548220
PROJ03169,CUS001243,DES075,C248,3BHK,2024-09-21,2025-09-05,completed,4836438
PROJ03170,CUS003960,DES109,C194,Kitchen,2024-06-20,2025-09-18,Installation,968400
PROJ03171,CUS000931,DES063,C005,3BHK,2024-11-27,,Completed,3523522
PROJ03172,CUS002736,DES098,C085,Office,2024-01-16,2025-07-15,Delayed,3832241
PROJ03173,CUS003237,DES058,C002,Villa,2024-01-21,2025-09-08,Planning,2418576
PROJ03174,CUS001173,DES132,C083,Villa,2024-05-10,2025-01-04,Completed,2965919
PROJ03175,CUS002421,DES118,C202,Villa,2024-06-28,2025-05-26,Completed,265250
PROJ03176,CUS003375,DES101,C129,2BHK,2024-03-18,2025-10-07,Design Phase,2683395
PROJ03177,CUS003009,DES144,C227,3BHK,2024-07-02,2025-06-06,Installation,724180
PROJ03178,CUS002745,DES074,C169,Office,2024-10-16,2025-04-10,Delayed,2197106
PROJ03179,CUS001634,DES143,C134,3BHK,2024-07-18,2025-11-19,Delayed,2813648
PROJ03180,CUS004400,DES142,C031,Kitchen,18/07/2024,,completed,2081548
PROJ03181,CUS003156,DES024,C108,Kitchen,2024-05-24,2025-09-17,Delayed,4185117
PROJ03182,CUS000628,DES037,C111,Villa,2024-05-06,2025-07-13,Installation,2962117
PROJ03183,CUS001200,DES133,C241,Villa,2024-03-13,2025-02-16,Completed,4008833
PROJ03184,CUS003624,DES101,C126,Villa,2024-12-16,2025-07-10,Design Phase,2105660
PROJ03185,CUS001004,DES120,C148,3BHK,2024-10-18,2025-01-06,Delayed,4018641
PROJ03186,CUS004876,DES130,C174,3BHK,2024-10-16,2025-01-22,completed,468925
PROJ03187,CUS001116,DES027,C013,Kitchen,2024-09-04,2025-09-14,Completed,2171502
PROJ03188,CUS004898,DES124,C178,Office,2024-07-07,2025-11-06,Installation,1354288
PROJ03189,CUS002134,DES133,C081,Office,2024-12-19,2025-06-03,Installation,3741694
PROJ03190,CUS000128,DES149,C058,Villa,2024-02-15,2025-11-25,completed,3514385
PROJ03191,CUS003889,DES101,C023,3BHK,2024-10-22,2025-01-23,Delayed,333818
PROJ03192,CUS000507,DES029,C235,3BHK,2024-04-18,,completed,397929
PROJ03193,CUS003814,DES009,C019,Kitchen,2024-08-16,2025-10-09,Completed,2433654
PROJ03194,CUS000956,DES034,C008,Office,2024-05-15,,Completed,3688496
PROJ03195,CUS001986,DES042,C043,3BHK,2024-07-19,2025-02-26,Completed,2475848
PROJ03196,CUS001290,DES005,C166,Office,2024-04-02,2025-11-14,Delayed,3709797
PROJ03197,CUS000128,DES006,C158,Office,2024-04-12,,Completed,4806714
PROJ03198,CUS003153,DES096,C177,2BHK,2024-04-07,2025-05-19,Delayed,425795
PROJ03199,CUS000632,DES033,C130,Villa,2024-12-16,2025-12-21,Planning,3589874
PROJ03200,CUS002169,DES041,C122,Kitchen,2024-07-24,2025-11-11,completed,1852053
PROJ03201,CUS002922,DES049,C070,Office,2024-12-01,2025-11-14,Planning,554147
PROJ03202,CUS004229,DES140,C112,3BHK,2024-04-27,2025-05-25,Installation,2467995
PROJ03203,CUS001900,DES008,C104,Office,2024-01-27,2025-10-22,completed,3927697
PROJ03204,CUS000328,DES028,C126,Office,2024-05-18,2025-07-07,Completed,339582
PROJ03205,CUS004978,DES108,C161,3BHK,2024-03-28,2025-11-14,Delayed,2833157
PROJ03206,CUS001720,DES077,C194,Office,2024-08-28,2025-01-09,Delayed,1407486
PROJ03207,CUS004846,DES023,C160,Villa,2024-10-06,,completed,741286
PROJ03208,CUS002405,DES089,C179,Villa,2024-01-01,2025-06-16,Design Phase,1927985
PROJ03209,CUS002197,DES079,C220,3BHK,2024-02-25,2025-01-06,Completed,690437
PROJ03210,CUS003840,DES026,C065,2BHK,22/08/2024,2025-04-12,Delayed,2706368
PROJ03211,CUS003084,DES018,C162,3BHK,2024-09-17,2025-11-02,Installation,2576801
PROJ03212,CUS003428,DES130,C016,3BHK,2024-11-21,2025-08-03,Planning,2696356
PROJ03213,CUS003078,DES001,C070,2BHK,2024-11-03,2025-10-13,Planning,3239224
PROJ03214,CUS004815,DES134,C225,Kitchen,2024-04-20,2025-01-25,completed,409032
PROJ03215,CUS003440,DES052,C164,Villa,2024-08-26,,completed,2180494
PROJ03216,CUS000798,DES141,C104,3BHK,2024-11-22,2025-11-11,completed,1267785
PROJ03217,CUS000618,DES135,C072,Office,2024-01-01,2025-05-03,Delayed,2300763
PROJ03218,CUS002434,DES068,C108,Office,2024-05-12,2025-09-22,Installation,2034469
PROJ03219,CUS003069,DES081,C030,2BHK,2024-07-17,2025-02-15,completed,1028831
PROJ03220,CUS001645,DES027,C174,Office,2024-01-09,2025-02-14,Installation,4341249
PROJ03221,CUS004304,DES090,C006,3BHK,2024-02-03,2025-06-05,Delayed,1612680
PROJ03222,CUS003952,DES145,C235,Office,2024-06-23,2025-07-27,Planning,1692799
PROJ03223,CUS000254,DES070,C167,3BHK,2024-09-20,2025-06-16,Planning,1570964
PROJ03224,CUS004509,DES031,C168,Kitchen,2024-08-21,2025-11-26,Installation,826771
PROJ03225,CUS000637,DES084,C209,Villa,2024-02-20,,completed,3355384
PROJ03226,CUS004769,DES088,C107,Kitchen,2024-10-20,,Design Phase,3683337
PROJ03227,CUS000660,DES139,C161,Villa,2024-09-11,2025-09-10,Delayed,4979366
PROJ03228,CUS001241,DES030,C150,Office,2024-06-24,2025-05-03,Delayed,240456
PROJ03229,CUS002634,DES057,C196,2BHK,2024-10-09,2025-08-28,Design Phase,3256708
PROJ03230,CUS004896,DES024,C168,Villa,2024-09-20,2025-07-16,completed,200903
PROJ03231,CUS004319,DES006,C082,Villa,2024-05-06,2025-10-26,Design Phase,365369
PROJ03232,CUS004088,DES122,C185,Villa,2024-01-07,2025-04-12,completed,1341237
PROJ03233,CUS004138,DES076,C013,Villa,2024-11-06,,completed,485121
PROJ03234,CUS003142,DES124,C165,2BHK,2024-02-27,2025-05-27,Design Phase,4375790
PROJ03235,CUS000126,DES116,C107,Villa,2024-06-01,2025-10-15,Planning,2603199
PROJ03236,CUS004962,DES065,C103,3BHK,2024-04-09,2025-08-06,completed,1749619
PROJ03237,CUS000135,DES091,C154,2BHK,2024-03-02,2025-03-06,Design Phase,3267803
PROJ03238,CUS004804,DES078,C249,Kitchen,2024-11-05,2025-12-19,Planning,4436463
PROJ03239,CUS000985,DES023,C139,Office,2024-06-02,2025-11-22,Delayed,3832967
PROJ03240,CUS002713,DES083,C150,Villa,14/09/2024,2025-04-11,completed,1487365
PROJ03241,CUS004807,DES006,C056,Villa,2024-07-21,2025-02-04,Delayed,1699461
PROJ03242,CUS003352,DES030,C087,2BHK,2024-06-22,2025-11-03,completed,635147
PROJ03243,CUS004653,DES053,C033,Office,2024-02-17,,completed,408858
PROJ03244,CUS002972,DES053,C096,Villa,2024-11-14,2025-04-20,Design Phase,513396
PROJ03245,CUS004104,DES128,C227,2BHK,2024-04-11,,Planning,867978
PROJ03246,CUS002104,DES045,C221,2BHK,2024-08-03,2025-01-08,Planning,837358
PROJ03247,CUS001682,DES022,C043,3BHK,2024-01-19,2025-07-21,completed,374268
PROJ03248,CUS003601,DES117,C069,Kitchen,2024-09-28,2025-11-16,Completed,1318939
PROJ03249,CUS003812,DES127,C116,3BHK,2024-11-26,2025-10-14,completed,2965485
PROJ03250,CUS001491,DES035,C247,3BHK,2024-08-01,2025-10-08,Planning,4269639
PROJ03251,CUS003990,DES054,C123,2BHK,2024-04-08,2025-09-13,Completed,2903534
PROJ03252,CUS001998,DES015,C235,Office,2024-08-01,2025-01-02,completed,3331012
PROJ03253,CUS004555,DES030,C217,2BHK,2024-01-11,,completed,1323291
PROJ03254,CUS000179,DES130,C216,3BHK,2024-10-02,2025-03-13,Completed,2046227
PROJ03255,CUS000820,DES082,C203,Office,2024-05-14,2025-08-05,completed,3955088
PROJ03256,CUS004375,DES038,C074,Kitchen,2024-01-13,,Planning,1323416
PROJ03257,CUS004148,DES136,C080,Kitchen,2024-09-12,2025-01-21,Installation,4938669
PROJ03258,CUS003549,DES065,C093,2BHK,2024-05-22,2025-11-07,Delayed,1412074
PROJ03259,CUS004987,DES141,C206,Villa,2024-01-05,2025-07-23,Design Phase,1908629
PROJ03260,CUS001006,DES003,C067,Office,2024-06-14,2025-06-22,Completed,4676970
PROJ03261,CUS000295,DES134,C142,Villa,2024-11-21,2025-04-17,Installation,3474129
PROJ03262,CUS003281,DES106,C023,Villa,2024-04-28,2025-11-19,Design Phase,4912819
PROJ03263,CUS004606,DES082,C184,Office,2024-01-09,2025-04-04,Completed,1878263
PROJ03264,CUS003617,DES119,C110,3BHK,2024-08-09,2025-02-01,Installation,1834426
PROJ03265,CUS003598,DES130,C230,3BHK,2024-02-26,2025-08-11,completed,3138289
PROJ03266,CUS003898,DES091,C050,2BHK,2024-05-09,2025-07-02,Delayed,1535386
PROJ03267,CUS004338,DES093,C204,3BHK,2024-07-23,2025-03-23,Completed,2080593
PROJ03268,CUS004086,DES006,C116,Villa,2024-02-20,2025-03-11,Completed,3170473
PROJ03269,CUS003825,DES078,C239,3BHK,2024-11-09,2025-05-03,Delayed,4367333
PROJ03270,CUS003783,DES142,C231,3BHK,18/10/2024,2025-10-17,Installation,2549531
PROJ03271,CUS002986,DES019,C114,3BHK,2024-07-16,2025-05-12,Planning,4177374
PROJ03272,CUS002244,DES013,C232,3BHK,2024-03-10,2025-01-04,completed,1502922
PROJ03273,CUS001774,DES149,C073,2BHK,2024-08-26,2025-07-14,Completed,4628264
PROJ03274,CUS004061,DES024,C058,2BHK,2024-09-22,2025-08-06,Delayed,2494870
PROJ03275,CUS003547,DES131,C136,Villa,2024-09-21,2025-07-27,Installation,3816890
PROJ03276,CUS000739,DES144,C134,2BHK,2024-03-18,,Design Phase,4703263
PROJ03277,CUS003554,DES008,C182,Villa,2024-01-19,2025-12-28,completed,837632
PROJ03278,CUS002903,DES045,C227,3BHK,2024-06-26,2025-03-12,Design Phase,1285916
PROJ03279,CUS003222,DES079,C098,Office,2024-08-05,2025-09-23,Completed,272454
PROJ03280,CUS001234,DES119,C017,Kitchen,2024-01-24,2025-08-05,Delayed,642429
PROJ03281,CUS003612,DES074,C185,2BHK,2024-09-13,2025-02-06,Completed,1286058
PROJ03282,CUS003570,DES039,C125,3BHK,2024-08-06,2025-04-04,Planning,3126740
PROJ03283,CUS000827,DES147,C017,Villa,2024-06-24,,Completed,4728987
PROJ03284,CUS003739,DES023,C120,Villa,2024-02-24,,Installation,1817449
PROJ03285,CUS004380,DES134,C140,2BHK,2024-05-16,2025-03-21,Planning,922977
PROJ03286,CUS002741,DES092,C092,2BHK,2024-07-17,2025-10-09,completed,4870827
PROJ03287,CUS002283,DES130,C055,Kitchen,2024-12-21,2025-02-28,Planning,2898136
PROJ03288,CUS002268,DES114,C200,3BHK,2024-09-06,2025-09-06,Completed,2638886
PROJ03289,CUS004728,DES120,C183,Villa,2024-07-17,2025-10-01,Installation,957543
PROJ03290,CUS000308,DES078,C150,Villa,2024-11-20,,Installation,2084720
PROJ03291,CUS004615,DES097,C248,Office,2024-03-18,,Completed,1733263
PROJ03292,CUS004313,DES084,C229,3BHK,2024-07-18,2025-07-14,Installation,2062958
PROJ03293,CUS001970,DES099,C067,Office,2024-09-18,2025-06-03,Installation,4796146
PROJ03294,CUS003662,DES012,C088,Office,2024-03-04,2025-05-15,Delayed,3183745
PROJ03295,CUS003158,DES069,C171,Villa,2024-08-14,,Planning,509978
PROJ03296,CUS003639,DES128,C104,Office,2024-02-17,2025-11-23,Installation,1874398
PROJ03297,CUS004450,DES140,C136,Office,2024-07-27,2025-05-26,Design Phase,2863979
PROJ03298,CUS000621,DES120,C246,Office,2024-06-28,2025-08-17,Planning,3369557
PROJ03299,CUS003125,DES056,C118,Office,2024-10-02,,Installation,4867178
PROJ03300,CUS002310,DES057,C156,Kitchen,22/08/2024,2025-05-07,Completed,4054623
PROJ03301,CUS000813,DES150,C155,2BHK,2024-01-26,2025-03-07,Installation,301513
PROJ03302,CUS004224,DES031,C024,Villa,2024-02-13,2025-05-19,Design Phase,3871616
PROJ03303,CUS002726,DES032,C150,Villa,2024-05-27,2025-02-07,completed,1555874
PROJ03304,CUS003804,DES101,C235,2BHK,2024-08-26,2025-08-17,Installation,4536209
PROJ03305,CUS003946,DES074,C057,2BHK,2024-07-04,2025-03-14,Design Phase,3402287
PROJ03306,CUS004003,DES127,C091,3BHK,2024-08-20,,completed,4372919
PROJ03307,CUS001868,DES146,C005,2BHK,2024-09-13,,Completed,2069941
PROJ03308,CUS001933,DES090,C236,2BHK,2024-10-16,2025-06-23,Installation,3449587
PROJ03309,CUS000076,DES003,C020,Kitchen,2024-05-13,2025-11-12,Delayed,1199177
PROJ03310,CUS004332,DES142,C181,3BHK,2024-07-04,2025-01-28,completed,2017101
PROJ03311,CUS004715,DES091,C061,2BHK,2024-11-05,2025-05-08,Installation,493966
PROJ03312,CUS001822,DES001,C231,Villa,2024-03-15,2025-05-08,completed,4239281
PROJ03313,CUS001348,DES085,C087,Office,2024-07-12,,Design Phase,743909
PROJ03314,CUS000981,DES112,C145,2BHK,2024-06-14,2025-05-14,completed,1761960
PROJ03315,CUS002306,DES110,C082,Office,2024-09-14,2025-01-19,Installation,911274
PROJ03316,CUS003466,DES147,C004,Office,2024-08-11,2025-03-15,completed,4344211
PROJ03317,CUS002440,DES046,C239,Villa,2024-10-01,2025-03-20,Design Phase,2027559
PROJ03318,CUS001687,DES015,C047,Office,2024-03-01,2025-07-10,Design Phase,3427208
PROJ03319,CUS002663,DES030,C013,Kitchen,2024-10-07,2025-08-21,Delayed,2144848
PROJ03320,CUS003127,DES023,C017,2BHK,2024-12-08,2025-11-08,Planning,1414885
PROJ03321,CUS003225,DES025,C071,2BHK,2024-02-07,2025-02-27,Installation,2891140
PROJ03322,CUS002077,DES010,C157,Kitchen,2024-11-24,,Completed,1920786
PROJ03323,CUS002718,DES109,C066,Office,2024-11-05,2025-10-17,Installation,4150562
PROJ03324,CUS003085,DES108,C195,Office,2024-05-07,2025-08-04,Installation,341822
PROJ03325,CUS002456,DES104,C010,2BHK,2024-10-16,,completed,3353511
PROJ03326,CUS001681,DES087,C046,Office,2024-08-05,2025-07-17,Planning,3041135
PROJ03327,CUS000283,DES023,C128,Kitchen,2024-12-10,2025-02-27,Planning,929625
PROJ03328,CUS004483,DES019,C208,Office,2024-10-19,2025-04-07,Planning,4152613
PROJ03329,CUS000085,DES066,C082,2BHK,2024-07-18,2025-08-16,Delayed,2564835
PROJ03330,CUS004401,DES135,C247,2BHK,22/05/2024,2025-02-22,Completed,2473986
PROJ03331,CUS004305,DES060,C177,Office,2024-01-14,2025-07-18,Installation,3259524
PROJ03332,CUS000397,DES065,C076,Office,2024-01-16,2025-07-25,completed,653898
PROJ03333,CUS002073,DES133,C243,Kitchen,2024-01-02,2025-11-28,Completed,2087065
PROJ03334,CUS002452,DES081,C021,Kitchen,2024-04-14,2025-03-11,completed,1738116
PROJ03335,CUS004285,DES038,C204,Kitchen,2024-04-02,2025-04-26,Installation,207425
PROJ03336,CUS001291,DES130,C230,Office,2024-04-11,2025-04-16,Planning,1236476
PROJ03337,CUS002617,DES146,C215,2BHK,2024-04-16,2025-01-07,Completed,4209021
PROJ03338,CUS000015,DES008,C124,Office,2024-03-27,2025-01-02,completed,2130649
PROJ03339,CUS002822,DES005,C248,Kitchen,2024-11-13,2025-11-23,Design Phase,1623549
PROJ03340,CUS000080,DES059,C233,Office,2024-03-08,2025-06-28,Planning,3798750
PROJ03341,CUS004206,DES009,C169,3BHK,2024-08-23,2025-02-25,Installation,4371310
PROJ03342,CUS004739,DES122,C077,2BHK,2024-08-09,2025-07-25,Installation,1464950
PROJ03343,CUS004520,DES009,C237,Kitchen,2024-10-15,2025-07-13,Installation,2331042
PROJ03344,CUS004667,DES038,C219,Kitchen,2024-04-02,2025-12-13,Completed,1428839
PROJ03345,CUS002766,DES004,C155,Kitchen,2024-01-23,2025-09-21,Design Phase,1508411
PROJ03346,CUS000277,DES040,C015,2BHK,2024-07-08,2025-03-07,completed,214711
PROJ03347,CUS002594,DES044,C207,3BHK,2024-07-04,2025-02-26,Installation,4511326
PROJ03348,CUS001646,DES146,C003,Villa,2024-07-06,2025-01-24,completed,2142302
PROJ03349,CUS000026,DES079,C244,2BHK,2024-02-24,2025-10-19,Planning,4560956
PROJ03350,CUS002910,DES089,C016,Villa,2024-11-18,2025-07-13,Design Phase,3529721
PROJ03351,CUS002346,DES129,C161,Office,2024-12-04,2025-01-11,completed,3004661
PROJ03352,CUS001889,DES060,C168,Office,2024-08-15,2025-02-27,Planning,2882617
PROJ03353,CUS002247,DES118,C055,Kitchen,2024-07-26,2025-09-26,Planning,1116664
PROJ03354,CUS003165,DES054,C164,Kitchen,2024-08-05,2025-08-24,Delayed,3147688
PROJ03355,CUS002589,DES016,C070,Kitchen,2024-06-24,2025-04-07,Delayed,403352
PROJ03356,CUS001830,DES119,C147,Office,2024-08-05,,Completed,4796006
PROJ03357,CUS004665,DES113,C171,2BHK,2024-01-19,2025-02-02,Delayed,1747500
PROJ03358,CUS003158,DES113,C104,Office,2024-10-28,2025-04-25,Installation,3322369
PROJ03359,CUS002979,DES019,C001,3BHK,2024-11-07,,Planning,204460
PROJ03360,CUS001030,DES115,C140,Villa,22/10/2024,2025-10-28,Completed,1779207
PROJ03361,CUS001363,DES017,C034,Villa,2024-02-19,2025-02-05,Installation,1347510
PROJ03362,CUS004052,DES065,C237,Villa,2024-04-14,2025-05-08,Installation,3921821
PROJ03363,CUS003310,DES145,C073,Villa,2024-04-02,2025-02-02,Planning,3093107
PROJ03364,CUS002150,DES067,C229,Kitchen,2024-06-26,2025-09-17,Completed,3510332
PROJ03365,CUS004249,DES007,C007,Office,2024-05-19,2025-04-10,completed,1240861
PROJ03366,CUS000741,DES065,C229,2BHK,2024-09-03,2025-11-21,Installation,2757942
PROJ03367,CUS001987,DES044,C093,Kitchen,2024-05-16,2025-04-22,Completed,3404787
PROJ03368,CUS001578,DES098,C075,Kitchen,2024-09-13,2025-08-11,Completed,4194922
PROJ03369,CUS004390,DES102,C087,3BHK,2024-01-16,,completed,1703282
PROJ03370,CUS001081,DES100,C196,2BHK,2024-02-23,2025-04-17,Design Phase,347962
PROJ03371,CUS004340,DES131,C171,Villa,2024-04-22,2025-04-26,Planning,4528609
PROJ03372,CUS003325,DES054,C018,Kitchen,2024-09-15,2025-06-11,Completed,511191
PROJ03373,CUS002031,DES066,C198,Office,2024-07-28,2025-12-28,Planning,4123555
PROJ03374,CUS000298,DES047,C073,Office,2024-02-03,,Design Phase,1840797
PROJ03375,CUS004127,DES075,C161,Kitchen,2024-01-24,2025-12-11,Completed,4661565
PROJ03376,CUS002258,DES082,C097,Villa,2024-09-09,,Design Phase,4898259
PROJ03377,CUS003072,DES031,C075,Kitchen,2024-06-22,2025-12-07,Design Phase,2526230
PROJ03378,CUS003060,DES067,C240,Kitchen,2024-06-24,2025-05-20,Delayed,2838328
PROJ03379,CUS004804,DES068,C168,2BHK,2024-04-09,2025-03-21,Delayed,3681791
PROJ03380,CUS004579,DES058,C101,Kitchen,2024-02-07,2025-02-03,Completed,2244060
PROJ03381,CUS004988,DES047,C137,Office,2024-08-22,2025-01-02,Design Phase,2762587
PROJ03382,CUS002545,DES054,C227,Office,2024-05-13,2025-10-25,completed,2125507
PROJ03383,CUS003103,DES080,C231,3BHK,2024-09-20,2025-10-20,Planning,805781
PROJ03384,CUS002752,DES062,C242,Kitchen,2024-06-13,2025-04-01,completed,4614742
PROJ03385,CUS004914,DES094,C039,Villa,2024-04-28,2025-07-02,Delayed,1216869
PROJ03386,CUS003815,DES131,C007,Office,2024-02-23,2025-03-21,Installation,2031535
PROJ03387,CUS003030,DES020,C026,Villa,2024-08-05,2025-08-28,Installation,1869403
PROJ03388,CUS004259,DES068,C202,Kitchen,2024-02-02,2025-03-07,Completed,995743
PROJ03389,CUS000616,DES034,C099,Office,2024-02-28,,Installation,3954010
PROJ03390,CUS001659,DES068,C096,Villa,22/02/2024,2025-03-11,completed,4524462
PROJ03391,CUS004087,DES063,C091,Villa,2024-11-15,2025-02-08,Completed,1037588
PROJ03392,CUS003450,DES119,C159,2BHK,2024-12-05,2025-08-10,Planning,4000581
PROJ03393,CUS000492,DES007,C178,Kitchen,2024-04-21,,Completed,4180173
PROJ03394,CUS002401,DES119,C098,Villa,2024-05-28,,Installation,3707982
PROJ03395,CUS001356,DES118,C180,3BHK,2024-01-23,2025-08-02,completed,2938425
PROJ03396,CUS003779,DES136,C248,Kitchen,2024-11-24,2025-01-19,Planning,4480134
PROJ03397,CUS001750,DES069,C050,3BHK,2024-09-10,2025-10-14,completed,4805864
PROJ03398,CUS004914,DES027,C057,Villa,2024-10-05,2025-08-16,Completed,2498265
PROJ03399,CUS000478,DES046,C056,Office,2024-05-04,2025-09-24,Design Phase,2589063
PROJ03400,CUS001650,DES016,C134,3BHK,2024-09-15,2025-02-10,Installation,1684415
PROJ03401,CUS000177,DES032,C243,2BHK,2024-07-16,,Completed,325589
PROJ03402,CUS002291,DES033,C134,Office,2024-05-21,,Design Phase,2466627
PROJ03403,CUS004136,DES070,C025,Office,2024-11-05,,completed,3213422
PROJ03404,CUS001846,DES132,C007,2BHK,2024-09-27,2025-07-15,Delayed,1196982
PROJ03405,CUS003374,DES062,C228,Villa,2024-09-17,2025-04-13,Installation,2729824
PROJ03406,CUS001374,DES105,C239,Villa,2024-01-22,2025-02-02,Planning,1465761
PROJ03407,CUS003490,DES087,C222,2BHK,2024-09-07,2025-05-24,Completed,2829302
PROJ03408,CUS001754,DES063,C065,Villa,2024-09-12,2025-11-09,Planning,4886195
PROJ03409,CUS004991,DES113,C223,2BHK,2024-01-15,2025-03-11,Completed,3410872
PROJ03410,CUS003118,DES027,C082,Villa,2024-02-18,2025-07-27,Planning,596998
PROJ03411,CUS004660,DES147,C043,Kitchen,2024-11-22,2025-06-27,completed,1105863
PROJ03412,CUS003847,DES043,C188,3BHK,2024-05-11,2025-04-20,Design Phase,1420595
PROJ03413,CUS001561,DES136,C201,Office,2024-02-28,2025-08-13,Delayed,4434106
PROJ03414,CUS004109,DES059,C184,Office,2024-07-04,2025-05-13,completed,3908329
PROJ03415,CUS000680,DES144,C215,Office,2024-03-24,,Delayed,4862729
PROJ03416,CUS004480,DES096,C036,Kitchen,2024-02-08,2025-04-23,Delayed,1301023
PROJ03417,CUS002211,DES038,C176,2BHK,2024-07-22,,Delayed,2433482
PROJ03418,CUS001169,DES138,C186,Office,2024-09-28,,Design Phase,1379380
PROJ03419,CUS004709,DES063,C014,3BHK,2024-02-16,,Completed,1238596
PROJ03420,CUS003401,DES148,C071,Kitchen,07/09/2024,2025-03-13,completed,3021998
PROJ03421,CUS000760,DES105,C229,Office,2024-11-11,2025-10-28,Completed,2902005
PROJ03422,CUS002777,DES083,C052,Kitchen,2024-11-28,2025-12-20,Installation,4193060
PROJ03423,CUS001338,DES138,C009,Kitchen,2024-04-27,2025-04-25,Planning,4284748
PROJ03424,CUS004694,DES029,C223,Kitchen,2024-02-01,2025-09-20,Installation,4002800
PROJ03425,CUS000984,DES085,C190,2BHK,2024-10-13,2025-01-20,Completed,2673001
PROJ03426,CUS003358,DES061,C065,Office,2024-03-05,,Installation,2523658
PROJ03427,CUS000774,DES057,C164,2BHK,2024-11-04,2025-07-22,Delayed,3892991
PROJ03428,CUS002708,DES109,C117,2BHK,2024-01-07,2025-03-27,Planning,4769449
PROJ03429,CUS001173,DES145,C009,3BHK,2024-09-06,,Completed,1726756
PROJ03430,CUS004659,DES104,C014,Villa,2024-04-04,2025-01-18,completed,2579812
PROJ03431,CUS004738,DES079,C103,2BHK,2024-02-12,2025-06-15,Delayed,3549007
PROJ03432,CUS003559,DES006,C020,Villa,2024-05-09,2025-08-01,Planning,4568538
PROJ03433,CUS002509,DES058,C210,Office,2024-04-19,2025-06-09,Completed,2248778
PROJ03434,CUS001553,DES090,C211,Kitchen,2024-03-22,,Design Phase,4183137
PROJ03435,CUS000137,DES030,C066,3BHK,2024-10-17,2025-12-26,Planning,2017053
PROJ03436,CUS000343,DES027,C016,Kitchen,2024-05-02,2025-09-24,Planning,1582306
PROJ03437,CUS001691,DES023,C111,3BHK,2024-06-18,2025-07-15,Design Phase,647433
PROJ03438,CUS004293,DES102,C047,Office,2024-04-06,,Installation,4711685
PROJ03439,CUS004851,DES091,C020,Kitchen,2024-03-02,2025-06-14,Design Phase,3661334
PROJ03440,CUS003666,DES064,C021,2BHK,2024-06-25,2025-12-11,Delayed,4548727
PROJ03441,CUS002384,DES022,C239,2BHK,2024-02-19,2025-06-02,Planning,3950409
PROJ03442,CUS004383,DES093,C225,Kitchen,2024-09-18,2025-11-18,Planning,4263094
PROJ03443,CUS002802,DES145,C211,Office,2024-12-05,,Design Phase,3390385
PROJ03444,CUS000604,DES016,C015,Kitchen,2024-02-24,,Installation,3371513
PROJ03445,CUS003496,DES033,C216,2BHK,2024-12-20,2025-10-13,Installation,1317827
PROJ03446,CUS000505,DES077,C232,Office,2024-06-09,2025-12-18,Planning,4706981
PROJ03447,CUS004322,DES137,C250,Villa,2024-06-06,2025-05-05,Planning,3069778
PROJ03448,CUS004307,DES016,C151,Office,2024-01-05,,Design Phase,386831
PROJ03449,CUS004530,DES023,C106,Office,2024-02-28,2025-07-15,Installation,562066
PROJ03450,CUS001420,DES037,C141,Office,04/09/2024,2025-09-12,Design Phase,549940
PROJ03451,CUS001308,DES112,C165,Office,2024-06-26,2025-04-08,Design Phase,769506
PROJ03452,CUS002121,DES031,C164,3BHK,2024-07-07,2025-02-08,completed,2452149
PROJ03453,CUS002189,DES025,C222,Kitchen,2024-12-28,2025-09-18,Design Phase,518538
PROJ03454,CUS004491,DES131,C233,2BHK,2024-06-25,2025-05-07,Completed,1909504
PROJ03455,CUS004820,DES018,C021,Kitchen,2024-06-04,2025-04-14,Planning,4622091
PROJ03456,CUS003268,DES140,C129,3BHK,2024-12-27,2025-04-15,Delayed,2326825
PROJ03457,CUS004640,DES053,C063,3BHK,2024-03-27,2025-02-26,Installation,3467205
PROJ03458,CUS003179,DES020,C019,Villa,2024-10-16,2025-06-14,Planning,3092795
PROJ03459,CUS003494,DES087,C059,Villa,2024-06-17,,Delayed,4382285
PROJ03460,CUS001763,DES082,C061,Villa,2024-09-14,2025-12-16,completed,3699399
PROJ03461,CUS001174,DES106,C162,3BHK,2024-11-07,2025-11-23,Installation,4146766
PROJ03462,CUS001718,DES030,C225,Office,2024-05-15,2025-05-19,Planning,2684892
PROJ03463,CUS002105,DES102,C210,2BHK,2024-12-15,2025-10-06,Delayed,502705
PROJ03464,CUS003954,DES095,C173,3BHK,2024-12-16,2025-03-28,completed,4646347
PROJ03465,CUS004762,DES091,C031,Kitchen,2024-07-18,2025-03-03,Delayed,4626679
PROJ03466,CUS001382,DES120,C101,Kitchen,2024-01-16,2025-05-16,completed,1460105
PROJ03467,CUS001864,DES122,C094,Office,2024-05-22,,Completed,2100534
PROJ03468,CUS000439,DES149,C157,3BHK,2024-03-02,,Design Phase,797417
PROJ03469,CUS000839,DES084,C121,3BHK,2024-02-15,2025-10-25,Design Phase,4969239
PROJ03470,CUS003916,DES064,C096,Office,2024-04-18,2025-12-03,Design Phase,3872407
PROJ03471,CUS003917,DES070,C112,Villa,2024-06-24,,Delayed,331928
PROJ03472,CUS001476,DES056,C001,Office,2024-05-26,,Installation,2192287
PROJ03473,CUS003734,DES122,C044,Kitchen,2024-03-15,2025-07-18,Design Phase,659064
PROJ03474,CUS002896,DES091,C118,Office,2024-05-08,2025-12-14,Installation,1842898
PROJ03475,CUS001940,DES083,C089,2BHK,2024-03-23,2025-12-28,Design Phase,4784392
PROJ03476,CUS001872,DES149,C164,Villa,2024-09-19,2025-11-26,completed,4667860
PROJ03477,CUS001623,DES083,C022,3BHK,2024-04-28,,Design Phase,1286168
PROJ03478,CUS003674,DES072,C059,Villa,2024-07-07,2025-08-21,Delayed,2480967
PROJ03479,CUS001582,DES066,C117,Villa,2024-07-24,2025-10-17,Completed,3335112
PROJ03480,CUS002498,DES059,C175,Kitchen,03/05/2024,2025-01-16,Completed,3566862
PROJ03481,CUS004782,DES046,C227,Office,2024-02-25,2025-02-01,Installation,3624977
PROJ03482,CUS004336,DES107,C080,2BHK,2024-03-20,2025-05-11,Completed,4994916
PROJ03483,CUS004319,DES053,C086,3BHK,2024-12-11,2025-03-04,Design Phase,2195529
PROJ03484,CUS002270,DES037,C242,3BHK,2024-03-18,2025-04-27,completed,290954
PROJ03485,CUS000815,DES083,C093,Kitchen,2024-05-09,,Completed,3972231
PROJ03486,CUS001432,DES095,C188,Villa,2024-01-01,2025-09-20,Design Phase,1975795
PROJ03487,CUS000867,DES086,C196,Kitchen,2024-03-15,,completed,617110
PROJ03488,CUS002052,DES055,C138,Office,2024-09-15,2025-12-28,Installation,594919
PROJ03489,CUS004819,DES029,C121,Office,2024-06-21,2025-01-20,Completed,3689258
PROJ03490,CUS003155,DES069,C094,Kitchen,2024-12-14,2025-06-14,Design Phase,2029888
PROJ03491,CUS000991,DES094,C152,2BHK,2024-02-14,,Completed,3464397
PROJ03492,CUS001368,DES092,C249,Villa,2024-06-24,2025-03-20,Installation,4781655
PROJ03493,CUS000273,DES077,C102,3BHK,2024-03-10,2025-08-04,completed,3124003
PROJ03494,CUS002910,DES045,C022,Office,2024-12-09,2025-04-07,Completed,2573145
PROJ03495,CUS002794,DES049,C121,2BHK,2024-12-26,2025-09-19,Planning,4006627
PROJ03496,CUS003155,DES134,C210,Villa,2024-06-04,2025-01-01,Completed,1458651
PROJ03497,CUS002713,DES018,C173,Office,2024-06-26,2025-05-03,Delayed,1997744
PROJ03498,CUS003176,DES090,C004,Office,2024-12-25,2025-03-28,completed,1271658
PROJ03499,CUS003746,DES045,C195,2BHK,2024-09-17,2025-01-11,Installation,3751813
PROJ03500,CUS003213,DES059,C105,2BHK,2024-06-11,2025-04-18,Design Phase,1680976
PROJ03501,CUS000778,DES145,C072,2BHK,2024-07-16,2025-01-16,Design Phase,3812612
PROJ03502,CUS001749,DES092,C201,Kitchen,2024-07-09,2025-03-02,Planning,4464599
PROJ03503,CUS004960,DES080,C073,2BHK,2024-12-22,2025-06-06,Completed,4864722
PROJ03504,CUS002963,DES016,C211,3BHK,2024-08-18,,completed,3374475
PROJ03505,CUS001264,DES047,C146,Office,2024-02-04,2025-10-12,Completed,2414756
PROJ03506,CUS004183,DES069,C150,3BHK,2024-03-02,2025-06-15,completed,3416770
PROJ03507,CUS004434,DES093,C242,Office,2024-07-13,2025-09-27,Completed,3357859
PROJ03508,CUS003893,DES006,C030,2BHK,2024-06-07,2025-03-18,Planning,2778014
PROJ03509,CUS004540,DES121,C101,Villa,2024-05-01,,Installation,1371887
PROJ03510,CUS003063,DES098,C069,Villa,02/05/2024,2025-07-03,Design Phase,3819035
PROJ03511,CUS003239,DES135,C165,2BHK,2024-09-01,2025-02-11,Delayed,2232965
PROJ03512,CUS002350,DES129,C130,Kitchen,2024-07-12,2025-07-05,Installation,4601627
PROJ03513,CUS002398,DES100,C091,Office,2024-09-25,2025-02-18,Delayed,3076125
PROJ03514,CUS003250,DES105,C089,2BHK,2024-05-24,2025-05-27,completed,401880
PROJ03515,CUS003898,DES094,C095,2BHK,2024-09-13,2025-09-23,Completed,4582323
PROJ03516,CUS003215,DES047,C143,Office,2024-01-10,,Planning,2968166
PROJ03517,CUS001178,DES023,C021,3BHK,2024-11-06,2025-08-03,completed,1783079
PROJ03518,CUS004203,DES099,C146,Kitchen,2024-05-27,,Completed,3054405
PROJ03519,CUS000530,DES059,C126,Villa,2024-06-27,2025-02-03,Completed,2766547
PROJ03520,CUS001976,DES095,C145,2BHK,2024-01-11,,Delayed,650736
PROJ03521,CUS000505,DES134,C009,3BHK,2024-02-09,2025-04-18,Delayed,1592482
PROJ03522,CUS002552,DES130,C142,2BHK,2024-05-17,,Design Phase,3283205
PROJ03523,CUS004707,DES028,C193,Office,2024-02-05,2025-01-12,completed,1779428
PROJ03524,CUS004791,DES079,C031,2BHK,2024-09-13,2025-08-10,Installation,1768480
PROJ03525,CUS002535,DES096,C102,Kitchen,2024-06-01,,completed,960045
PROJ03526,CUS004364,DES050,C026,3BHK,2024-06-23,2025-10-13,Planning,266372
PROJ03527,CUS003188,DES058,C037,Villa,2024-07-07,2025-02-05,Installation,4426213
PROJ03528,CUS003181,DES032,C185,Kitchen,2024-02-10,2025-06-04,Planning,3998645
PROJ03529,CUS001609,DES143,C126,Office,2024-08-06,2025-11-01,Completed,2620081
PROJ03530,CUS000854,DES118,C216,2BHK,2024-03-16,2025-05-19,Delayed,4699343
PROJ03531,CUS001979,DES060,C162,Kitchen,2024-01-26,2025-12-18,completed,1857529
PROJ03532,CUS002463,DES131,C197,Kitchen,2024-09-14,2025-07-23,Delayed,4293046
PROJ03533,CUS003237,DES135,C059,2BHK,2024-09-15,2025-08-11,Installation,4417867
PROJ03534,CUS001368,DES058,C061,Villa,2024-11-01,2025-07-16,Installation,1577660
PROJ03535,CUS004948,DES064,C139,Kitchen,2024-03-18,2025-01-19,Planning,739316
PROJ03536,CUS002539,DES108,C176,3BHK,2024-05-28,2025-12-06,Completed,2008746
PROJ03537,CUS001910,DES126,C014,Villa,2024-12-17,2025-05-07,Delayed,4378399
PROJ03538,CUS001455,DES071,C090,2BHK,2024-02-11,2025-02-14,Delayed,4954029
PROJ03539,CUS000777,DES013,C011,Villa,2024-07-09,,completed,2802452
PROJ03540,CUS000752,DES032,C033,2BHK,15/10/2024,2025-12-10,Planning,4136139
PROJ03541,CUS001030,DES045,C220,3BHK,2024-09-08,,completed,1231619
PROJ03542,CUS004974,DES018,C110,Villa,2024-02-11,2025-06-18,Design Phase,652119
PROJ03543,CUS000953,DES114,C138,3BHK,2024-07-25,2025-01-17,completed,3621223
PROJ03544,CUS001255,DES052,C028,Office,2024-12-15,2025-01-17,Completed,2610160
PROJ03545,CUS000025,DES045,C001,Kitchen,2024-01-03,2025-02-04,Design Phase,2027811
PROJ03546,CUS001355,DES149,C221,Villa,2024-04-20,2025-01-13,Design Phase,4705617
PROJ03547,CUS000588,DES036,C195,Office,2024-06-17,2025-08-01,Planning,4656723
PROJ03548,CUS000771,DES047,C133,Office,2024-02-06,2025-12-22,Planning,2521013
PROJ03549,CUS003004,DES022,C219,Office,2024-06-26,2025-04-11,Planning,1920575
PROJ03550,CUS000557,DES013,C155,Kitchen,2024-04-19,,completed,3677093
PROJ03551,CUS003324,DES086,C085,2BHK,2024-05-19,2025-05-28,Completed,4740459
PROJ03552,CUS000058,DES129,C118,Villa,2024-12-17,,Delayed,3885507
PROJ03553,CUS004289,DES133,C154,Office,2024-09-28,2025-02-26,completed,2227833
PROJ03554,CUS004175,DES061,C168,3BHK,2024-10-15,2025-09-08,Design Phase,4303968
PROJ03555,CUS002687,DES010,C209,Office,2024-11-09,,Design Phase,1500055
PROJ03556,CUS001888,DES130,C158,3BHK,2024-02-28,2025-07-04,Installation,4574062
PROJ03557,CUS002358,DES099,C020,Office,2024-02-05,2025-05-04,Design Phase,4787527
PROJ03558,CUS004337,DES147,C069,3BHK,2024-07-18,,Design Phase,4350757
PROJ03559,CUS003893,DES111,C067,2BHK,2024-05-14,2025-01-03,Planning,707723
PROJ03560,CUS002463,DES032,C100,3BHK,2024-09-06,2025-04-13,Design Phase,4049155
PROJ03561,CUS001322,DES130,C228,Villa,2024-12-28,2025-06-28,Completed,2983277
PROJ03562,CUS000630,DES076,C209,Villa,2024-09-09,2025-07-09,Delayed,2113830
PROJ03563,CUS003762,DES107,C050,2BHK,2024-10-24,2025-11-24,Delayed,3050107
PROJ03564,CUS003253,DES036,C046,3BHK,2024-07-08,,Completed,2219597
PROJ03565,CUS001729,DES118,C164,3BHK,2024-08-05,2025-01-15,completed,1137464
PROJ03566,CUS004133,DES121,C227,Office,2024-04-08,2025-11-04,Installation,3230833
PROJ03567,CUS002118,DES056,C119,Office,2024-02-05,2025-06-26,Design Phase,2245407
PROJ03568,CUS001487,DES005,C020,3BHK,2024-03-26,,Planning,3145261
PROJ03569,CUS002858,DES145,C029,Villa,2024-08-04,2025-02-19,Design Phase,4666897
PROJ03570,CUS001759,DES125,C220,3BHK,11/03/2024,2025-07-23,Completed,1308127
PROJ03571,CUS003537,DES147,C175,Office,2024-02-05,,Completed,1798131
PROJ03572,CUS001422,DES055,C076,2BHK,2024-02-06,,Design Phase,928136
PROJ03573,CUS003395,DES064,C232,Kitchen,2024-12-09,2025-04-04,Design Phase,2002864
PROJ03574,CUS001703,DES131,C094,3BHK,2024-02-03,2025-03-03,completed,987329
PROJ03575,CUS000512,DES076,C179,Kitchen,2024-04-25,2025-03-05,Design Phase,3442812
PROJ03576,CUS002371,DES046,C191,Office,2024-06-26,2025-07-03,Completed,4962690
PROJ03577,CUS001802,DES141,C096,3BHK,2024-09-20,2025-02-22,Completed,3362405
PROJ03578,CUS000467,DES044,C043,3BHK,2024-02-12,2025-10-25,Planning,996890
PROJ03579,CUS004946,DES071,C004,3BHK,2024-12-12,2025-11-26,Installation,513338
PROJ03580,CUS001645,DES124,C129,Villa,2024-01-20,,completed,3189004
PROJ03581,CUS004942,DES046,C245,Villa,2024-07-11,2025-10-18,Design Phase,4588495
PROJ03582,CUS000315,DES143,C058,2BHK,2024-12-01,2025-10-06,Delayed,3549301
PROJ03583,CUS001827,DES139,C151,Office,2024-04-19,2025-03-02,Planning,4814014
PROJ03584,CUS002571,DES135,C116,Villa,2024-02-28,2025-03-26,completed,2901320
PROJ03585,CUS004819,DES107,C017,3BHK,2024-09-24,2025-01-15,Design Phase,4983596
PROJ03586,CUS002399,DES037,C004,Villa,2024-01-26,,Installation,3506820
PROJ03587,CUS001133,DES028,C145,2BHK,2024-03-13,2025-03-20,Design Phase,4859951
PROJ03588,CUS004166,DES018,C184,Kitchen,2024-06-12,,Completed,4600991
PROJ03589,CUS003604,DES084,C173,Office,2024-07-14,2025-06-11,Planning,1486395
PROJ03590,CUS000317,DES084,C244,Villa,2024-11-15,2025-12-04,Completed,4138218
PROJ03591,CUS003571,DES023,C057,2BHK,2024-10-08,2025-01-25,Planning,4381701
PROJ03592,CUS002499,DES121,C068,3BHK,2024-06-28,2025-12-19,completed,4508102
PROJ03593,CUS001835,DES114,C223,2BHK,2024-05-18,,Installation,4154772
PROJ03594,CUS002636,DES102,C038,Office,2024-04-11,2025-07-26,Design Phase,441885
PROJ03595,CUS001312,DES010,C173,Villa,2024-04-23,2025-04-28,Design Phase,4367731
PROJ03596,CUS001280,DES137,C230,2BHK,2024-08-01,2025-07-19,Design Phase,2081024
PROJ03597,CUS002225,DES113,C088,2BHK,2024-11-24,2025-02-01,Planning,2731973
PROJ03598,CUS001143,DES018,C086,Villa,2024-07-08,2025-06-20,completed,3141926
PROJ03599,CUS000821,DES109,C010,Villa,2024-07-11,2025-09-04,Delayed,1095009
PROJ03600,CUS002725,DES131,C194,Kitchen,01/01/2024,,Installation,3091765
PROJ03601,CUS000375,DES080,C139,Office,2024-07-21,2025-07-24,Planning,759418
PROJ03602,CUS000155,DES135,C046,2BHK,2024-06-09,2025-06-22,completed,4580121
PROJ03603,CUS000402,DES130,C114,2BHK,2024-02-23,2025-11-04,Planning,2162917
PROJ03604,CUS002402,DES138,C212,Villa,2024-10-15,2025-01-08,Design Phase,3249842
PROJ03605,CUS001447,DES102,C165,3BHK,2024-09-12,2025-01-27,Completed,3215910
PROJ03606,CUS002844,DES042,C118,Kitchen,2024-09-08,2025-04-22,Design Phase,4706336
PROJ03607,CUS004744,DES062,C071,Villa,2024-06-16,2025-07-05,Planning,4264124
PROJ03608,CUS003665,DES072,C248,Kitchen,2024-09-01,2025-11-21,completed,4315553
PROJ03609,CUS000339,DES076,C083,Villa,2024-05-25,2025-01-22,completed,1106318
PROJ03610,CUS004060,DES097,C204,3BHK,2024-12-21,,Design Phase,1131659
PROJ03611,CUS004989,DES032,C106,Office,2024-03-17,2025-08-10,Installation,3025298
PROJ03612,CUS001663,DES075,C027,Kitchen,2024-01-28,2025-01-12,Installation,3991681
PROJ03613,CUS004706,DES131,C207,2BHK,2024-09-13,2025-12-01,completed,3642359
PROJ03614,CUS000923,DES020,C070,Kitchen,2024-03-24,,Delayed,2196045
PROJ03615,CUS003206,DES093,C084,Villa,2024-06-05,2025-09-20,Planning,512158
PROJ03616,CUS003762,DES146,C215,Office,2024-03-15,2025-08-22,Design Phase,298614
PROJ03617,CUS001800,DES122,C192,3BHK,2024-08-25,2025-03-10,Completed,1256210
PROJ03618,CUS002368,DES064,C198,Kitchen,2024-02-04,2025-07-12,Planning,1606402
PROJ03619,CUS003964,DES111,C185,Office,2024-12-20,,Completed,2463992
PROJ03620,CUS003772,DES149,C222,Villa,2024-06-02,2025-11-13,Delayed,816763
PROJ03621,CUS000697,DES125,C122,2BHK,2024-01-24,,Installation,3611069
PROJ03622,CUS004136,DES137,C070,2BHK,2024-02-09,2025-04-05,Planning,1312686
PROJ03623,CUS003558,DES129,C078,3BHK,2024-01-16,,Design Phase,1614458
PROJ03624,CUS002379,DES112,C177,3BHK,2024-07-23,2025-09-10,completed,3472280
PROJ03625,CUS001379,DES034,C118,Office,2024-09-26,,Planning,3270782
PROJ03626,CUS000387,DES112,C061,2BHK,2024-04-08,2025-04-09,Delayed,4483830
PROJ03627,CUS001976,DES035,C058,Kitchen,2024-03-04,2025-08-04,Design Phase,3538559
PROJ03628,CUS000724,DES022,C087,Office,2024-11-24,2025-11-03,Delayed,2276376
PROJ03629,CUS004400,DES116,C009,3BHK,2024-10-04,,Delayed,1603746
PROJ03630,CUS001663,DES138,C201,Villa,18/12/2024,2025-01-13,Completed,319531
PROJ03631,CUS004499,DES143,C069,3BHK,2024-02-12,2025-02-13,Completed,919953
PROJ03632,CUS002105,DES049,C046,Office,2024-08-10,2025-11-20,Delayed,3370011
PROJ03633,CUS002082,DES079,C183,2BHK,2024-12-13,,Installation,795039
PROJ03634,CUS002616,DES028,C086,3BHK,2024-09-27,,Design Phase,1731786
PROJ03635,CUS002392,DES097,C084,Office,2024-10-16,2025-01-15,completed,2573211
PROJ03636,CUS004616,DES100,C249,Kitchen,2024-08-17,2025-10-13,completed,225945
PROJ03637,CUS000184,DES027,C080,Office,2024-01-14,2025-07-14,Completed,275594
PROJ03638,CUS000485,DES088,C197,Kitchen,2024-06-08,,Delayed,3037608
PROJ03639,CUS001728,DES017,C181,Villa,2024-05-01,2025-02-22,Completed,2357270
PROJ03640,CUS003866,DES110,C049,Villa,2024-07-06,2025-02-08,Design Phase,3876411
PROJ03641,CUS002477,DES109,C133,Office,2024-02-22,,Delayed,4429030
PROJ03642,CUS002427,DES021,C044,Villa,2024-11-02,2025-10-17,Delayed,4922292
PROJ03643,CUS000970,DES032,C064,Office,2024-07-04,2025-08-26,Planning,623787
PROJ03644,CUS003252,DES134,C236,2BHK,2024-05-19,2025-05-06,Delayed,4406008
PROJ03645,CUS003276,DES143,C121,Office,2024-06-04,2025-10-05,Delayed,1347445
PROJ03646,CUS000624,DES127,C199,3BHK,2024-06-26,,Completed,692298
PROJ03647,CUS004949,DES055,C012,Villa,2024-10-19,,Installation,2939787
PROJ03648,CUS003718,DES103,C010,3BHK,2024-09-10,2025-11-19,Completed,975159
PROJ03649,CUS002467,DES034,C013,2BHK,2024-02-14,2025-08-13,Design Phase,3575940
PROJ03650,CUS002837,DES023,C222,2BHK,2024-03-15,2025-10-17,Planning,1389354
PROJ03651,CUS001554,DES005,C110,Kitchen,2024-06-27,2025-12-28,Design Phase,2082380
PROJ03652,CUS004197,DES073,C005,Villa,2024-05-05,2025-02-08,Delayed,4866687
PROJ03653,CUS001465,DES058,C211,Villa,2024-06-02,2025-07-02,completed,3540106
PROJ03654,CUS003541,DES027,C221,Kitchen,2024-02-10,2025-09-10,Installation,4919034
PROJ03655,CUS001224,DES116,C164,Villa,2024-07-18,2025-02-10,Delayed,1150353
PROJ03656,CUS000426,DES094,C113,Villa,2024-05-12,2025-06-28,Completed,1043387
PROJ03657,CUS004126,DES032,C055,Office,2024-06-26,2025-07-14,Design Phase,1270507
PROJ03658,CUS004278,DES128,C232,2BHK,2024-08-02,2025-09-15,Installation,3906594
PROJ03659,CUS001230,DES090,C158,3BHK,2024-04-08,2025-04-03,Completed,3186359
PROJ03660,CUS001068,DES067,C122,Villa,27/07/2024,2025-06-18,Installation,4996301
PROJ03661,CUS003633,DES121,C231,Kitchen,2024-06-25,2025-07-17,Delayed,4557571
PROJ03662,CUS004065,DES073,C226,Villa,2024-06-20,2025-11-05,Design Phase,2830769
PROJ03663,CUS000414,DES146,C124,Office,2024-11-09,2025-03-26,Installation,245531
PROJ03664,CUS002991,DES025,C191,Office,2024-12-07,2025-06-19,Delayed,3550935
PROJ03665,CUS004201,DES084,C155,Villa,2024-05-04,2025-04-01,Design Phase,4073323
PROJ03666,CUS001461,DES007,C033,3BHK,2024-01-03,2025-02-12,Design Phase,553340
PROJ03667,CUS004376,DES074,C189,2BHK,2024-12-22,,Design Phase,2641965
PROJ03668,CUS000799,DES029,C197,Kitchen,2024-02-13,2025-11-27,Delayed,854472
PROJ03669,CUS000672,DES002,C178,Office,2024-12-22,2025-02-13,Installation,2650386
PROJ03670,CUS003414,DES044,C149,3BHK,2024-12-28,2025-09-09,Planning,971729
PROJ03671,CUS001863,DES149,C080,Villa,2024-07-10,,Installation,2768797
PROJ03672,CUS000817,DES136,C034,Kitchen,2024-06-13,2025-07-15,Planning,3317183
PROJ03673,CUS000074,DES003,C163,Kitchen,2024-02-02,2025-02-08,completed,297131
PROJ03674,CUS000840,DES103,C043,Office,2024-05-10,,Design Phase,3131904
PROJ03675,CUS001799,DES031,C149,Office,2024-09-20,2025-08-20,Installation,3535628
PROJ03676,CUS004776,DES048,C248,2BHK,2024-12-26,2025-03-02,Completed,1435744
PROJ03677,CUS002319,DES103,C032,3BHK,2024-09-19,2025-03-13,Completed,945124
PROJ03678,CUS002575,DES060,C081,2BHK,2024-08-21,2025-09-12,completed,3210959
PROJ03679,CUS004578,DES087,C124,2BHK,2024-12-27,2025-06-25,completed,2594862
PROJ03680,CUS004844,DES095,C049,2BHK,2024-10-14,2025-03-09,Planning,1821820
PROJ03681,CUS000700,DES071,C013,Office,2024-08-22,,Installation,2566760
PROJ03682,CUS003526,DES024,C005,Office,2024-08-25,2025-06-07,Design Phase,2226045
PROJ03683,CUS000390,DES122,C046,Kitchen,2024-12-18,2025-02-01,Delayed,3655937
PROJ03684,CUS004955,DES031,C019,2BHK,2024-08-25,,Delayed,2200874
PROJ03685,CUS004110,DES141,C193,Villa,2024-11-12,,Delayed,3289454
PROJ03686,CUS003028,DES039,C002,2BHK,2024-10-04,2025-08-04,Completed,3222175
PROJ03687,CUS002856,DES119,C214,Villa,2024-06-26,2025-11-14,Delayed,1539495
PROJ03688,CUS003603,DES130,C190,Villa,2024-01-05,2025-06-18,Planning,1782951
PROJ03689,CUS001835,DES017,C118,2BHK,2024-09-20,2025-12-24,Installation,1715644
PROJ03690,CUS002404,DES048,C018,Kitchen,15/10/2024,2025-12-27,Design Phase,1734096
PROJ03691,CUS002367,DES108,C141,3BHK,2024-03-27,2025-12-02,Planning,1095531
PROJ03692,CUS000173,DES130,C152,2BHK,2024-07-26,2025-12-16,Delayed,514725
PROJ03693,CUS002332,DES113,C152,Kitchen,2024-06-02,2025-11-19,Planning,4277217
PROJ03694,CUS003095,DES132,C213,Villa,2024-06-01,2025-07-19,Planning,3440752
PROJ03695,CUS002734,DES002,C116,Kitchen,2024-04-12,2025-07-02,Completed,3760420
PROJ03696,CUS002682,DES086,C054,Office,2024-04-27,2025-12-07,Completed,3924675
PROJ03697,CUS004040,DES054,C179,Kitchen,2024-10-04,2025-08-18,Design Phase,1424009
PROJ03698,CUS003603,DES149,C113,Kitchen,2024-02-27,2025-07-12,Planning,4991364
PROJ03699,CUS002824,DES111,C202,2BHK,2024-04-21,2025-09-08,Installation,4800665
PROJ03700,CUS004794,DES069,C198,3BHK,2024-09-01,2025-10-06,completed,1403831
PROJ03701,CUS001071,DES107,C052,Kitchen,2024-10-14,2025-12-18,Delayed,1139649
PROJ03702,CUS002463,DES041,C172,2BHK,2024-02-18,2025-10-08,Design Phase,3639431
PROJ03703,CUS002626,DES071,C177,2BHK,2024-12-08,2025-07-25,completed,4622309
PROJ03704,CUS004531,DES064,C242,2BHK,2024-09-03,2025-09-13,Design Phase,2226441
PROJ03705,CUS004734,DES107,C192,Kitchen,2024-04-27,2025-09-25,Design Phase,2962436
PROJ03706,CUS003595,DES081,C161,Villa,2024-06-22,,Installation,571124
PROJ03707,CUS001063,DES082,C046,2BHK,2024-02-23,2025-03-17,Completed,2444911
PROJ03708,CUS001482,DES048,C182,3BHK,2024-02-02,2025-10-03,Installation,892598
PROJ03709,CUS001077,DES105,C054,3BHK,2024-09-27,2025-08-28,Installation,1189916
PROJ03710,CUS002059,DES078,C143,Villa,2024-08-27,2025-02-05,Planning,2001115
PROJ03711,CUS003332,DES112,C078,2BHK,2024-02-02,2025-10-18,Planning,4345377
PROJ03712,CUS001612,DES145,C002,Villa,2024-05-08,2025-01-21,completed,4959940
PROJ03713,CUS004930,DES143,C086,3BHK,2024-02-23,2025-11-20,Planning,2689411
PROJ03714,CUS003294,DES035,C233,2BHK,2024-05-26,2025-06-01,Installation,3912196
PROJ03715,CUS003628,DES028,C043,Kitchen,2024-04-09,2025-01-19,Installation,755622
PROJ03716,CUS001321,DES029,C132,2BHK,2024-05-17,2025-08-22,completed,1843315
PROJ03717,CUS004605,DES003,C245,Kitchen,2024-11-24,2025-02-17,Installation,885684
PROJ03718,CUS000739,DES059,C010,3BHK,2024-09-19,2025-08-27,Delayed,2537397
PROJ03719,CUS004998,DES084,C133,Kitchen,2024-11-03,2025-05-01,Delayed,4377299
PROJ03720,CUS002816,DES055,C155,3BHK,03/10/2024,2025-11-04,Installation,4346202
PROJ03721,CUS002780,DES133,C207,Office,2024-04-22,2025-08-22,Installation,833553
PROJ03722,CUS000781,DES031,C101,Villa,2024-05-14,2025-10-27,Delayed,4157880
PROJ03723,CUS000310,DES008,C150,3BHK,2024-07-23,2025-06-13,Planning,1138350
PROJ03724,CUS001139,DES042,C201,3BHK,2024-12-07,2025-08-24,completed,254016
PROJ03725,CUS004606,DES131,C107,Kitchen,2024-06-22,2025-02-18,Delayed,4227757
PROJ03726,CUS003751,DES041,C069,3BHK,2024-02-27,,Planning,2135518
PROJ03727,CUS003338,DES033,C186,2BHK,2024-09-07,2025-05-15,Installation,2888540
PROJ03728,CUS002495,DES147,C012,Office,2024-11-02,2025-08-15,Completed,3012590
PROJ03729,CUS004488,DES083,C104,Office,2024-02-11,2025-08-13,Delayed,1800972
PROJ03730,CUS003408,DES029,C019,Villa,2024-09-11,2025-11-10,Planning,1365842
PROJ03731,CUS003032,DES035,C199,Kitchen,2024-03-24,2025-02-16,Installation,296370
PROJ03732,CUS003481,DES099,C065,2BHK,2024-10-12,2025-06-19,Delayed,4209636
PROJ03733,CUS001806,DES098,C018,Villa,2024-09-23,2025-10-01,completed,3667879
PROJ03734,CUS001017,DES143,C105,Office,2024-10-07,2025-03-15,Completed,2335101
PROJ03735,CUS004577,DES063,C065,Kitchen,2024-10-20,2025-08-07,Planning,3553623
PROJ03736,CUS000801,DES102,C209,3BHK,2024-01-26,2025-05-01,Completed,413189
PROJ03737,CUS001043,DES041,C170,Kitchen,2024-12-16,2025-10-16,completed,2187684
PROJ03738,CUS002774,DES128,C044,Office,2024-09-25,2025-09-24,Design Phase,2668453
PROJ03739,CUS003396,DES058,C100,2BHK,2024-09-15,2025-09-28,Delayed,3029494
PROJ03740,CUS004288,DES100,C053,3BHK,2024-03-03,2025-01-02,Delayed,3703749
PROJ03741,CUS000203,DES079,C243,Kitchen,2024-04-25,2025-11-20,completed,619647
PROJ03742,CUS002238,DES067,C107,3BHK,2024-01-25,2025-04-26,Completed,489604
PROJ03743,CUS003012,DES043,C134,2BHK,2024-05-21,2025-03-11,completed,3991462
PROJ03744,CUS004657,DES021,C085,3BHK,2024-02-05,2025-01-16,Delayed,1806848
PROJ03745,CUS000149,DES040,C153,Office,2024-02-19,2025-09-06,completed,3050865
PROJ03746,CUS001466,DES089,C165,2BHK,2024-12-15,2025-03-09,Completed,2710143
PROJ03747,CUS003335,DES065,C154,Villa,2024-02-12,2025-12-21,completed,4507034
PROJ03748,CUS002073,DES060,C198,3BHK,2024-08-02,2025-02-24,Installation,4491052
PROJ03749,CUS001767,DES143,C024,Office,2024-04-07,2025-05-08,Completed,2189862
PROJ03750,CUS000536,DES055,C191,Villa,19/10/2024,2025-09-16,Planning,1848493
PROJ03751,CUS001396,DES031,C152,Office,2024-05-05,2025-06-06,Design Phase,4540667
PROJ03752,CUS001461,DES019,C094,Office,2024-10-26,2025-07-01,completed,1152266
PROJ03753,CUS000520,DES068,C017,Villa,2024-07-15,2025-04-22,Installation,359813
PROJ03754,CUS000713,DES004,C234,3BHK,2024-09-13,2025-04-02,completed,2123973
PROJ03755,CUS003882,DES075,C220,Villa,2024-09-25,2025-03-24,Design Phase,4365470
PROJ03756,CUS004558,DES019,C233,Office,2024-12-05,,Planning,4350813
PROJ03757,CUS001537,DES026,C238,3BHK,2024-11-17,2025-03-26,Installation,256715
PROJ03758,CUS002776,DES006,C121,Kitchen,2024-02-26,,Delayed,1626365
PROJ03759,CUS002307,DES049,C227,Office,2024-04-26,,Completed,4575168
PROJ03760,CUS000364,DES014,C246,3BHK,2024-05-06,2025-04-27,Completed,1909606
PROJ03761,CUS002699,DES136,C159,Office,2024-02-09,2025-03-19,Delayed,593056
PROJ03762,CUS002710,DES088,C197,Kitchen,2024-09-20,2025-09-08,Completed,3926868
PROJ03763,CUS004687,DES078,C160,2BHK,2024-02-12,2025-04-06,Completed,1638074
PROJ03764,CUS002639,DES088,C009,Kitchen,2024-08-13,2025-10-22,Installation,3194146
PROJ03765,CUS000919,DES058,C155,Office,2024-10-10,2025-04-03,Completed,2272607
PROJ03766,CUS001553,DES079,C151,Kitchen,2024-02-20,2025-06-07,Completed,2303614
PROJ03767,CUS004102,DES059,C195,2BHK,2024-07-17,2025-04-23,completed,4726248
PROJ03768,CUS000790,DES043,C223,Office,2024-01-27,2025-06-28,Installation,4933262
PROJ03769,CUS001064,DES039,C143,2BHK,2024-08-18,2025-01-24,Planning,4677499
PROJ03770,CUS001806,DES094,C117,Villa,2024-07-10,2025-03-02,Delayed,3848748
PROJ03771,CUS000132,DES093,C036,Kitchen,2024-01-17,2025-09-05,Design Phase,216719
PROJ03772,CUS000260,DES039,C098,2BHK,2024-05-22,2025-07-17,completed,743040
PROJ03773,CUS004800,DES130,C003,Villa,2024-01-28,2025-12-11,Installation,3525115
PROJ03774,CUS000036,DES028,C081,Kitchen,2024-09-18,2025-01-20,Completed,1016251
PROJ03775,CUS002334,DES125,C005,3BHK,2024-10-15,2025-06-08,Design Phase,3686528
PROJ03776,CUS003010,DES050,C025,Villa,2024-12-02,,Delayed,4704685
PROJ03777,CUS000935,DES025,C191,Kitchen,2024-05-04,2025-06-19,Installation,2429907
PROJ03778,CUS001013,DES111,C160,Office,2024-04-18,,Completed,1893410
PROJ03779,CUS000872,DES089,C052,Villa,2024-02-01,2025-09-26,Installation,3279617
PROJ03780,CUS000983,DES017,C221,Kitchen,03/02/2024,,completed,1148634
PROJ03781,CUS001041,DES147,C214,Office,2024-08-26,2025-08-17,Installation,1115731
PROJ03782,CUS004477,DES016,C150,Office,2024-01-04,2025-03-23,Delayed,3177074
PROJ03783,CUS003737,DES150,C247,Villa,2024-04-02,2025-11-18,Installation,405766
PROJ03784,CUS004967,DES136,C226,Villa,2024-05-15,,Planning,2211862
PROJ03785,CUS002250,DES062,C183,Office,2024-11-09,2025-02-22,Planning,2552374
PROJ03786,CUS003731,DES017,C239,3BHK,2024-08-22,2025-06-14,Delayed,326239
PROJ03787,CUS000038,DES123,C189,Kitchen,2024-11-10,2025-08-16,Delayed,748628
PROJ03788,CUS003288,DES057,C133,Villa,2024-11-26,,completed,998471
PROJ03789,CUS001832,DES054,C097,Villa,2024-12-04,2025-08-26,Design Phase,2810799
PROJ03790,CUS003981,DES103,C081,Villa,2024-04-10,2025-03-02,Design Phase,1712827
PROJ03791,CUS002893,DES057,C007,Office,2024-08-27,2025-12-08,completed,3266076
PROJ03792,CUS004595,DES097,C015,3BHK,2024-05-23,2025-10-17,Completed,4528802
PROJ03793,CUS001385,DES106,C006,2BHK,2024-05-28,2025-11-11,Design Phase,2575488
PROJ03794,CUS003931,DES123,C034,Kitchen,2024-10-18,2025-10-02,Completed,4464041
PROJ03795,CUS000964,DES076,C239,2BHK,2024-12-02,2025-04-12,Completed,431945
PROJ03796,CUS001657,DES062,C214,Villa,2024-10-17,2025-02-27,Completed,4978414
PROJ03797,CUS000279,DES040,C131,2BHK,2024-02-09,2025-12-01,Installation,3070010
PROJ03798,CUS003540,DES093,C034,2BHK,2024-08-03,2025-10-12,Planning,3510725
PROJ03799,CUS001120,DES086,C090,2BHK,2024-08-15,2025-04-18,Installation,4162669
PROJ03800,CUS002975,DES126,C066,Villa,2024-12-14,2025-02-04,Installation,4228862
PROJ03801,CUS002535,DES125,C205,2BHK,2024-12-25,2025-09-23,Completed,2334013
PROJ03802,CUS002326,DES087,C045,Office,2024-08-27,2025-10-22,completed,4252885
PROJ03803,CUS002453,DES030,C219,Office,2024-06-26,2025-03-26,Delayed,280560
PROJ03804,CUS002093,DES092,C091,Villa,2024-05-03,2025-02-05,Planning,1259561
PROJ03805,CUS001092,DES023,C084,Kitchen,2024-07-10,2025-11-18,Completed,3149824
PROJ03806,CUS004390,DES016,C193,Kitchen,2024-03-17,2025-01-28,Installation,4560598
PROJ03807,CUS000753,DES045,C001,Kitchen,2024-07-21,2025-07-22,completed,3601292
PROJ03808,CUS004770,DES036,C067,Kitchen,2024-10-25,2025-08-03,Delayed,1271028
PROJ03809,CUS000675,DES123,C058,Office,2024-08-02,2025-12-10,Delayed,1311811
PROJ03810,CUS002990,DES085,C160,Villa,03/04/2024,2025-12-17,Installation,4596699
PROJ03811,CUS003285,DES048,C244,Office,2024-02-02,,Installation,2494246
PROJ03812,CUS001726,DES092,C082,Kitchen,2024-04-14,2025-11-21,Design Phase,2056923
PROJ03813,CUS004392,DES037,C091,Villa,2024-02-28,2025-08-05,Design Phase,1895444
PROJ03814,CUS001644,DES081,C230,Villa,2024-10-24,2025-02-21,Completed,3003150
PROJ03815,CUS001833,DES127,C063,3BHK,2024-11-22,2025-02-15,completed,2362603
PROJ03816,CUS001190,DES134,C034,Office,2024-03-15,,Installation,4611320
PROJ03817,CUS004195,DES085,C017,Office,2024-05-07,,Installation,1978189
PROJ03818,CUS003841,DES097,C111,Villa,2024-06-18,2025-01-24,Completed,1316513
PROJ03819,CUS004675,DES018,C095,Kitchen,2024-01-02,2025-12-24,Installation,718955
PROJ03820,CUS000911,DES131,C228,2BHK,2024-01-09,2025-03-12,Design Phase,1133200
PROJ03821,CUS002365,DES141,C053,3BHK,2024-09-20,2025-03-25,Delayed,2772339
PROJ03822,CUS001101,DES090,C166,3BHK,2024-06-02,2025-09-21,Delayed,2363208
PROJ03823,CUS004512,DES079,C056,2BHK,2024-04-17,2025-04-03,Design Phase,564894
PROJ03824,CUS001247,DES119,C185,Villa,2024-04-03,2025-07-11,Planning,4823024
PROJ03825,CUS004696,DES044,C092,Office,2024-07-10,2025-04-10,completed,2008946
PROJ03826,CUS002258,DES104,C235,Office,2024-12-24,2025-10-28,completed,843334
PROJ03827,CUS002912,DES090,C102,Kitchen,2024-01-03,2025-12-12,Completed,4502368
PROJ03828,CUS001572,DES009,C083,Office,2024-04-17,2025-10-18,completed,4144680
PROJ03829,CUS004601,DES024,C012,2BHK,2024-09-04,2025-10-10,Delayed,2440158
PROJ03830,CUS004192,DES149,C070,Kitchen,2024-08-23,2025-07-08,completed,2249019
PROJ03831,CUS004871,DES070,C193,Office,2024-06-22,2025-02-08,Installation,4797874
PROJ03832,CUS000817,DES132,C096,Office,2024-09-15,2025-03-14,Planning,1602166
PROJ03833,CUS001360,DES062,C011,3BHK,2024-07-13,2025-02-18,Delayed,3067923
PROJ03834,CUS004235,DES079,C056,Villa,2024-04-23,2025-02-13,Delayed,606001
PROJ03835,CUS004107,DES107,C098,Villa,2024-12-05,2025-01-18,Design Phase,1133417
PROJ03836,CUS003228,DES109,C204,Kitchen,2024-10-04,,Completed,4379008
PROJ03837,CUS002662,DES128,C199,3BHK,2024-01-28,2025-01-05,completed,2808008
PROJ03838,CUS004990,DES127,C073,3BHK,2024-06-10,2025-03-25,Planning,732807
PROJ03839,CUS004876,DES084,C031,Kitchen,2024-07-16,2025-03-27,Completed,524017
PROJ03840,CUS004412,DES067,C183,2BHK,23/11/2024,2025-03-08,Delayed,2839286
PROJ03841,CUS000014,DES150,C118,Office,2024-01-10,,Delayed,1410954
PROJ03842,CUS002539,DES100,C087,2BHK,2024-03-25,2025-03-15,Installation,2406569
PROJ03843,CUS003000,DES134,C164,2BHK,2024-12-07,2025-03-28,completed,4977999
PROJ03844,CUS001509,DES069,C169,Kitchen,2024-05-09,2025-07-07,Design Phase,3145937
PROJ03845,CUS000975,DES041,C051,Office,2024-12-08,2025-10-17,Completed,3145239
PROJ03846,CUS000586,DES044,C040,Villa,2024-05-09,2025-01-06,completed,3592609
PROJ03847,CUS001014,DES067,C228,Villa,2024-09-11,,Completed,4851203
PROJ03848,CUS002136,DES079,C207,3BHK,2024-08-26,,Completed,639770
PROJ03849,CUS000104,DES098,C189,Kitchen,2024-10-13,2025-06-18,Installation,1339846
PROJ03850,CUS004372,DES128,C050,2BHK,2024-06-28,2025-12-22,Completed,1133896
PROJ03851,CUS001922,DES035,C028,2BHK,2024-12-17,2025-05-16,Completed,3032347
PROJ03852,CUS000780,DES049,C130,Villa,2024-10-03,2025-07-14,Delayed,1535704
PROJ03853,CUS000079,DES003,C236,Office,2024-01-23,2025-10-28,Planning,2707933
PROJ03854,CUS003988,DES120,C059,3BHK,2024-12-19,2025-07-04,completed,2903649
PROJ03855,CUS000552,DES035,C208,2BHK,2024-08-21,,completed,1952127
PROJ03856,CUS002930,DES104,C140,2BHK,2024-09-27,2025-05-21,Design Phase,3224592
PROJ03857,CUS000292,DES127,C233,3BHK,2024-01-16,2025-08-28,Planning,545789
PROJ03858,CUS002237,DES117,C148,Office,2024-09-18,2025-05-12,Delayed,2200009
PROJ03859,CUS004778,DES058,C176,Villa,2024-08-22,2025-11-02,Completed,315384
PROJ03860,CUS001773,DES040,C132,Office,2024-12-09,2025-04-06,Planning,1685114
PROJ03861,CUS002666,DES097,C178,Kitchen,2024-07-21,2025-04-08,Design Phase,3783450
PROJ03862,CUS001726,DES021,C154,Villa,2024-07-04,2025-03-12,Installation,1359529
PROJ03863,CUS001662,DES058,C106,3BHK,2024-02-04,2025-02-12,Planning,1827738
PROJ03864,CUS002652,DES133,C008,Office,2024-05-23,2025-06-25,Planning,580382
PROJ03865,CUS001090,DES075,C233,3BHK,2024-09-19,2025-01-03,Completed,2946827
PROJ03866,CUS003814,DES148,C068,3BHK,2024-09-09,2025-06-22,Design Phase,1189382
PROJ03867,CUS000009,DES148,C076,Villa,2024-05-03,2025-12-16,Planning,4463259
PROJ03868,CUS004240,DES124,C147,Kitchen,2024-05-12,2025-10-07,completed,711977
PROJ03869,CUS002194,DES019,C153,Office,2024-02-24,2025-11-05,Installation,747160
PROJ03870,CUS002281,DES084,C133,Villa,24/01/2024,2025-11-17,Design Phase,767567
PROJ03871,CUS002572,DES099,C084,Kitchen,2024-05-02,2025-05-15,completed,1809325
PROJ03872,CUS003372,DES092,C230,3BHK,2024-06-04,2025-10-19,Delayed,4788322
PROJ03873,CUS002377,DES028,C227,3BHK,2024-03-10,2025-12-14,Planning,283226
PROJ03874,CUS000529,DES032,C039,Villa,2024-02-05,2025-02-28,Delayed,3681239
PROJ03875,CUS000194,DES008,C185,3BHK,2024-11-05,2025-07-22,Delayed,2526661
PROJ03876,CUS004952,DES038,C019,Kitchen,2024-09-15,2025-06-05,Completed,468316
PROJ03877,CUS002636,DES006,C203,Office,2024-02-16,2025-12-18,completed,4999369
PROJ03878,CUS004639,DES036,C103,3BHK,2024-05-11,2025-01-03,Planning,3296481
PROJ03879,CUS000786,DES052,C080,Kitchen,2024-09-02,2025-02-12,Delayed,4049064
PROJ03880,CUS004460,DES028,C146,3BHK,2024-11-10,2025-12-11,completed,286220
PROJ03881,CUS001449,DES116,C125,Office,2024-02-19,2025-01-04,Delayed,1896204
PROJ03882,CUS004677,DES074,C170,2BHK,2024-08-20,2025-10-01,Installation,4960527
PROJ03883,CUS003054,DES079,C143,Office,2024-12-17,2025-07-02,Design Phase,1331204
PROJ03884,CUS003289,DES125,C247,Villa,2024-10-01,2025-05-23,Delayed,3114666
PROJ03885,CUS001014,DES128,C061,Villa,2024-09-25,2025-10-12,Installation,4914856
PROJ03886,CUS001510,DES112,C172,2BHK,2024-03-19,2025-05-11,completed,2110580
PROJ03887,CUS004738,DES029,C018,Office,2024-03-13,2025-04-20,Completed,1970615
PROJ03888,CUS004801,DES093,C209,Kitchen,2024-02-27,2025-02-25,Delayed,2154431
PROJ03889,CUS000022,DES150,C210,Kitchen,2024-02-13,2025-02-14,Design Phase,675134
PROJ03890,CUS000363,DES056,C035,2BHK,2024-05-04,2025-07-10,completed,587942
PROJ03891,CUS001124,DES082,C189,Villa,2024-01-22,2025-09-19,Design Phase,2859994
PROJ03892,CUS003137,DES072,C097,Villa,2024-03-24,2025-02-12,Delayed,3818367
PROJ03893,CUS002068,DES039,C148,Office,2024-05-10,2025-11-11,completed,845567
PROJ03894,CUS004578,DES097,C047,3BHK,2024-11-14,,completed,2205636
PROJ03895,CUS000549,DES148,C161,Kitchen,2024-04-24,,Installation,4176975
PROJ03896,CUS002535,DES026,C130,2BHK,2024-03-13,2025-08-02,completed,465792
PROJ03897,CUS002226,DES123,C136,2BHK,2024-04-04,2025-07-27,Delayed,1736509
PROJ03898,CUS003921,DES129,C054,Office,2024-02-28,,Delayed,3623345
PROJ03899,CUS001313,DES005,C027,Office,2024-04-28,2025-10-02,Delayed,4479563
PROJ03900,CUS004234,DES028,C211,Kitchen,20/07/2024,2025-01-05,Planning,3433248
PROJ03901,CUS003253,DES141,C011,Kitchen,2024-10-01,,Planning,2124925
PROJ03902,CUS001705,DES009,C046,3BHK,2024-09-03,2025-06-08,Completed,906769
PROJ03903,CUS003285,DES041,C234,3BHK,2024-04-14,2025-03-05,Installation,4678873
PROJ03904,CUS003772,DES029,C010,2BHK,2024-08-01,2025-07-04,Planning,2385392
PROJ03905,CUS001193,DES124,C120,Villa,2024-02-10,2025-03-21,Installation,3759305
PROJ03906,CUS003502,DES142,C048,2BHK,2024-09-22,2025-07-10,Planning,3298461
PROJ03907,CUS000232,DES068,C011,2BHK,2024-08-09,2025-12-06,Installation,4919783
PROJ03908,CUS001427,DES110,C201,Villa,2024-06-16,2025-04-13,Installation,2651501
PROJ03909,CUS002939,DES045,C116,Office,2024-08-19,2025-01-27,completed,1121414
PROJ03910,CUS000358,DES116,C181,3BHK,2024-02-24,2025-06-03,Delayed,1555949
PROJ03911,CUS001778,DES094,C085,2BHK,2024-07-06,2025-11-01,Planning,4179775
PROJ03912,CUS003316,DES076,C248,Kitchen,2024-02-25,2025-06-24,Delayed,1189889
PROJ03913,CUS003712,DES046,C172,Villa,2024-01-22,2025-02-25,Planning,373552
PROJ03914,CUS004260,DES042,C136,2BHK,2024-08-20,2025-04-02,Design Phase,4392266
PROJ03915,CUS002267,DES143,C011,3BHK,2024-12-01,,Delayed,3595791
PROJ03916,CUS000581,DES004,C045,3BHK,2024-12-07,2025-06-26,completed,638711
PROJ03917,CUS002492,DES107,C176,Villa,2024-06-19,2025-04-08,completed,1380944
PROJ03918,CUS003836,DES137,C222,Kitchen,2024-09-18,2025-04-17,Completed,4741207
PROJ03919,CUS000843,DES137,C028,Kitchen,2024-08-17,2025-07-28,Installation,2702097
PROJ03920,CUS003947,DES023,C024,Kitchen,2024-09-28,2025-03-21,Planning,3629262
PROJ03921,CUS002813,DES052,C205,Villa,2024-01-18,2025-04-09,Planning,3168384
PROJ03922,CUS001496,DES099,C100,2BHK,2024-02-15,2025-11-06,completed,4524623
PROJ03923,CUS004172,DES009,C140,Office,2024-12-07,2025-01-21,Planning,2712658
PROJ03924,CUS001869,DES128,C240,3BHK,2024-12-02,2025-01-22,Installation,3864692
PROJ03925,CUS001888,DES028,C173,Villa,2024-04-25,2025-12-18,Planning,2393339
PROJ03926,CUS000179,DES106,C132,2BHK,2024-03-18,2025-01-28,Installation,3272123
PROJ03927,CUS001848,DES029,C154,2BHK,2024-07-20,2025-01-18,Completed,2110043
PROJ03928,CUS004173,DES104,C159,Kitchen,2024-05-10,2025-11-07,Delayed,4564367
PROJ03929,CUS002374,DES058,C194,3BHK,2024-10-17,2025-12-21,Design Phase,434303
PROJ03930,CUS001202,DES015,C032,3BHK,19/02/2024,2025-09-07,Installation,2155907
PROJ03931,CUS003155,DES099,C193,Office,2024-08-15,2025-05-22,Delayed,2735993
PROJ03932,CUS000809,DES029,C050,Office,2024-03-17,2025-07-18,Installation,1296549
PROJ03933,CUS000363,DES015,C071,Kitchen,2024-12-14,2025-02-07,Completed,1356872
PROJ03934,CUS002564,DES065,C194,Kitchen,2024-09-22,2025-02-27,Installation,2321214
PROJ03935,CUS001585,DES088,C106,2BHK,2024-03-20,2025-11-04,completed,909428
PROJ03936,CUS001357,DES111,C160,3BHK,2024-10-16,2025-05-22,Completed,3580382
PROJ03937,CUS004035,DES063,C081,2BHK,2024-11-13,2025-05-14,Planning,1982419
PROJ03938,CUS001865,DES004,C211,3BHK,2024-09-27,,Delayed,3779555
PROJ03939,CUS001634,DES026,C095,3BHK,2024-03-13,2025-03-07,completed,1509361
PROJ03940,CUS003853,DES048,C122,3BHK,2024-05-24,2025-05-23,Design Phase,4723994
PROJ03941,CUS004931,DES060,C005,Villa,2024-07-23,2025-09-12,Completed,791961
PROJ03942,CUS003479,DES125,C226,2BHK,2024-02-07,2025-08-20,Delayed,2678047
PROJ03943,CUS002898,DES079,C231,Office,2024-04-07,2025-06-23,completed,1399237
PROJ03944,CUS000350,DES097,C190,Office,2024-06-03,2025-02-02,Completed,4890896
PROJ03945,CUS004770,DES106,C196,Office,2024-03-10,,Planning,3663608
PROJ03946,CUS001625,DES093,C180,Villa,2024-11-25,2025-01-06,Planning,3804033
PROJ03947,CUS000144,DES072,C050,Office,2024-10-25,2025-05-12,Completed,2305328
PROJ03948,CUS001851,DES017,C185,Kitchen,2024-01-23,2025-10-28,Installation,852143
PROJ03949,CUS002367,DES138,C151,Kitchen,2024-10-06,,Completed,3736086
PROJ03950,CUS003816,DES061,C198,3BHK,2024-08-14,2025-04-02,Installation,588691
PROJ03951,CUS000999,DES131,C245,Office,2024-09-11,2025-01-28,completed,4004983
PROJ03952,CUS000560,DES039,C147,3BHK,2024-01-02,2025-06-22,Design Phase,1149280
PROJ03953,CUS003107,DES125,C071,Villa,2024-01-27,2025-11-19,Planning,3143428
PROJ03954,CUS002904,DES057,C214,2BHK,2024-05-07,2025-01-28,Completed,2010845
PROJ03955,CUS003430,DES039,C144,Kitchen,2024-04-22,2025-09-07,Design Phase,1455744
PROJ03956,CUS000582,DES105,C159,3BHK,2024-08-21,2025-12-21,Completed,4852972
PROJ03957,CUS000841,DES113,C119,Kitchen,2024-07-16,2025-12-21,Delayed,1359295
PROJ03958,CUS003402,DES022,C241,Villa,2024-02-11,2025-02-07,Installation,990727
PROJ03959,CUS001352,DES019,C070,2BHK,2024-03-02,2025-01-11,Delayed,4535336
PROJ03960,CUS000387,DES116,C057,Kitchen,02/03/2024,2025-08-19,completed,3499698
PROJ03961,CUS003840,DES101,C029,Office,2024-09-24,,Completed,3931944
PROJ03962,CUS000663,DES150,C072,Villa,2024-05-06,2025-01-18,completed,1603427
PROJ03963,CUS004072,DES060,C073,Office,2024-08-27,2025-10-05,Design Phase,4878800
PROJ03964,CUS001841,DES070,C170,3BHK,2024-04-12,2025-12-16,Installation,2849048
PROJ03965,CUS001427,DES144,C056,2BHK,2024-06-05,2025-12-02,completed,344769
PROJ03966,CUS004905,DES063,C190,3BHK,2024-06-17,2025-08-12,Installation,2661903
PROJ03967,CUS002524,DES050,C165,3BHK,2024-06-21,2025-04-24,Completed,3697499
PROJ03968,CUS000198,DES052,C041,Office,2024-08-21,2025-10-05,Planning,4114153
PROJ03969,CUS000199,DES017,C130,Villa,2024-04-08,2025-05-02,Installation,4150403
PROJ03970,CUS004242,DES143,C211,2BHK,2024-11-26,2025-01-13,Installation,1710611
PROJ03971,CUS000414,DES022,C069,Villa,2024-04-11,2025-01-14,Delayed,1374866
PROJ03972,CUS004549,DES064,C135,2BHK,2024-08-15,2025-07-02,Planning,4658652
PROJ03973,CUS003200,DES106,C171,2BHK,2024-09-10,2025-02-07,completed,3321553
PROJ03974,CUS001615,DES008,C223,3BHK,2024-09-11,2025-05-07,Completed,1943719
PROJ03975,CUS000959,DES150,C206,Kitchen,2024-05-23,2025-12-11,Installation,381981
PROJ03976,CUS004439,DES083,C190,Villa,2024-09-22,,Design Phase,1375222
PROJ03977,CUS004729,DES072,C018,Office,2024-03-20,,Planning,1040350
PROJ03978,CUS001570,DES123,C013,3BHK,2024-09-01,2025-02-08,Design Phase,4231571
PROJ03979,CUS004076,DES075,C084,3BHK,2024-08-01,2025-03-28,Delayed,585241
PROJ03980,CUS002579,DES072,C201,Office,2024-10-19,2025-05-28,completed,1487571
PROJ03981,CUS001481,DES060,C141,Villa,2024-10-27,2025-08-13,completed,1032168
PROJ03982,CUS000216,DES142,C218,2BHK,2024-06-26,2025-05-17,Delayed,3150915
PROJ03983,CUS003195,DES020,C209,Villa,2024-06-01,2025-03-23,Design Phase,4060629
PROJ03984,CUS002266,DES104,C154,3BHK,2024-11-11,2025-10-16,Planning,664381
PROJ03985,CUS003095,DES059,C242,Office,2024-10-14,2025-12-01,Installation,1159835
PROJ03986,CUS001195,DES127,C080,Kitchen,2024-02-19,2025-03-07,completed,2082461
PROJ03987,CUS003826,DES128,C158,Kitchen,2024-10-09,2025-09-20,completed,4012071
PROJ03988,CUS004523,DES116,C065,3BHK,2024-11-21,2025-02-15,completed,899692
PROJ03989,CUS004857,DES066,C057,2BHK,2024-09-23,2025-02-03,Installation,3040803
PROJ03990,CUS003629,DES111,C070,Kitchen,09/10/2024,2025-01-07,Delayed,4478673
PROJ03991,CUS000645,DES121,C146,3BHK,2024-10-21,2025-10-14,Installation,1559446
PROJ03992,CUS004983,DES115,C014,2BHK,2024-06-13,2025-08-20,completed,2479717
PROJ03993,CUS003787,DES127,C185,2BHK,2024-12-06,2025-09-18,Design Phase,1416020
PROJ03994,CUS002300,DES007,C230,Villa,2024-09-16,2025-04-15,Design Phase,1730173
PROJ03995,CUS002719,DES056,C248,3BHK,2024-08-12,2025-03-13,Delayed,1691204
PROJ03996,CUS003866,DES063,C104,Office,2024-05-26,2025-01-23,Planning,1266539
PROJ03997,CUS003902,DES059,C178,Villa,2024-06-15,2025-03-12,Delayed,2532434
PROJ03998,CUS002731,DES057,C224,Office,2024-06-02,2025-06-17,Delayed,4559146
PROJ03999,CUS002959,DES088,C014,Office,2024-05-02,2025-04-24,Design Phase,774467
PROJ04000,CUS003695,DES122,C231,3BHK,2024-02-18,2025-12-24,Completed,1988486
PROJ04001,CUS004880,DES049,C177,Villa,2024-12-01,2025-08-25,Installation,2632076
PROJ04002,CUS002426,DES047,C210,Kitchen,2024-11-03,,Completed,1062225
PROJ04003,CUS004459,DES114,C003,Office,2024-04-11,2025-07-16,Installation,2036934
PROJ04004,CUS004351,DES054,C196,2BHK,2024-03-23,2025-01-10,completed,566767
PROJ04005,CUS004015,DES142,C118,Office,2024-03-07,,Planning,3993370
PROJ04006,CUS004506,DES050,C016,2BHK,2024-09-16,2025-02-22,Planning,416830
PROJ04007,CUS004336,DES065,C113,2BHK,2024-03-13,,Design Phase,311516
PROJ04008,CUS001159,DES147,C232,Kitchen,2024-04-20,2025-04-19,Delayed,1554460
PROJ04009,CUS001904,DES041,C130,Office,2024-08-19,2025-01-06,completed,4111788
PROJ04010,CUS002768,DES130,C173,2BHK,2024-01-22,,completed,1120053
PROJ04011,CUS002912,DES106,C005,Kitchen,2024-03-08,,Completed,1089052
PROJ04012,CUS001128,DES109,C217,Villa,2024-04-24,2025-03-10,Delayed,2485897
PROJ04013,CUS001084,DES085,C011,Villa,2024-03-04,2025-12-07,Delayed,4925567
PROJ04014,CUS000992,DES045,C126,Office,2024-06-28,2025-11-05,Installation,2660014
PROJ04015,CUS003374,DES102,C022,Kitchen,2024-07-21,2025-02-11,Completed,3312466
PROJ04016,CUS001796,DES122,C029,2BHK,2024-12-06,2025-06-02,Installation,4123214
PROJ04017,CUS000373,DES147,C097,3BHK,2024-02-11,2025-01-08,Design Phase,1850711
PROJ04018,CUS004513,DES108,C152,Kitchen,2024-11-28,2025-07-03,Planning,3431468
PROJ04019,CUS002510,DES035,C237,3BHK,2024-05-06,2025-04-26,Installation,3837193
PROJ04020,CUS003574,DES008,C108,Office,10/04/2024,2025-01-26,completed,1238904
PROJ04021,CUS002127,DES127,C117,Villa,2024-04-10,2025-07-28,Planning,639002
PROJ04022,CUS000465,DES032,C095,2BHK,2024-04-20,2025-01-15,Completed,1195753
PROJ04023,CUS004100,DES145,C097,Kitchen,2024-09-21,2025-09-04,Design Phase,3495019
PROJ04024,CUS004009,DES073,C062,Kitchen,2024-06-07,2025-07-24,Planning,4908803
PROJ04025,CUS001791,DES029,C143,Office,2024-07-23,2025-06-04,Planning,252060
PROJ04026,CUS000955,DES040,C216,Kitchen,2024-07-24,2025-01-19,Installation,3781778
PROJ04027,CUS000019,DES129,C043,Kitchen,2024-09-15,2025-08-13,Installation,1225255
PROJ04028,CUS003754,DES148,C074,Office,2024-01-05,2025-12-23,Delayed,2472064
PROJ04029,CUS001206,DES080,C079,3BHK,2024-10-09,2025-04-02,Design Phase,2317700
PROJ04030,CUS001246,DES116,C157,Office,2024-06-03,2025-04-16,Completed,873141
PROJ04031,CUS000213,DES122,C105,2BHK,2024-02-27,2025-11-02,completed,2227610
PROJ04032,CUS001438,DES094,C143,Office,2024-11-02,2025-07-09,Delayed,3539370
PROJ04033,CUS001275,DES125,C183,Kitchen,2024-03-17,2025-09-28,Delayed,651798
PROJ04034,CUS004564,DES074,C122,Office,2024-11-14,2025-01-12,Completed,2826353
PROJ04035,CUS001148,DES068,C153,2BHK,2024-06-16,2025-03-05,Delayed,4192563
PROJ04036,CUS003123,DES083,C235,2BHK,2024-02-07,2025-01-09,Design Phase,3244622
PROJ04037,CUS003881,DES027,C022,Villa,2024-11-12,2025-11-10,Installation,4765437
PROJ04038,CUS004167,DES112,C080,2BHK,2024-09-07,2025-04-03,Completed,3574986
PROJ04039,CUS002627,DES131,C020,2BHK,2024-01-19,2025-01-28,Completed,4797163
PROJ04040,CUS001295,DES043,C123,2BHK,2024-12-10,2025-05-04,Planning,1583801
PROJ04041,CUS000692,DES029,C213,Villa,2024-07-20,2025-08-14,Design Phase,1844789
PROJ04042,CUS003753,DES116,C148,Villa,2024-03-20,2025-12-06,Completed,4170643
PROJ04043,CUS000770,DES059,C130,Office,2024-12-01,2025-12-06,Completed,2952991
PROJ04044,CUS004093,DES049,C052,2BHK,2024-05-14,2025-04-02,Installation,4810165
PROJ04045,CUS002986,DES113,C198,2BHK,2024-01-08,2025-03-03,Planning,478642
PROJ04046,CUS001929,DES125,C188,3BHK,2024-09-19,2025-01-09,completed,1089215
PROJ04047,CUS001399,DES075,C158,2BHK,2024-02-22,,Installation,2214762
PROJ04048,CUS000883,DES078,C080,2BHK,2024-05-23,2025-07-13,Installation,2893828
PROJ04049,CUS001837,DES134,C015,2BHK,2024-05-08,2025-10-24,completed,4905726
PROJ04050,CUS003120,DES115,C081,3BHK,12/12/2024,2025-04-01,completed,1433837
PROJ04051,CUS001398,DES104,C020,Office,2024-06-13,,Installation,1794645
PROJ04052,CUS004802,DES110,C002,3BHK,2024-01-10,,Planning,1784147
PROJ04053,CUS002401,DES015,C120,Villa,2024-04-16,2025-01-10,Installation,1670756
PROJ04054,CUS001206,DES061,C031,Kitchen,2024-07-14,2025-05-07,completed,3342754
PROJ04055,CUS003742,DES055,C087,Kitchen,2024-01-28,,Planning,2730453
PROJ04056,CUS001049,DES067,C195,Kitchen,2024-10-17,2025-08-12,Planning,2228498
PROJ04057,CUS004394,DES046,C100,Office,2024-10-02,,Design Phase,3903593
PROJ04058,CUS003190,DES099,C202,Kitchen,2024-07-17,2025-08-18,Design Phase,4762550
PROJ04059,CUS003542,DES069,C203,3BHK,2024-04-21,2025-12-02,Delayed,641495
PROJ04060,CUS004400,DES002,C102,Kitchen,2024-01-15,2025-03-09,Completed,1856760
PROJ04061,CUS004669,DES011,C228,2BHK,2024-04-13,2025-05-24,Design Phase,2430618
PROJ04062,CUS001179,DES114,C008,2BHK,2024-10-04,2025-05-03,Design Phase,1160322
PROJ04063,CUS000524,DES104,C079,2BHK,2024-05-11,2025-11-12,completed,897119
PROJ04064,CUS004858,DES029,C031,Office,2024-06-11,2025-03-21,Delayed,4864724
PROJ04065,CUS002874,DES092,C132,Villa,2024-04-03,2025-03-13,Delayed,4092948
PROJ04066,CUS000720,DES061,C162,Kitchen,2024-01-04,2025-11-09,Completed,3758792
PROJ04067,CUS002463,DES101,C155,Office,2024-06-13,2025-04-10,Delayed,4095536
PROJ04068,CUS004980,DES018,C118,3BHK,2024-09-22,2025-12-25,Installation,2467738
PROJ04069,CUS001086,DES045,C157,2BHK,2024-03-08,,Installation,2037576
PROJ04070,CUS003774,DES027,C001,3BHK,2024-12-08,2025-01-19,Delayed,3475277
PROJ04071,CUS003692,DES101,C114,Kitchen,2024-06-26,,completed,2932916
PROJ04072,CUS003006,DES113,C232,2BHK,2024-08-26,2025-12-23,Design Phase,3436390
PROJ04073,CUS001271,DES061,C038,Kitchen,2024-06-15,2025-07-07,Completed,3660584
PROJ04074,CUS004994,DES018,C005,Kitchen,2024-10-17,2025-07-26,Planning,2451297
PROJ04075,CUS002570,DES069,C023,Office,2024-06-02,2025-06-13,Completed,3642610
PROJ04076,CUS003769,DES013,C112,2BHK,2024-09-09,2025-04-20,Delayed,1591388
PROJ04077,CUS001211,DES041,C003,2BHK,2024-12-24,2025-05-04,Delayed,4044971
PROJ04078,CUS001451,DES003,C157,Villa,2024-11-26,2025-11-12,Planning,4342484
PROJ04079,CUS004963,DES007,C207,3BHK,2024-11-07,2025-09-08,Completed,1117258
PROJ04080,CUS004945,DES013,C063,Office,14/10/2024,2025-05-20,Planning,2985978
PROJ04081,CUS002584,DES147,C234,2BHK,2024-11-26,2025-02-24,Completed,4848249
PROJ04082,CUS004166,DES049,C083,Office,2024-01-05,2025-03-27,Delayed,3247916
PROJ04083,CUS003619,DES115,C081,Office,2024-04-18,2025-04-09,Planning,2156960
PROJ04084,CUS003337,DES010,C048,3BHK,2024-07-23,2025-01-22,completed,4348271
PROJ04085,CUS004451,DES144,C084,Kitchen,2024-12-23,2025-04-16,Delayed,1958054
PROJ04086,CUS004543,DES002,C226,Villa,2024-08-28,2025-08-24,Planning,739247
PROJ04087,CUS004609,DES078,C034,3BHK,2024-02-26,2025-11-19,Planning,689440
PROJ04088,CUS003277,DES049,C249,Villa,2024-09-08,2025-09-14,Design Phase,4506503
PROJ04089,CUS000076,DES119,C218,Office,2024-01-23,2025-06-04,Planning,2151136
PROJ04090,CUS001382,DES035,C216,2BHK,2024-11-19,2025-05-23,Planning,3324725
PROJ04091,CUS003607,DES143,C151,Kitchen,2024-07-17,2025-10-02,Design Phase,3184130
PROJ04092,CUS000598,DES070,C016,2BHK,2024-05-11,2025-12-01,Planning,3947739
PROJ04093,CUS003599,DES024,C170,Villa,2024-08-22,2025-12-17,Delayed,641043
PROJ04094,CUS003121,DES099,C010,Office,2024-05-02,2025-12-20,Delayed,311884
PROJ04095,CUS002751,DES015,C005,3BHK,2024-11-21,2025-11-22,Planning,2234230
PROJ04096,CUS001988,DES001,C069,2BHK,2024-10-04,,Installation,920283
PROJ04097,CUS003655,DES090,C141,Office,2024-12-18,2025-04-16,Completed,4081789
PROJ04098,CUS002857,DES008,C143,Villa,2024-02-16,,Delayed,4020971
PROJ04099,CUS000182,DES135,C012,Kitchen,2024-09-18,2025-11-06,Delayed,3879405
PROJ04100,CUS001819,DES039,C175,2BHK,2024-10-03,2025-01-23,Planning,2822723
PROJ04101,CUS001606,DES148,C086,Villa,2024-05-10,2025-05-03,Installation,3848015
PROJ04102,CUS000282,DES034,C074,Office,2024-12-16,2025-03-13,Installation,811319
PROJ04103,CUS003337,DES084,C055,Villa,2024-12-28,2025-11-13,Design Phase,498457
PROJ04104,CUS001623,DES101,C172,3BHK,2024-07-16,2025-03-27,Design Phase,3746363
PROJ04105,CUS002567,DES081,C200,3BHK,2024-08-26,2025-12-01,completed,1450367
PROJ04106,CUS000628,DES110,C041,3BHK,2024-12-24,2025-07-15,Completed,2183495
PROJ04107,CUS003431,DES142,C110,3BHK,2024-02-09,,Delayed,1810078
PROJ04108,CUS001473,DES043,C230,2BHK,2024-10-15,,Design Phase,3377216
PROJ04109,CUS003038,DES053,C003,3BHK,2024-04-07,2025-09-11,completed,644911
PROJ04110,CUS002161,DES051,C112,2BHK,02/09/2024,,completed,1311811
PROJ04111,CUS000148,DES036,C117,Office,2024-06-03,,Completed,3226985
PROJ04112,CUS003228,DES091,C118,2BHK,2024-08-20,2025-01-09,Design Phase,2804999
PROJ04113,CUS000066,DES134,C121,2BHK,2024-12-11,2025-02-13,Installation,1522424
PROJ04114,CUS004787,DES035,C012,Kitchen,2024-06-02,2025-07-24,Completed,4257487
PROJ04115,CUS003399,DES131,C029,Villa,2024-11-04,,Completed,1059141
PROJ04116,CUS002197,DES141,C144,2BHK,2024-08-22,2025-01-12,Installation,1239119
PROJ04117,CUS000311,DES127,C089,3BHK,2024-11-01,2025-10-12,completed,2828300
PROJ04118,CUS000961,DES089,C234,3BHK,2024-06-10,2025-07-02,Completed,893457
PROJ04119,CUS001622,DES038,C094,Villa,2024-05-22,2025-12-02,completed,4683398
PROJ04120,CUS000783,DES087,C060,3BHK,2024-09-08,2025-06-15,Planning,3139757
PROJ04121,CUS004538,DES030,C232,3BHK,2024-05-15,2025-07-11,Completed,3345454
PROJ04122,CUS004107,DES032,C169,Kitchen,2024-04-19,2025-08-03,Planning,4060880
PROJ04123,CUS000018,DES088,C223,Kitchen,2024-10-25,,Completed,3447843
PROJ04124,CUS002979,DES064,C105,3BHK,2024-08-08,2025-12-26,completed,4275720
PROJ04125,CUS002684,DES134,C133,2BHK,2024-09-16,2025-06-15,Installation,570966
PROJ04126,CUS002395,DES006,C007,Kitchen,2024-01-22,2025-07-26,Installation,2721542
PROJ04127,CUS002129,DES124,C224,Villa,2024-08-05,2025-06-05,completed,3948643
PROJ04128,CUS001700,DES137,C037,3BHK,2024-07-05,2025-06-18,Planning,4805032
PROJ04129,CUS003406,DES007,C015,Kitchen,2024-06-01,2025-09-20,Planning,625495
PROJ04130,CUS004971,DES111,C145,Villa,2024-07-19,,Planning,2944991
PROJ04131,CUS003724,DES021,C094,Office,2024-01-13,2025-10-07,Installation,1307097
PROJ04132,CUS001559,DES138,C125,Office,2024-12-20,2025-03-03,Installation,3637122
PROJ04133,CUS002126,DES095,C081,Office,2024-06-02,2025-07-15,Delayed,3999977
PROJ04134,CUS002824,DES036,C025,Villa,2024-07-20,,Design Phase,3063318
PROJ04135,CUS004301,DES126,C041,2BHK,2024-12-01,,Completed,4734550
PROJ04136,CUS004144,DES028,C016,Kitchen,2024-05-02,2025-12-24,Delayed,3646378
PROJ04137,CUS004783,DES026,C105,Office,2024-10-09,2025-10-09,Planning,251951
PROJ04138,CUS000640,DES072,C142,3BHK,2024-05-26,,Installation,1736134
PROJ04139,CUS004957,DES041,C005,Office,2024-02-15,2025-11-19,Design Phase,1113351
PROJ04140,CUS004379,DES140,C203,Kitchen,26/01/2024,2025-10-13,Delayed,4256941
PROJ04141,CUS002498,DES096,C206,3BHK,2024-10-19,2025-03-21,Planning,1597624
PROJ04142,CUS002403,DES094,C048,Villa,2024-05-15,,Design Phase,697397
PROJ04143,CUS004602,DES147,C020,2BHK,2024-02-19,2025-04-23,Delayed,4576097
PROJ04144,CUS000038,DES077,C159,Kitchen,2024-02-19,2025-06-14,Completed,4189542
PROJ04145,CUS002400,DES083,C232,Kitchen,2024-01-08,2025-11-27,completed,1142166
PROJ04146,CUS001813,DES077,C128,3BHK,2024-02-23,2025-10-07,Design Phase,2474508
PROJ04147,CUS002605,DES002,C044,2BHK,2024-01-10,,Design Phase,3182736
PROJ04148,CUS004409,DES074,C206,Office,2024-01-04,2025-03-14,Completed,4769546
PROJ04149,CUS000939,DES059,C176,3BHK,2024-01-12,2025-05-22,Installation,1994944
PROJ04150,CUS004134,DES077,C070,3BHK,2024-08-10,,Planning,2462970
PROJ04151,CUS003846,DES002,C224,Villa,2024-10-20,2025-09-09,Delayed,4581488
PROJ04152,CUS000085,DES059,C061,Kitchen,2024-10-25,2025-01-14,Completed,2393546
PROJ04153,CUS000132,DES106,C244,2BHK,2024-10-22,2025-01-06,Installation,2787103
PROJ04154,CUS003877,DES107,C194,Kitchen,2024-05-11,2025-04-12,completed,3114063
PROJ04155,CUS002753,DES119,C073,Villa,2024-05-07,2025-06-09,Completed,4372640
PROJ04156,CUS003466,DES051,C189,Office,2024-09-04,2025-05-24,Planning,3011057
PROJ04157,CUS001196,DES071,C010,Villa,2024-06-07,2025-10-21,Planning,283829
PROJ04158,CUS001337,DES035,C116,2BHK,2024-01-08,2025-11-26,Delayed,4439975
PROJ04159,CUS004681,DES100,C168,Villa,2024-10-25,2025-04-09,completed,211809
PROJ04160,CUS000604,DES023,C119,2BHK,2024-05-12,,Delayed,3702754
PROJ04161,CUS003823,DES127,C183,Kitchen,2024-09-01,2025-04-07,completed,4434100
PROJ04162,CUS001247,DES145,C009,Villa,2024-06-01,2025-11-13,Planning,3667963
PROJ04163,CUS002165,DES099,C196,2BHK,2024-02-21,2025-03-08,Design Phase,2870413
PROJ04164,CUS001579,DES010,C103,Villa,2024-04-10,2025-09-28,Planning,3901037
PROJ04165,CUS000927,DES091,C124,2BHK,2024-05-05,2025-11-04,Planning,3110692
PROJ04166,CUS002557,DES020,C011,3BHK,2024-04-17,2025-01-08,Delayed,4886892
PROJ04167,CUS001124,DES098,C239,Office,2024-11-09,2025-01-21,Design Phase,2749884
PROJ04168,CUS004203,DES038,C173,Kitchen,2024-06-16,2025-05-14,Installation,213383
PROJ04169,CUS003362,DES016,C202,3BHK,2024-06-15,2025-11-13,completed,3337588
PROJ04170,CUS001574,DES030,C116,Kitchen,05/09/2024,2025-07-13,Delayed,3073012
PROJ04171,CUS004520,DES137,C133,Office,2024-08-02,2025-08-17,completed,2070521
PROJ04172,CUS000181,DES006,C096,Villa,2024-02-19,2025-02-08,completed,2988024
PROJ04173,CUS003941,DES138,C127,2BHK,2024-01-14,,Completed,4801042
PROJ04174,CUS000215,DES009,C156,Villa,2024-05-19,2025-11-24,Delayed,923335
PROJ04175,CUS001050,DES058,C108,Office,2024-06-01,2025-01-12,Installation,4630135
PROJ04176,CUS004522,DES029,C126,Kitchen,2024-12-27,2025-06-03,Design Phase,3522416
PROJ04177,CUS000631,DES053,C042,Kitchen,2024-07-28,2025-05-04,completed,4383989
PROJ04178,CUS004789,DES134,C032,2BHK,2024-11-06,,Completed,1120380
PROJ04179,CUS000663,DES088,C205,Office,2024-05-08,,Design Phase,2060519
PROJ04180,CUS000448,DES108,C225,Villa,2024-04-06,2025-11-28,Delayed,253157
PROJ04181,CUS000138,DES003,C146,Office,2024-11-10,2025-01-04,Installation,4083142
PROJ04182,CUS003318,DES136,C232,Villa,2024-08-08,2025-11-19,Delayed,1498688
PROJ04183,CUS004053,DES046,C053,Kitchen,2024-01-09,2025-09-23,Delayed,539077
PROJ04184,CUS001213,DES042,C213,Kitchen,2024-03-12,2025-04-08,Completed,743840
PROJ04185,CUS000506,DES062,C178,3BHK,2024-01-26,2025-02-25,Completed,1801934
PROJ04186,CUS001710,DES130,C196,2BHK,2024-02-09,2025-01-11,Design Phase,1646562
PROJ04187,CUS002499,DES081,C178,Villa,2024-09-18,2025-11-15,Planning,2000252
PROJ04188,CUS002820,DES134,C205,2BHK,2024-06-16,2025-01-24,Design Phase,4573798
PROJ04189,CUS004594,DES001,C140,2BHK,2024-10-20,2025-07-14,Delayed,1473968
PROJ04190,CUS001610,DES083,C115,Kitchen,2024-04-13,2025-06-07,Planning,1710926
PROJ04191,CUS001297,DES107,C203,Kitchen,2024-06-14,2025-01-14,Completed,3073855
PROJ04192,CUS001548,DES104,C054,Kitchen,2024-06-26,2025-03-07,Planning,1142414
PROJ04193,CUS001920,DES142,C159,2BHK,2024-05-10,,Completed,3453786
PROJ04194,CUS000342,DES114,C002,Office,2024-09-07,,completed,3628614
PROJ04195,CUS002219,DES134,C167,Office,2024-10-09,2025-10-19,Installation,3707984
PROJ04196,CUS000999,DES148,C133,Villa,2024-04-08,2025-04-25,completed,1500131
PROJ04197,CUS001112,DES033,C138,Villa,2024-06-15,,Installation,1359522
PROJ04198,CUS001306,DES136,C118,Kitchen,2024-01-04,2025-02-09,Planning,3806285
PROJ04199,CUS001855,DES027,C097,Villa,2024-10-16,2025-01-21,Installation,2355330
PROJ04200,CUS000050,DES117,C068,3BHK,06/10/2024,2025-11-21,Installation,1855913
PROJ04201,CUS001207,DES016,C122,Kitchen,2024-03-15,2025-07-24,Design Phase,2994894
PROJ04202,CUS000673,DES065,C232,Villa,2024-12-12,2025-09-18,Delayed,4729044
PROJ04203,CUS001822,DES063,C045,Kitchen,2024-11-23,2025-10-11,Installation,3203732
PROJ04204,CUS003593,DES072,C053,2BHK,2024-03-04,2025-01-22,Completed,3378083
PROJ04205,CUS000118,DES149,C116,Office,2024-08-07,,Delayed,3761803
PROJ04206,CUS002903,DES073,C233,2BHK,2024-09-15,2025-06-19,Design Phase,4817843
PROJ04207,CUS000242,DES112,C076,Villa,2024-10-23,2025-08-07,completed,3914335
PROJ04208,CUS003287,DES086,C124,3BHK,2024-03-09,,Installation,4723672
PROJ04209,CUS004772,DES102,C055,Office,2024-04-26,2025-07-24,Completed,2835731
PROJ04210,CUS001858,DES014,C201,Kitchen,2024-10-17,2025-03-08,Planning,3166685
PROJ04211,CUS003832,DES129,C076,Villa,2024-06-21,2025-11-01,Completed,459683
PROJ04212,CUS001191,DES103,C218,Kitchen,2024-07-20,2025-11-12,Planning,313392
PROJ04213,CUS000382,DES024,C167,Office,2024-05-21,2025-12-09,Completed,3159260
PROJ04214,CUS000154,DES062,C142,Kitchen,2024-10-08,,Delayed,1063575
PROJ04215,CUS004650,DES117,C234,Kitchen,2024-12-15,,Installation,4253000
PROJ04216,CUS002266,DES150,C067,2BHK,2024-05-05,2025-06-21,Planning,2626425
PROJ04217,CUS002320,DES125,C086,3BHK,2024-06-21,2025-06-21,Planning,2531163
PROJ04218,CUS002137,DES002,C024,Office,2024-01-04,2025-03-21,Planning,1310264
PROJ04219,CUS003938,DES137,C037,Villa,2024-01-07,2025-04-18,Installation,1970778
PROJ04220,CUS003385,DES077,C083,Villa,2024-06-05,2025-03-17,Installation,3663969
PROJ04221,CUS003679,DES113,C077,2BHK,2024-06-23,2025-05-13,Installation,4482862
PROJ04222,CUS002824,DES012,C089,Kitchen,2024-03-26,2025-11-09,Completed,249291
PROJ04223,CUS000082,DES032,C020,Kitchen,2024-08-27,,completed,2485116
PROJ04224,CUS001725,DES126,C028,Villa,2024-11-27,2025-06-19,completed,4179827
PROJ04225,CUS000982,DES003,C229,Kitchen,2024-07-19,2025-06-14,Completed,4352526
PROJ04226,CUS004884,DES079,C074,Kitchen,2024-12-02,2025-07-24,Delayed,4002660
PROJ04227,CUS002671,DES022,C132,2BHK,2024-02-09,2025-07-10,completed,3603066
PROJ04228,CUS003911,DES143,C192,3BHK,2024-08-08,2025-09-26,Installation,3354881
PROJ04229,CUS004171,DES055,C228,Villa,2024-09-04,2025-04-02,completed,4427741
PROJ04230,CUS004960,DES016,C088,2BHK,06/11/2024,2025-01-27,Planning,4615550
PROJ04231,CUS004566,DES029,C025,3BHK,2024-09-13,2025-11-15,completed,2683214
PROJ04232,CUS001836,DES076,C035,3BHK,2024-01-01,2025-04-28,Planning,3920556
PROJ04233,CUS003245,DES130,C059,2BHK,2024-10-18,,Delayed,2662255
PROJ04234,CUS002584,DES079,C209,Office,2024-11-09,2025-01-25,Completed,4133879
PROJ04235,CUS003955,DES086,C109,3BHK,2024-04-09,2025-11-09,completed,3350232
PROJ04236,CUS004411,DES132,C079,3BHK,2024-06-06,,completed,252218
PROJ04237,CUS001711,DES025,C006,Kitchen,2024-04-15,2025-02-18,Design Phase,4846501
PROJ04238,CUS001876,DES100,C208,Office,2024-02-15,2025-02-13,Planning,3847298
PROJ04239,CUS001179,DES004,C059,Villa,2024-07-08,2025-03-15,Planning,2065953
PROJ04240,CUS000469,DES003,C076,Villa,2024-08-26,2025-09-06,Installation,4043996
PROJ04241,CUS004402,DES034,C090,3BHK,2024-04-05,,Installation,1974637
PROJ04242,CUS000669,DES098,C036,Kitchen,2024-01-24,2025-09-20,completed,2280790
PROJ04243,CUS000872,DES015,C115,Office,2024-03-03,2025-11-11,Completed,3885665
PROJ04244,CUS000915,DES006,C100,3BHK,2024-07-11,2025-03-10,Design Phase,2498290
PROJ04245,CUS000015,DES062,C030,3BHK,2024-10-13,2025-06-02,completed,4873078
PROJ04246,CUS003537,DES101,C220,2BHK,2024-02-06,,Planning,4035080
PROJ04247,CUS002167,DES123,C127,Kitchen,2024-03-21,,Completed,4683064
PROJ04248,CUS000423,DES144,C062,Villa,2024-07-21,2025-06-08,Planning,3338959
PROJ04249,CUS002705,DES088,C248,2BHK,2024-07-10,2025-03-02,Delayed,4294949
PROJ04250,CUS004449,DES123,C208,2BHK,2024-04-17,,completed,2400966
PROJ04251,CUS004604,DES019,C230,Kitchen,2024-10-11,,Completed,558094
PROJ04252,CUS004181,DES059,C148,3BHK,2024-04-02,,Planning,4248895
PROJ04253,CUS000531,DES020,C135,2BHK,2024-03-28,,Delayed,3492277
PROJ04254,CUS002652,DES141,C202,Villa,2024-02-24,,Installation,3364309
PROJ04255,CUS000865,DES030,C157,Villa,2024-09-04,,Installation,1500907
PROJ04256,CUS000396,DES032,C227,2BHK,2024-06-23,2025-09-01,completed,3841402
PROJ04257,CUS001857,DES037,C074,Villa,2024-05-10,2025-10-19,Installation,4003606
PROJ04258,CUS003944,DES097,C083,Villa,2024-07-24,2025-06-24,Planning,736353
PROJ04259,CUS004545,DES093,C065,3BHK,2024-08-19,2025-05-05,completed,2355237
PROJ04260,CUS000576,DES040,C224,Office,08/04/2024,2025-05-01,Planning,1315444
PROJ04261,CUS001134,DES070,C234,Office,2024-09-25,2025-01-24,Completed,3263380
PROJ04262,CUS003365,DES001,C019,2BHK,2024-12-09,,Planning,1246095
PROJ04263,CUS002487,DES122,C118,Kitchen,2024-04-07,2025-04-28,Completed,1918092
PROJ04264,CUS001600,DES110,C184,Kitchen,2024-02-15,2025-03-03,Installation,3595979
PROJ04265,CUS001621,DES123,C088,2BHK,2024-10-15,2025-02-05,Installation,432343
PROJ04266,CUS003358,DES015,C116,Office,2024-10-04,2025-10-01,Planning,4856694
PROJ04267,CUS001915,DES063,C172,Villa,2024-01-25,2025-07-07,Planning,3382875
PROJ04268,CUS001365,DES078,C234,Office,2024-08-15,,Installation,274230
PROJ04269,CUS000709,DES017,C115,Office,2024-11-27,2025-06-14,Delayed,995765
PROJ04270,CUS000074,DES148,C221,Office,2024-06-11,2025-05-03,Delayed,2134202
PROJ04271,CUS003820,DES114,C067,Office,2024-11-25,,Planning,424509
PROJ04272,CUS002560,DES077,C124,Kitchen,2024-08-17,2025-01-06,Delayed,4653932
PROJ04273,CUS001719,DES098,C027,2BHK,2024-07-19,,Completed,2049483
PROJ04274,CUS002622,DES040,C013,Villa,2024-06-08,2025-12-21,Installation,305423
PROJ04275,CUS002733,DES074,C154,3BHK,2024-10-08,2025-08-25,Completed,1686039
PROJ04276,CUS002913,DES032,C206,2BHK,2024-03-13,2025-10-14,Installation,2425775
PROJ04277,CUS003119,DES105,C190,3BHK,2024-10-01,2025-12-13,Design Phase,3185137
PROJ04278,CUS003874,DES039,C065,2BHK,2024-02-28,2025-02-18,Design Phase,1636725
PROJ04279,CUS003893,DES029,C060,3BHK,2024-09-08,2025-06-09,Delayed,2348083
PROJ04280,CUS001107,DES051,C159,2BHK,2024-10-06,2025-02-04,Planning,3303960
PROJ04281,CUS004512,DES072,C082,Kitchen,2024-02-18,2025-12-13,Completed,748883
PROJ04282,CUS000585,DES043,C056,2BHK,2024-04-18,2025-06-04,Installation,3500689
PROJ04283,CUS004579,DES111,C037,Kitchen,2024-12-24,2025-10-24,Completed,1412868
PROJ04284,CUS004265,DES062,C143,2BHK,2024-06-11,2025-06-20,Planning,315012
PROJ04285,CUS001613,DES045,C209,Office,2024-01-11,2025-03-23,Installation,4909600
PROJ04286,CUS001015,DES011,C072,Office,2024-05-20,2025-03-14,Design Phase,2677727
PROJ04287,CUS004736,DES141,C169,Office,2024-12-17,2025-05-17,Delayed,1300935
PROJ04288,CUS004156,DES006,C055,3BHK,2024-10-03,2025-08-13,Completed,1534737
PROJ04289,CUS001759,DES064,C201,Kitchen,2024-02-22,2025-12-02,completed,824837
PROJ04290,CUS000925,DES126,C085,Office,11/03/2024,,Design Phase,2012392
PROJ04291,CUS003739,DES105,C031,Office,2024-05-20,2025-09-19,Completed,1032344
PROJ04292,CUS002093,DES044,C049,Office,2024-01-13,2025-11-06,Design Phase,953112
PROJ04293,CUS000112,DES077,C057,Villa,2024-04-08,2025-09-08,Completed,666460
PROJ04294,CUS003849,DES150,C217,3BHK,2024-01-08,2025-02-12,Design Phase,3330952
PROJ04295,CUS001440,DES004,C123,2BHK,2024-12-16,2025-07-27,Delayed,4584586
PROJ04296,CUS002155,DES121,C034,Villa,2024-04-07,2025-05-24,Completed,772538
PROJ04297,CUS003808,DES025,C139,Villa,2024-02-26,2025-11-20,Completed,4775014
PROJ04298,CUS001464,DES104,C157,Kitchen,2024-12-09,2025-07-18,completed,3498802
PROJ04299,CUS000372,DES139,C158,Kitchen,2024-09-27,2025-02-24,Installation,2770606
PROJ04300,CUS004975,DES002,C179,3BHK,2024-10-28,2025-04-15,Design Phase,4422499
PROJ04301,CUS000298,DES003,C110,3BHK,2024-09-14,2025-04-25,Delayed,3008370
PROJ04302,CUS001775,DES112,C089,Kitchen,2024-10-07,2025-01-23,Installation,4803347
PROJ04303,CUS004828,DES149,C217,Office,2024-12-03,2025-01-02,Delayed,4509359
PROJ04304,CUS002636,DES073,C219,Office,2024-07-05,2025-11-26,Delayed,2868867
PROJ04305,CUS002113,DES147,C095,Villa,2024-03-25,2025-10-14,Planning,3198812
PROJ04306,CUS002593,DES048,C155,2BHK,2024-12-17,,Planning,3060237
PROJ04307,CUS004574,DES088,C193,Kitchen,2024-10-20,2025-11-28,Delayed,4933662
PROJ04308,CUS004187,DES086,C059,2BHK,2024-07-18,2025-07-26,Planning,1209254
PROJ04309,CUS003642,DES031,C163,2BHK,2024-08-23,2025-08-06,Completed,677988
PROJ04310,CUS002416,DES026,C005,2BHK,2024-07-17,2025-02-08,Planning,2153337
PROJ04311,CUS001455,DES050,C183,Office,2024-05-06,2025-08-19,Delayed,2866628
PROJ04312,CUS000505,DES067,C156,3BHK,2024-05-16,2025-12-05,Planning,459705
PROJ04313,CUS001152,DES004,C201,Kitchen,2024-05-08,,Completed,668357
PROJ04314,CUS003147,DES122,C073,2BHK,2024-11-09,2025-10-08,Completed,4890800
PROJ04315,CUS003170,DES001,C072,Villa,2024-11-19,2025-09-13,Delayed,1689027
PROJ04316,CUS001376,DES073,C013,Villa,2024-01-27,,Design Phase,4303790
PROJ04317,CUS003198,DES049,C075,Villa,2024-08-01,2025-12-11,Delayed,3312490
PROJ04318,CUS004875,DES062,C213,3BHK,2024-07-04,2025-03-05,completed,3026027
PROJ04319,CUS000758,DES079,C175,3BHK,2024-08-15,2025-04-21,Design Phase,4654098
PROJ04320,CUS003736,DES071,C081,Kitchen,20/05/2024,,Completed,2664688
PROJ04321,CUS001296,DES039,C188,Villa,2024-07-19,,Installation,1601391
PROJ04322,CUS001260,DES024,C170,Villa,2024-12-08,2025-11-24,Planning,2359048
PROJ04323,CUS003375,DES067,C104,3BHK,2024-02-23,2025-11-27,Delayed,1856047
PROJ04324,CUS003973,DES019,C116,3BHK,2024-06-07,,Planning,3078064
PROJ04325,CUS000424,DES051,C081,3BHK,2024-04-01,2025-10-27,Installation,1683473
PROJ04326,CUS003490,DES018,C214,2BHK,2024-11-05,2025-07-08,Installation,1025168
PROJ04327,CUS002642,DES032,C057,Kitchen,2024-07-03,2025-10-22,Completed,3533272
PROJ04328,CUS004301,DES054,C094,Villa,2024-10-19,2025-12-25,completed,1480514
PROJ04329,CUS002177,DES099,C076,2BHK,2024-11-05,2025-09-03,Design Phase,3039906
PROJ04330,CUS000937,DES021,C001,Villa,2024-09-07,2025-10-21,Design Phase,4308507
PROJ04331,CUS002512,DES102,C017,2BHK,2024-07-04,2025-10-08,Planning,4745350
PROJ04332,CUS002237,DES118,C244,3BHK,2024-01-08,2025-10-08,Delayed,3378862
PROJ04333,CUS003238,DES121,C181,Kitchen,2024-11-27,2025-09-02,Delayed,351497
PROJ04334,CUS001991,DES028,C235,Office,2024-01-23,2025-10-18,Planning,740261
PROJ04335,CUS002207,DES118,C230,Kitchen,2024-12-25,2025-08-12,Delayed,1817507
PROJ04336,CUS000995,DES069,C122,Kitchen,2024-04-10,2025-11-17,Delayed,810126
PROJ04337,CUS003263,DES150,C064,Villa,2024-09-05,2025-07-17,Installation,4652438
PROJ04338,CUS002936,DES146,C047,Villa,2024-12-25,,Planning,2433382
PROJ04339,CUS001332,DES033,C121,3BHK,2024-08-09,2025-05-19,Planning,4892464
PROJ04340,CUS004676,DES096,C027,2BHK,2024-01-24,2025-08-20,Planning,2231590
PROJ04341,CUS002711,DES009,C143,2BHK,2024-05-03,2025-06-23,Planning,2602516
PROJ04342,CUS001291,DES143,C219,Office,2024-11-15,2025-12-07,Completed,1531690
PROJ04343,CUS003315,DES112,C226,Villa,2024-09-22,,Delayed,746324
PROJ04344,CUS003952,DES020,C092,Office,2024-04-18,2025-10-09,Installation,4257749
PROJ04345,CUS003447,DES008,C118,2BHK,2024-03-23,2025-02-14,Design Phase,2043553
PROJ04346,CUS000541,DES131,C050,3BHK,2024-09-24,,Delayed,2421077
PROJ04347,CUS001379,DES083,C184,3BHK,2024-05-04,,completed,778553
PROJ04348,CUS002612,DES080,C047,2BHK,2024-04-23,2025-10-14,Design Phase,4592375
PROJ04349,CUS001702,DES131,C206,2BHK,2024-05-05,,Completed,3659744
PROJ04350,CUS004185,DES113,C229,3BHK,28/04/2024,2025-01-01,Completed,3136788
PROJ04351,CUS004102,DES148,C238,Kitchen,2024-07-03,2025-08-18,Design Phase,1897691
PROJ04352,CUS004402,DES091,C204,Kitchen,2024-01-07,2025-12-23,Completed,4449775
PROJ04353,CUS002083,DES035,C026,3BHK,2024-11-28,,Completed,1201195
PROJ04354,CUS001947,DES106,C098,Villa,2024-10-28,2025-03-08,Design Phase,4151969
PROJ04355,CUS004814,DES060,C204,Kitchen,2024-11-12,2025-07-11,Completed,3170305
PROJ04356,CUS000642,DES119,C114,Kitchen,2024-01-04,2025-08-22,Design Phase,2685364
PROJ04357,CUS003330,DES037,C120,3BHK,2024-07-24,2025-07-27,Design Phase,3861892
PROJ04358,CUS003731,DES146,C242,Villa,2024-08-25,2025-06-25,completed,1971026
PROJ04359,CUS003594,DES063,C052,3BHK,2024-10-20,2025-01-09,Delayed,1457564
PROJ04360,CUS003612,DES087,C093,3BHK,2024-11-07,2025-02-01,Design Phase,3182238
PROJ04361,CUS004422,DES139,C126,3BHK,2024-01-07,,Completed,2129001
PROJ04362,CUS001322,DES064,C217,Villa,2024-07-10,2025-09-01,Delayed,3962884
PROJ04363,CUS001835,DES031,C042,2BHK,2024-05-07,,Completed,2875504
PROJ04364,CUS004084,DES118,C136,Villa,2024-04-27,2025-05-20,Completed,1710056
PROJ04365,CUS003387,DES089,C203,3BHK,2024-10-11,,Completed,4868425
PROJ04366,CUS004096,DES059,C175,Kitchen,2024-02-15,,Design Phase,1966769
PROJ04367,CUS003976,DES078,C091,Kitchen,2024-07-04,2025-05-10,Planning,2746040
PROJ04368,CUS001134,DES111,C249,3BHK,2024-04-26,2025-09-24,Completed,1560086
PROJ04369,CUS002283,DES065,C210,2BHK,2024-08-25,,Installation,1007774
PROJ04370,CUS001103,DES118,C018,Kitchen,2024-06-10,2025-02-25,Planning,3983190
PROJ04371,CUS004172,DES139,C165,2BHK,2024-10-06,2025-01-16,Completed,2045093
PROJ04372,CUS000815,DES004,C181,Villa,2024-06-28,2025-08-20,Completed,2639977
PROJ04373,CUS001760,DES136,C039,Villa,2024-03-03,2025-02-04,Planning,1618388
PROJ04374,CUS000458,DES136,C046,Villa,2024-01-28,,Planning,2813676
PROJ04375,CUS003776,DES028,C141,Villa,2024-06-14,2025-07-10,Completed,2165910
PROJ04376,CUS004803,DES041,C163,2BHK,2024-04-06,,Completed,2341958
PROJ04377,CUS004759,DES087,C090,Villa,2024-12-16,2025-01-07,Design Phase,4025441
PROJ04378,CUS001623,DES094,C171,Office,2024-07-13,2025-07-27,completed,4376198
PROJ04379,CUS003539,DES010,C035,3BHK,2024-02-06,2025-12-28,Installation,2699459
PROJ04380,CUS003223,DES116,C019,2BHK,03/10/2024,2025-01-22,Delayed,3779731
PROJ04381,CUS003542,DES102,C244,Kitchen,2024-01-16,2025-11-23,Planning,1921949
PROJ04382,CUS003796,DES117,C197,3BHK,2024-06-23,2025-02-11,Completed,4370323
PROJ04383,CUS002360,DES096,C091,Office,2024-08-14,,Completed,3811535
PROJ04384,CUS004870,DES010,C220,Office,2024-08-12,2025-02-04,Design Phase,2357385
PROJ04385,CUS002910,DES111,C069,Office,2024-04-27,2025-10-03,Installation,2134218
PROJ04386,CUS000825,DES020,C213,2BHK,2024-02-23,2025-09-08,Planning,1729702
PROJ04387,CUS001201,DES025,C067,3BHK,2024-02-25,2025-11-15,Planning,4570324
PROJ04388,CUS001302,DES074,C161,2BHK,2024-10-23,2025-06-27,Installation,928156
PROJ04389,CUS002736,DES028,C144,Kitchen,2024-01-01,2025-11-07,Planning,1060300
PROJ04390,CUS004629,DES126,C096,2BHK,2024-07-06,2025-11-07,completed,659552
PROJ04391,CUS000255,DES005,C106,Kitchen,2024-02-10,2025-08-14,Delayed,2862686
PROJ04392,CUS002365,DES026,C236,Villa,2024-10-18,2025-09-28,Installation,3171388
PROJ04393,CUS000424,DES012,C003,Office,2024-04-13,2025-02-01,Completed,4528029
PROJ04394,CUS004781,DES002,C224,Kitchen,2024-12-22,2025-03-21,Installation,247578
PROJ04395,CUS002845,DES046,C003,Kitchen,2024-03-14,,Completed,3777528
PROJ04396,CUS001862,DES104,C154,Villa,2024-01-16,2025-08-18,Installation,2205845
PROJ04397,CUS003025,DES147,C001,Office,2024-01-20,2025-03-07,completed,1468738
PROJ04398,CUS003529,DES048,C017,2BHK,2024-05-10,,Delayed,3011682
PROJ04399,CUS002174,DES058,C103,3BHK,2024-11-11,,Delayed,1819737
PROJ04400,CUS004945,DES066,C159,Office,2024-03-13,2025-02-26,Design Phase,4929218
PROJ04401,CUS001871,DES071,C170,Kitchen,2024-11-01,2025-11-03,Design Phase,1497741
PROJ04402,CUS001394,DES112,C120,Villa,2024-04-04,2025-07-17,Delayed,4593745
PROJ04403,CUS004692,DES107,C234,Villa,2024-01-22,2025-10-23,Completed,3657688
PROJ04404,CUS000831,DES076,C011,3BHK,2024-01-28,,Design Phase,403833
PROJ04405,CUS004653,DES129,C043,Villa,2024-10-04,,Completed,4307189
PROJ04406,CUS003515,DES026,C076,Kitchen,2024-08-04,2025-04-25,Delayed,2050174
PROJ04407,CUS000292,DES037,C148,3BHK,2024-03-15,2025-04-19,Delayed,866507
PROJ04408,CUS000499,DES146,C164,2BHK,2024-10-23,2025-02-28,Planning,4894368
PROJ04409,CUS002928,DES125,C103,2BHK,2024-07-15,2025-05-19,Design Phase,1567611
PROJ04410,CUS003498,DES101,C073,2BHK,15/04/2024,2025-08-17,Installation,4621304
PROJ04411,CUS002637,DES093,C159,3BHK,2024-02-08,2025-06-23,completed,488895
PROJ04412,CUS002332,DES003,C045,3BHK,2024-10-28,,Delayed,2643469
PROJ04413,CUS001033,DES082,C028,2BHK,2024-11-28,2025-09-13,Delayed,3511154
PROJ04414,CUS002922,DES041,C165,3BHK,2024-06-07,2025-05-03,Design Phase,4983382
PROJ04415,CUS004654,DES047,C001,Office,2024-08-07,2025-07-07,Completed,3250914
PROJ04416,CUS000877,DES037,C107,Villa,2024-05-03,2025-10-19,Design Phase,3549609
PROJ04417,CUS000329,DES132,C116,Office,2024-10-22,2025-03-20,Design Phase,2889826
PROJ04418,CUS001236,DES085,C036,3BHK,2024-10-10,2025-04-13,Delayed,3207394
PROJ04419,CUS002727,DES083,C139,2BHK,2024-02-05,2025-05-24,completed,4206370
PROJ04420,CUS004776,DES072,C173,2BHK,2024-05-26,2025-06-16,Delayed,778430
PROJ04421,CUS000864,DES143,C193,Office,2024-04-15,2025-04-14,completed,1197764
PROJ04422,CUS000061,DES097,C207,2BHK,2024-10-03,2025-11-25,Completed,3095454
PROJ04423,CUS000224,DES006,C032,Office,2024-04-10,,Planning,625108
PROJ04424,CUS002196,DES011,C081,3BHK,2024-10-13,2025-09-12,Delayed,1622202
PROJ04425,CUS001525,DES056,C076,Kitchen,2024-03-11,2025-04-15,Planning,2106999
PROJ04426,CUS000679,DES066,C174,Villa,2024-04-27,2025-12-11,Installation,4382457
PROJ04427,CUS002972,DES028,C080,Kitchen,2024-06-09,,completed,896592
PROJ04428,CUS004944,DES106,C072,Kitchen,2024-04-26,2025-03-10,Installation,3702778
PROJ04429,CUS004294,DES093,C199,Villa,2024-04-07,2025-08-26,Planning,321866
PROJ04430,CUS002137,DES027,C118,Office,2024-11-12,2025-07-02,Installation,1047594
PROJ04431,CUS003591,DES122,C225,3BHK,2024-02-14,2025-02-27,completed,2852207
PROJ04432,CUS004340,DES082,C236,3BHK,2024-09-14,2025-07-15,Planning,553273
PROJ04433,CUS001860,DES144,C087,Kitchen,2024-05-10,2025-01-02,Design Phase,3949473
PROJ04434,CUS002328,DES069,C236,3BHK,2024-12-14,2025-12-10,Planning,4234490
PROJ04435,CUS004274,DES124,C165,3BHK,2024-03-05,2025-10-05,Planning,1848573
PROJ04436,CUS003120,DES142,C239,Office,2024-11-03,2025-06-16,Delayed,1471916
PROJ04437,CUS000667,DES073,C245,2BHK,2024-03-14,2025-05-16,Delayed,1202744
PROJ04438,CUS003901,DES019,C181,Villa,2024-09-24,2025-11-04,Design Phase,998582
PROJ04439,CUS003403,DES108,C013,Villa,2024-04-13,2025-03-05,Delayed,4167171
PROJ04440,CUS003129,DES048,C004,Office,01/09/2024,2025-07-22,Delayed,3706853
PROJ04441,CUS002250,DES143,C178,Villa,2024-07-01,2025-01-14,Planning,1335918
PROJ04442,CUS000877,DES079,C028,Villa,2024-05-02,2025-02-13,completed,4733901
PROJ04443,CUS003154,DES004,C093,Kitchen,2024-08-18,2025-08-18,Delayed,4461470
PROJ04444,CUS002764,DES057,C033,Kitchen,2024-03-22,2025-03-01,Completed,3703555
PROJ04445,CUS002579,DES094,C226,2BHK,2024-08-18,2025-12-02,Planning,2052594
PROJ04446,CUS000125,DES102,C051,2BHK,2024-07-20,2025-12-10,Installation,546832
PROJ04447,CUS002416,DES057,C047,2BHK,2024-07-25,2025-09-12,Completed,2817214
PROJ04448,CUS000617,DES115,C123,Office,2024-05-03,2025-10-19,Completed,1816280
PROJ04449,CUS004138,DES048,C120,Office,2024-10-02,2025-09-16,Planning,1994064
PROJ04450,CUS000596,DES084,C249,Kitchen,2024-04-06,,Installation,4049878
PROJ04451,CUS004746,DES002,C142,3BHK,2024-06-03,2025-05-14,completed,1352992
PROJ04452,CUS003509,DES038,C025,2BHK,2024-05-02,2025-08-07,completed,862258
PROJ04453,CUS003752,DES033,C156,Villa,2024-10-24,2025-10-21,Completed,2432956
PROJ04454,CUS004380,DES056,C138,2BHK,2024-02-08,2025-11-07,Completed,637355
PROJ04455,CUS004481,DES150,C163,3BHK,2024-10-08,2025-03-18,Installation,3593769
PROJ04456,CUS003806,DES141,C098,2BHK,2024-08-18,,Delayed,3068038
PROJ04457,CUS004121,DES055,C158,Kitchen,2024-04-05,2025-07-23,Completed,3691845
PROJ04458,CUS001341,DES146,C201,2BHK,2024-07-12,,Delayed,4782537
PROJ04459,CUS000574,DES104,C232,Villa,2024-07-14,2025-08-15,completed,4312319
PROJ04460,CUS003790,DES060,C186,Office,2024-01-19,2025-02-12,Completed,2184703
PROJ04461,CUS003296,DES040,C161,2BHK,2024-10-19,2025-06-06,completed,941103
PROJ04462,CUS004788,DES041,C249,2BHK,2024-10-21,,Design Phase,4367182
PROJ04463,CUS001210,DES119,C101,Kitchen,2024-02-11,2025-01-05,Design Phase,2028371
PROJ04464,CUS000552,DES035,C123,2BHK,2024-12-24,2025-08-15,Design Phase,4667312
PROJ04465,CUS000414,DES088,C162,Kitchen,2024-04-09,2025-02-20,Delayed,1445218
PROJ04466,CUS001279,DES077,C081,2BHK,2024-03-27,2025-01-23,Delayed,2103496
PROJ04467,CUS000617,DES037,C171,Kitchen,2024-01-10,2025-07-18,Completed,1282680
PROJ04468,CUS000995,DES043,C181,Office,2024-03-01,,Completed,3253362
PROJ04469,CUS000075,DES128,C170,2BHK,2024-11-03,2025-12-28,Design Phase,2644177
PROJ04470,CUS003308,DES080,C008,3BHK,07/07/2024,2025-08-07,completed,3929141
PROJ04471,CUS002008,DES032,C088,Villa,2024-04-09,,Delayed,3332213
PROJ04472,CUS002052,DES046,C205,2BHK,2024-01-27,2025-05-05,Completed,1374014
PROJ04473,CUS001661,DES109,C031,Office,2024-09-11,2025-06-04,Completed,2305835
PROJ04474,CUS004520,DES140,C208,Kitchen,2024-04-07,2025-08-01,Completed,3202961
PROJ04475,CUS001758,DES148,C094,3BHK,2024-07-15,2025-02-24,completed,2983757
PROJ04476,CUS004505,DES058,C080,Villa,2024-04-26,2025-09-18,Completed,531040
PROJ04477,CUS002182,DES024,C098,Office,2024-08-14,2025-04-17,Delayed,4094959
PROJ04478,CUS003180,DES026,C053,Kitchen,2024-08-01,2025-12-12,Delayed,287969
PROJ04479,CUS003002,DES042,C121,Villa,2024-03-27,2025-05-10,Installation,4863397
PROJ04480,CUS001434,DES055,C195,3BHK,2024-07-18,,Planning,215611
PROJ04481,CUS000795,DES036,C210,Villa,2024-07-05,2025-04-09,Design Phase,2656679
PROJ04482,CUS003178,DES144,C249,Kitchen,2024-01-03,2025-04-27,Installation,279693
PROJ04483,CUS001294,DES102,C029,Kitchen,2024-03-05,,Delayed,1820435
PROJ04484,CUS002083,DES138,C235,3BHK,2024-04-21,2025-12-13,Installation,2941900
PROJ04485,CUS003417,DES002,C214,Kitchen,2024-05-23,,Completed,577336
PROJ04486,CUS003993,DES013,C187,3BHK,2024-11-11,2025-08-07,Design Phase,3409091
PROJ04487,CUS004215,DES072,C039,3BHK,2024-10-27,2025-06-13,Planning,1783044
PROJ04488,CUS002909,DES083,C141,3BHK,2024-08-24,2025-09-04,Delayed,3067066
PROJ04489,CUS001879,DES019,C152,2BHK,2024-09-03,2025-02-05,completed,686503
PROJ04490,CUS001456,DES072,C139,Kitchen,2024-02-05,2025-09-10,Planning,721767
PROJ04491,CUS001913,DES053,C033,2BHK,2024-03-20,2025-08-01,Design Phase,403052
PROJ04492,CUS000286,DES007,C244,2BHK,2024-08-26,2025-02-16,Design Phase,2870051
PROJ04493,CUS000369,DES040,C222,Office,2024-05-21,,completed,3267359
PROJ04494,CUS004178,DES064,C179,Office,2024-12-21,2025-05-06,Planning,620315
PROJ04495,CUS003064,DES037,C049,Office,2024-04-25,2025-01-14,completed,4456977
PROJ04496,CUS003838,DES025,C113,Office,2024-10-09,2025-06-06,completed,1171078
PROJ04497,CUS002162,DES099,C175,2BHK,2024-11-18,2025-01-08,completed,3356913
PROJ04498,CUS002075,DES060,C095,Villa,2024-09-16,,completed,3147223
PROJ04499,CUS000826,DES118,C182,Kitchen,2024-11-14,2025-03-28,completed,1264659
PROJ04500,CUS001153,DES077,C039,3BHK,12/12/2024,2025-07-18,Delayed,854851
PROJ04501,CUS002436,DES097,C078,Villa,2024-05-27,2025-02-27,Completed,295475
PROJ04502,CUS002700,DES022,C168,Villa,2024-03-08,2025-10-17,Completed,861425
PROJ04503,CUS003297,DES126,C057,Villa,2024-09-17,2025-09-16,Planning,4182323
PROJ04504,CUS004741,DES029,C010,Kitchen,2024-03-07,2025-09-08,completed,4650807
PROJ04505,CUS001376,DES058,C116,Villa,2024-08-21,2025-10-27,Planning,2907892
PROJ04506,CUS003407,DES149,C147,3BHK,2024-05-11,2025-01-02,Planning,2577929
PROJ04507,CUS004750,DES001,C230,Villa,2024-06-23,2025-03-18,Delayed,4880710
PROJ04508,CUS003290,DES083,C049,3BHK,2024-05-19,2025-06-15,Completed,3769180
PROJ04509,CUS000378,DES037,C016,Villa,2024-07-11,2025-03-18,Design Phase,4283773
PROJ04510,CUS004992,DES138,C179,Villa,2024-04-02,,Design Phase,2974789
PROJ04511,CUS004398,DES078,C024,2BHK,2024-10-11,,completed,2511302
PROJ04512,CUS000820,DES012,C197,2BHK,2024-05-24,2025-09-11,Design Phase,387122
PROJ04513,CUS001274,DES001,C179,2BHK,2024-05-24,2025-01-03,Installation,4378972
PROJ04514,CUS004749,DES080,C100,Office,2024-10-01,2025-06-22,Delayed,2530177
PROJ04515,CUS002734,DES011,C069,Kitchen,2024-03-12,2025-12-14,Delayed,2631625
PROJ04516,CUS000509,DES008,C128,2BHK,2024-03-14,2025-09-02,completed,535798
PROJ04517,CUS001563,DES006,C135,2BHK,2024-04-12,2025-05-14,completed,4586689
PROJ04518,CUS003506,DES115,C063,2BHK,2024-12-06,2025-08-16,Installation,3024785
PROJ04519,CUS002595,DES073,C197,Office,2024-11-27,2025-06-06,Installation,248388
PROJ04520,CUS002901,DES092,C073,Villa,2024-06-04,,Completed,1580851
PROJ04521,CUS002698,DES009,C156,Office,2024-10-03,2025-11-02,Design Phase,2491038
PROJ04522,CUS002311,DES011,C174,3BHK,2024-03-12,,Delayed,1448186
PROJ04523,CUS004367,DES026,C174,Kitchen,2024-09-10,,Completed,3235649
PROJ04524,CUS004607,DES116,C041,3BHK,2024-12-20,2025-01-09,Planning,4009931
PROJ04525,CUS003238,DES099,C053,Villa,2024-07-04,2025-11-04,Delayed,1227282
PROJ04526,CUS002126,DES128,C061,3BHK,2024-04-05,2025-05-22,Design Phase,4448646
PROJ04527,CUS003871,DES082,C129,2BHK,2024-11-27,2025-05-10,Installation,2173799
PROJ04528,CUS002840,DES123,C134,Office,2024-11-09,2025-08-03,Planning,1112627
PROJ04529,CUS004417,DES098,C104,Kitchen,2024-07-06,2025-08-11,Planning,3629886
PROJ04530,CUS004513,DES134,C208,3BHK,26/12/2024,2025-04-11,Delayed,4032606
PROJ04531,CUS001790,DES002,C034,Kitchen,2024-02-13,2025-09-06,Planning,772058
PROJ04532,CUS001668,DES091,C027,3BHK,2024-09-26,2025-11-04,completed,4691257
PROJ04533,CUS001660,DES095,C145,Office,2024-08-04,2025-04-25,Design Phase,665489
PROJ04534,CUS000321,DES064,C231,3BHK,2024-08-27,,Delayed,1487307
PROJ04535,CUS002435,DES141,C025,Villa,2024-02-28,2025-12-06,Delayed,821569
PROJ04536,CUS000774,DES046,C204,3BHK,2024-01-03,2025-06-25,Completed,659381
PROJ04537,CUS004754,DES082,C137,3BHK,2024-09-09,,completed,3161609
PROJ04538,CUS002991,DES124,C099,Office,2024-07-12,2025-01-05,Installation,3025671
PROJ04539,CUS000626,DES012,C125,Kitchen,2024-07-26,,Installation,2555245
PROJ04540,CUS002681,DES097,C009,Office,2024-02-10,2025-10-13,Installation,3054170
PROJ04541,CUS002303,DES085,C221,Kitchen,2024-06-25,,Design Phase,2038117
PROJ04542,CUS002492,DES059,C129,Office,2024-09-21,2025-09-19,Installation,1595012
PROJ04543,CUS001215,DES130,C172,3BHK,2024-10-06,2025-08-10,Completed,629309
PROJ04544,CUS001488,DES116,C113,Office,2024-05-18,2025-06-05,completed,1857381
PROJ04545,CUS001620,DES101,C135,Villa,2024-12-17,2025-06-19,Planning,1448513
PROJ04546,CUS002966,DES057,C215,Villa,2024-07-06,2025-02-09,Delayed,1129260
PROJ04547,CUS002715,DES114,C201,Kitchen,2024-11-07,2025-10-17,Delayed,3994267
PROJ04548,CUS000390,DES127,C201,3BHK,2024-05-17,2025-06-12,Completed,3335799
PROJ04549,CUS002110,DES148,C164,3BHK,2024-09-08,2025-02-12,Installation,1647053
PROJ04550,CUS001243,DES020,C250,Villa,2024-06-20,2025-09-05,Delayed,3500070
PROJ04551,CUS003741,DES120,C152,Villa,2024-03-03,,Completed,3415342
PROJ04552,CUS002986,DES029,C005,Villa,2024-04-17,2025-09-19,Design Phase,367192
PROJ04553,CUS003988,DES048,C223,Kitchen,2024-10-19,2025-03-28,Design Phase,3941925
PROJ04554,CUS002738,DES112,C168,Office,2024-09-26,,Planning,2083602
PROJ04555,CUS002472,DES030,C030,Kitchen,2024-12-26,2025-11-14,Design Phase,2957168
PROJ04556,CUS001711,DES003,C208,2BHK,2024-05-14,2025-01-12,Design Phase,2504538
PROJ04557,CUS003828,DES103,C139,Villa,2024-08-15,2025-12-08,Installation,3826049
PROJ04558,CUS002344,DES104,C045,Villa,2024-11-17,2025-08-17,Design Phase,4904645
PROJ04559,CUS002586,DES105,C241,2BHK,2024-08-24,2025-10-20,Design Phase,4787826
PROJ04560,CUS001573,DES070,C244,2BHK,20/01/2024,2025-10-11,Design Phase,737686
PROJ04561,CUS000499,DES024,C187,3BHK,2024-07-21,2025-06-01,Installation,1655999
PROJ04562,CUS000111,DES053,C104,Office,2024-06-24,2025-06-16,Design Phase,2081055
PROJ04563,CUS000363,DES014,C045,2BHK,2024-01-01,2025-03-17,Design Phase,942808
PROJ04564,CUS004845,DES008,C196,Office,2024-01-14,2025-05-26,Delayed,4022017
PROJ04565,CUS002290,DES028,C097,Villa,2024-10-05,2025-04-12,Completed,1949016
PROJ04566,CUS001192,DES108,C085,Office,2024-10-24,2025-01-03,Planning,1576705
PROJ04567,CUS001474,DES026,C105,Kitchen,2024-04-02,2025-03-17,Installation,3561673
PROJ04568,CUS000988,DES005,C127,Villa,2024-06-26,2025-03-19,Planning,1612525
PROJ04569,CUS001120,DES018,C189,Office,2024-03-10,2025-02-24,Completed,4834346
PROJ04570,CUS001952,DES088,C191,3BHK,2024-06-21,2025-12-13,completed,2806466
PROJ04571,CUS004395,DES145,C081,3BHK,2024-01-11,2025-05-21,Planning,2633767
PROJ04572,CUS003665,DES118,C246,3BHK,2024-09-23,2025-06-28,Delayed,2037103
PROJ04573,CUS000649,DES062,C154,Kitchen,2024-12-27,2025-03-09,Installation,1747895
PROJ04574,CUS003695,DES085,C226,2BHK,2024-08-06,2025-07-08,Installation,3633797
PROJ04575,CUS004947,DES052,C067,Kitchen,2024-12-14,2025-11-11,Installation,2703206
PROJ04576,CUS003094,DES038,C063,Office,2024-09-23,2025-02-28,Completed,737651
PROJ04577,CUS004068,DES020,C164,Villa,2024-04-03,2025-12-12,Installation,1704540
PROJ04578,CUS003313,DES071,C144,Office,2024-02-01,2025-10-17,Completed,4270154
PROJ04579,CUS002933,DES042,C216,2BHK,2024-11-14,2025-09-03,Planning,429348
PROJ04580,CUS002800,DES073,C166,Office,2024-11-08,2025-06-19,Delayed,4899878
PROJ04581,CUS000308,DES147,C072,Office,2024-09-15,2025-07-28,Planning,3583735
PROJ04582,CUS002424,DES074,C135,Office,2024-03-21,2025-01-03,Completed,3530762
PROJ04583,CUS002433,DES047,C179,Kitchen,2024-10-20,2025-07-17,Planning,857059
PROJ04584,CUS004670,DES137,C048,Office,2024-07-21,2025-11-18,Design Phase,3751429
PROJ04585,CUS002447,DES012,C215,3BHK,2024-10-13,,Installation,302456
PROJ04586,CUS003267,DES077,C017,Kitchen,2024-01-02,2025-01-02,Delayed,1934795
PROJ04587,CUS003351,DES054,C046,Office,2024-01-13,2025-08-07,Design Phase,2038742
PROJ04588,CUS001304,DES137,C148,2BHK,2024-01-28,2025-12-05,Completed,694928
PROJ04589,CUS001487,DES032,C038,Office,2024-09-11,,Delayed,1070012
PROJ04590,CUS000858,DES069,C166,Villa,09/05/2024,2025-04-22,Delayed,1692154
PROJ04591,CUS004193,DES147,C134,3BHK,2024-07-26,2025-12-01,Completed,877361
PROJ04592,CUS000090,DES067,C036,Villa,2024-06-08,,Delayed,2256603
PROJ04593,CUS000754,DES034,C075,Villa,2024-09-08,2025-03-26,Completed,2429509
PROJ04594,CUS003049,DES006,C165,3BHK,2024-01-15,2025-11-27,Delayed,4700341
PROJ04595,CUS001782,DES012,C082,Kitchen,2024-02-05,2025-12-04,Planning,4523736
PROJ04596,CUS000697,DES117,C176,Kitchen,2024-04-01,2025-09-01,Design Phase,4682544
PROJ04597,CUS000084,DES025,C233,3BHK,2024-02-06,2025-04-19,Design Phase,1921990
PROJ04598,CUS004282,DES119,C164,3BHK,2024-02-06,2025-02-06,Installation,966848
PROJ04599,CUS000823,DES072,C026,Kitchen,2024-04-26,2025-11-08,Installation,2179087
PROJ04600,CUS002824,DES038,C014,Kitchen,2024-05-17,2025-07-03,Installation,1480680
PROJ04601,CUS004528,DES033,C049,2BHK,2024-07-10,,Completed,1237723
PROJ04602,CUS002244,DES111,C159,3BHK,2024-05-10,2025-05-02,Completed,2672450
PROJ04603,CUS002311,DES014,C246,2BHK,2024-07-05,2025-12-21,Planning,2127747
PROJ04604,CUS001956,DES009,C198,Office,2024-11-04,2025-12-03,Delayed,2240098
PROJ04605,CUS000710,DES099,C155,3BHK,2024-02-14,2025-01-19,Design Phase,2986032
PROJ04606,CUS001061,DES044,C148,Office,2024-03-09,2025-11-06,Planning,2808074
PROJ04607,CUS001078,DES140,C213,Kitchen,2024-11-12,,Planning,2065927
PROJ04608,CUS003516,DES036,C217,Kitchen,2024-12-02,2025-01-03,completed,2980327
PROJ04609,CUS001940,DES081,C201,Office,2024-06-20,2025-04-19,Delayed,1289130
PROJ04610,CUS002188,DES101,C205,Villa,2024-09-13,2025-08-01,Completed,3025884
PROJ04611,CUS002436,DES040,C055,Kitchen,2024-08-16,,Planning,1245677
PROJ04612,CUS001934,DES131,C053,Kitchen,2024-08-08,2025-07-23,Planning,1825261
PROJ04613,CUS004180,DES119,C121,Kitchen,2024-08-23,2025-09-04,Planning,1914416
PROJ04614,CUS000750,DES057,C129,2BHK,2024-05-23,2025-09-05,Delayed,1842476
PROJ04615,CUS003872,DES001,C180,2BHK,2024-11-02,2025-02-27,Delayed,4172326
PROJ04616,CUS000312,DES067,C070,Office,2024-04-09,2025-06-27,completed,4284764
PROJ04617,CUS000732,DES091,C060,Villa,2024-12-18,2025-08-14,Planning,1963852
PROJ04618,CUS000344,DES138,C026,2BHK,2024-01-01,,Completed,2709677
PROJ04619,CUS001866,DES066,C205,3BHK,2024-03-26,2025-10-04,Planning,4700923
PROJ04620,CUS000961,DES089,C084,Office,01/03/2024,2025-06-14,Design Phase,2599388
PROJ04621,CUS003383,DES105,C051,2BHK,2024-03-23,2025-10-11,Delayed,2552641
PROJ04622,CUS000192,DES132,C178,3BHK,2024-01-02,,Design Phase,2042946
PROJ04623,CUS003742,DES017,C140,Office,2024-01-16,2025-11-13,Completed,631597
PROJ04624,CUS003936,DES134,C216,Kitchen,2024-08-04,2025-05-27,Completed,4801592
PROJ04625,CUS003511,DES134,C073,Villa,2024-04-15,2025-06-02,Completed,4363433
PROJ04626,CUS003187,DES139,C106,2BHK,2024-07-01,2025-10-09,Delayed,4490231
PROJ04627,CUS000627,DES119,C058,2BHK,2024-11-17,2025-01-06,Installation,3737167
PROJ04628,CUS002987,DES065,C102,Office,2024-06-28,2025-05-08,Design Phase,1995787
PROJ04629,CUS000598,DES039,C052,Kitchen,2024-11-19,2025-07-07,Completed,1706352
PROJ04630,CUS004453,DES078,C234,3BHK,2024-02-06,,Design Phase,4091598
PROJ04631,CUS003835,DES136,C237,2BHK,2024-10-08,2025-02-16,Delayed,3954114
PROJ04632,CUS003862,DES026,C017,2BHK,2024-01-15,2025-07-16,Delayed,981852
PROJ04633,CUS002281,DES043,C097,Kitchen,2024-02-22,2025-06-20,Completed,2303776
PROJ04634,CUS001308,DES117,C156,2BHK,2024-04-26,2025-12-12,Delayed,516403
PROJ04635,CUS003373,DES111,C035,2BHK,2024-11-25,2025-11-27,completed,1697606
PROJ04636,CUS001610,DES026,C241,2BHK,2024-11-13,2025-07-01,Design Phase,2866727
PROJ04637,CUS001158,DES017,C206,Kitchen,2024-08-17,2025-08-14,Completed,2698571
PROJ04638,CUS002502,DES127,C152,Kitchen,2024-09-27,2025-06-02,Delayed,1451387
PROJ04639,CUS004774,DES028,C202,Kitchen,2024-12-27,2025-09-14,Planning,2040309
PROJ04640,CUS003744,DES073,C228,3BHK,2024-02-24,2025-09-18,Completed,4103421
PROJ04641,CUS000736,DES001,C034,Kitchen,2024-01-12,2025-06-14,Completed,1481482
PROJ04642,CUS001464,DES039,C180,Office,2024-12-04,2025-04-25,Design Phase,665672
PROJ04643,CUS003892,DES005,C128,Villa,2024-09-02,,Delayed,3101990
PROJ04644,CUS002880,DES127,C148,Office,2024-10-08,2025-11-01,Planning,3801506
PROJ04645,CUS003931,DES020,C012,Kitchen,2024-12-20,2025-12-10,Installation,865213
PROJ04646,CUS003631,DES149,C084,Villa,2024-02-07,2025-11-06,Installation,3585212
PROJ04647,CUS002699,DES090,C224,3BHK,2024-06-04,,Design Phase,4226961
PROJ04648,CUS000747,DES081,C026,3BHK,2024-01-11,,Planning,401964
PROJ04649,CUS002884,DES111,C100,Kitchen,2024-01-03,2025-08-24,Planning,4279491
PROJ04650,CUS001513,DES037,C187,Kitchen,11/09/2024,2025-04-21,completed,3928154
PROJ04651,CUS000720,DES150,C031,Kitchen,2024-09-26,2025-10-28,Delayed,2074390
PROJ04652,CUS000032,DES073,C182,Kitchen,2024-09-26,,Planning,4878357
PROJ04653,CUS001021,DES090,C145,3BHK,2024-11-08,2025-02-12,Design Phase,876930
PROJ04654,CUS003036,DES019,C067,Kitchen,2024-06-02,2025-12-10,completed,2864672
PROJ04655,CUS003100,DES089,C011,Kitchen,2024-09-15,2025-12-18,completed,769672
PROJ04656,CUS000157,DES072,C050,2BHK,2024-04-20,2025-06-02,Planning,4610522
PROJ04657,CUS001453,DES138,C192,Kitchen,2024-08-20,2025-04-04,completed,4301989
PROJ04658,CUS002919,DES079,C245,Kitchen,2024-02-27,,Planning,3562732
PROJ04659,CUS004669,DES038,C175,3BHK,2024-07-06,2025-11-27,completed,2592318
PROJ04660,CUS002077,DES119,C002,Office,2024-08-06,,Completed,347211
PROJ04661,CUS002605,DES098,C154,2BHK,2024-03-14,2025-01-14,completed,4008553
PROJ04662,CUS003320,DES063,C153,2BHK,2024-06-12,2025-11-05,Completed,3102668
PROJ04663,CUS003046,DES074,C230,Villa,2024-03-05,2025-06-11,Design Phase,3931649
PROJ04664,CUS004531,DES033,C239,3BHK,2024-01-27,2025-10-21,Completed,3559791
PROJ04665,CUS002453,DES015,C105,Office,2024-01-06,2025-02-06,Completed,4690763
PROJ04666,CUS003700,DES017,C060,Villa,2024-03-28,2025-09-24,completed,1762777
PROJ04667,CUS001958,DES058,C090,2BHK,2024-06-11,2025-06-11,Design Phase,4960758
PROJ04668,CUS004468,DES051,C015,Villa,2024-10-22,,Completed,2908125
PROJ04669,CUS002357,DES082,C147,3BHK,2024-09-05,2025-07-14,Completed,2524962
PROJ04670,CUS001750,DES026,C202,Kitchen,2024-06-06,2025-07-07,Completed,1288944
PROJ04671,CUS003669,DES039,C234,2BHK,2024-07-18,2025-10-24,completed,2312116
PROJ04672,CUS000603,DES020,C234,Office,2024-02-16,2025-02-09,Planning,1566522
PROJ04673,CUS001115,DES125,C061,2BHK,2024-07-16,2025-07-18,Installation,4541419
PROJ04674,CUS004036,DES048,C166,Kitchen,2024-03-19,2025-05-28,Installation,1486925
PROJ04675,CUS001404,DES135,C236,2BHK,2024-09-23,2025-05-08,Delayed,3058195
PROJ04676,CUS002580,DES073,C120,2BHK,2024-03-06,2025-12-22,Design Phase,1865700
PROJ04677,CUS001778,DES027,C106,2BHK,2024-07-05,2025-04-03,Delayed,3095444
PROJ04678,CUS000099,DES088,C173,2BHK,2024-04-02,2025-06-02,Planning,2932572
PROJ04679,CUS003388,DES092,C123,3BHK,2024-06-28,2025-06-05,Delayed,4925762
PROJ04680,CUS000390,DES075,C088,3BHK,24/09/2024,2025-04-21,Design Phase,3925110
PROJ04681,CUS000406,DES023,C133,Office,2024-05-04,2025-12-25,Design Phase,2903128
PROJ04682,CUS003209,DES090,C217,3BHK,2024-09-09,2025-12-02,Planning,1524317
PROJ04683,CUS001238,DES033,C215,2BHK,2024-06-08,2025-11-14,Delayed,408289
PROJ04684,CUS004627,DES026,C014,3BHK,2024-03-07,2025-05-01,Installation,3601446
PROJ04685,CUS004935,DES085,C241,3BHK,2024-03-03,2025-10-03,Design Phase,822389
PROJ04686,CUS001252,DES137,C166,Office,2024-06-01,2025-02-02,Design Phase,990413
PROJ04687,CUS004076,DES132,C226,Office,2024-06-09,,Design Phase,3388597
PROJ04688,CUS003700,DES117,C082,Office,2024-10-27,2025-01-04,Installation,284834
PROJ04689,CUS004762,DES141,C128,Villa,2024-06-01,2025-04-11,Completed,2771457
PROJ04690,CUS001065,DES055,C006,Villa,2024-07-01,,Installation,2345675
PROJ04691,CUS001275,DES129,C054,2BHK,2024-06-02,,Design Phase,3728679
PROJ04692,CUS000176,DES120,C246,2BHK,2024-12-25,2025-06-15,Completed,4695504
PROJ04693,CUS000308,DES125,C004,Office,2024-10-21,2025-02-25,Completed,1899078
PROJ04694,CUS000707,DES002,C075,Villa,2024-04-22,,Installation,4011869
PROJ04695,CUS001951,DES042,C203,Kitchen,2024-08-09,2025-03-12,Planning,3368052
PROJ04696,CUS002809,DES028,C183,Kitchen,2024-07-27,2025-01-24,Planning,4694159
PROJ04697,CUS003933,DES138,C241,2BHK,2024-09-27,2025-08-17,Completed,746493
PROJ04698,CUS004698,DES058,C186,Kitchen,2024-11-12,2025-11-24,Design Phase,407044
PROJ04699,CUS001771,DES023,C165,Villa,2024-09-16,2025-10-22,Completed,201955
PROJ04700,CUS000826,DES066,C106,2BHK,2024-01-16,2025-09-27,Delayed,213161
PROJ04701,CUS002231,DES138,C115,2BHK,2024-11-05,2025-09-05,completed,2765777
PROJ04702,CUS004992,DES032,C092,3BHK,2024-10-17,2025-11-15,Installation,4026841
PROJ04703,CUS003355,DES035,C247,Kitchen,2024-01-21,2025-07-18,Planning,733711
PROJ04704,CUS004182,DES107,C040,Office,2024-11-03,2025-12-05,Design Phase,2809992
PROJ04705,CUS001575,DES028,C050,3BHK,2024-12-12,2025-04-25,Planning,3482175
PROJ04706,CUS001900,DES112,C192,2BHK,2024-06-17,2025-09-28,Planning,1082858
PROJ04707,CUS002272,DES013,C145,Villa,2024-01-25,2025-12-16,completed,375916
PROJ04708,CUS001775,DES112,C231,2BHK,2024-09-15,2025-03-09,Design Phase,3104180
PROJ04709,CUS000783,DES040,C012,2BHK,2024-04-25,2025-09-12,Installation,4189800
PROJ04710,CUS003056,DES113,C080,Kitchen,04/03/2024,2025-06-09,Delayed,2784792
PROJ04711,CUS004167,DES035,C227,Villa,2024-08-19,2025-08-11,Installation,3770480
PROJ04712,CUS000786,DES062,C013,Kitchen,2024-09-25,2025-01-06,Delayed,1391163
PROJ04713,CUS002681,DES147,C100,3BHK,2024-06-07,2025-09-18,Completed,4606862
PROJ04714,CUS001296,DES083,C224,2BHK,2024-10-08,2025-01-01,Design Phase,1040622
PROJ04715,CUS000686,DES106,C033,3BHK,2024-02-14,2025-02-25,Delayed,787345
PROJ04716,CUS001155,DES131,C201,Villa,2024-10-26,2025-02-24,Installation,2759351
PROJ04717,CUS005000,DES066,C020,Office,2024-01-03,2025-01-02,Installation,2554162
PROJ04718,CUS002135,DES070,C048,Kitchen,2024-06-08,2025-02-11,Design Phase,546710
PROJ04719,CUS004919,DES072,C190,Kitchen,2024-06-28,2025-03-22,Installation,807120
PROJ04720,CUS000811,DES136,C224,3BHK,2024-03-05,2025-01-14,Installation,3191767
PROJ04721,CUS002777,DES081,C220,Kitchen,2024-01-08,2025-07-11,completed,2883105
PROJ04722,CUS000971,DES046,C212,Villa,2024-01-02,,Installation,2170999
PROJ04723,CUS001448,DES006,C195,Office,2024-04-04,2025-06-04,Planning,1868879
PROJ04724,CUS003318,DES108,C160,3BHK,2024-10-02,2025-03-02,completed,1310872
PROJ04725,CUS004035,DES149,C036,Office,2024-08-23,2025-05-16,Planning,2519276
PROJ04726,CUS002096,DES068,C057,3BHK,2024-04-14,2025-11-21,Planning,1496657
PROJ04727,CUS002387,DES002,C086,Office,2024-02-12,2025-05-02,Design Phase,237839
PROJ04728,CUS001562,DES051,C063,3BHK,2024-12-11,2025-01-09,Completed,1029240
PROJ04729,CUS002897,DES020,C025,Office,2024-06-10,2025-04-14,Design Phase,1601271
PROJ04730,CUS001012,DES054,C171,Office,2024-04-08,2025-12-01,completed,4373356
PROJ04731,CUS003625,DES106,C197,Kitchen,2024-06-05,2025-09-27,Completed,1080974
PROJ04732,CUS001994,DES145,C044,Villa,2024-09-02,2025-09-23,Design Phase,2312880
PROJ04733,CUS004696,DES122,C150,2BHK,2024-02-18,,Completed,3096037
PROJ04734,CUS003465,DES150,C174,2BHK,2024-09-04,2025-10-19,Planning,2728859
PROJ04735,CUS002934,DES107,C212,2BHK,2024-02-26,2025-08-13,Delayed,1632560
PROJ04736,CUS001076,DES083,C236,3BHK,2024-02-25,2025-10-25,Planning,3805913
PROJ04737,CUS000734,DES033,C102,2BHK,2024-03-18,2025-10-04,Installation,4342805
PROJ04738,CUS002956,DES001,C129,Villa,2024-08-04,,Planning,248058
PROJ04739,CUS004571,DES115,C191,Office,2024-06-05,2025-05-06,Planning,1798575
PROJ04740,CUS004965,DES024,C101,Kitchen,13/09/2024,2025-04-04,completed,4817435
PROJ04741,CUS003446,DES136,C002,Kitchen,2024-06-22,2025-02-08,Delayed,1261437
PROJ04742,CUS000697,DES014,C170,Kitchen,2024-04-15,2025-11-22,completed,4745443
PROJ04743,CUS001120,DES129,C164,Villa,2024-04-07,2025-04-24,Design Phase,2426818
PROJ04744,CUS002172,DES127,C203,3BHK,2024-04-23,2025-10-17,Delayed,368772
PROJ04745,CUS001559,DES024,C002,2BHK,2024-01-28,2025-10-04,Delayed,2042295
PROJ04746,CUS004569,DES049,C045,Kitchen,2024-01-18,2025-04-16,Design Phase,3403737
PROJ04747,CUS001397,DES132,C229,3BHK,2024-09-03,2025-08-10,Design Phase,3917257
PROJ04748,CUS000743,DES056,C192,2BHK,2024-11-16,2025-02-19,Delayed,2993646
PROJ04749,CUS004418,DES011,C143,Kitchen,2024-08-22,2025-02-18,Installation,3664449
PROJ04750,CUS000272,DES002,C205,Office,2024-06-08,2025-05-22,Design Phase,415057
PROJ04751,CUS001655,DES010,C164,Villa,2024-12-24,2025-10-08,Delayed,3293550
PROJ04752,CUS002067,DES065,C151,Office,2024-09-04,2025-10-18,completed,200371
PROJ04753,CUS000410,DES133,C140,3BHK,2024-10-02,2025-07-11,Completed,639380
PROJ04754,CUS003620,DES077,C230,2BHK,2024-04-03,2025-07-12,Installation,746450
PROJ04755,CUS004781,DES058,C045,2BHK,2024-11-08,2025-12-10,Design Phase,4570120
PROJ04756,CUS000511,DES057,C195,Office,2024-06-28,2025-02-21,Design Phase,3355255
PROJ04757,CUS000745,DES080,C211,Kitchen,2024-11-11,2025-06-21,completed,3257789
PROJ04758,CUS000135,DES091,C079,Office,2024-02-16,2025-04-08,Completed,798284
PROJ04759,CUS002034,DES119,C197,Kitchen,2024-01-25,2025-07-24,Planning,3910366
PROJ04760,CUS003574,DES020,C203,Office,2024-12-19,2025-08-03,Design Phase,1537380
PROJ04761,CUS004938,DES016,C135,3BHK,2024-06-08,2025-05-12,Delayed,4760375
PROJ04762,CUS000029,DES113,C002,Kitchen,2024-06-24,2025-12-23,Planning,3367897
PROJ04763,CUS004375,DES001,C174,2BHK,2024-07-17,2025-05-07,Design Phase,4746718
PROJ04764,CUS004572,DES077,C059,Office,2024-05-14,2025-09-23,Completed,718832
PROJ04765,CUS002050,DES148,C150,Office,2024-04-14,2025-10-27,Planning,4283756
PROJ04766,CUS001780,DES053,C059,Office,2024-12-13,2025-11-23,Completed,2560347
PROJ04767,CUS001855,DES059,C033,Kitchen,2024-09-24,2025-06-12,Completed,1568932
PROJ04768,CUS001621,DES107,C187,Villa,2024-03-19,2025-02-28,Design Phase,4144794
PROJ04769,CUS000712,DES098,C011,Office,2024-05-18,2025-10-09,Planning,1384212
PROJ04770,CUS004206,DES141,C128,Office,18/01/2024,2025-09-19,Delayed,1826498
PROJ04771,CUS001714,DES104,C074,Office,2024-05-02,2025-10-21,Planning,4609458
PROJ04772,CUS002656,DES009,C087,Villa,2024-01-11,2025-09-14,Design Phase,3315094
PROJ04773,CUS003485,DES072,C007,Villa,2024-10-08,2025-12-14,Planning,3861656
PROJ04774,CUS000840,DES104,C099,Villa,2024-06-23,2025-09-05,Planning,3963917
PROJ04775,CUS003874,DES126,C120,Office,2024-03-02,2025-03-20,Delayed,435989
PROJ04776,CUS004643,DES065,C082,Office,2024-04-03,2025-07-19,Completed,2494428
PROJ04777,CUS000678,DES050,C190,Villa,2024-08-19,2025-11-10,completed,418642
PROJ04778,CUS003871,DES124,C223,2BHK,2024-11-15,2025-11-24,completed,2477508
PROJ04779,CUS000664,DES092,C246,Villa,2024-07-06,,Installation,4956694
PROJ04780,CUS001733,DES121,C249,3BHK,2024-10-05,2025-08-11,Planning,4147182
PROJ04781,CUS002286,DES064,C058,Kitchen,2024-10-22,,Planning,4433469
PROJ04782,CUS001079,DES120,C092,2BHK,2024-05-01,2025-06-09,Installation,1560835
PROJ04783,CUS004045,DES007,C197,3BHK,2024-03-16,2025-11-18,Planning,3963272
PROJ04784,CUS003291,DES001,C071,Villa,2024-12-05,2025-08-22,Planning,4582485
PROJ04785,CUS002133,DES061,C029,Kitchen,2024-07-13,,Installation,1233295
PROJ04786,CUS004186,DES044,C101,2BHK,2024-01-24,2025-10-22,Planning,2372262
PROJ04787,CUS002692,DES040,C223,Villa,2024-11-21,2025-10-13,Delayed,4324993
PROJ04788,CUS002751,DES096,C062,3BHK,2024-09-06,,Design Phase,4205769
PROJ04789,CUS004710,DES019,C175,2BHK,2024-02-17,2025-01-01,Design Phase,4726385
PROJ04790,CUS004855,DES088,C022,Kitchen,2024-10-27,2025-11-27,Installation,2457565
PROJ04791,CUS004852,DES146,C032,Villa,2024-05-10,2025-06-16,Planning,692478
PROJ04792,CUS004211,DES088,C202,Office,2024-10-24,2025-05-02,Installation,3245604
PROJ04793,CUS004296,DES053,C148,Villa,2024-02-04,2025-04-23,Design Phase,2920752
PROJ04794,CUS000308,DES066,C194,3BHK,2024-10-01,2025-04-27,Completed,1561751
PROJ04795,CUS002016,DES019,C145,2BHK,2024-12-27,,Completed,3362450
PROJ04796,CUS003649,DES012,C055,Office,2024-02-16,2025-01-09,Planning,4410507
PROJ04797,CUS003977,DES033,C190,3BHK,2024-11-10,2025-04-08,Delayed,4793024
PROJ04798,CUS004975,DES096,C076,Villa,2024-08-10,2025-09-13,Planning,4497102
PROJ04799,CUS004480,DES025,C174,2BHK,2024-12-27,,Design Phase,3899058
PROJ04800,CUS002554,DES141,C177,Office,04/02/2024,,Completed,3036492
PROJ04801,CUS003765,DES026,C239,Kitchen,2024-02-03,2025-09-13,Planning,2217997
PROJ04802,CUS001466,DES036,C227,Kitchen,2024-09-19,2025-07-19,completed,695090
PROJ04803,CUS000015,DES122,C191,3BHK,2024-02-20,2025-04-02,Completed,672679
PROJ04804,CUS003864,DES105,C220,Kitchen,2024-06-10,,Delayed,2470447
PROJ04805,CUS004610,DES076,C005,Office,2024-03-07,,Design Phase,3261070
PROJ04806,CUS003633,DES109,C242,Villa,2024-01-10,,Design Phase,4600032
PROJ04807,CUS001404,DES117,C149,Villa,2024-08-13,,Delayed,3175714
PROJ04808,CUS001218,DES017,C181,Office,2024-01-04,,Completed,689120
PROJ04809,CUS002482,DES054,C025,Kitchen,2024-04-05,2025-03-07,completed,4511369
PROJ04810,CUS004892,DES035,C207,2BHK,2024-01-14,2025-07-20,Completed,1338934
PROJ04811,CUS004857,DES141,C016,2BHK,2024-04-06,2025-03-12,Planning,4099911
PROJ04812,CUS001428,DES002,C243,2BHK,2024-05-01,2025-01-04,Delayed,3381625
PROJ04813,CUS003505,DES033,C164,3BHK,2024-02-24,,Completed,1572434
PROJ04814,CUS001423,DES137,C246,2BHK,2024-05-28,2025-04-15,Completed,4058707
PROJ04815,CUS004242,DES034,C054,Kitchen,2024-11-24,,Planning,3272972
PROJ04816,CUS003727,DES113,C008,Kitchen,2024-05-08,,Design Phase,1221172
PROJ04817,CUS001655,DES124,C166,2BHK,2024-07-17,2025-04-13,Delayed,4209165
PROJ04818,CUS002568,DES031,C006,Office,2024-09-11,2025-02-03,Completed,4487252
PROJ04819,CUS004087,DES052,C059,3BHK,2024-03-02,2025-06-23,Delayed,2959478
PROJ04820,CUS003998,DES066,C070,2BHK,2024-12-09,2025-11-11,Design Phase,1435788
PROJ04821,CUS002463,DES030,C080,Villa,2024-11-08,2025-12-02,Design Phase,725112
PROJ04822,CUS004273,DES062,C096,Kitchen,2024-03-13,2025-05-24,Completed,4441365
PROJ04823,CUS004699,DES099,C113,Kitchen,2024-10-23,2025-12-27,Delayed,3001972
PROJ04824,CUS002103,DES037,C081,Office,2024-09-26,2025-03-08,Planning,2022818
PROJ04825,CUS000786,DES130,C043,Kitchen,2024-03-07,2025-01-01,Completed,4950172
PROJ04826,CUS000584,DES113,C216,3BHK,2024-12-23,2025-06-08,Completed,2346898
PROJ04827,CUS004066,DES017,C200,Office,2024-01-04,2025-07-05,Design Phase,1408896
PROJ04828,CUS004216,DES104,C139,Office,2024-10-15,2025-04-07,Completed,3533239
PROJ04829,CUS003323,DES109,C056,Villa,2024-10-22,,Planning,3041109
PROJ04830,CUS004719,DES106,C145,Office,20/09/2024,2025-01-18,Completed,715354
PROJ04831,CUS003636,DES064,C203,3BHK,2024-06-07,2025-08-05,Installation,2761582
PROJ04832,CUS004923,DES009,C239,Office,2024-04-25,2025-01-20,Delayed,4751771
PROJ04833,CUS000237,DES142,C152,Office,2024-04-28,,completed,1336193
PROJ04834,CUS003214,DES013,C051,Villa,2024-03-12,2025-12-09,Delayed,2309201
PROJ04835,CUS000750,DES090,C130,2BHK,2024-11-24,2025-07-17,Planning,4095945
PROJ04836,CUS001792,DES035,C133,Office,2024-03-16,2025-11-07,Delayed,2444066
PROJ04837,CUS002679,DES097,C147,2BHK,2024-04-28,2025-01-27,Delayed,4486817
PROJ04838,CUS004879,DES134,C221,Villa,2024-04-24,,completed,2535927
PROJ04839,CUS002955,DES126,C147,Kitchen,2024-09-23,2025-11-15,Design Phase,3693048
PROJ04840,CUS004490,DES136,C102,2BHK,2024-12-01,2025-12-19,Installation,3326827
PROJ04841,CUS004046,DES017,C145,Kitchen,2024-09-24,2025-12-08,Delayed,1543056
PROJ04842,CUS000982,DES020,C189,Office,2024-05-13,2025-11-05,completed,4832924
PROJ04843,CUS003198,DES057,C067,Kitchen,2024-05-19,2025-10-22,Design Phase,1536372
PROJ04844,CUS004886,DES092,C014,Office,2024-09-09,2025-07-22,Installation,3157643
PROJ04845,CUS000713,DES078,C198,Office,2024-09-23,2025-04-28,Planning,4333597
PROJ04846,CUS000853,DES018,C238,Villa,2024-05-17,2025-02-28,Delayed,2433408
PROJ04847,CUS004598,DES100,C068,Office,2024-07-10,2025-07-08,Design Phase,3263553
PROJ04848,CUS002275,DES105,C041,Kitchen,2024-02-01,2025-08-20,Design Phase,2851956
PROJ04849,CUS002030,DES045,C042,Office,2024-06-18,,Installation,2745256
PROJ04850,CUS002958,DES004,C135,2BHK,2024-01-27,,Design Phase,698491
PROJ04851,CUS003379,DES099,C250,2BHK,2024-01-18,2025-03-21,Completed,3270141
PROJ04852,CUS003388,DES150,C159,3BHK,2024-01-15,2025-01-22,Completed,3331157
PROJ04853,CUS003416,DES071,C159,2BHK,2024-11-15,2025-12-10,Installation,2381587
PROJ04854,CUS000408,DES111,C131,Kitchen,2024-09-13,2025-11-16,Installation,1664107
PROJ04855,CUS003786,DES030,C205,2BHK,2024-12-19,2025-05-23,Delayed,1203611
PROJ04856,CUS004738,DES065,C007,Office,2024-04-16,2025-09-10,Design Phase,3282424
PROJ04857,CUS004816,DES066,C246,2BHK,2024-12-18,2025-07-09,Completed,2936114
PROJ04858,CUS004525,DES105,C063,Kitchen,2024-01-26,2025-04-26,Planning,3793276
PROJ04859,CUS002631,DES092,C110,3BHK,2024-10-21,2025-01-07,Completed,3641953
PROJ04860,CUS001958,DES090,C031,Villa,04/05/2024,2025-07-23,Design Phase,4323917
PROJ04861,CUS003812,DES067,C112,Villa,2024-03-06,,Planning,4320661
PROJ04862,CUS001669,DES048,C222,Kitchen,2024-12-07,2025-06-06,Delayed,1536897
PROJ04863,CUS000731,DES093,C043,Kitchen,2024-02-28,,Completed,4510444
PROJ04864,CUS004917,DES146,C044,3BHK,2024-08-20,2025-02-20,Planning,4062592
PROJ04865,CUS000907,DES123,C169,Villa,2024-02-25,2025-04-18,Installation,1513602
PROJ04866,CUS001199,DES138,C216,Office,2024-10-17,2025-08-15,Completed,4407763
PROJ04867,CUS003462,DES003,C095,Kitchen,2024-11-18,2025-01-28,Planning,2594375
PROJ04868,CUS003764,DES032,C151,Villa,2024-09-11,2025-04-28,Installation,3624267
PROJ04869,CUS003772,DES040,C141,2BHK,2024-02-13,,completed,2062236
PROJ04870,CUS000625,DES070,C237,Villa,2024-04-25,2025-03-16,Installation,2286368
PROJ04871,CUS004724,DES047,C044,3BHK,2024-10-06,2025-04-15,Planning,1803346
PROJ04872,CUS002916,DES035,C141,Villa,2024-07-17,,Delayed,428225
PROJ04873,CUS002879,DES129,C068,Office,2024-11-10,2025-05-01,Planning,1814689
PROJ04874,CUS001528,DES077,C135,Kitchen,2024-10-16,,Delayed,4857561
PROJ04875,CUS002817,DES081,C055,Office,2024-01-08,2025-09-27,Delayed,1276810
PROJ04876,CUS004568,DES114,C209,Office,2024-06-09,2025-05-24,completed,2523326
PROJ04877,CUS001631,DES130,C187,Office,2024-05-16,2025-02-20,Delayed,2683428
PROJ04878,CUS000116,DES032,C222,2BHK,2024-04-24,2025-08-23,Installation,2378299
PROJ04879,CUS004220,DES052,C143,Kitchen,2024-06-06,2025-04-11,Planning,1316561
PROJ04880,CUS003897,DES036,C094,2BHK,2024-08-09,2025-11-01,Planning,1499793
PROJ04881,CUS000663,DES125,C241,Office,2024-03-21,,Installation,3121439
PROJ04882,CUS001216,DES062,C221,Kitchen,2024-10-07,2025-07-02,Planning,2102990
PROJ04883,CUS000076,DES133,C250,Villa,2024-05-26,2025-05-03,Planning,2516488
PROJ04884,CUS001346,DES021,C205,2BHK,2024-01-19,2025-05-14,Design Phase,1394612
PROJ04885,CUS004124,DES104,C216,3BHK,2024-07-23,2025-10-01,Planning,3983811
PROJ04886,CUS003511,DES054,C239,2BHK,2024-06-24,2025-05-04,Planning,3496539
PROJ04887,CUS000881,DES063,C163,Office,2024-06-24,2025-06-28,Design Phase,2108133
PROJ04888,CUS003475,DES007,C142,Villa,2024-06-05,2025-10-04,Installation,3597626
PROJ04889,CUS002380,DES101,C193,Kitchen,2024-02-07,2025-09-01,Planning,3728783
PROJ04890,CUS003463,DES023,C156,3BHK,21/10/2024,2025-02-22,Delayed,2488904
PROJ04891,CUS004597,DES073,C133,Villa,2024-07-10,2025-07-03,Planning,3119181
PROJ04892,CUS002520,DES001,C144,Villa,2024-10-11,2025-11-13,Planning,4931516
PROJ04893,CUS004827,DES128,C071,Villa,2024-12-17,2025-07-11,Completed,4829328
PROJ04894,CUS000837,DES079,C214,2BHK,2024-04-18,2025-01-24,Installation,1427441
PROJ04895,CUS000803,DES029,C146,3BHK,2024-07-09,2025-02-04,completed,1097786
PROJ04896,CUS003022,DES026,C100,3BHK,2024-11-24,2025-03-13,Planning,2900503
PROJ04897,CUS002907,DES067,C187,Kitchen,2024-12-20,2025-01-22,completed,4260471
PROJ04898,CUS003075,DES139,C123,Villa,2024-10-28,2025-01-07,Design Phase,1063004
PROJ04899,CUS001307,DES118,C195,3BHK,2024-09-04,2025-09-12,Completed,1624863
PROJ04900,CUS003429,DES076,C235,Villa,2024-10-20,2025-06-03,Design Phase,289806
PROJ04901,CUS004876,DES010,C083,3BHK,2024-06-07,2025-10-15,completed,304850
PROJ04902,CUS001302,DES012,C008,Office,2024-11-15,,Completed,3064401
PROJ04903,CUS000723,DES008,C047,Office,2024-03-02,2025-08-16,completed,4290235
PROJ04904,CUS004588,DES078,C108,3BHK,2024-05-02,2025-09-14,Completed,438484
PROJ04905,CUS003024,DES043,C185,2BHK,2024-03-05,2025-10-10,Design Phase,2273673
PROJ04906,CUS004891,DES130,C086,2BHK,2024-08-21,2025-09-16,Installation,1383670
PROJ04907,CUS004278,DES078,C249,2BHK,2024-08-01,2025-04-06,Installation,2222579
PROJ04908,CUS000017,DES049,C128,Kitchen,2024-04-14,2025-10-20,Planning,3036818
PROJ04909,CUS002999,DES058,C212,Office,2024-02-16,2025-06-05,Planning,2723087
PROJ04910,CUS004973,DES014,C003,Office,2024-08-15,2025-07-21,completed,1996842
PROJ04911,CUS001027,DES066,C095,2BHK,2024-06-07,2025-05-26,Installation,2978253
PROJ04912,CUS004602,DES030,C164,2BHK,2024-11-07,2025-04-21,completed,2799566
PROJ04913,CUS003011,DES024,C206,Office,2024-12-07,2025-11-20,Delayed,3365384
PROJ04914,CUS004231,DES047,C177,Office,2024-11-17,2025-07-02,Planning,2486403
PROJ04915,CUS003490,DES003,C035,3BHK,2024-03-14,2025-04-07,Completed,3788119
PROJ04916,CUS000479,DES031,C166,2BHK,2024-07-20,2025-02-05,Delayed,2410988
PROJ04917,CUS000456,DES009,C195,Office,2024-05-05,2025-07-04,Installation,667152
PROJ04918,CUS002380,DES102,C056,Kitchen,2024-05-27,2025-05-10,Design Phase,3607773
PROJ04919,CUS001745,DES107,C070,3BHK,2024-11-22,2025-05-20,Design Phase,3838794
PROJ04920,CUS000304,DES149,C219,2BHK,03/04/2024,2025-05-14,Planning,862124
PROJ04921,CUS002261,DES133,C109,Office,2024-03-20,2025-12-15,Planning,916913
PROJ04922,CUS000328,DES125,C111,Office,2024-01-10,2025-11-20,Delayed,1731638
PROJ04923,CUS000747,DES063,C175,Office,2024-04-21,2025-09-08,Design Phase,497209
PROJ04924,CUS003303,DES137,C244,2BHK,2024-07-22,,completed,854174
PROJ04925,CUS001652,DES040,C170,Villa,2024-04-23,2025-10-17,Installation,1225201
PROJ04926,CUS000201,DES147,C076,Villa,2024-10-23,2025-10-26,Design Phase,3435718
PROJ04927,CUS003088,DES104,C104,3BHK,2024-08-19,,Delayed,3539813
PROJ04928,CUS000592,DES107,C010,3BHK,2024-07-14,2025-08-18,Installation,3016737
PROJ04929,CUS000722,DES018,C162,2BHK,2024-12-11,2025-09-19,completed,1068679
PROJ04930,CUS002618,DES050,C088,2BHK,2024-06-11,,Planning,1409872
PROJ04931,CUS002215,DES128,C033,2BHK,2024-06-04,2025-05-13,Design Phase,1408538
PROJ04932,CUS003814,DES138,C103,Office,2024-06-22,2025-01-25,completed,2664712
PROJ04933,CUS002070,DES066,C202,3BHK,2024-01-12,2025-02-05,Planning,1823509
PROJ04934,CUS002054,DES090,C099,3BHK,2024-11-21,2025-08-05,completed,1210466
PROJ04935,CUS000473,DES088,C121,Office,2024-03-23,2025-09-21,Installation,3714783
PROJ04936,CUS000178,DES059,C208,2BHK,2024-10-16,2025-08-26,Installation,2472162
PROJ04937,CUS003017,DES144,C124,Office,2024-11-17,2025-01-18,Completed,3364414
PROJ04938,CUS003625,DES074,C209,3BHK,2024-03-04,2025-04-22,Planning,3394106
PROJ04939,CUS004133,DES019,C005,Office,2024-10-21,2025-07-15,completed,4525771
PROJ04940,CUS001014,DES102,C141,3BHK,2024-03-09,2025-03-23,Planning,1582218
PROJ04941,CUS002823,DES109,C151,Office,2024-06-27,2025-12-24,Planning,873253
PROJ04942,CUS001201,DES150,C174,Office,2024-03-23,2025-10-24,Delayed,4397217
PROJ04943,CUS000663,DES093,C100,Villa,2024-09-24,2025-03-28,Installation,2318451
PROJ04944,CUS000569,DES005,C017,Villa,2024-04-11,2025-05-27,Completed,1033517
PROJ04945,CUS000191,DES126,C189,Kitchen,2024-12-19,2025-02-12,Design Phase,4767216
PROJ04946,CUS000954,DES019,C114,3BHK,2024-12-01,2025-08-27,Completed,1122766
PROJ04947,CUS004003,DES112,C120,2BHK,2024-10-05,2025-11-23,Delayed,1972880
PROJ04948,CUS003124,DES019,C022,Office,2024-01-18,2025-12-23,Completed,353350
PROJ04949,CUS002876,DES060,C150,Office,2024-06-03,2025-12-18,Design Phase,3714101
PROJ04950,CUS001505,DES135,C104,2BHK,16/03/2024,,Design Phase,2134498
PROJ04951,CUS004972,DES136,C129,Office,2024-01-18,,Completed,642189
PROJ04952,CUS001673,DES075,C073,Kitchen,2024-11-22,2025-08-08,Installation,3017454
PROJ04953,CUS002762,DES121,C125,Kitchen,2024-07-27,2025-02-10,completed,3425190
PROJ04954,CUS002755,DES051,C165,2BHK,2024-04-01,2025-02-23,Installation,232991
PROJ04955,CUS002679,DES008,C105,Kitchen,2024-09-22,,Delayed,419670
PROJ04956,CUS004184,DES061,C157,Villa,2024-04-16,2025-03-02,Completed,2993358
PROJ04957,CUS001578,DES080,C002,2BHK,2024-04-07,,Installation,2225746
PROJ04958,CUS003944,DES048,C146,Kitchen,2024-01-26,,Planning,3594515
PROJ04959,CUS004163,DES048,C119,Kitchen,2024-01-12,,Delayed,798236
PROJ04960,CUS000283,DES006,C066,3BHK,2024-03-05,2025-02-28,Delayed,2821417
PROJ04961,CUS003000,DES081,C009,Office,2024-04-05,2025-12-05,Delayed,436492
PROJ04962,CUS002045,DES018,C095,Office,2024-12-09,2025-11-28,Delayed,2729121
PROJ04963,CUS002443,DES103,C196,3BHK,2024-05-09,2025-04-24,Installation,1234212
PROJ04964,CUS002476,DES149,C129,Office,2024-05-06,2025-07-07,Design Phase,3459590
PROJ04965,CUS001946,DES019,C136,Office,2024-11-15,2025-03-14,Design Phase,892299
PROJ04966,CUS002821,DES022,C172,Office,2024-04-19,,Completed,1506171
PROJ04967,CUS003263,DES114,C221,Villa,2024-07-18,2025-12-22,Completed,2124855
PROJ04968,CUS001293,DES104,C186,Office,2024-04-27,2025-12-08,Delayed,3242177
PROJ04969,CUS002980,DES075,C191,Office,2024-04-26,2025-01-15,completed,1238499
PROJ04970,CUS001617,DES103,C177,Villa,2024-08-09,2025-12-03,Delayed,2844805
PROJ04971,CUS000143,DES125,C190,Office,2024-03-12,2025-04-14,completed,3448363
PROJ04972,CUS004447,DES148,C074,3BHK,2024-12-10,2025-11-27,completed,4166496
PROJ04973,CUS003396,DES073,C241,Villa,2024-12-21,2025-09-18,Completed,3774468
PROJ04974,CUS004569,DES129,C136,Office,2024-02-08,2025-03-22,completed,898071
PROJ04975,CUS003593,DES127,C090,2BHK,2024-01-11,2025-01-23,Design Phase,480343
PROJ04976,CUS002501,DES071,C183,2BHK,2024-06-28,2025-01-02,Completed,1557332
PROJ04977,CUS003989,DES134,C048,3BHK,2024-09-16,,completed,1077225
PROJ04978,CUS004179,DES086,C130,Kitchen,2024-03-16,,Design Phase,4246372
PROJ04979,CUS001084,DES150,C224,Villa,2024-11-02,2025-05-08,Delayed,2160479
PROJ04980,CUS002909,DES025,C008,2BHK,05/05/2024,2025-11-14,Completed,2184669
PROJ04981,CUS002548,DES099,C091,Villa,2024-12-16,2025-11-23,Completed,2552870
PROJ04982,CUS004890,DES106,C192,Kitchen,2024-09-27,2025-10-17,Delayed,224596
PROJ04983,CUS003790,DES029,C186,2BHK,2024-09-18,2025-02-20,completed,4105375
PROJ04984,CUS000882,DES001,C200,Kitchen,2024-04-20,2025-10-13,Design Phase,3478450
PROJ04985,CUS001473,DES021,C183,2BHK,2024-02-22,2025-02-13,Design Phase,4313521
PROJ04986,CUS004840,DES019,C243,3BHK,2024-08-07,,Installation,933815
PROJ04987,CUS004998,DES024,C022,Kitchen,2024-04-28,2025-12-08,Completed,4877032
PROJ04988,CUS004026,DES008,C053,3BHK,2024-04-09,2025-10-17,Planning,2022428
PROJ04989,CUS003292,DES051,C017,3BHK,2024-10-05,2025-07-05,Delayed,1686071
PROJ04990,CUS004018,DES079,C164,Villa,2024-07-17,,Delayed,3235200
PROJ04991,CUS002469,DES035,C077,2BHK,2024-01-04,2025-08-18,Completed,4543566
PROJ04992,CUS001211,DES113,C185,Villa,2024-10-05,,Delayed,2378457
PROJ04993,CUS004307,DES087,C177,Office,2024-11-06,2025-03-27,Installation,4322853
PROJ04994,CUS000288,DES139,C209,Kitchen,2024-12-10,2025-04-23,Installation,500686
PROJ04995,CUS001298,DES020,C116,Villa,2024-10-27,2025-06-08,Delayed,1340053
PROJ04996,CUS004654,DES015,C143,Office,2024-01-13,2025-05-24,Completed,857124
PROJ04997,CUS000062,DES004,C163,3BHK,2024-10-10,2025-07-15,Completed,2967245
PROJ04998,CUS004452,DES015,C159,2BHK,2024-04-02,2025-10-07,Planning,1522939
PROJ04999,CUS002039,DES149,C092,3BHK,2024-05-25,2025-03-09,Installation,2680924
PROJ05000,CUS003843,DES103,C250,2BHK,2024-08-10,,Delayed,416003
